accident_number,date,time,year,street1,street2,road_class,district,latitude,longitude,x,y,accident_location,traffctl,visibility,light,road_surface_condition,hood_158,neighbourhood_new,hood_140,neighbourhood_old,accident_class,pedestrian,cyclist,automobile,motorcycle,truck,trsn_city_veh,emerg_veh,passenger,speeding,aggressive_driving,redlight,alcohol,disability,impact_type,involvement_type,initial_direction,vehicle_type,manoeuver,driver_action,driver_condition,pedestrian_type,pedestrian_action,pedestrian_condition,cyclist_type,cyclist_action,cyclist_condition,division,injury,involvement_age,injury_severity_score
359,2016-01-08 10:00:00,520,2016,BROWN S LINE,LAKE SHORE BLVD W,Major Arterial,Etobicoke York,43.593039,-79.54156,617726.3251,4827706.5114,Non Intersection,No Control,Clear,"Dark, artificial",Wet,19,Long Branch,19,Long Branch (19),Fatal,0,0,1,0,0,0,0,0,1,1,0,0,0,SMV Other,['Driver'],South,"['Automobile, Station Wagon']",['Going Ahead'],['Speed too Fast For Condition'],['Unknown'],[],[],[],[],[],[],D22,True,['40 to 44'],4.0
360,2016-01-08 10:00:00,1330,2016,BAYVIEW AVE,PARKHURST BLVD,Major Arterial,North York,43.708762,-79.376354,630810.5382,4840806.4522,Intersection Related,Pedestrian Crossover,Clear,Daylight,Wet,56,Leaside-Bennington,56,Leaside-Bennington (56),Non-Fatal Injury,1,0,1,0,0,0,0,0,0,0,0,0,0,Pedestrian Collisions,"['Driver', 'Pedestrian']",North,"['Automobile, Station Wagon']",['Going Ahead'],['Driving Properly'],['Normal'],['Vehicle is going straight thru inter.while ped cross without ROW'],['Crossing without right of way'],['Inattentive'],[],[],[],D53,False,"['25 to 29', '20 to 24']",3.0
361,2016-01-09 10:00:00,420,2016,80 PROGRESS AVE,Not Applicable,Minor Arterial,Scarborough,43.770754,-79.277339,638644.6974,4847852.6085,Non Intersection,No Control,Rain,"Dark, artificial",Wet,126,Dorset Park,126,Dorset Park (126),Non-Fatal Injury,0,0,1,0,0,0,0,0,1,1,0,0,0,SMV Other,['Driver'],West,"['Automobile, Station Wagon']",['Going Ahead'],['Lost control'],['Unknown'],[],[],[],[],[],[],D41,False,['20 to 24'],3.0
362,2016-01-09 10:00:00,1750,2016,OSSINGTON AVE,PENDRITH ST,Minor Arterial,Toronto and East York,43.664973,-79.426914,626829.3381,4835864.5437,Non Intersection,No Control,Clear,"Dark, artificial",Wet,172,Dovercourt Village,93,Dovercourt-Wallace Emerson-Junction (93),Non-Fatal Injury,0,0,0,0,0,1,0,1,0,0,0,0,0,Other,"['Driver', 'Passenger']",South,['Municipal Transit Bus (TTC)'],['Going Ahead'],['Driving Properly'],['Normal'],[],[],[],[],[],[],D14,False,"['30 to 34', '80 to 84']",3.0
363,2016-01-11 10:00:00,1618,2016,MCNICOLL AVE,MARKHAM RD,Major Arterial,Scarborough,43.823989,-79.247806,640896.4413,4853815.0883,At Intersection,No Control,Clear,Dark,Dry,144,Morningside Heights,131,Rouge (131),Non-Fatal Injury,1,0,1,0,0,0,0,0,0,0,0,0,0,Pedestrian Collisions,"['Driver', 'Pedestrian']",North,"['Automobile, Station Wagon']",['Going Ahead'],['Driving Properly'],['Normal'],['Vehicle is going straight thru inter.while ped cross without ROW'],['Crossing without right of way'],['Normal'],[],[],[],D42,False,"['55 to 59', '30 to 34']",3.0
364,2016-01-12 10:00:00,545,2016,TRETHEWEY DR,BLACK CREEK DR,Major Arterial,Etobicoke York,43.694602,-79.486095,621997.7906,4839066.4703,At Intersection,Traffic Signal,Snow,"Dark, artificial",Loose Snow,112,Beechborough-Greenbrook,112,Beechborough-Greenbrook (112),Non-Fatal Injury,0,0,1,0,0,0,0,1,0,1,1,0,0,Turning Movement,"['Driver', 'Passenger']",North,"['Automobile, Station Wagon']","['Turning Left', 'Going Ahead']","['Disobeyed Traffic Control', 'Driving Properly']","['Inattentive', 'Normal']",[],[],[],[],[],[],D12,False,"['65 to 69', '40 to 44', '60 to 64']",3.0
365,2016-01-12 10:00:00,2117,2016,WARDEN AVE,BAMBURGH CRCL,Major Arterial,Scarborough,43.816191,-79.324542,634743.4667,4852821.1492,At Intersection,Traffic Signal,Strong wind,Dark,Slush,116,Steeles,116,Steeles (116),Non-Fatal Injury,1,0,1,0,0,0,0,0,0,0,0,0,0,Pedestrian Collisions,"['Driver', 'Pedestrian']",East,"['Automobile, Station Wagon']",['Going Ahead'],['Driving Properly'],['Normal'],['Vehicle is going straight thru inter.while ped cross without ROW'],['Crossing without right of way'],['Normal'],[],[],[],D42,False,"['65 to 69', '45 to 49']",3.0
366,2016-01-13 10:00:00,1320,2016,EGLINTON AVE E,CREDIT UNION DR,Major Arterial,North York,43.726126,-79.318286,635449.7599,4842828.2483,At Intersection,Traffic Signal,Clear,Daylight,Dry,43,Victoria Village,43,Victoria Village (43),Non-Fatal Injury,0,0,1,0,0,0,0,1,0,1,0,0,0,Turning Movement,"['Driver', 'Passenger']",East,"['Automobile, Station Wagon']","['Turning Left', 'Going Ahead']","['Failed to Yield Right of Way', 'Driving Properly']","['Inattentive', 'Normal']",[],[],[],[],[],[],D55,False,"['75 to 79', '40 to 44', '45 to 49']",3.0
367,2016-01-14 10:00:00,1129,2016,STEELES AVE E,PHARMACY AVE,Major Arterial,Scarborough,43.816844,-79.336467,633782.9682,4852874.3225,At Intersection,Traffic Signal,Clear,Daylight,Wet,116,Steeles,116,Steeles (116),Fatal,0,0,1,0,1,0,0,0,0,1,0,0,0,Turning Movement,"['Driver', 'Truck Driver']",East,"['Automobile, Station Wagon', 'Truck - Closed (Blazer, etc)']","['Turning Left', 'Going Ahead']","['Failed to Yield Right of Way', 'Driving Properly']",['Unknown'],[],[],[],[],[],[],D42,True,"['35 to 39', '55 to 59']",4.0
368,2016-01-14 10:00:00,1336,2016,TECUMSETH ST,QUEEN ST W,Major Arterial,Toronto and East York,43.64667,-79.406566,628508.9389,4833863.0632,At Intersection,Traffic Signal,Clear,Daylight,Dry,162,West Queen West,82,Niagara (82),Non-Fatal Injury,1,0,1,0,0,0,0,0,0,1,0,0,0,Pedestrian Collisions,"['Driver', 'Pedestrian']",East,"['Automobile, Station Wagon']",['Turning Left'],['Failed to Yield Right of Way'],['Inattentive'],['Vehicle turns left while ped crosses with ROW at inter.'],['Crossing with right of way'],['Normal'],[],[],[],D14,False,"['60 to 64', '30 to 34']",3.0
369,2016-01-15 10:00:00,1435,2016,BAYVIEW AVE,EGLINTON AVE E,Major Arterial,North York,43.711028,-79.377147,630741.7217,4841056.8726,Intersection Related,Traffic Signal,Clear,Daylight,Wet,56,Leaside-Bennington,56,Leaside-Bennington (56),Fatal,1,0,1,0,0,0,0,1,0,0,0,0,0,Pedestrian Collisions,"['Driver', 'Passenger', 'Pedestrian']",East,"['Automobile, Station Wagon']",['Turning Right'],['Improper Turn'],['Inattentive'],['Vehicle turns right while ped crosses with ROW at inter.'],['Crossing with right of way'],['Normal'],[],[],[],D53,True,"['20 to 24', '80 to 84']",4.0
370,2016-01-15 10:00:00,1858,2016,CHAMBERS AVE,ROCKWELL AVE,Collector,Toronto and East York,43.676741,-79.463107,623887.0526,4837116.8431,Intersection Related,No Control,Rain,Dark,Wet,91,Weston-Pelham Park,91,Weston-Pellam Park (91),Non-Fatal Injury,1,0,1,0,0,0,0,0,0,1,0,0,0,Pedestrian Collisions,"['Driver', 'Pedestrian']",East,"['Automobile, Station Wagon']",['Turning Left'],['Failed to Yield Right of Way'],['Unknown'],['Vehicle turns left while ped crosses with ROW at inter.'],['Crossing with right of way'],['Normal'],[],[],[],D12,False,"['unknown', '60 to 64']",3.0
371,2016-01-16 10:00:00,748,2016,STEELES AVE W,ALCIDE ST,Major Arterial,Etobicoke York,43.751265,-79.633502,610015.1794,4845153.3666,Non Intersection,No Control,Clear,Daylight,Wet,1,West Humber-Clairville,1,West Humber-Clairville (1),Non-Fatal Injury,0,0,1,0,0,0,0,0,0,0,0,0,0,Approaching,['Driver'],East,"['Automobile, Station Wagon']",['Going Ahead'],"['Lost control', 'Driving Properly']","['Unknown', 'Normal']",[],[],[],[],[],[],D23,False,['25 to 29'],3.0
372,2016-01-16 10:00:00,1137,2016,BATHURST ST,DUNDAS ST W,Major Arterial,Toronto and East York,43.652915,-79.406276,628519.0072,4834557.101,Non Intersection,No Control,Clear,Daylight,Dry,81,Trinity-Bellwoods,81,Trinity-Bellwoods (81),Non-Fatal Injury,0,0,1,0,0,0,0,1,0,0,0,0,0,Turning Movement,"['Driver', 'Passenger']",North,"['Automobile, Station Wagon', 'Pick Up Truck']","['Making U Turn', 'Going Ahead']","['Improper Turn', 'Driving Properly']","['Inattentive', 'Normal']",[],[],[],[],[],[],D14,False,"['35 to 39', '25 to 29', '20 to 24', '5 to 9']",3.0
373,2016-01-16 10:00:00,1536,2016,OSSINGTON AVE,DAVENPORT RD,Minor Arterial,Toronto and East York,43.674311,-79.430805,626496.0071,4836895.7121,Non Intersection,No Control,Clear,Daylight,Dry,94,Wychwood,94,Wychwood (94),Non-Fatal Injury,1,0,1,0,0,0,0,0,0,0,0,0,0,Pedestrian Collisions,"['Driver', 'Pedestrian']",North,"['Automobile, Station Wagon']",['Going Ahead'],['Driving Properly'],['Normal'],['Pedestrian hit at mid-block'],['Running onto Roadway'],['Normal'],[],[],[],D13,False,"['50 to 54', '20 to 24']",3.0
374,2016-01-17 10:00:00,1935,2016,SHEPPARD AVE E,CHICHESTER PL,Major Arterial,Scarborough,43.775893,-79.320316,635174.169,4848352.3079,At Intersection,No Control,Clear,"Dark, artificial",Dry,118,Tam O'Shanter-Sullivan,118,Tam O'Shanter-Sullivan (118),Fatal,1,0,1,0,0,0,0,0,0,0,0,0,0,Pedestrian Collisions,"['Driver', 'Pedestrian']",North,"['Automobile, Station Wagon']",['Going Ahead'],['Driving Properly'],['Normal'],['Vehicle is going straight thru inter.while ped cross without ROW'],"['Crossing, no Traffic Control']",['Inattentive'],[],[],[],D42,True,"['35 to 39', '75 to 79']",4.0
375,2016-01-19 10:00:00,1300,2016,COMBE AVE,WILMINGTON AVE,Minor Arterial,North York,43.759635,-79.4556,624320.6393,4846334.6345,At Intersection,Stop Sign,Clear,Daylight,Dry,34,Bathurst Manor,34,Bathurst Manor (34),Non-Fatal Injury,0,0,1,0,1,0,0,0,1,1,0,0,0,Angle,"['Driver', 'Truck Driver']",South,"['Automobile, Station Wagon', 'Truck - Closed (Blazer, etc)']",['Going Ahead'],"['Exceeding Speed Limit', 'Driving Properly']","['Inattentive', 'Normal']",[],[],[],[],[],[],D32,False,"['20 to 24', '45 to 49']",3.0
376,2016-01-21 10:00:00,1917,2016,FINCH AVE W,WESTON RD,Major Arterial,Etobicoke York,43.751845,-79.543529,617257.7178,4845341.2111,Non Intersection,No Control,Clear,"Dark, artificial",Dry,22,Humbermede,22,Humbermede (22),Non-Fatal Injury,1,0,1,0,1,0,0,1,0,0,0,0,0,Pedestrian Collisions,"['Driver', 'Driver - Not Hit', 'Passenger', 'Pedestrian']",East,"['Automobile, Station Wagon', 'Truck - Closed (Blazer, etc)']",['Going Ahead'],['Driving Properly'],['Normal'],['Pedestrian hit at mid-block'],['Other'],['Inattentive'],[],[],[],D31,False,"['65 to 69', '35 to 39', '55 to 59', '45 to 49']",3.0
377,2016-01-22 10:00:00,1811,2016,135 TYNDALL AVE,Not Applicable,Local,Toronto and East York,43.637419,-79.428684,626744.5769,4832801.6092,At/Near Private Drive,No Control,Clear,"Dark, artificial",Dry,85,South Parkdale,85,South Parkdale (85),Non-Fatal Injury,0,1,1,0,0,0,0,0,0,0,0,0,0,Cyclist Collisions,"['Driver', 'Cyclist']",North,"['Automobile, Station Wagon', 'Bicycle']","['Turning Left', 'Going Ahead']",['Improper Turn'],['Inattentive'],[],[],[],['Motorist turned left across cyclists path.'],['Driving Properly'],['Normal'],D14,False,"['40 to 44', '50 to 54']",3.0
378,2016-01-23 10:00:00,35,2016,BATHURST ST,FORT YORK BLVD,Major Arterial,Toronto and East York,43.638827,-79.400638,629003.8171,4833001.1932,At Intersection,Traffic Signal,Clear,"Dark, artificial",Dry,165,Harbourfront-CityPlace,77,Waterfront Communities-The Island (77),Non-Fatal Injury,0,0,1,0,0,0,0,1,1,1,0,0,0,Turning Movement,"['Driver', 'Passenger']",South,"['Automobile, Station Wagon']","['Turning Left', 'Going Ahead', 'Slowing or Stopping']","['Improper Turn', 'Exceeding Speed Limit', 'Driving Properly']","['Inattentive', 'Normal', 'Unknown']",[],[],[],[],[],[],D14,False,"['45 to 49', '20 to 24', '25 to 29', '35 to 39', '40 to 44', '15 to 19']",3.0
379,2016-01-23 10:00:00,2010,2016,THE QUEENSWAY,NORTH QUEEN ST,Major Arterial,Etobicoke York,43.614146,-79.55611,616511.0785,4830030.1772,At Intersection,Traffic Signal,Clear,"Dark, artificial",Dry,159,Etobicoke City Centre,14,Islington-City Centre West (14),Non-Fatal Injury,0,1,1,0,0,0,0,0,0,1,0,0,0,Cyclist Collisions,"['Driver', 'Cyclist']",East,"['Automobile, Station Wagon', 'Bicycle']","['Turning Left', 'Going Ahead']",['Failed to Yield Right of Way'],['Unknown'],[],[],[],['Motorist turned left across cyclists path.'],['Other'],['Unknown'],D22,False,"['50 to 54', '20 to 24']",3.0
380,2016-01-24 10:00:00,521,2016,LAKE SHORE BLVD W,BRITISH COLUMBIA RD,Major Arterial,Toronto and East York,43.630366,-79.4267,626919.457,4832021.3154,Non Intersection,No Control,Clear,"Dark, artificial",Dry,163,Fort York-Liberty Village,82,Niagara (82),Non-Fatal Injury,0,0,1,0,0,0,0,0,1,1,0,0,0,SMV Other,['Driver'],East,"['Automobile, Station Wagon']",['Going Ahead'],['Exceeding Speed Limit'],['Inattentive'],[],[],[],[],[],[],D14,False,['25 to 29'],3.0
381,2016-01-24 10:00:00,2141,2016,EGLINTON AVE E,MASON RD,Major Arterial,Scarborough,43.741782,-79.225154,642913.7035,4844723.5286,At Intersection,Traffic Signal,Clear,"Dark, artificial",Dry,139,Scarborough Village,139,Scarborough Village (139),Non-Fatal Injury,1,0,1,0,0,0,0,0,0,0,0,0,0,Pedestrian Collisions,"['Driver', 'Pedestrian']",Unknown,"['Automobile, Station Wagon']",['Going Ahead'],['Driving Properly'],['Normal'],['Vehicle is going straight thru inter.while ped cross without ROW'],['Crossing without right of way'],['Inattentive'],[],[],[],D43,False,"['65 to 69', '35 to 39']",3.0
382,2016-01-25 10:00:00,1445,2016,50 MERTON ST,Not Applicable,Collector,Toronto and East York,43.696337,-79.395129,629324.6111,4839397.0257,Non Intersection,No Control,Clear,Daylight,Dry,174,South Eglinton-Davisville,104,Mount Pleasant West (104),Non-Fatal Injury,0,0,1,0,0,0,0,0,0,0,0,0,1,Approaching,['Driver'],East,"['Automobile, Station Wagon']",['Going Ahead'],"['Lost control', 'Driving Properly']","['Medical or Physical Disability', 'Normal']",[],[],[],[],[],[],D53,False,"['85 to 89', '70 to 74']",3.0
383,2016-01-25 10:00:00,1915,2016,OVERLEA BLVD,WILLIAM MORGAN DR,Major Arterial,North York,43.707946,-79.34135,633632.511,4840771.6568,At Intersection,Traffic Signal,Clear,"Dark, artificial",Dry,55,Thorncliffe Park,55,Thorncliffe Park (55),Non-Fatal Injury,1,0,1,0,0,0,0,0,0,1,0,0,0,Pedestrian Collisions,"['Driver', 'Pedestrian']",North,['Passenger Van'],['Turning Left'],['Failed to Yield Right of Way'],['Inattentive'],['Vehicle turns left while ped crosses with ROW at inter.'],['Crossing with right of way'],['Normal'],[],[],[],D53,False,"['40 to 44', '70 to 74']",3.0
384,2016-01-28 10:00:00,925,2016,DUNDAS ST W,POPLAR AVE,Major Arterial,Etobicoke York,43.636099,-79.540073,617762.2827,4832490.952,At Intersection,Traffic Signal,Clear,Daylight,Dry,159,Etobicoke City Centre,14,Islington-City Centre West (14),Fatal,1,0,0,0,0,1,0,0,0,1,0,0,0,Pedestrian Collisions,"['Pedestrian', 'Driver']",North,"['Bus (Other) (Go Bus, Gray Coa']",['Turning Left'],['Failed to Yield Right of Way'],['Normal'],['Pedestrian involved in a collision with transit vehicle anywhere along roadway'],['Crossing with right of way'],['Normal'],[],[],[],D22,True,"['45 to 49', '30 to 34']",4.0
385,2016-01-28 10:00:00,2130,2016,48MILLDOCK,Not Applicable,Local,Scarborough,43.790312,-79.125896,650784.2446,4850289.5832,Non Intersection,No Control,Snow,"Dark, artificial",Wet,143,West Rouge,131,Rouge (131),Non-Fatal Injury,1,0,0,0,0,0,0,0,0,0,0,0,0,Pedestrian Collisions,"['Other', 'Pedestrian']",Unknown,[],['Unknown'],[],[],['Other / Undefined'],['Other'],['Had Been Drinking'],[],[],[],D43,False,"['unknown', '55 to 59']",3.0
386,2016-01-29 10:00:00,1225,2016,3434 LAWRENCE AVE E,Not Applicable,Major Arterial,Scarborough,43.758658,-79.230434,642448.4998,4846588.7712,At Intersection,Traffic Signal,Clear,Daylight,Dry,141,Golfdale-Cedarbrae-Woburn,137,Woburn (137),Non-Fatal Injury,0,0,1,1,0,0,0,0,0,0,0,0,0,Sideswipe,"['Driver', 'Motorcycle Driver']",West,"['Automobile, Station Wagon', 'Motorcycle']","['Changing Lanes', 'Going Ahead']","['Improper Lane Change', 'Driving Properly']","['Inattentive', 'Normal']",[],[],[],[],[],[],D43,False,"['45 to 49', '55 to 59']",3.0
387,2016-01-30 10:00:00,1753,2016,DUFFERIN ST,ARMSTRONG AVE,Major Arterial,Toronto and East York,43.664706,-79.437427,625982.2826,4835818.8718,Unknown,No Control,Clear,"Dark, artificial",Dry,172,Dovercourt Village,93,Dovercourt-Wallace Emerson-Junction (93),Fatal,1,0,1,0,0,0,0,0,0,0,0,0,0,Pedestrian Collisions,"['Driver', 'Pedestrian']",North,"['Automobile, Station Wagon']",['Going Ahead'],['Driving Properly'],['Normal'],['Vehicle is going straight thru inter.while ped cross without ROW'],"['Crossing, no Traffic Control']",['Inattentive'],[],[],[],D14,True,"['35 to 39', '90 to 94']",4.0
388,2016-01-31 10:00:00,230,2016,DERRYDOWN RD,ROMFIELD DR,Local,Etobicoke York,43.760321,-79.493961,621231.257,4846353.9573,Unknown,Stop Sign,Clear,"Dark, artificial",Wet,27,York University Heights,27,York University Heights (27),Fatal,0,0,1,0,0,0,0,1,0,0,0,1,0,SMV Other,"['Driver', 'Passenger']",North,"['Automobile, Station Wagon']",['Going Ahead'],['Lost control'],"['Ability Impaired, Alcohol']",[],[],[],[],[],[],D31,True,"['50 to 54', '55 to 59', '45 to 49']",4.0
389,2016-02-01 10:00:00,320,2016,KENNEDY RD,NORCAP AVE,Major Arterial,Scarborough,43.797198,-79.294345,637215.4742,4850761.295,Non Intersection,No Control,Clear,"Dark, artificial",Wet,148,East L'Amoreaux,117,L'Amoreaux (117),Non-Fatal Injury,0,0,1,0,0,0,0,0,0,0,0,0,0,Approaching,['Driver'],North,"['Automobile, Station Wagon', 'Delivery Van']","['Going Ahead', 'Slowing or Stopping']","['Lost control', 'Driving Properly']","['Inattentive', 'Normal']",[],[],[],[],[],[],D42,False,"['30 to 34', '65 to 69']",3.0
390,2016-02-01 10:00:00,1033,2016,BIRMINGHAM ST,TWENTY FIRST ST,Collector,Etobicoke York,43.599963,-79.521175,619358.1414,4828504.5928,Unknown,Pedestrian Crossover,Clear,Daylight,Dry,18,New Toronto,18,New Toronto (18),Fatal,0,0,1,0,0,0,0,0,1,1,0,0,0,Sideswipe,['Driver'],West,"['Automobile, Station Wagon']",['Going Ahead'],"['Lost control', 'Driving Properly']","['Unknown', 'Normal']",[],[],[],[],[],[],D22,True,"['85 to 89', '30 to 34']",4.0
391,2016-02-02 10:00:00,1616,2016,JANE ST,GRANDRAVINE DR,Major Arterial,Etobicoke York,43.747023,-79.515086,619557.2269,4844846.314,At Intersection,Traffic Signal,Clear,Daylight,Dry,25,Glenfield-Jane Heights,25,Glenfield-Jane Heights (25),Non-Fatal Injury,1,0,1,0,0,0,0,0,0,1,0,0,0,Pedestrian Collisions,"['Driver', 'Pedestrian']",East,['Pick Up Truck'],['Turning Left'],['Failed to Yield Right of Way'],['Inattentive'],['Vehicle turns left while ped crosses with ROW at inter.'],['Crossing with right of way'],['Normal'],[],[],[],D31,False,"['40 to 44', '55 to 59']",3.0
392,2016-02-06 10:00:00,233,2016,163 WINCOTT DR,Not Applicable,Collector,Etobicoke York,43.68616,-79.549037,616941.9848,4838038.1936,Non Intersection,No Control,Clear,"Dark, artificial",Dry,7,Willowridge-Martingrove-Richview,7,Willowridge-Martingrove-Richview (7),Non-Fatal Injury,0,0,1,0,0,0,0,1,1,1,0,0,0,SMV Other,"['Driver', 'Passenger']",North,['Passenger Van'],['Going Ahead'],['Lost control'],['Normal'],[],[],[],[],[],[],D23,False,"['30 to 34', '35 to 39']",3.0
393,2016-02-06 10:00:00,500,2016,DUNDAS ST W,ANNETTE ST,Minor Arterial,Toronto and East York,43.663989,-79.458019,624323.5194,4835708.1761,At/Near Private Drive,No Control,Clear,"Dawn, artificial",Dry,90,Junction Area,90,Junction Area (90),Non-Fatal Injury,0,0,1,0,0,0,0,0,0,0,0,0,0,SMV Other,['Driver'],North,"['Automobile, Station Wagon']",['Going Ahead'],['Lost control'],['Unknown'],[],[],[],[],[],[],D11,False,['25 to 29'],3.0
394,2016-02-10 10:00:00,954,2016,WEDGEWOOD DR,TOBRUK CRES,Local,North York,43.789603,-79.413997,627605.8583,4849726.3298,Unknown,Stop Sign,Clear,Daylight,Wet,50,Newtonbrook East,50,Newtonbrook East (50),Fatal,1,0,1,0,0,0,0,0,0,1,0,0,0,Pedestrian Collisions,"['Driver', 'Pedestrian']",East,"['Automobile, Station Wagon']",['Going Ahead'],['Lost control'],['Inattentive'],['Pedestrian hit on sidewalk or shoulder'],['On Sidewalk or Shoulder'],['Normal'],[],[],[],D32,True,"['45 to 49', '80 to 84']",4.0
395,2016-02-13 10:00:00,1018,2016,FINCH AVE W,TOBERMORY DR,Major Arterial,Etobicoke York,43.760237,-79.503604,620455.1893,4846330.5577,Non Intersection,No Control,Clear,Daylight,Dry,27,York University Heights,27,York University Heights (27),Fatal,1,0,1,0,0,0,0,1,0,0,0,0,0,Pedestrian Collisions,"['Driver', 'Pedestrian', 'Passenger']",South,"['Automobile, Station Wagon']",['Going Ahead'],['Driving Properly'],['Normal'],['Vehicle is going straight thru inter.while ped cross without ROW'],['Running onto Roadway'],['Inattentive'],[],[],[],D31,True,"['75 to 79', '70 to 74', '60 to 64', '45 to 49']",4.0
396,2016-02-18 10:00:00,1315,2016,DAWES RD,SECORD AVE,Minor Arterial,Toronto and East York,43.69353,-79.297221,637220.7784,4839242.6405,At Intersection,Traffic Signal,Clear,Daylight,Dry,61,Taylor-Massey,61,Taylor-Massey (61),Fatal,1,0,1,0,0,0,0,0,0,1,0,0,0,Pedestrian Collisions,"['Driver', 'Pedestrian']",North,['Delivery Van'],['Turning Right'],['Failed to Yield Right of Way'],['Inattentive'],['Vehicle turns right while ped crosses with ROW at inter.'],['Crossing with right of way'],['Normal'],[],[],[],D55,True,"['30 to 34', '70 to 74']",4.0
397,2016-02-18 10:00:00,2230,2016,MACDONELL AVE,LN n QUEEEN E FULLER,Local,Toronto and East York,43.640776,-79.438091,625978.7716,4833160.1258,At Intersection,No Control,Clear,Dark,Dry,86,Roncesvalles,86,Roncesvalles (86),Fatal,1,0,0,0,0,1,0,0,0,0,0,0,0,Pedestrian Collisions,"['Driver', 'Pedestrian']",North,['Municipal Transit Bus (TTC)'],['Slowing or Stopping'],['Driving Properly'],['Normal'],['Vehicle is going straight thru inter.while ped cross without ROW'],['Crossing without right of way'],['Inattentive'],[],[],[],D11,True,"['30 to 34', '70 to 74']",4.0
398,2016-02-20 10:00:00,1717,2016,CONFEDERATION DR,STEVENWOOD RD,Collector,Scarborough,43.755355,-79.221088,643208.7336,4846238.0404,At Intersection,No Control,Clear,Daylight,Dry,141,Golfdale-Cedarbrae-Woburn,137,Woburn (137),Non-Fatal Injury,0,1,1,0,0,0,0,0,0,0,0,0,0,Cyclist Collisions,"['Driver', 'Cyclist']",East,"['Automobile, Station Wagon', 'Bicycle']","['Turning Left', 'Going Ahead']",['Improper Turn'],['Normal'],[],[],[],['Motorist turned left across cyclists path.'],['Driving Properly'],['Normal'],D43,False,['35 to 39'],3.0
399,2016-02-21 10:00:00,147,2016,THE QUEENSWAY K,KIPLING AVE,Major Arterial,Etobicoke York,43.620642,-79.527904,618774.3198,4830791.597,At/Near Private Drive,No Control,Clear,"Dark, artificial",Dry,159,Etobicoke City Centre,14,Islington-City Centre West (14),Non-Fatal Injury,1,0,1,0,0,0,0,0,0,0,0,1,0,Pedestrian Collisions,"['Driver', 'Pedestrian']",Unknown,"['Automobile, Station Wagon']",['Going Ahead'],['Lost control'],"['Ability Impaired, Alcohol']",['Pedestrian hit on sidewalk or shoulder'],['On Sidewalk or Shoulder'],['Normal'],[],[],[],D22,False,"['25 to 29', '20 to 24']",3.0
400,2016-02-21 10:00:00,1730,2016,1330 MARTIN GROVE RD,Not Applicable,Major Arterial,Etobicoke York,43.710601,-79.579601,614432.1266,4840710.0536,At/Near Private Drive,No Control,Clear,Daylight,Dry,1,West Humber-Clairville,1,West Humber-Clairville (1),Non-Fatal Injury,1,0,0,0,1,0,0,0,0,0,0,0,0,Pedestrian Collisions,"['Truck Driver', 'Pedestrian']",East,"['Truck - Closed (Blazer, etc)']",['Reversing'],['Other'],['Normal'],['Pedestrian hit at private driveway'],['Other'],['Normal'],[],[],[],D23,False,"['50 to 54', '30 to 34']",3.0
401,2016-02-23 10:00:00,2146,2016,OSSINGTON AVE,COLLEGE ST,Minor Arterial,Toronto and East York,43.653796,-79.422458,627212.2063,4834630.0124,Non Intersection,No Control,Clear,"Dark, artificial",Dry,81,Trinity-Bellwoods,81,Trinity-Bellwoods (81),Non-Fatal Injury,1,0,1,0,0,0,0,0,1,1,0,0,0,Pedestrian Collisions,"['Driver', 'Pedestrian']",South,"['Automobile, Station Wagon']",['Going Ahead'],['Lost control'],['Inattentive'],['Pedestrian hit at mid-block'],['Other'],['Normal'],[],[],[],D14,False,"['35 to 39', '45 to 49']",3.0
402,2016-02-25 10:00:00,912,2016,FINCH AVE E,DON MILLS RD,Major Arterial,North York,43.79259,-79.354694,632370.6808,4850151.2158,At Intersection,Traffic Signal,Freezing Rain,Daylight,Wet,47,Don Valley Village,47,Don Valley Village (47),Non-Fatal Injury,1,0,1,0,0,0,0,0,0,1,0,0,0,Pedestrian Collisions,"['Driver', 'Pedestrian']",East,"['Automobile, Station Wagon']",['Turning Right'],['Failed to Yield Right of Way'],['Unknown'],['Vehicle turns right while ped crosses with ROW at inter.'],['Crossing with right of way'],['Normal'],[],[],[],D33,False,"['unknown', '55 to 59']",3.0
403,2016-02-25 10:00:00,1625,2016,AVIEMORE DR,GRAMPIAN CRES,Local,Etobicoke York,43.750346,-79.570171,615115.6798,4845137.357,Non Intersection,No Control,Clear,Daylight,Dry,21,Humber Summit,21,Humber Summit (21),Non-Fatal Injury,1,0,1,0,0,0,0,0,0,1,0,0,0,Pedestrian Collisions,"['Driver', 'Pedestrian']",East,"['Automobile, Station Wagon']",['Going Ahead'],['Improper Passing'],['Inattentive'],['Pedestrian hit at mid-block'],['Other'],['Normal'],[],[],[],D31,False,"['75 to 79', '35 to 39']",3.0