accident_number,date,time,year,street1,street2,road_class,district,latitude,longitude,x,y,accident_location,traffctl,visibility,light,road_surface_condition,hood_158,neighbourhood_new,hood_140,neighbourhood_old,accident_class,pedestrian,cyclist,automobile,motorcycle,truck,trsn_city_veh,emerg_veh,passenger,speeding,aggressive_driving,redlight,alcohol,disability,impact_type,involvement_type,initial_direction,vehicle_type,manoeuver,driver_action,driver_condition,pedestrian_type,pedestrian_action,pedestrian_condition,cyclist_type,cyclist_action,cyclist_condition,division,injury,involvement_age,injury_severity_score
540,2016-07-09 08:00:00,930,2016,CHURCH ST,BLOOR ST E,Major Arterial,Toronto and East York,43.671034,-79.383151,630344.6262,4836605.5329,Intersection Related,Traffic Signal,Clear,Daylight,Dry,167,Church-Wellesley,75,Church-Yonge Corridor (75),Non-Fatal Injury,0,0,1,0,0,0,0,1,0,1,0,0,0,Turning Movement,"['Driver', 'Passenger']",North,"['Automobile, Station Wagon']","['Turning Left', 'Going Ahead']","['Failed to Yield Right of Way', 'Driving Properly']",['Normal'],[],[],[],[],[],[],D51,False,"['60 to 64', '40 to 44', '35 to 39']",3.0
541,2016-07-10 08:00:00,2024,2016,WARDEN AVE,FINCH AVE E,Major Arterial,Scarborough,43.796702,-79.315723,635496.7733,4850670.9836,Non Intersection,Traffic Signal,Clear,Daylight,Dry,148,East L'Amoreaux,117,L'Amoreaux (117),Non-Fatal Injury,0,0,1,1,0,0,0,0,0,1,0,0,0,Turning Movement,"['Driver', 'Motorcycle Driver']",North,"['Automobile, Station Wagon', 'Motorcycle']","['Turning Left', 'Going Ahead']","['Failed to Yield Right of Way', 'Driving Properly']",['Normal'],[],[],[],[],[],[],D42,False,['40 to 44'],3.0
542,2016-07-10 08:00:00,2240,2016,LAKE SHORE BLVD W,MARINE PARADE DR,Major Arterial,Etobicoke York,43.622859,-79.481197,622538.3484,4831105.6947,At Intersection,Traffic Signal,Clear,"Dark, artificial",Dry,161,Humber Bay Shores,17,Mimico (includes Humber Bay Shores) (17),Non-Fatal Injury,1,0,1,0,0,0,0,0,0,0,0,0,0,Pedestrian Collisions,"['Driver', 'Pedestrian']",East,"['Automobile, Station Wagon']",['Going Ahead'],['Driving Properly'],['Normal'],['Vehicle is going straight thru inter.while ped cross without ROW'],['Crossing without right of way'],['Had Been Drinking'],[],[],[],D22,False,"['60 to 64', 'unknown']",3.0
543,2016-07-11 08:00:00,27,2016,429 DUNDAS ST E,Not Applicable,Major Arterial,Toronto and East York,43.659266,-79.366695,631696.996,4835324.5279,Intersection Related,No Control,Clear,"Dark, artificial",Dry,73,Moss Park,73,Moss Park (73),Non-Fatal Injury,0,1,1,0,0,0,0,1,0,0,0,0,0,Cyclist Collisions,"['Cyclist', 'Driver', 'Passenger']",East,"['Bicycle', 'Automobile, Station Wagon']",['Going Ahead'],['Driving Properly'],['Normal'],[],[],[],['Cyclist and Driver travelling in same direction. One vehicle sideswipes the other.'],['Other'],['Had Been Drinking'],D51,False,"['25 to 29', '20 to 24']",3.0
544,2016-07-12 08:00:00,910,2016,AVENUE RD,CHAPLIN CRES,Major Arterial,Toronto and East York,43.698767,-79.406146,628431.6363,4839649.7863,Non Intersection,Traffic Signal,Clear,Daylight,Dry,100,Yonge-Eglinton,100,Yonge-Eglinton (100),Non-Fatal Injury,0,1,1,0,0,0,0,0,0,0,0,0,0,Cyclist Collisions,"['Cyclist', 'Driver']",East,"['Bicycle', 'Automobile, Station Wagon']",['Going Ahead'],['Driving Properly'],['Normal'],[],[],[],"['Cyclist without ROW rides into path of motorist at inter, lnwy, dwy-Cyclist not turn.']",['Disobeyed Traffic Control'],['Inattentive'],D53,False,['50 to 54'],3.0
545,2016-07-12 08:00:00,1235,2016,PAPE AVE,COSBURN AVE,Major Arterial,Toronto and East York,43.689421,-79.348804,633072.9332,4838702.2056,Non Intersection,Traffic Signal,Clear,Daylight,Dry,59,Danforth East York,59,Danforth East York (59),Non-Fatal Injury,0,1,1,0,0,0,0,0,0,0,0,0,0,Cyclist Collisions,"['Cyclist', 'Driver']",North,"['Bicycle', 'Passenger Van']",['Going Ahead'],['Driving Properly'],['Normal'],[],[],[],['Insufficient information (to determine cyclist crash type).'],['Lost control'],['Inattentive'],D55,False,"['15 to 19', '65 to 69']",3.0
546,2016-07-12 08:00:00,1710,2016,BIRMINGHAM ST,ELSINORE PATH,Collector,Etobicoke York,43.602278,-79.510753,620194.7141,4828776.7297,At Intersection,No Control,Clear,Daylight,Dry,18,New Toronto,18,New Toronto (18),Fatal,0,0,1,0,0,0,0,0,0,0,0,0,1,SMV Other,['Driver'],West,"['Automobile, Station Wagon']",['Going Ahead'],['Lost control'],['Medical or Physical Disability'],[],[],[],[],[],[],D22,True,['55 to 59'],4.0
547,2016-07-13 08:00:00,1413,2016,JANE ST,WILLIAM CRAGG DR,Major Arterial,Etobicoke York,43.722354,-79.508968,620099.1213,4842115.3159,Intersection Related,No Control,Clear,Daylight,Dry,154,Oakdale-Beverley Heights,26,Downsview-Roding-CFB (26),Non-Fatal Injury,0,0,1,1,0,0,0,0,0,1,0,0,0,Turning Movement,"['Driver', 'Motorcycle Driver']",North,"['Automobile, Station Wagon', 'Motorcycle']","['Turning Left', 'Going Ahead']","['Failed to Yield Right of Way', 'Driving Properly']",['Normal'],[],[],[],[],[],[],D31,False,"['60 to 64', '20 to 24']",3.0
548,2016-07-13 08:00:00,2035,2016,BAYVIEW AVE,BROADWAY AVE,Major Arterial,North York,43.713843,-79.377612,630698.1403,4841368.7851,At/Near Private Drive,Traffic Signal,Clear,Daylight,Dry,56,Leaside-Bennington,56,Leaside-Bennington (56),Non-Fatal Injury,0,0,1,0,0,0,0,1,0,1,0,0,0,Turning Movement,"['Driver', 'Passenger']",East,"['Automobile, Station Wagon']","['Turning Left', 'Going Ahead']","['Failed to Yield Right of Way', 'Driving Properly']","['Inattentive', 'Normal']",[],[],[],[],[],[],D53,False,"['50 to 54', '65 to 69']",3.0
549,2016-07-13 08:00:00,2205,2016,UNIVERSITY AVE,GERRARD ST W,Major Arterial,Toronto and East York,43.657519,-79.389476,629863.8603,4835094.5927,Non Intersection,Traffic Signal,Clear,"Dark, artificial",Dry,170,Yonge-Bay Corridor,76,Bay Street Corridor (76),Non-Fatal Injury,0,0,1,1,0,0,0,0,0,1,0,0,0,Turning Movement,"['Driver', 'Motorcycle Driver']",North,"['Automobile, Station Wagon', 'Motorcycle']","['Turning Left', 'Going Ahead']","['Failed to Yield Right of Way', 'Driving Properly']","['Inattentive', 'Normal']",[],[],[],[],[],[],D52,False,['45 to 49'],3.0
550,2016-07-15 08:00:00,630,2016,BAMBURGH CRCL,MONTAGUE PL,Collector,Scarborough,43.811843,-79.322467,634920.1353,4852341.615,At Intersection,No Control,Clear,Daylight,Dry,116,Steeles,116,Steeles (116),Non-Fatal Injury,1,0,1,0,0,0,0,0,0,0,0,0,0,Pedestrian Collisions,"['Driver', 'Pedestrian']",East,"['Automobile, Station Wagon']",['Going Ahead'],['Driving Properly'],['Normal'],['Vehicle is going straight thru inter.while ped cross without ROW'],['Crossing without right of way'],['Normal'],[],[],[],D42,False,"['45 to 49', '90 to 94']",3.0
551,2016-07-16 08:00:00,1821,2016,MARKHAM RD,LAWRENCE AVE E,Major Arterial,Scarborough,43.75981,-79.225314,642857.9185,4846725.5382,Non Intersection,No Control,Clear,Daylight,Dry,141,Golfdale-Cedarbrae-Woburn,137,Woburn (137),Non-Fatal Injury,1,0,1,0,0,0,0,0,0,0,0,0,0,Pedestrian Collisions,"['Driver', 'Pedestrian']",Unknown,['Passenger Van'],['Turning Right'],['Driving Properly'],['Normal'],['Pedestrian hit at mid-block'],"['Crossing, no Traffic Control']",['Inattentive'],[],[],[],D43,False,"['45 to 49', '60 to 64']",3.0
552,2016-07-16 08:00:00,2111,2016,STEELES AVE E,BESTVIEW DR,Major Arterial,North York,43.806021,-79.38335,630036.0428,4851597.5101,Intersection Related,No Control,Clear,"Dusk, artificial",Dry,49,Bayview Woods-Steeles,49,Bayview Woods-Steeles (49),Non-Fatal Injury,0,0,1,0,0,0,0,1,0,1,0,0,0,Turning Movement,"['Driver', 'Passenger']",East,"['Automobile, Station Wagon']","['Turning Left', 'Going Ahead']","['Failed to Yield Right of Way', 'Driving Properly']",['Normal'],[],[],[],[],[],[],D33,False,"['75 to 79', '60 to 64', '55 to 59']",3.0
553,2016-07-19 08:00:00,1850,2016,RICHMOND ST W,PORTLAND ST,Major Arterial,Toronto and East York,43.646899,-79.401088,628950.249,4833896.9938,At/Near Private Drive,No Control,Clear,Daylight,Dry,164,Wellington Place,77,Waterfront Communities-The Island (77),Non-Fatal Injury,0,1,1,0,0,0,0,0,0,1,0,0,0,Cyclist Collisions,"['Driver', 'Cyclist']",West,"['Automobile, Station Wagon', 'Bicycle']","['Turning Right', 'Going Ahead']",['Failed to Yield Right of Way'],['Inattentive'],[],[],[],"['Motorist turns right at non-signal Inter.(stop, yield, no cont.,and dwy) and strikes cyclist.']",['Driving Properly'],['Normal'],D14,False,"['50 to 54', '25 to 29']",3.0
554,2016-07-21 08:00:00,2127,2016,THE EAST MALL,RATHBURN RD,Minor Arterial,Etobicoke York,43.653208,-79.563464,615842.5883,4834358.2034,Non Intersection,No Control,Clear,"Dark, artificial",Dry,158,Islington,14,Islington-City Centre West (14),Non-Fatal Injury,0,1,1,0,0,0,0,1,0,0,0,0,0,Cyclist Collisions,"['Driver', 'Cyclist', 'Passenger']",South,"['Passenger Van', 'Bicycle']","['Reversing', 'Going Ahead']",['Other'],['Normal'],[],[],[],['Motorist reversing struck cyclist.'],['Driving Properly'],['Other'],D22,False,"['65 to 69', '20 to 24', '35 to 39']",3.0
555,2016-07-21 08:00:00,2247,2016,JARVIS ST,DUNDAS ST E,Major Arterial,Toronto and East York,43.656993,-79.37453,631070.1814,4835059.6745,Intersection Related,No Control,Clear,"Dusk, artificial",Dry,73,Moss Park,73,Moss Park (73),Non-Fatal Injury,1,0,1,0,0,0,0,0,0,0,0,0,0,Pedestrian Collisions,"['Driver', 'Pedestrian']",East,"['Automobile, Station Wagon']",['Going Ahead'],['Driving Properly'],['Normal'],['Vehicle is going straight thru inter.while ped cross without ROW'],"['Crossing, no Traffic Control']",['Normal'],[],[],[],D51,False,"['85 to 89', '60 to 64']",3.0
556,2016-07-22 08:00:00,630,2016,LAWRENCE AVE W,WESTON RD,Major Arterial,Etobicoke York,43.700087,-79.516155,619564.4888,4839631.8669,At Intersection,Traffic Signal,Clear,"Dawn, artificial",Dry,113,Weston,113,Weston (113),Non-Fatal Injury,0,0,1,1,0,0,0,0,0,1,0,0,0,Turning Movement,"['Driver', 'Motorcycle Driver']",East,"['Automobile, Station Wagon', 'Motorcycle']","['Turning Left', 'Going Ahead']","['Failed to Yield Right of Way', 'Driving Properly']","['Inattentive', 'Normal']",[],[],[],[],[],[],D12,False,"['55 to 59', '35 to 39']",3.0
557,2016-07-22 08:00:00,1223,2016,ST CLAIR AVE W,WESTON RD,Major Arterial,Etobicoke York,43.672461,-79.467586,623534.7843,4836634.812,At Intersection,Traffic Signal,Clear,Daylight,Dry,90,Junction Area,90,Junction Area (90),Non-Fatal Injury,1,0,1,0,0,0,0,0,0,1,0,0,0,Pedestrian Collisions,"['Driver', 'Pedestrian']",Unknown,"['Automobile, Station Wagon']","['Turning Left', 'Going Ahead']","['Failed to Yield Right of Way', 'Driving Properly']","['Inattentive', 'Normal']",['Pedestrian hit on sidewalk or shoulder'],['On Sidewalk or Shoulder'],['Normal'],[],[],[],D11,False,"['25 to 29', '40 to 44', '35 to 39', '55 to 59']",3.0
558,2016-07-22 08:00:00,1702,2016,TRETHEWEY DR,PLATINUM DR,Minor Arterial,Etobicoke York,43.697261,-79.498981,620954.0197,4839342.9103,At Intersection,Stop Sign,Clear,Daylight,Dry,30,Brookhaven-Amesbury,30,Brookhaven-Amesbury (30),Non-Fatal Injury,0,0,1,1,0,0,0,0,1,1,0,0,0,Angle,"['Driver', 'Motorcycle Driver']",East,"['Automobile, Station Wagon', 'Motorcycle']",['Going Ahead'],"['Failed to Yield Right of Way', 'Speed too Fast For Condition']","['Inattentive', 'Normal']",[],[],[],[],[],[],D12,False,"['50 to 54', '40 to 44']",3.0
559,2016-07-22 08:00:00,1948,2016,ROYAL YORK RD,STRATH HUMBER CRT,Minor Arterial,Etobicoke York,43.661376,-79.517581,619526.4269,4835330.4393,At Intersection,No Control,Clear,Daylight,Dry,9,Edenbridge-Humber Valley,9,Edenbridge-Humber Valley (9),Fatal,0,0,1,1,0,0,0,1,1,1,0,0,0,Turning Movement,"['Motorcycle Driver', 'Driver', 'Passenger']",North,"['Motorcycle', 'Automobile, Station Wagon']","['Going Ahead', 'Turning Left']","['Exceeding Speed Limit', 'Failed to Yield Right of Way']",['Normal'],[],[],[],[],[],[],D22,True,"['30 to 34', '15 to 19', '20 to 24']",4.0
560,2016-07-24 08:00:00,1349,2016,VICTORIA PARK AVE,HIGHWAY 401 C  W,Major Arterial,North York,43.768347,-79.319797,635232.9438,4847515.0554,Non Intersection,No Control,Clear,Daylight,Dry,150,Fenside-Parkwoods,45,Parkwoods-Donalda (45),Non-Fatal Injury,0,1,0,1,0,0,0,0,0,0,0,0,0,Cyclist Collisions,"['Cyclist', 'Motorcycle Driver']",East,"['Bicycle', 'Motorcycle']","['Merging', 'Going Ahead']",['Lost control'],['Normal'],[],[],[],"['Cyclist without ROW rides into path of motorist at inter, lnwy, dwy-Cyclist not turn.']",['Failed to Yield Right of Way'],['Unknown'],D33,False,"['25 to 29', '55 to 59']",3.0
561,2016-07-24 08:00:00,2030,2016,DANFORTH AVE,BIRCHMOUNT RD,Minor Arterial,Scarborough,43.697486,-79.262462,640012.7064,4839740.1223,Non Intersection,No Control,Clear,Dusk,Dry,122,Birchcliffe-Cliffside,122,Birchcliffe-Cliffside (122),Non-Fatal Injury,0,0,1,0,0,0,0,1,1,1,0,0,0,Other,"['Driver', 'Passenger']",West,"['Automobile, Station Wagon']",['Going Ahead'],['Exceeding Speed Limit'],['Had Been Drinking'],[],[],[],[],[],[],D41,False,['20 to 24'],3.0
562,2016-07-25 08:00:00,2359,2016,KENNEDY RD,MERRIAN RD,Major Arterial,Scarborough,43.727336,-79.26588,639667.9165,4843049.6321,At Intersection,Traffic Signal,Clear,"Dark, artificial",Dry,124,Kennedy Park,124,Kennedy Park (124),Non-Fatal Injury,0,1,0,0,0,0,1,0,0,0,0,0,0,Cyclist Collisions,"['Cyclist', 'Driver']",North,"['Bicycle', 'Police Vehicle']",['Going Ahead'],['Driving Properly'],['Normal'],[],[],[],"['Cyclist without ROW rides into path of motorist at inter, lnwy, dwy-Cyclist not turn.']",['Disobeyed Traffic Control'],['Inattentive'],D41,False,['35 to 39'],3.0
563,2016-07-26 08:00:00,836,2016,WILSON HEIGHTS BLVD,CODSELL AVE,Collector,North York,43.754176,-79.458949,624062.3312,4845723.3098,At Intersection,Stop Sign,Clear,Daylight,Dry,34,Bathurst Manor,34,Bathurst Manor (34),Non-Fatal Injury,0,0,1,1,0,0,0,0,0,1,0,0,0,Turning Movement,"['Driver', 'Motorcycle Driver']",North,"['Automobile, Station Wagon', 'Motorcycle']","['Turning Left', 'Going Ahead']","['Failed to Yield Right of Way', 'Driving Properly']",['Unknown'],[],[],[],[],[],[],D32,False,"['30 to 34', '25 to 29']",3.0
564,2016-07-28 08:00:00,1450,2016,PARLIAMENT ST,SHUTER ST,Minor Arterial,Toronto and East York,43.656932,-79.364993,631839.3416,4835068.0092,At Intersection,Traffic Signal,Clear,Daylight,Dry,72,Regent Park,72,Regent Park (72),Fatal,1,0,0,0,1,0,0,0,0,0,0,0,0,Pedestrian Collisions,"['Pedestrian', 'Truck Driver']",North,['Truck - Dump'],['Going Ahead'],['Driving Properly'],['Normal'],['Vehicle is going straight thru inter.while ped cross without ROW'],['Crossing without right of way'],['Normal'],[],[],[],D51,True,"['80 to 84', '45 to 49']",4.0
565,2016-07-29 08:00:00,1645,2016,JANE ST,SHOREHAM DR,Major Arterial,Etobicoke York,43.769675,-79.52058,619069.9384,4847354.2379,Non Intersection,No Control,Clear,Daylight,Dry,24,Black Creek,24,Black Creek (24),Non-Fatal Injury,0,1,1,0,0,0,0,0,0,0,0,0,0,Cyclist Collisions,"['Cyclist', 'Driver']",East,"['Bicycle', 'Automobile, Station Wagon']",['Going Ahead'],['Driving Properly'],['Normal'],[],[],[],"['Cyclist without ROW rides into path of motorist at inter, lnwy, dwy-Cyclist not turn.']",['Failed to Yield Right of Way'],['Inattentive'],D31,False,"['30 to 34', '50 to 54']",3.0
566,2016-07-29 08:00:00,1825,2016,KINGSTON RD,GUILDCREST DR,Major Arterial,Scarborough,43.747851,-79.207637,644309.636,4845427.9526,At Intersection,No Control,Clear,Daylight,Dry,140,Guildwood,140,Guildwood (140),Fatal,1,0,1,0,0,1,0,0,1,1,0,0,0,Pedestrian Collisions,"['Driver', 'Pedestrian']",East,"['Automobile, Station Wagon', 'Municipal Transit Bus (TTC)']",['Going Ahead'],"['Failed to Yield Right of Way', 'Driving Properly']","['Normal', 'Unknown']",['Vehicle is going straight thru inter.while ped cross with ROW'],['Crossing with right of way'],['Unknown'],[],[],[],D43,True,"['25 to 29', '30 to 34', '60 to 64']",4.0
567,2016-07-30 08:00:00,2248,2016,PARK LAWN RD,THE QUEENSWAY,Major Arterial,Etobicoke York,43.628977,-79.490321,621789.8541,4831771.7491,At Intersection,Traffic Signal,Clear,"Dark, artificial",Dry,16,Stonegate-Queensway,16,Stonegate-Queensway (16),Non-Fatal Injury,0,0,1,0,0,0,0,1,0,1,0,0,0,SMV Other,"['Driver', 'Passenger']",North,"['Automobile, Station Wagon']",['Turning Right'],['Failed to Yield Right of Way'],['Unknown'],[],[],[],[],[],[],D22,False,['15 to 19'],3.0
568,2016-07-31 08:00:00,1355,2016,MORNINGSIDE AVE,ELLESMERE RD,Major Arterial,Scarborough,43.782973,-79.192378,645453.054,4849355.4989,Non Intersection,No Control,Rain,Daylight,Wet,135,Morningside,135,Morningside (135),Non-Fatal Injury,0,0,1,0,0,0,0,1,0,1,0,0,0,Turning Movement,"['Driver', 'Passenger']",North,"['Automobile, Station Wagon']","['Making U Turn', 'Going Ahead']","['Disobeyed Traffic Control', 'Driving Properly']","['Inattentive', 'Normal']",[],[],[],[],[],[],D43,False,"['60 to 64', '25 to 29']",3.0
569,2016-08-01 08:00:00,156,2016,MORNINGSIDE AVE,HALFWAY AVE,Minor Arterial,Scarborough,43.817847,-79.213687,643654.7617,4853191.6,At Intersection,No Control,Clear,"Dark, artificial",Dry,146,Malvern East,132,Malvern (132),Non-Fatal Injury,0,0,1,0,0,1,0,1,0,1,0,0,0,Rear End,"['Driver', 'Passenger']",West,"['Automobile, Station Wagon', 'Municipal Transit Bus (TTC)']","['Going Ahead', 'Stopped']","['Following too Close', 'Driving Properly']",['Normal'],[],[],[],[],[],[],D42,False,"['20 to 24', '45 to 49', '15 to 19']",3.0
570,2016-08-02 08:00:00,1745,2016,FRONT ST E,YONGE ST,Major Arterial,Toronto and East York,43.646811,-79.376933,630898.5313,4833925.0363,Intersection Related,Traffic Signal,Clear,Daylight,Dry,166,St Lawrence-East Bayfront-The Islands,77,Waterfront Communities-The Island (77),Non-Fatal Injury,0,0,1,1,0,0,0,0,0,1,0,0,0,Rear End,"['Driver', 'Motorcycle Driver']",East,"['Automobile, Station Wagon', 'Motorcycle']","['Stopped', 'Going Ahead']","['Following too Close', 'Driving Properly']",['Normal'],[],[],[],[],[],[],D51,False,"['55 to 59', '15 to 19']",3.0
571,2016-08-02 08:00:00,2112,2016,BLUE JAYS WAY,NAVY WHARF CRT,Minor Arterial,Toronto and East York,43.64157,-79.391864,629705.6289,4833319.513,At Intersection,Stop Sign,Clear,"Dark, artificial",Dry,165,Harbourfront-CityPlace,77,Waterfront Communities-The Island (77),Non-Fatal Injury,1,0,1,0,0,0,0,1,0,1,0,0,0,Pedestrian Collisions,"['Driver', 'Passenger', 'Pedestrian']",South,['Passenger Van'],['Turning Left'],['Failed to Yield Right of Way'],['Normal'],['Vehicle turns left while ped crosses with ROW at inter.'],['Crossing with right of way'],['Normal'],[],[],[],D52,False,"['55 to 59', '35 to 39', '25 to 29']",3.0
572,2016-08-03 08:00:00,1154,2016,STEELES AVE W,HILDA AVE,Major Arterial,North York,43.795935,-79.429225,626367.2944,4850406.234,At Intersection,Traffic Signal,Clear,Daylight,Dry,36,Newtonbrook West,36,Newtonbrook West (36),Non-Fatal Injury,0,0,1,0,0,0,0,0,0,1,0,0,0,Turning Movement,['Driver'],East,"['Automobile, Station Wagon']","['Turning Left', 'Going Ahead']","['Failed to Yield Right of Way', 'Driving Properly']","['Inattentive', 'Normal']",[],[],[],[],[],[],D32,False,"['25 to 29', '60 to 64']",3.0
573,2016-08-03 08:00:00,1822,2016,ELLESMERE RD,HELICON GT,Major Arterial,Scarborough,43.778483,-79.222179,643065.7517,4848804.88,At Intersection,Traffic Signal,Clear,Daylight,Dry,135,Morningside,135,Morningside (135),Non-Fatal Injury,0,0,1,0,0,0,0,0,0,1,1,0,0,Turning Movement,['Driver'],South,"['Automobile, Station Wagon']","['Going Ahead', 'Turning Left']","['Disobeyed Traffic Control', 'Driving Properly']","['Inattentive', 'Normal']",[],[],[],[],[],[],D43,False,"['60 to 64', '55 to 59']",3.0
574,2016-08-03 08:00:00,1858,2016,DUFFERIN ST,WATERLOO AVE,Local,North York,43.754481,-79.463718,623677.7713,4845750.0526,At Intersection,Stop Sign,Clear,Daylight,Dry,34,Bathurst Manor,34,Bathurst Manor (34),Non-Fatal Injury,0,0,1,1,0,0,0,0,0,1,0,0,0,Turning Movement,"['Motorcycle Driver', 'Driver']",South,"['Motorcycle', 'Automobile, Station Wagon']","['Going Ahead', 'Turning Left']","['Improper Passing', 'Driving Properly']",['Normal'],[],[],[],[],[],[],D32,False,"['40 to 44', '25 to 29']",3.0
575,2016-08-05 08:00:00,1225,2016,FINCH AVE W,TALBOT RD,Major Arterial,North York,43.778243,-79.422359,626957.1115,4848451.7697,Non Intersection,No Control,Clear,Daylight,Dry,37,Willowdale West,37,Willowdale West (37),Fatal,1,0,1,0,0,0,0,0,0,0,0,0,0,Pedestrian Collisions,"['Pedestrian', 'Driver']",North,"['Automobile, Station Wagon']",['Going Ahead'],['Driving Properly'],['Normal'],['Pedestrian hit at mid-block'],"['Crossing, no Traffic Control']",['Inattentive'],[],[],[],D32,True,"['80 to 84', '45 to 49']",4.0
576,2016-08-05 08:00:00,1829,2016,REXDALE BLVD,HUMBERWOOD BLVD,Major Arterial,Etobicoke York,43.720599,-79.611308,611859.0841,4841777.1892,Non Intersection,No Control,Clear,Daylight,Dry,1,West Humber-Clairville,1,West Humber-Clairville (1),Fatal,0,0,0,1,1,0,0,0,1,1,0,0,0,Approaching,"['Truck Driver', 'Motorcycle Driver']",East,"['Truck-Tractor', 'Motorcycle']",['Going Ahead'],"['Driving Properly', 'Lost control']","['Normal', 'Unknown']",[],[],[],[],[],[],D23,True,"['45 to 49', '25 to 29']",4.0
577,2016-08-06 08:00:00,2029,2016,LAKE SHORE BLVD E,DON ROADWAY,Major Arterial,Toronto and East York,43.65082,-79.346919,633310.2842,4834418.0678,At Intersection,Traffic Signal,Clear,Daylight,Dry,70,South Riverdale,70,South Riverdale (70),Non-Fatal Injury,0,0,1,0,0,0,0,1,0,0,0,0,0,Turning Movement,"['Driver', 'Passenger']",East,"['Automobile, Station Wagon']","['Turning Left', 'Going Ahead']","['Improper Turn', 'Driving Properly']","['Inattentive', 'Normal']",[],[],[],[],[],[],D51,False,"['50 to 54', '45 to 49', '40 to 44', '35 to 39', '5 to 9']",3.0
578,2016-08-09 08:00:00,1228,2016,KEELE ST,HIRONS ST,Major Arterial,Etobicoke York,43.669467,-79.466281,623646.135,4836304.2328,At Intersection,Stop Sign,Clear,Daylight,Dry,90,Junction Area,90,Junction Area (90),Non-Fatal Injury,0,0,1,1,0,0,0,0,1,1,0,0,0,Turning Movement,"['Motorcycle Driver', 'Driver']",East,"['Motorcycle', 'Automobile, Station Wagon']","['Going Ahead', 'Turning Left']","['Exceeding Speed Limit', 'Driving Properly']","['Inattentive', 'Normal']",[],[],[],[],[],[],D11,False,"['30 to 34', '55 to 59']",3.0
579,2016-08-10 08:00:00,329,2016,DANFORTH RD,THICKETWOOD DR      (431),Major Arterial,Scarborough,43.744784,-79.244685,641333.9492,4845023.4374,Intersection Related,Stop Sign,Clear,"Daylight, artificial",Wet,138,Eglinton East,138,Eglinton East (138),Non-Fatal Injury,1,0,0,0,0,0,0,0,0,0,0,0,0,Angle,"['Driver', 'Pedestrian']",Unknown,[],['Going Ahead'],['Driving Properly'],['Unknown'],['Other / Undefined'],['Crossing without right of way'],['Inattentive'],[],[],[],D43,False,"['unknown', '15 to 19']",3.0
580,2016-08-10 08:00:00,1603,2016,MARCELLA ST,ANGORA ST,Local,Scarborough,43.759055,-79.21384,643783.3677,4846661.5411,At Intersection,Stop Sign,Clear,Daylight,Dry,141,Golfdale-Cedarbrae-Woburn,137,Woburn (137),Non-Fatal Injury,0,0,1,0,0,0,0,1,0,1,0,0,0,Angle,"['Driver', 'Passenger']",North,"['Automobile, Station Wagon']",['Going Ahead'],"['Failed to Yield Right of Way', 'Driving Properly']","['Inattentive', 'Normal']",[],[],[],[],[],[],D43,False,"['60 to 64', '15 to 19', '25 to 29']",3.0
581,2016-08-11 08:00:00,1603,2016,WESTHUMBER BLVD,KIPLING AVE,Major Arterial,Etobicoke York,43.728068,-79.574611,614800.7788,4842656.9069,At Intersection,Traffic Signal,Clear,Daylight,Dry,4,Rexdale-Kipling,4,Rexdale-Kipling (4),Non-Fatal Injury,1,0,1,0,0,0,0,1,1,1,0,0,0,Pedestrian Collisions,"['Driver', 'Passenger', 'Pedestrian']",Unknown,"['Automobile, Station Wagon']","['Turning Left', 'Going Ahead']","['Failed to Yield Right of Way', 'Speed too Fast For Condition']",['Normal'],['Pedestrian hit on sidewalk or shoulder'],['On Sidewalk or Shoulder'],['Normal'],[],[],[],D23,False,"['45 to 49', '20 to 24', '5 to 9', '25 to 29']",3.0
582,2016-08-13 08:00:00,2223,2016,LAKE SHORE BLVD W,LONG BRANCH AVE,Major Arterial,Etobicoke York,43.594142,-79.53458,618287.5996,4827838.9275,Non Intersection,No Control,Clear,"Dark, artificial",Wet,19,Long Branch,19,Long Branch (19),Non-Fatal Injury,0,0,0,1,0,0,0,0,0,0,0,0,0,SMV Other,['Motorcycle Driver'],East,['Motorcycle'],['Going Ahead'],['Lost control'],['Inattentive'],[],[],[],[],[],[],D22,False,['25 to 29'],3.0
583,2016-08-14 08:00:00,250,2016,STEELES AVE E,REESOR RD,Minor Arterial,Scarborough,43.84878,-79.197955,644845.0792,4856654.6702,Non Intersection,No Control,Clear,Dark,Dry,144,Morningside Heights,131,Rouge (131),Fatal,0,0,1,0,0,0,0,1,1,1,0,0,0,Approaching,"['Driver', 'Passenger']",West,"['Automobile, Station Wagon', 'Pick Up Truck']","['Going Ahead', 'Overtaking']","['Driving Properly', 'Improper Passing']","['Normal', 'Had Been Drinking']",[],[],[],[],[],[],D42,True,"['20 to 24', '30 to 34', '55 to 59']",4.0
584,2016-08-16 08:00:00,917,2016,WELLESLEY ST E,PARLIAMENT ST,Minor Arterial,Toronto and East York,43.668101,-79.369525,631449.5201,4836301.2848,At Intersection,Traffic Signal,Rain,Daylight,Wet,71,Cabbagetown-South St.James Town,71,Cabbagetown-South St.James Town (71),Non-Fatal Injury,1,0,1,0,0,0,0,0,0,1,0,0,0,Pedestrian Collisions,"['Driver', 'Pedestrian']",East,"['Automobile, Station Wagon']",['Turning Left'],['Failed to Yield Right of Way'],['Inattentive'],['Vehicle turns left while ped crosses with ROW at inter.'],['Crossing with right of way'],['Normal'],[],[],[],D51,False,"['20 to 24', '65 to 69']",3.0