accident_number,date,time,year,street1,street2,road_class,district,latitude,longitude,x,y,accident_location,traffctl,visibility,light,road_surface_condition,hood_158,neighbourhood_new,hood_140,neighbourhood_old,accident_class,pedestrian,cyclist,automobile,motorcycle,truck,trsn_city_veh,emerg_veh,passenger,speeding,aggressive_driving,redlight,alcohol,disability,impact_type,involvement_type,initial_direction,vehicle_type,manoeuver,driver_action,driver_condition,pedestrian_type,pedestrian_action,pedestrian_condition,cyclist_type,cyclist_action,cyclist_condition,division,injury,involvement_age,injury_severity_score
585,2016-08-16 08:00:00,2325,2016,THE WEST MALL,THE QUEENSWAY,Major Arterial,Etobicoke York,43.6123,-79.562633,615988.2657,4829816.0256,At Intersection,Traffic Signal,Clear,"Dark, artificial",Dry,159,Etobicoke City Centre,14,Islington-City Centre West (14),Non-Fatal Injury,0,1,0,0,1,0,0,0,0,0,0,0,0,Cyclist Collisions,"['Cyclist', 'Truck Driver']",North,"['Bicycle', 'Truck-Tractor']","['Going Ahead', 'Turning Right']",['Driving Properly'],['Normal'],[],[],[],"['Cyclist without ROW rides into path of motorist at inter, lnwy, dwy-Cyclist not turn.']",['Other'],['Unknown'],D22,False,"['30 to 34', '50 to 54']",3.0
586,2016-08-17 08:00:00,1606,2016,KEELE ST,MURRAY ROSS PKWY,Major Arterial,Etobicoke York,43.768675,-79.492366,621342.7591,4847284.1294,Non Intersection,No Control,Clear,Daylight,Dry,27,York University Heights,27,York University Heights (27),Non-Fatal Injury,0,0,1,0,0,0,0,1,1,1,0,0,1,Approaching,"['Driver', 'Passenger']",South,"['Automobile, Station Wagon']",['Going Ahead'],"['Lost control', 'Driving Properly']","['Medical or Physical Disability', 'Normal']",[],[],[],[],[],[],D31,False,"['55 to 59', '40 to 44', '35 to 39', '15 to 19', '5 to 9', '30 to 34']",3.0
587,2016-08-19 08:00:00,904,2016,FINCH AVE E,SKYMARK DR,Major Arterial,North York,43.793151,-79.352275,632564.0594,4850217.3952,Intersection Related,Traffic Signal,Clear,Daylight,Dry,47,Don Valley Village,47,Don Valley Village (47),Fatal,1,0,1,0,0,0,0,1,0,0,0,0,0,Pedestrian Collisions,"['Pedestrian', 'Driver', 'Passenger']",North,['Pick Up Truck'],['Turning Left'],['Driving Properly'],['Normal'],['Pedestrian hit at mid-block'],"['Crossing, no Traffic Control']",['Other'],[],[],[],D33,True,"['80 to 84', '65 to 69', '10 to 14']",4.0
588,2016-08-19 08:00:00,1853,2016,KIPLING AVE,DIXON RD,Major Arterial,Etobicoke York,43.694178,-79.558605,616155.3573,4838915.2529,At Intersection,Traffic Signal,Clear,Daylight,Dry,6,Kingsview Village-The Westway,6,Kingsview Village-The Westway (6),Non-Fatal Injury,1,0,1,0,0,0,0,0,0,0,0,0,0,Pedestrian Collisions,"['Driver', 'Pedestrian']",North,"['Automobile, Station Wagon']",['Going Ahead'],['Driving Properly'],['Normal'],['Vehicle is going straight thru inter.while ped cross without ROW'],['Crossing without right of way'],['Inattentive'],[],[],[],D23,False,"['40 to 44', '30 to 34']",3.0
589,2016-08-19 08:00:00,1948,2016,CONLINS RD,MILNER AVE,Collector,Scarborough,43.799857,-79.188243,645744.7378,4851238.0137,Non Intersection,No Control,Clear,Daylight,Dry,144,Morningside Heights,131,Rouge (131),Non-Fatal Injury,0,0,1,1,0,0,0,0,1,1,0,0,0,Sideswipe,"['Motorcycle Driver', 'Driver']",North,"['Motorcycle', 'Pick Up Truck']","['Overtaking', 'Going Ahead']","['Improper Passing', 'Driving Properly']","['Inattentive', 'Normal']",[],[],[],[],[],[],D42,False,"['20 to 24', '60 to 64']",3.0
590,2016-08-20 08:00:00,1323,2016,SHEPPARD AVE W,JANE ST,Major Arterial,Etobicoke York,43.739318,-79.513179,619726.1272,4843993.3162,At Intersection,Traffic Signal,Clear,Daylight,Dry,25,Glenfield-Jane Heights,25,Glenfield-Jane Heights (25),Non-Fatal Injury,0,0,1,0,1,0,0,0,1,1,0,0,0,Approaching,"['Driver', 'Truck Driver']",East,"['Automobile, Station Wagon', 'Truck (other)']",['Going Ahead'],"['Exceeding Speed Limit', 'Driving Properly']","['Inattentive', 'Normal']",[],[],[],[],[],[],D31,False,"['80 to 84', '60 to 64', '20 to 24', '45 to 49']",3.0
591,2016-08-21 08:00:00,634,2016,FINCH AVE E,TRUDY RD,Major Arterial,North York,43.790763,-79.363033,631703.7855,4849934.996,Intersection Related,No Control,Clear,Daylight,Dry,47,Don Valley Village,47,Don Valley Village (47),Non-Fatal Injury,0,0,1,0,0,0,0,0,1,1,0,0,0,SMV Other,['Driver'],West,"['Automobile, Station Wagon']",['Unknown'],['Lost control'],['Had Been Drinking'],[],[],[],[],[],[],D33,False,['20 to 24'],3.0
592,2016-08-21 08:00:00,1617,2016,ALBION RD,HIGHWAY 27  N,Major Arterial,Etobicoke York,43.744208,-79.607509,612121.0331,4844404.4348,At Intersection,Traffic Signal,Clear,Daylight,Dry,1,West Humber-Clairville,1,West Humber-Clairville (1),Non-Fatal Injury,0,0,1,0,0,0,0,1,0,0,0,0,0,Turning Movement,"['Driver', 'Passenger']",East,"['Automobile, Station Wagon']","['Turning Left', 'Going Ahead']","['Improper Turn', 'Driving Properly']","['Inattentive', 'Normal']",[],[],[],[],[],[],D23,False,"['35 to 39', '40 to 44']",3.0
593,2016-08-22 08:00:00,1312,2016,DUFFERIN ST,DUNDAS ST W,Minor Arterial,Toronto and East York,43.649577,-79.431415,626498.7684,4834147.745,At Intersection,Traffic Signal,Clear,Daylight,Dry,84,Little Portugal,84,Little Portugal (84),Non-Fatal Injury,1,0,1,0,0,0,0,0,0,1,0,0,0,Pedestrian Collisions,"['Driver', 'Pedestrian']",North,"['Automobile, Station Wagon']",['Turning Left'],['Failed to Yield Right of Way'],['Normal'],['Vehicle turns left while ped crosses with ROW at inter.'],['Crossing with right of way'],['Normal'],[],[],[],D14,False,"['60 to 64', '70 to 74']",3.0
594,2016-08-24 08:00:00,1811,2016,JANE ST,ALLIANCE AVE,Major Arterial,Etobicoke York,43.676676,-79.495929,621241.4196,4837061.1251,Non Intersection,No Control,Clear,Daylight,Dry,111,Rockcliffe-Smythe,111,Rockcliffe-Smythe (111),Non-Fatal Injury,0,0,1,0,0,0,0,1,0,1,0,0,0,Rear End,"['Driver', 'Passenger']",North,"['Automobile, Station Wagon']","['Changing Lanes', 'Going Ahead']","['Lost control', 'Driving Properly']",['Normal'],[],[],[],[],[],[],D12,False,"['30 to 34', '40 to 44', '10 to 14']",3.0
595,2016-08-25 08:00:00,2153,2016,DIXON RD,ISLINGTON AVE,Major Arterial,Etobicoke York,43.696978,-79.546687,617110.3306,4839242.9943,At Intersection,Traffic Signal,Clear,"Dark, artificial",Dry,6,Kingsview Village-The Westway,6,Kingsview Village-The Westway (6),Non-Fatal Injury,1,0,1,0,0,0,0,1,0,0,0,0,0,Pedestrian Collisions,"['Driver', 'Passenger', 'Pedestrian']",East,"['Automobile, Station Wagon']","['Turning Left', 'Going Ahead']","['Improper Turn', 'Driving Properly']",['Normal'],['Vehicle turns left while ped crosses with ROW at inter.'],['Crossing with right of way'],['Normal'],[],[],[],D23,False,"['30 to 34', '25 to 29', '10 to 14', '5 to 9', '55 to 59']",3.0
596,2016-08-26 08:00:00,850,2016,LOWER JARVIS ST,LAKE SHORE BLVD E,Major Arterial,Toronto and East York,43.645556,-79.369815,631475.3342,4833796.9041,At Intersection,Traffic Signal,Clear,Daylight,Dry,166,St Lawrence-East Bayfront-The Islands,77,Waterfront Communities-The Island (77),Non-Fatal Injury,1,0,1,0,0,0,0,1,0,1,1,0,0,Pedestrian Collisions,"['Driver', 'Passenger', 'Pedestrian']",East,"['Automobile, Station Wagon']","['Turning Left', 'Going Ahead']","['Disobeyed Traffic Control', 'Driving Properly']","['Inattentive', 'Normal']",['Pedestrian hit on sidewalk or shoulder'],['On Sidewalk or Shoulder'],['Normal'],[],[],[],D51,False,"['30 to 34', '20 to 24']",3.0
597,2016-08-26 08:00:00,1600,2016,116 ELINOR AVE,JOY DR,Local,Scarborough,43.752097,-79.303737,636562.5307,4845736.5989,At/Near Private Drive,No Control,Clear,Daylight,Dry,119,Wexford/Maryvale,119,Wexford/Maryvale (119),Non-Fatal Injury,0,1,1,0,0,0,0,0,0,1,0,0,0,Cyclist Collisions,"['Driver', 'Cyclist']",North,"['Automobile, Station Wagon', 'Bicycle']","['Turning Left', 'Going Ahead']",['Failed to Yield Right of Way'],['Inattentive'],[],[],[],['Motorist turned left across cyclists path.'],['Driving Properly'],['Normal'],D41,False,"['unknown', '50 to 54']",3.0
598,2016-08-26 08:00:00,2215,2016,LAKE SHORE BLVD W,BRITISH COLUMBIA RD,Major Arterial,Toronto and East York,43.629969,-79.425586,627010.1615,4831978.9273,Non Intersection,No Control,Clear,"Dark, artificial",Dry,163,Fort York-Liberty Village,82,Niagara (82),Non-Fatal Injury,0,0,1,1,0,0,0,1,1,1,0,0,0,Sideswipe,"['Motorcycle Driver', 'Driver', 'Passenger']",East,"['Motorcycle', 'Automobile, Station Wagon']",['Going Ahead'],"['Lost control', 'Driving Properly']",['Normal'],[],[],[],[],[],[],D14,False,"['40 to 44', '55 to 59', '50 to 54']",3.0
599,2016-08-27 08:00:00,1356,2016,ROYAL YORK RD,NEWCASTLE ST,Minor Arterial,Etobicoke York,43.617427,-79.498882,621122.401,4830476.4559,At Intersection,Traffic Signal,Clear,Daylight,Dry,160,Mimico-Queensway,17,Mimico (includes Humber Bay Shores) (17),Non-Fatal Injury,1,0,1,0,0,0,0,0,0,1,0,0,0,Pedestrian Collisions,"['Driver', 'Pedestrian']",East,"['Automobile, Station Wagon']",['Turning Left'],['Failed to Yield Right of Way'],['Normal'],['Vehicle turns left while ped crosses with ROW at inter.'],['Crossing with right of way'],['Normal'],[],[],[],D22,False,"['70 to 74', '65 to 69']",3.0
600,2016-08-27 08:00:00,2315,2016,18 CORTLEIGH BLVD,Not Applicable,Local,North York,43.71342,-79.407489,628292.1547,4841275.1284,Non Intersection,No Control,Clear,Dark,Dry,103,Lawrence Park South,103,Lawrence Park South (103),Non-Fatal Injury,0,0,1,0,0,0,0,1,1,1,0,0,0,Other,"['Passenger', 'Driver']",West,['Passenger Van'],['Going Ahead'],['Speed too Fast For Condition'],['Unknown'],[],[],[],[],[],[],D53,False,['15 to 19'],3.0
601,2016-08-29 08:00:00,745,2016,STEELES AVE E,PHARMACY AVE,Major Arterial,Scarborough,43.816851,-79.336429,633786.0086,4852875.1614,At Intersection,Traffic Signal,Clear,Daylight,Dry,116,Steeles,116,Steeles (116),Non-Fatal Injury,1,0,1,0,0,0,0,0,0,1,0,0,0,Pedestrian Collisions,"['Driver', 'Pedestrian']",East,"['Automobile, Station Wagon']",['Turning Right'],['Failed to Yield Right of Way'],['Inattentive'],['Vehicle turns right while ped crosses with ROW at inter.'],['Crossing with right of way'],['Normal'],[],[],[],D42,False,"['35 to 39', '20 to 24']",3.0
602,2016-08-29 08:00:00,1610,2016,WARDEN AVE,CONTINENTAL PL,Major Arterial,Scarborough,43.763491,-79.301257,636736.2358,4847006.1683,At Intersection,Stop Sign,Clear,Daylight,Dry,119,Wexford/Maryvale,119,Wexford/Maryvale (119),Non-Fatal Injury,0,0,1,1,0,0,0,0,0,0,0,0,0,Turning Movement,"['Driver', 'Motorcycle Driver']",North,"['Automobile, Station Wagon', 'Motorcycle']","['Turning Left', 'Going Ahead']","['Improper Turn', 'Driving Properly']","['Inattentive', 'Normal']",[],[],[],[],[],[],D41,False,"['55 to 59', '30 to 34']",3.0
603,2016-08-30 08:00:00,630,2016,WARDEN AVE,FINCH AVE E,Major Arterial,Scarborough,43.796763,-79.315753,635494.222,4850677.7095,At Intersection,Traffic Signal,Clear,Daylight,Dry,148,East L'Amoreaux,117,L'Amoreaux (117),Fatal,0,0,1,0,0,1,0,1,0,0,0,0,0,Rear End,"['Passenger', 'Driver']",South,"['Automobile, Station Wagon', 'Municipal Transit Bus (TTC)']","['Going Ahead', 'Stopped']","['Lost control', 'Driving Properly']","['Inattentive', 'Normal']",[],[],[],[],[],[],D42,True,"['25 to 29', '50 to 54', '65 to 69', '55 to 59']",4.0
604,2016-09-01 08:00:00,1413,2016,ROGERS RD,KANE AVE,Minor Arterial,Etobicoke York,43.682048,-79.46651,623601.8411,4837701.1796,Intersection Related,No Control,Clear,Daylight,Dry,110,Keelesdale-Eglinton West,110,Keelesdale-Eglinton West (110),Non-Fatal Injury,0,1,1,0,0,0,0,0,0,1,0,0,0,Cyclist Collisions,"['Cyclist', 'Driver']",East,"['Bicycle', 'Automobile, Station Wagon']",['Going Ahead'],['Driving Properly'],['Normal'],[],[],[],['Cyclist turned left across motorists path.'],['Failed to Yield Right of Way'],['Normal'],D12,False,"['60 to 64', '70 to 74']",3.0
605,2016-09-01 08:00:00,2230,2016,BAY ST,HARBOUR ST,Major Arterial,Toronto and East York,43.642066,-79.377452,630866.977,4833397.2238,Intersection Related,Traffic Signal,Clear,"Dark, artificial",Dry,166,St Lawrence-East Bayfront-The Islands,77,Waterfront Communities-The Island (77),Fatal,0,0,1,1,0,0,0,0,0,0,0,0,0,Turning Movement,"['Motorcycle Driver', 'Driver']",North,"['Motorcycle', 'Automobile, Station Wagon']","['Going Ahead', 'Turning Left']","['Driving Properly', 'Improper Turn']","['Unknown', 'Inattentive']",[],[],[],[],[],[],D52,True,"['30 to 34', '65 to 69']",4.0
606,2016-09-02 08:00:00,1630,2016,LONSDALE RD,ORIOLE RD,Major Arterial,Toronto and East York,43.691004,-79.401546,628818.9257,4838794.7334,At Intersection,No Control,Clear,Daylight,Dry,97,Yonge-St.Clair,97,Yonge-St.Clair (97),Non-Fatal Injury,0,1,1,0,0,0,0,0,0,0,0,0,0,Cyclist Collisions,"['Driver', 'Cyclist']",East,"['Automobile, Station Wagon', 'Bicycle']","['Turning Left', 'Going Ahead']",['Improper Turn'],['Inattentive'],[],[],[],['Motorist turned left across cyclists path.'],['Driving Properly'],['Normal'],D53,False,"['55 to 59', '20 to 24']",3.0
607,2016-09-04 08:00:00,1400,2016,GERRARD ST E,RIVER ST,Minor Arterial,Toronto and East York,43.663905,-79.358226,632369.6823,4835853.2286,Non Intersection,No Control,Clear,Daylight,Dry,72,Regent Park,72,Regent Park (72),Non-Fatal Injury,0,1,1,0,0,0,0,1,0,0,0,0,0,Cyclist Collisions,"['Cyclist', 'Driver', 'Passenger']",West,"['Bicycle', 'Automobile, Station Wagon']","['Changing Lanes', 'Going Ahead']",['Driving Properly'],['Normal'],[],[],[],['Cyclist and Driver travelling in same direction. One vehicle sideswipes the other.'],['Improper Lane Change'],['Inattentive'],D51,False,"['65 to 69', '20 to 24']",3.0
608,2016-09-05 08:00:00,210,2016,ST CLAIR AVE E,DANFORTH RD,Major Arterial,Scarborough,43.716773,-79.259883,640175.561,4841886.581,At Intersection,Traffic Signal,Clear,"Dark, artificial",Dry,120,Clairlea-Birchmount,120,Clairlea-Birchmount (120),Non-Fatal Injury,0,0,1,0,0,0,0,1,0,1,1,0,0,Angle,"['Driver', 'Passenger']",South,"['Automobile, Station Wagon']",['Going Ahead'],"['Disobeyed Traffic Control', 'Driving Properly']","['Inattentive', 'Normal']",[],[],[],[],[],[],D41,False,"['45 to 49', '50 to 54']",3.0
609,2016-09-05 08:00:00,220,2016,MOUNT PLEASANT RD,ROXBOROUGH DR,Major Arterial,Toronto and East York,43.680724,-79.382404,630383.8593,4837682.913,At Intersection,No Control,Clear,Dark,Dry,98,Rosedale-Moore Park,98,Rosedale-Moore Park (98),Fatal,0,0,1,0,0,0,0,1,1,1,0,1,0,SMV Other,"['Passenger', 'Driver']",North,"['Automobile, Station Wagon']",['Going Ahead'],['Lost control'],"['Ability Impaired, Alcohol']",[],[],[],[],[],[],D53,True,"['25 to 29', '20 to 24', '15 to 19']",4.0
610,2016-09-05 08:00:00,1600,2016,KINGSTON RD,FALLINGBROOK RD,Major Arterial,Scarborough,43.682185,-79.279201,638699.1092,4838012.5987,At Intersection,Traffic Signal,Clear,Daylight,Dry,122,Birchcliffe-Cliffside,122,Birchcliffe-Cliffside (122),Non-Fatal Injury,0,0,1,1,0,0,0,1,0,1,0,0,0,Turning Movement,"['Driver', 'Motorcycle Driver', 'Passenger']",East,"['Automobile, Station Wagon', 'Motorcycle']","['Turning Left', 'Going Ahead', 'Stopped']","['Failed to Yield Right of Way', 'Driving Properly']","['Inattentive', 'Normal']",[],[],[],[],[],[],D41,False,"['80 to 84', '55 to 59', '50 to 54']",3.0
611,2016-09-05 08:00:00,1913,2016,CARLTON ST,SEATON ST,Minor Arterial,Toronto and East York,43.663439,-79.371478,631302.2308,4835780.4143,Intersection Related,No Control,Clear,Daylight,Dry,73,Moss Park,73,Moss Park (73),Non-Fatal Injury,0,1,1,0,0,0,0,0,1,1,0,0,0,Cyclist Collisions,"['Driver', 'Cyclist']",East,"['Automobile, Station Wagon', 'Bicycle']",['Going Ahead'],['Speed too Fast For Condition'],['Normal'],[],[],[],['Cyclist and Driver travelling in same direction. One vehicle rear-ended the other.'],['Driving Properly'],['Normal'],D51,False,"['35 to 39', '45 to 49']",3.0
612,2016-09-06 08:00:00,1643,2016,HULLRICK DR,CINRICKBAR DR,Local,Etobicoke York,43.722979,-79.620067,611149.1417,4842029.7373,At Intersection,Stop Sign,Clear,Daylight,Dry,1,West Humber-Clairville,1,West Humber-Clairville (1),Non-Fatal Injury,0,0,1,0,0,0,0,1,0,1,0,0,0,Angle,"['Driver', 'Passenger']",South,"['Automobile, Station Wagon']",['Going Ahead'],"['Disobeyed Traffic Control', 'Driving Properly']",['Normal'],[],[],[],[],[],[],D23,False,"['25 to 29', '50 to 54', '15 to 19']",3.0
613,2016-09-06 08:00:00,2040,2016,1058 GERRARD ST E,Not Applicable,Minor Arterial,Toronto and East York,43.669036,-79.336017,634148.8949,4836458.7707,Non Intersection,No Control,Clear,"Dark, artificial",Dry,70,South Riverdale,70,South Riverdale (70),Non-Fatal Injury,1,0,1,0,0,0,0,0,0,0,0,0,0,Pedestrian Collisions,"['Driver', 'Pedestrian']",East,"['Automobile, Station Wagon']",['Going Ahead'],['Driving Properly'],['Had Been Drinking'],['Pedestrian hit at mid-block'],"['Crossing, no Traffic Control']",['Normal'],[],[],[],D55,False,"['40 to 44', '60 to 64']",3.0
614,2016-09-07 08:00:00,28,2016,DANFORTH RD,BARRYMORE RD,Major Arterial,Scarborough,43.750331,-79.244403,641343.5981,4845639.9973,Non Intersection,No Control,Clear,"Dark, artificial",Dry,157,Bendale South,127,Bendale (127),Non-Fatal Injury,1,0,1,0,0,0,0,0,0,0,0,1,0,Pedestrian Collisions,"['Pedestrian', 'Driver']",East,"['Automobile, Station Wagon']",['Going Ahead'],['Driving Properly'],"['Ability Impaired, Alcohol Over .08']",['Pedestrian hit at mid-block'],"['Crossing, no Traffic Control']","['Ability Impaired, Alcohol']",[],[],[],D43,False,"['20 to 24', '30 to 34']",3.0
615,2016-09-08 08:00:00,37,2016,MELFORD DR,TAPSCOTT RD,Collector,Scarborough,43.810794,-79.236697,641820.9789,4852368.5488,Non Intersection,No Control,Rain,"Dark, artificial",Wet,145,Malvern West,132,Malvern (132),Non-Fatal Injury,0,0,1,0,1,0,0,1,1,1,0,0,0,SMV Unattended Vehicle,"['Driver', 'Other', 'Passenger']",East,"['Automobile, Station Wagon', 'Truck - Dump']","['Going Ahead', 'Parked']",['Speed too Fast For Condition'],['Inattentive'],[],[],[],[],[],[],D42,False,"['50 to 54', 'unknown', '45 to 49']",3.0
616,2016-09-09 08:00:00,610,2016,VICTORIA PARK AVE,HUNTINGWOOD DR,Major Arterial,North York,43.779479,-79.324985,634790.3649,4848742.9764,Non Intersection,No Control,Clear,"Dark, artificial",Dry,147,L'Amoreaux West,117,L'Amoreaux (117),Non-Fatal Injury,0,0,1,0,0,0,0,0,0,0,0,0,0,SMV Other,['Driver'],North,"['Automobile, Station Wagon']",['Going Ahead'],['Lost control'],['Fatigue'],[],[],[],[],[],[],D42,False,['35 to 39'],3.0
617,2016-09-09 08:00:00,1733,2016,LAUDER AVE,AMHERST AVE,Local,Toronto and East York,43.691344,-79.444896,625324.6211,4838766.0652,Non Intersection,No Control,Clear,"Dark, artificial",Dry,107,Oakwood Village,107,Oakwood Village (107),Non-Fatal Injury,1,0,1,0,0,0,0,0,0,0,0,0,0,Pedestrian Collisions,"['Driver', 'Pedestrian']",Unknown,"['Automobile, Station Wagon']",['Unknown'],['Other'],['Unknown'],['Unknown'],['Other'],['Other'],[],[],[],D13,False,"['unknown', '15 to 19']",3.0
618,2016-09-09 08:00:00,2305,2016,BATHURST ST,COCKSFIELD AVE,Major Arterial,North York,43.75672,-79.438747,625683.3816,4846036.3162,Non Intersection,No Control,Clear,"Dark, artificial",Dry,34,Bathurst Manor,34,Bathurst Manor (34),Non-Fatal Injury,1,0,1,0,0,0,0,0,0,0,0,0,0,Pedestrian Collisions,"['Driver', 'Pedestrian']",East,"['Automobile, Station Wagon']",['Going Ahead'],['Driving Properly'],['Normal'],['Pedestrian hit at mid-block'],"['Crossing, no Traffic Control']",['Inattentive'],[],[],[],D32,False,"['30 to 34', '50 to 54', '55 to 59']",3.0
619,2016-09-11 08:00:00,230,2016,JARVIS ST,GERRARD ST E,Major Arterial,Toronto and East York,43.660365,-79.375858,630955.7658,4835432.083,At Intersection,Traffic Signal,Clear,Dark,Dry,73,Moss Park,73,Moss Park (73),Non-Fatal Injury,0,0,1,0,0,0,0,1,1,1,0,0,0,Turning Movement,"['Driver', 'Passenger']",North,"['Passenger Van', 'Automobile, Station Wagon']","['Turning Left', 'Going Ahead']","['Improper Turn', 'Exceeding Speed Limit']","['Inattentive', 'Other']",[],[],[],[],[],[],D51,False,"['45 to 49', '20 to 24']",3.0
620,2016-09-12 08:00:00,1651,2016,SHEPPARD AVE E,VANDORF ST,Minor Arterial,Scarborough,43.802382,-79.154285,648470.2303,4851578.825,Non Intersection,No Control,Clear,Daylight,Dry,143,West Rouge,131,Rouge (131),Non-Fatal Injury,0,0,1,0,0,0,0,0,1,1,0,0,0,Rear End,['Driver'],East,"['Automobile, Station Wagon']","['Changing Lanes', 'Going Ahead']","['Improper Lane Change', 'Speed too Fast For Condition']",['Normal'],[],[],[],[],[],[],D42,False,"['50 to 54', '55 to 59']",3.0
621,2016-09-12 08:00:00,1830,2016,HAVENBROOK BLVD,DON MILLS RD,Major Arterial,North York,43.769499,-79.346492,633081.7911,4847599.7514,At Intersection,Traffic Signal,Clear,Daylight,Dry,53,Henry Farm,53,Henry Farm (53),Non-Fatal Injury,1,0,1,0,0,0,0,0,0,1,0,0,0,Pedestrian Collisions,"['Driver', 'Pedestrian']",East,"['Automobile, Station Wagon']",['Turning Left'],['Failed to Yield Right of Way'],['Inattentive'],['Vehicle turns left while ped crosses with ROW at inter.'],['Crossing with right of way'],['Normal'],[],[],[],D33,False,"['30 to 34', '55 to 59']",3.0
622,2016-09-15 08:00:00,1927,2016,OSSINGTON AVE,ACORES AVE,Minor Arterial,Toronto and East York,43.671096,-79.429454,626611.6755,4836540.7044,Non Intersection,No Control,Clear,Daylight,Dry,94,Wychwood,94,Wychwood (94),Non-Fatal Injury,0,0,1,1,0,0,0,0,1,1,0,0,0,Sideswipe,"['Motorcycle Driver', 'Driver']",North,"['Motorcycle', 'Automobile, Station Wagon']",['Going Ahead'],"['Lost control', 'Speed too Fast For Condition']",['Unknown'],[],[],[],[],[],[],D13,False,"['15 to 19', 'unknown']",3.0
623,2016-09-16 08:00:00,1047,2016,SHEPPARD AV E,PALMDALE DR,Major Arterial,Scarborough,43.777972,-79.31116,635906.3044,4848598.2029,Intersection Related,No Control,Clear,Daylight,Dry,118,Tam O'Shanter-Sullivan,118,Tam O'Shanter-Sullivan (118),Non-Fatal Injury,0,1,0,0,1,0,0,0,0,0,0,0,0,Cyclist Collisions,"['Cyclist', 'Truck Driver']",East,"['Bicycle', 'Truck - Dump']","['Going Ahead', 'Turning Left']",['Driving Properly'],['Normal'],[],[],[],"['Cyclist without ROW rides into path of motorist at inter, lnwy, dwy-Cyclist not turn.']",['Other'],['Inattentive'],D42,False,"['40 to 44', '50 to 54']",3.0
624,2016-09-16 08:00:00,1242,2016,110 ST REGIS CRES,Not Applicable,Local,North York,43.754729,-79.482974,622127.0575,4845749.0242,At/Near Private Drive,No Control,Clear,Daylight,Dry,27,York University Heights,27,York University Heights (27),Fatal,1,0,1,0,0,0,0,0,0,1,0,0,0,Pedestrian Collisions,"['Driver', 'Pedestrian']",North,"['Automobile, Station Wagon']",['Reversing'],['Failed to Yield Right of Way'],['Normal'],['Vehicle is reversing and hits pedestrian'],['On Sidewalk or Shoulder'],['Unknown'],[],[],[],D31,True,"['50 to 54', '80 to 84']",4.0
625,2016-09-16 08:00:00,1955,2016,BROWNS LINE,WOODBURY RD,Major Arterial,Etobicoke York,43.599227,-79.544116,617507.9567,4828390.1423,At Intersection,Pedestrian Crossover,Clear,Dark,Dry,20,Alderwood,20,Alderwood (20),Non-Fatal Injury,1,0,1,0,0,0,0,1,0,0,0,0,0,Pedestrian Collisions,"['Driver', 'Pedestrian', 'Passenger']",East,"['Automobile, Station Wagon']",['Going Ahead'],['Driving Properly'],['Normal'],['Pedestrian hit a PXO/ped. Mid-block signal'],['Running onto Roadway'],['Inattentive'],[],[],[],D22,False,"['20 to 24', '10 to 14']",3.0
626,2016-09-16 08:00:00,1955,2016,O CONNOR DR,DOHME AVE,Major Arterial,Toronto and East York,43.710887,-79.308582,636265.896,4841151.6434,Non Intersection,No Control,Clear,"Dark, artificial",Dry,54,O'Connor-Parkview,54,O'Connor-Parkview (54),Non-Fatal Injury,0,0,1,0,0,0,0,0,1,1,0,0,0,Rear End,['Driver'],North,"['Automobile, Station Wagon']","['Going Ahead', 'Stopped']","['Exceeding Speed Limit', 'Driving Properly']","['Unknown', 'Normal']",[],[],[],[],[],[],D55,False,"['20 to 24', '55 to 59']",3.0
627,2016-09-19 08:00:00,1534,2016,DON MILLS RD W,GOODVIEW RD,Major Arterial,North York,43.784453,-79.353236,632505.9627,4849249.8073,Non Intersection,No Control,Clear,Daylight,Dry,47,Don Valley Village,47,Don Valley Village (47),Non-Fatal Injury,0,0,0,1,0,0,0,0,0,0,0,0,0,SMV Other,['Motorcycle Driver'],South,['Motorcycle'],['Going Ahead'],['Lost control'],['Inattentive'],[],[],[],[],[],[],D33,False,['15 to 19'],3.0
628,2016-09-20 08:00:00,1721,2016,JANE ST,COLBECK ST,Major Arterial,Toronto and East York,43.652877,-79.485935,622095.2678,4834432.5907,At Intersection,Pedestrian Crossover,Clear,Daylight,Dry,89,Runnymede-Bloor West Village,89,Runnymede-Bloor West Village (89),Non-Fatal Injury,1,0,1,0,0,0,0,0,0,1,0,0,0,Pedestrian Collisions,"['Driver', 'Pedestrian']",East,"['Automobile, Station Wagon']",['Going Ahead'],['Failed to Yield Right of Way'],['Normal'],['Pedestrian hit a PXO/ped. Mid-block signal'],"['Crossing, Pedestrian Crossover']",['Normal'],[],[],[],D11,False,['35 to 39'],3.0
629,2016-09-20 08:00:00,1754,2016,BLOOR ST W,LIPPINCOTT ST,Major Arterial,Toronto and East York,43.665316,-79.409953,628196.0944,4835928.7074,At Intersection,Stop Sign,Clear,Daylight,Dry,79,University,79,University (79),Non-Fatal Injury,0,1,1,0,0,0,0,0,0,1,0,0,0,Cyclist Collisions,"['Driver', 'Cyclist']",East,"['Automobile, Station Wagon', 'Bicycle']","['Slowing or Stopping', 'Going Ahead']",['Failed to Yield Right of Way'],['Inattentive'],[],[],[],"['Motorist without ROW drives into path of cyclist at inter, lnwy, dwy-Driver not turn.']",['Driving Properly'],['Normal'],D14,False,"['50 to 54', '25 to 29']",3.0