accident_number,date,time,year,street1,street2,road_class,district,latitude,longitude,x,y,accident_location,traffctl,visibility,light,road_surface_condition,hood_158,neighbourhood_new,hood_140,neighbourhood_old,accident_class,pedestrian,cyclist,automobile,motorcycle,truck,trsn_city_veh,emerg_veh,passenger,speeding,aggressive_driving,redlight,alcohol,disability,impact_type,involvement_type,initial_direction,vehicle_type,manoeuver,driver_action,driver_condition,pedestrian_type,pedestrian_action,pedestrian_condition,cyclist_type,cyclist_action,cyclist_condition,division,injury,involvement_age,injury_severity_score
630,2016-09-20 08:00:00,2130,2016,SHEPPARD AVE E,BONESET RD,Major Arterial,North York,43.775275,-79.333202,634138.5271,4848262.7112,Non Intersection,No Control,Clear,"Dusk, artificial",Dry,53,Henry Farm,53,Henry Farm (53),Non-Fatal Injury,1,0,1,0,0,0,0,0,0,0,0,0,0,Pedestrian Collisions,"['Driver', 'Pedestrian']",Unknown,"['Automobile, Station Wagon']",['Going Ahead'],['Lost control'],['Normal'],['Pedestrian hit on sidewalk or shoulder'],['On Sidewalk or Shoulder'],['Normal'],[],[],[],D33,False,"['55 to 59', '40 to 44']",3.0
631,2016-09-21 08:00:00,1537,2016,REXDALE BLVD,BERGAMOT AVE,Major Arterial,Etobicoke York,43.712752,-79.561816,615860.8116,4840973.656,Non Intersection,No Control,Clear,Daylight,Dry,1,West Humber-Clairville,1,West Humber-Clairville (1),Non-Fatal Injury,0,0,1,1,0,0,0,0,0,0,0,0,0,Turning Movement,"['Driver', 'Motorcycle Driver']",East,"['Automobile, Station Wagon', 'Motorcycle']","['Turning Left', 'Going Ahead']","['Improper Turn', 'Driving Properly']",['Normal'],[],[],[],[],[],[],D23,False,"['65 to 69', '35 to 39']",3.0
632,2016-09-21 08:00:00,1735,2016,ST CLAIR AVE W,RUSHTON RD,Major Arterial,Toronto and East York,43.681227,-79.427661,626734.893,4837668.6265,Intersection Related,No Control,Clear,Daylight,Dry,94,Wychwood,94,Wychwood (94),Fatal,1,0,1,0,0,0,0,1,0,0,0,0,0,Pedestrian Collisions,"['Driver', 'Passenger', 'Pedestrian']",South,"['Automobile, Station Wagon']",['Going Ahead'],['Driving Properly'],['Normal'],['Pedestrian hit at mid-block'],"['Crossing, no Traffic Control']",['Had Been Drinking'],[],[],[],D13,True,"['30 to 34', '25 to 29', '65 to 69']",4.0
633,2016-09-22 08:00:00,944,2016,KING ST W,SIMCOE ST,Major Arterial,Toronto and East York,43.647322,-79.386073,630160.289,4833967.4136,At Intersection,Traffic Signal,Clear,Daylight,Dry,170,Yonge-Bay Corridor,76,Bay Street Corridor (76),Non-Fatal Injury,1,0,0,1,0,0,0,0,0,0,0,0,0,Pedestrian Collisions,"['Pedestrian', 'Motorcycle Driver']",North,['Motorcycle'],['Going Ahead'],['Driving Properly'],['Normal'],['Vehicle is going straight thru inter.while ped cross without ROW'],['Crossing without right of way'],['Normal'],[],[],[],D52,False,"['60 to 64', '50 to 54']",3.0
634,2016-09-24 08:00:00,903,2016,MIDLAND AVE,SHEPPARD AVE E,Major Arterial,Scarborough,43.785277,-79.278529,638515.3814,4849463.6232,At Intersection,Traffic Signal,Clear,Daylight,Dry,128,Agincourt South-Malvern West,128,Agincourt South-Malvern West (128),Non-Fatal Injury,0,1,1,0,0,0,0,1,0,0,0,0,0,Cyclist Collisions,"['Cyclist', 'Driver', 'Passenger']",North,"['Bicycle', 'Automobile, Station Wagon']","['Going Ahead', 'Turning Left']",['Improper Turn'],['Inattentive'],[],[],[],['Motorist turned left across cyclists path.'],['Other'],['Inattentive'],D42,False,"['10 to 14', '70 to 74']",3.0
635,2016-09-25 08:00:00,1629,2016,KEELE ST,STEELES AVE W,Major Arterial,Etobicoke York,43.781508,-79.494464,621147.9828,4848706.3556,At Intersection,Traffic Signal,Clear,Daylight,Dry,27,York University Heights,27,York University Heights (27),Non-Fatal Injury,0,0,1,0,0,0,0,1,0,1,1,0,0,Angle,"['Driver', 'Passenger']",North,"['Automobile, Station Wagon']","['Going Ahead', 'Stopped']","['Disobeyed Traffic Control', 'Driving Properly']","['Inattentive', 'Normal']",[],[],[],[],[],[],D31,False,"['65 to 69', '55 to 59', '75 to 79', '50 to 54']",3.0
636,2016-09-26 08:00:00,738,2016,LOGAN AVE,DANFORTH AVE,Major Arterial,Toronto and East York,43.677939,-79.349582,633035.61,4837425.7229,At Intersection,Traffic Controller,Clear,Daylight,Dry,68,North Riverdale,68,North Riverdale (68),Non-Fatal Injury,0,0,0,0,1,0,0,1,0,0,0,0,0,SMV Other,"['Truck Driver', 'Passenger']",West,['Truck - Tank'],['Slowing or Stopping'],['Driving Properly'],['Normal'],[],[],[],[],[],[],D55,False,"['45 to 49', '20 to 24', 'unknown']",3.0
637,2016-09-26 08:00:00,1709,2016,THE QUEENSWAY,SOUTH KINGSWAY,Major Arterial,Etobicoke York,43.632361,-79.476856,622869.2261,4832167.4261,Non Intersection,No Control,Clear,Daylight,Dry,16,Stonegate-Queensway,16,Stonegate-Queensway (16),Non-Fatal Injury,0,0,0,1,0,0,0,0,0,0,0,0,0,SMV Other,['Motorcycle Driver'],East,['Motorcycle'],['Overtaking'],['Lost control'],['Unknown'],[],[],[],[],[],[],D22,False,['35 to 39'],3.0
638,2016-09-27 08:00:00,925,2016,CUMMER AVE,PINEWAY BLVD,Collector,North York,43.798747,-79.375842,630655.8139,4850801.443,At Intersection,Stop Sign,Clear,Daylight,Dry,49,Bayview Woods-Steeles,49,Bayview Woods-Steeles (49),Non-Fatal Injury,1,0,1,0,0,0,0,0,0,1,0,0,0,Pedestrian Collisions,"['Driver', 'Pedestrian']",North,"['Automobile, Station Wagon']",['Turning Left'],['Failed to Yield Right of Way'],['Normal'],['Vehicle turns left while ped crosses with ROW at inter.'],['Crossing with right of way'],['Normal'],[],[],[],D33,False,"['20 to 24', '60 to 64']",3.0
639,2016-09-29 08:00:00,1040,2016,2336 ST CLAIR AVE W,Not Applicable,Major Arterial,Etobicoke York,43.669959,-79.479152,622607.4832,4836339.7724,Non Intersection,No Control,Rain,Daylight,Wet,90,Junction Area,90,Junction Area (90),Fatal,0,0,1,0,0,0,0,1,1,1,0,0,0,Sideswipe,"['Driver', 'Passenger']",East,"['Automobile, Station Wagon']",['Going Ahead'],"['Driving Properly', 'Speed too Fast For Condition']","['Normal', 'Unknown']",[],[],[],[],[],[],D11,True,"['70 to 74', '35 to 39', '50 to 54', '40 to 44']",4.0
640,2016-09-29 08:00:00,2310,2016,MIDLAND AVE,MCNICOLL AVE,Major Arterial,Scarborough,43.814509,-79.292178,637350.1234,4852687.5559,Intersection Related,Traffic Signal,Clear,"Dark, artificial",Dry,130,Milliken,130,Milliken (130),Non-Fatal Injury,0,0,1,0,0,0,0,1,0,1,1,0,0,Angle,"['Driver', 'Passenger']",West,"['Automobile, Station Wagon']",['Going Ahead'],"['Disobeyed Traffic Control', 'Driving Properly']",['Normal'],[],[],[],[],[],[],D42,False,"['45 to 49', '20 to 24', '50 to 54', '55 to 59']",3.0
641,2016-09-30 08:00:00,52,2016,DUNDAS ST W,STERLING RD,Minor Arterial,Toronto and East York,43.650614,-79.442981,625563.8567,4834245.3518,At Intersection,Traffic Signal,Clear,"Dark, artificial",Dry,84,Little Portugal,84,Little Portugal (84),Non-Fatal Injury,0,0,1,0,0,0,0,1,0,1,1,0,0,Turning Movement,"['Driver', 'Passenger']",South,"['Automobile, Station Wagon']","['Turning Left', 'Going Ahead']","['Disobeyed Traffic Control', 'Driving Properly']","['Inattentive', 'Normal']",[],[],[],[],[],[],D11,False,"['15 to 19', '25 to 29', '30 to 34']",3.0
642,2016-09-30 08:00:00,1928,2016,EGLINTON AVE W,CHILTERN HILL RD,Major Arterial,North York,43.700667,-79.427036,626744.3153,4839828.6607,Non Intersection,No Control,Clear,Dark,Dry,106,Humewood-Cedarvale,106,Humewood-Cedarvale (106),Fatal,1,0,1,0,0,0,0,0,0,0,0,0,0,Pedestrian Collisions,"['Pedestrian', 'Driver']",East,"['Automobile, Station Wagon']",['Going Ahead'],['Driving Properly'],['Normal'],['Pedestrian hit at mid-block'],"['Crossing, no Traffic Control']",['Normal'],[],[],[],D13,True,"['Over 95', '40 to 44']",4.0
643,2016-10-01 08:00:00,510,2016,THE QUEENSWAY,KIPLING AVE,Major Arterial,Etobicoke York,43.619612,-79.532115,618436.5797,4830671.188,Non Intersection,No Control,Clear,"Dark, artificial",Dry,159,Etobicoke City Centre,14,Islington-City Centre West (14),Non-Fatal Injury,1,0,1,0,0,0,0,0,0,0,0,0,0,Pedestrian Collisions,"['Driver', 'Pedestrian']",North,"['Automobile, Station Wagon']",['Going Ahead'],['Driving Properly'],['Normal'],['Pedestrian hit at mid-block'],['Running onto Roadway'],['Had Been Drinking'],[],[],[],D22,False,"['50 to 54', '15 to 19']",3.0
644,2016-10-02 08:00:00,1058,2016,EGLINTON AVE E,WINTER AVE,Major Arterial,Scarborough,43.735331,-79.25436,640577.0536,4843957.0777,Intersection Related,Stop Sign,Clear,Daylight,Dry,124,Kennedy Park,124,Kennedy Park (124),Fatal,1,0,1,0,0,0,0,1,0,0,0,0,0,Pedestrian Collisions,"['Driver', 'Passenger', 'Pedestrian']",North,"['Automobile, Station Wagon']",['Turning Left'],['Driving Properly'],['Inattentive'],['Vehicle turns left while ped crosses without ROW at inter.'],['Crossing without right of way'],['Medical or Physical Disability'],[],[],[],D41,True,"['20 to 24', '80 to 84']",4.0
645,2016-10-02 08:00:00,1940,2016,EGLINTON AVE E,MIDLAND AVE,Major Arterial,Scarborough,43.734049,-79.260188,640110.7068,4843804.8203,Non Intersection,No Control,Rain,"Dark, artificial",Wet,124,Kennedy Park,124,Kennedy Park (124),Fatal,1,0,1,0,0,0,0,0,0,0,0,0,0,Pedestrian Collisions,"['Pedestrian', 'Driver']",East,"['Automobile, Station Wagon']",['Going Ahead'],['Driving Properly'],['Normal'],['Pedestrian hit at mid-block'],['Crossing without right of way'],['Inattentive'],[],[],[],D41,True,"['70 to 74', '75 to 79']",4.0
646,2016-10-03 08:00:00,1317,2016,BATHURST ST,VAUGHAN RD,Major Arterial,Toronto and East York,43.681559,-79.417659,627540.3863,4837720.832,At/Near Private Drive,No Control,Clear,Daylight,Dry,96,Casa Loma,96,Casa Loma (96),Non-Fatal Injury,0,0,1,0,0,0,0,0,1,1,0,0,0,Angle,['Driver'],South,"['Automobile, Station Wagon']",['Going Ahead'],"['Failed to Yield Right of Way', 'Driving Properly']",['Normal'],[],[],[],[],[],[],D13,False,"['20 to 24', '50 to 54']",3.0
647,2016-10-03 08:00:00,1426,2016,KEELE ST,FLAMBOROUGH DR,Major Arterial,Etobicoke York,43.703021,-79.476772,622731.9116,4840015.275,At Intersection,Traffic Signal,Clear,Daylight,Dry,30,Brookhaven-Amesbury,30,Brookhaven-Amesbury (30),Non-Fatal Injury,0,1,1,0,0,0,0,0,0,0,0,0,0,Cyclist Collisions,"['Driver', 'Cyclist']",North,"['Automobile, Station Wagon', 'Bicycle']","['Turning Left', 'Going Ahead']",['Improper Turn'],['Normal'],[],[],[],['Motorist turned left across cyclists path.'],['Driving Properly'],['Normal'],D12,False,"['85 to 89', '45 to 49']",3.0
648,2016-10-03 08:00:00,2143,2016,THORNCLIFFE PARK DR,OVERLEA DR,Collector,North York,43.706244,-79.343097,633495.5371,4840579.8107,At/Near Private Drive,No Control,Clear,"Dark, artificial",Dry,55,Thorncliffe Park,55,Thorncliffe Park (55),Non-Fatal Injury,0,0,1,1,0,0,0,0,0,1,0,0,0,Turning Movement,"['Driver', 'Motorcycle Driver']",North,"['Automobile, Station Wagon', 'Motorcycle']",['Turning Right'],"['Failed to Yield Right of Way', 'Driving Properly']",['Normal'],[],[],[],[],[],[],D53,False,"['25 to 29', '30 to 34']",3.0
649,2016-10-05 08:00:00,957,2016,ST GEORGE ST,RUSSELL ST,Minor Arterial,Toronto and East York,43.660964,-79.397128,629239.447,4835465.2576,Intersection Related,Pedestrian Crossover,Clear,Daylight,Dry,79,University,79,University (79),Non-Fatal Injury,1,0,1,0,0,0,0,0,0,1,0,0,0,Pedestrian Collisions,"['Driver', 'Pedestrian']",North,"['Automobile, Station Wagon']","['Going Ahead', 'Stopped']","['Failed to Yield Right of Way', 'Driving Properly']","['Inattentive', 'Normal']",['Pedestrian hit a PXO/ped. Mid-block signal'],"['Crossing, Pedestrian Crossover']",['Normal'],[],[],[],D52,False,"['75 to 79', '50 to 54', '15 to 19']",3.0
650,2016-10-05 08:00:00,2215,2016,BLOOR ST E,DRUMSNAB RD,Major Arterial,Toronto and East York,43.674296,-79.367328,631613.103,4836992.807,Intersection Related,No Control,Clear,"Dark, artificial",Dry,71,Cabbagetown-South St.James Town,71,Cabbagetown-South St.James Town (71),Non-Fatal Injury,0,1,1,0,0,0,0,0,0,0,0,0,0,Cyclist Collisions,"['Driver', 'Cyclist']",East,"['Automobile, Station Wagon', 'Bicycle']","['Turning Left', 'Going Ahead']",['Improper Turn'],['Unknown'],[],[],[],['Motorist turned left across cyclists path.'],['Driving Properly'],['Normal'],D51,False,"['unknown', '35 to 39']",3.0
651,2016-10-07 08:00:00,1750,2016,MONTGOMERY AV,MIDLAND AV,Local,Scarborough,43.791091,-79.279849,638395.7492,4850107.152,Non Intersection,No Control,Clear,Daylight,Dry,128,Agincourt South-Malvern West,128,Agincourt South-Malvern West (128),Non-Fatal Injury,1,0,1,0,0,0,0,0,0,1,0,0,0,Pedestrian Collisions,"['Driver', 'Pedestrian']",West,"['Automobile, Station Wagon']",['Going Ahead'],['Improper Passing'],['Inattentive'],['Pedestrian hit at mid-block'],['Walking on Roadway with Traffic'],['Normal'],[],[],[],D42,False,"['60 to 64', '75 to 79']",3.0
652,2016-10-08 08:00:00,1113,2016,DUPLEX AVE,MONTGOMERY AVE,Minor Arterial,North York,43.709098,-79.401019,628822.6402,4840805.1435,At Intersection,Stop Sign,Clear,Daylight,Dry,100,Yonge-Eglinton,100,Yonge-Eglinton (100),Non-Fatal Injury,1,0,1,0,0,0,0,0,0,1,0,0,0,Pedestrian Collisions,"['Driver', 'Pedestrian']",North,"['Automobile, Station Wagon']",['Turning Left'],['Failed to Yield Right of Way'],['Normal'],['Vehicle turns left while ped crosses with ROW at inter.'],['Crossing with right of way'],['Normal'],[],[],[],D53,False,"['70 to 74', '65 to 69']",3.0
653,2016-10-09 08:00:00,1747,2016,LAWRENCE AVE W,WILLIAM R ALLEN RD N,Major Arterial,North York,43.716258,-79.443179,625411.0336,4841535.7081,At Intersection,Traffic Signal,Clear,Daylight,Dry,32,Englemount-Lawrence,32,Englemount-Lawrence (32),Non-Fatal Injury,0,0,1,1,0,0,0,1,0,1,0,0,0,Turning Movement,"['Driver', 'Motorcycle Driver', 'Passenger']",East,"['Automobile, Station Wagon', 'Motorcycle']","['Turning Left', 'Going Ahead']","['Failed to Yield Right of Way', 'Driving Properly']","['Inattentive', 'Normal']",[],[],[],[],[],[],D13,False,"['20 to 24', '25 to 29', '15 to 19']",3.0
654,2016-10-09 08:00:00,2108,2016,DANFORTH RD,FALMOUTH AVE,Major Arterial,Scarborough,43.730475,-79.250911,640866.1915,4843423.6042,At Intersection,No Control,Clear,"Dark, artificial",Dry,124,Kennedy Park,124,Kennedy Park (124),Non-Fatal Injury,1,0,1,0,0,0,0,0,0,0,0,0,0,Pedestrian Collisions,"['Pedestrian', 'Driver']",East,"['Automobile, Station Wagon']",['Going Ahead'],['Driving Properly'],['Normal'],['Vehicle is going straight thru inter.while ped cross without ROW'],['Crossing without right of way'],['Normal'],[],[],[],D41,False,"['15 to 19', '45 to 49']",3.0
655,2016-10-10 08:00:00,1608,2016,391 LAWSON RD,Not Applicable,Collector,Scarborough,43.788512,-79.145709,649194.6135,4850053.7586,At/Near Private Drive,No Control,Clear,Daylight,Dry,133,Centennial Scarborough,133,Centennial Scarborough (133),Non-Fatal Injury,0,0,1,0,0,0,0,0,0,1,0,0,0,Rear End,['Driver'],East,"['Automobile, Station Wagon']","['Going Ahead', 'Turning Left']","['Following too Close', 'Driving Properly']",['Normal'],[],[],[],[],[],[],D43,False,"['20 to 24', '25 to 29', '60 to 64']",3.0
656,2016-10-11 08:00:00,1152,2016,8 SILVERDALE CRES,Not Applicable,Collector,North York,43.756446,-79.341022,633551.0881,4846158.8229,At/Near Private Drive,No Control,Clear,Daylight,Dry,149,Parkwoods-O'Connor Hills,45,Parkwoods-Donalda (45),Fatal,1,0,1,0,0,0,0,0,0,0,0,0,0,Pedestrian Collisions,"['Pedestrian', 'Driver']",South,"['Automobile, Station Wagon']",['Going Ahead'],['Lost control'],['Unknown'],['Pedestrian hit on sidewalk or shoulder'],['On Sidewalk or Shoulder'],['Normal'],[],[],[],D33,True,"['80 to 84', '25 to 29']",4.0
657,2016-10-12 08:00:00,1109,2016,DAVENPORT RD,OSSINGTON AVE,Minor Arterial,Toronto and East York,43.674712,-79.430972,626481.7023,4836939.9938,Intersection Related,Traffic Signal,Clear,Daylight,Dry,94,Wychwood,94,Wychwood (94),Fatal,1,0,1,0,0,0,0,0,0,1,0,0,0,Pedestrian Collisions,"['Driver', 'Pedestrian']",North,['Pick Up Truck'],['Turning Left'],['Failed to Yield Right of Way'],['Inattentive'],['Vehicle turns left while ped crosses with ROW at inter.'],['Crossing with right of way'],['Normal'],[],[],[],D13,True,"['50 to 54', 'Over 95']",4.0
658,2016-10-12 08:00:00,1117,2016,EGLINTON AVE E,MIDLAND AVE,Major Arterial,Scarborough,43.734519,-79.258098,640277.9234,4843860.5573,Intersection Related,Traffic Signal,Clear,Daylight,Dry,124,Kennedy Park,124,Kennedy Park (124),Fatal,1,0,1,0,0,0,0,0,1,1,1,0,0,Pedestrian Collisions,"['Pedestrian', 'Driver']",East,"['Automobile, Station Wagon']",['Going Ahead'],['Disobeyed Traffic Control'],['Unknown'],['Pedestrian hit at mid-block'],['Playing or Working on Highway'],['Normal'],[],[],[],D41,True,"['40 to 44', 'unknown']",4.0
659,2016-10-14 08:00:00,1918,2016,JANE ST,MARSHLYNN AVE,Major Arterial,Etobicoke York,43.704402,-79.504207,620518.5902,4840128.4062,At Intersection,Stop Sign,Clear,"Dark, artificial",Dry,28,Rustic,28,Rustic (28),Non-Fatal Injury,0,0,1,1,0,0,0,1,0,1,0,0,0,Turning Movement,"['Passenger', 'Motorcycle Driver', 'Driver']",North,"['Motorcycle', 'Automobile, Station Wagon']","['Going Ahead', 'Turning Left']","['Driving Properly', 'Failed to Yield Right of Way']","['Normal', 'Inattentive']",[],[],[],[],[],[],D12,False,"['55 to 59', '20 to 24', '50 to 54']",3.0
660,2016-10-19 08:00:00,950,2016,DON VALLEY PARKWAY  N,LAWRENCE AVE E,Expressway,North York,43.740336,-79.332057,634308.8244,4844384.061,Non Intersection,No Control,Clear,Daylight,Dry,42,Banbury-Don Mills,42,Banbury-Don Mills (42),Non-Fatal Injury,0,0,1,1,0,0,0,0,0,0,0,0,0,Rear End,"['Motorcycle Driver', 'Driver']",North,"['Motorcycle', 'Automobile, Station Wagon']","['Changing Lanes', 'Slowing or Stopping']","['Improper Lane Change', 'Driving Properly']",['Normal'],[],[],[],[],[],[],D33,False,"['45 to 49', '40 to 44']",3.0
661,2016-10-19 08:00:00,2046,2016,BROCK AVE,MOUTRAY ST,Collector,Toronto and East York,43.651053,-79.436054,626121.5625,4834304.613,At Intersection,No Control,Clear,"Dark, artificial",Dry,84,Little Portugal,84,Little Portugal (84),Non-Fatal Injury,0,1,1,0,0,0,0,0,0,0,0,0,0,Cyclist Collisions,"['Driver', 'Cyclist']",North,"['Automobile, Station Wagon', 'Bicycle']","['Turning Left', 'Going Ahead']",['Improper Turn'],['Normal'],[],[],[],['Motorist turned left across cyclists path.'],['Driving Properly'],['Normal'],D11,False,"['20 to 24', '30 to 34']",3.0
662,2016-10-20 08:00:00,730,2016,KEELE ST,HOLWOOD AV,Major Arterial,Etobicoke York,43.688346,-79.474239,622965.9969,4838389.1681,At Intersection,No Control,Rain,"Dawn, artificial",Wet,110,Keelesdale-Eglinton West,110,Keelesdale-Eglinton West (110),Non-Fatal Injury,1,0,1,0,0,0,0,0,0,1,0,0,0,Pedestrian Collisions,"['Driver', 'Pedestrian']",North,"['Automobile, Station Wagon']",['Turning Left'],['Failed to Yield Right of Way'],['Normal'],['Vehicle turns left while ped crosses with ROW at inter.'],['Crossing with right of way'],['Normal'],[],[],[],D12,False,"['30 to 34', 'unknown']",3.0
663,2016-10-20 08:00:00,823,2016,MIDWEST RD,MIDLAND AVE,Major Arterial,Scarborough,43.753928,-79.265865,639607.302,4846003.0988,Intersection Related,Stop Sign,Rain,Daylight,Wet,156,Bendale-Glen Andrew,127,Bendale (127),Non-Fatal Injury,1,0,1,0,0,0,0,0,1,1,0,0,0,Pedestrian Collisions,"['Driver', 'Pedestrian']",East,['Passenger Van'],['Going Ahead'],['Driving Properly'],['Normal'],['Vehicle is going straight thru inter.while ped cross without ROW'],"['Crossing, no Traffic Control']",['Normal'],[],[],[],D41,False,"['55 to 59', '15 to 19']",3.0
664,2016-10-20 08:00:00,1922,2016,EGLINTON AVE E,HANNA RD,Major Arterial,North York,43.712084,-79.372058,631149.407,4841182.1957,Non Intersection,No Control,Rain,Dark,Wet,56,Leaside-Bennington,56,Leaside-Bennington (56),Fatal,1,0,1,0,0,0,0,1,0,1,0,0,0,Pedestrian Collisions,"['Pedestrian', 'Passenger', 'Driver']",East,"['Automobile, Station Wagon']",['Going Ahead'],['Driving Properly'],['Normal'],['Pedestrian hit at mid-block'],"['Crossing, no Traffic Control']",['Inattentive'],[],[],[],D53,True,"['60 to 64', '40 to 44', '30 to 34']",4.0
665,2016-10-21 08:00:00,1040,2016,ST CLAIR AVENUE EAST,WARDEN AVENUE,Major Arterial,Scarborough,43.711646,-79.282314,638380.4055,4841279.4599,Non Intersection,No Control,Rain,"Daylight, artificial",Wet,121,Oakridge,121,Oakridge (121),Non-Fatal Injury,0,0,1,0,0,0,0,0,0,0,0,0,0,SMV Other,['Driver'],West,['Delivery Van'],['Going Ahead'],['Lost control'],['Unknown'],[],[],[],[],[],[],D41,False,['55 to 59'],3.0
666,2016-10-21 08:00:00,1314,2016,DUNDAS ST W,DUFFERIN ST,Minor Arterial,Toronto and East York,43.649645,-79.431422,626498.0611,4834155.2866,At Intersection,Traffic Signal,Rain,Daylight,Wet,84,Little Portugal,84,Little Portugal (84),Non-Fatal Injury,1,0,1,0,0,0,0,0,0,0,0,0,0,Pedestrian Collisions,"['Driver', 'Pedestrian']",North,['Delivery Van'],['Turning Left'],['Driving Properly'],['Normal'],['Vehicle turns left while ped crosses without ROW at inter.'],['Running onto Roadway'],['Normal'],[],[],[],D14,False,"['45 to 49', '70 to 74']",3.0
667,2016-10-27 08:00:00,707,2016,DUNDAS ST W,BLOOR ST W,Minor Arterial,Toronto and East York,43.655474,-79.452243,624806.8596,4834771.1454,Non Intersection,No Control,Rain,"Dusk, artificial",Wet,86,Roncesvalles,86,Roncesvalles (86),Non-Fatal Injury,1,0,0,0,0,1,0,0,0,0,0,0,0,Pedestrian Collisions,"['Driver', 'Pedestrian']",North,['Street Car'],['Going Ahead'],['Driving Properly'],['Normal'],['Pedestrian involved in a collision with transit vehicle anywhere along roadway'],"['Crossing, no Traffic Control']",['Normal'],[],[],[],D11,False,['55 to 59'],3.0
668,2016-10-27 08:00:00,1506,2016,STEELES AV W,KEELE ST,Major Arterial,North York,43.78168,-79.49377,621203.4807,4848726.4746,Non Intersection,No Control,Rain,Daylight,Wet,27,York University Heights,27,York University Heights (27),Non-Fatal Injury,1,0,1,0,0,0,0,0,0,0,0,0,0,Pedestrian Collisions,"['Driver', 'Pedestrian']",South,"['Automobile, Station Wagon']",['Going Ahead'],['Driving Properly'],['Normal'],['Pedestrian hit at mid-block'],['Running onto Roadway'],['Inattentive'],[],[],[],D31,False,"['60 to 64', '25 to 29']",3.0
669,2016-10-27 08:00:00,1549,2016,CHERRY ST,POLSON ST,Collector,Toronto and East York,43.641406,-79.349178,633148.9062,4833368.8929,Overpass or Bridge,No Control,Rain,Daylight,Wet,70,South Riverdale,70,South Riverdale (70),Fatal,0,0,1,0,0,0,0,0,1,1,0,0,0,SMV Other,['Driver'],North,"['Automobile, Station Wagon']",['Going Ahead'],['Lost control'],['Unknown'],[],[],[],[],[],[],NSA,True,['50 to 54'],4.0
670,2016-10-27 08:00:00,1840,2016,LESLIE ST,LAWRENCE AVE E,Major Arterial,North York,43.734465,-79.355937,632398.8394,4843693.5633,At Intersection,Traffic Signal,Rain,"Dark, artificial",Wet,42,Banbury-Don Mills,42,Banbury-Don Mills (42),Non-Fatal Injury,1,0,1,0,0,0,0,0,0,1,0,0,0,Pedestrian Collisions,"['Driver', 'Pedestrian']",East,"['Automobile, Station Wagon']",['Turning Left'],['Failed to Yield Right of Way'],['Inattentive'],['Vehicle turns left while ped crosses with ROW at inter.'],['Crossing with right of way'],['Normal'],[],[],[],D33,False,"['85 to 89', '65 to 69']",3.0
671,2016-10-29 08:00:00,1825,2016,LAWRENCE AVE W,CHATSWORTH DR,Major Arterial,North York,43.723117,-79.411304,627964.1728,4842346.2209,Intersection Related,No Control,Clear,"Dark, artificial",Dry,103,Lawrence Park South,103,Lawrence Park South (103),Non-Fatal Injury,0,0,1,1,0,0,0,0,0,0,0,0,0,Turning Movement,"['Driver', 'Motorcycle Driver']",East,"['Automobile, Station Wagon', 'Motorcycle']","['Making U Turn', 'Going Ahead']","['Improper Turn', 'Driving Properly']","['Inattentive', 'Normal']",[],[],[],[],[],[],D53,False,"['70 to 74', '50 to 54']",3.0
672,2016-10-30 08:00:00,227,2016,PHARMACY AVE,EGLINTON AVE E,Major Arterial,Scarborough,43.725642,-79.297504,637124.7212,4842808.6721,Intersection Related,No Control,Clear,Dark,Dry,120,Clairlea-Birchmount,120,Clairlea-Birchmount (120),Fatal,0,0,1,0,0,0,0,0,1,1,0,0,0,SMV Other,['Driver'],North,"['Automobile, Station Wagon']",['Going Ahead'],['Lost control'],['Had Been Drinking'],[],[],[],[],[],[],D41,True,['30 to 34'],4.0
673,2016-10-31 08:00:00,257,2016,F G GARDINER XY  E,JAMESON AVE,Expressway,Toronto and East York,43.633078,-79.435222,626226.2957,4832309.5235,Non Intersection,No Control,Clear,Dark,Dry,85,South Parkdale,85,South Parkdale (85),Fatal,0,0,1,0,0,0,0,0,1,1,0,0,0,SMV Other,['Driver'],East,"['Automobile, Station Wagon']",['Going Ahead'],['Lost control'],['Unknown'],[],[],[],[],[],[],D14,True,['25 to 29'],4.0
674,2016-10-31 08:00:00,2035,2016,LAWRENCE AVE E,DON MILLS RD,Major Arterial,North York,43.73693,-79.344211,633337.6902,4843986.1423,Non Intersection,No Control,Clear,"Dark, artificial",Dry,42,Banbury-Don Mills,42,Banbury-Don Mills (42),Non-Fatal Injury,1,0,1,0,0,0,0,1,1,1,0,1,0,Pedestrian Collisions,"['Driver', 'Passenger', 'Pedestrian']",Unknown,"['Automobile, Station Wagon']",['Going Ahead'],"['Exceeding Speed Limit', 'Driving Properly']","['Inattentive', 'Ability Impaired, Alcohol Over .08', 'Normal']",['Pedestrian hit on sidewalk or shoulder'],['On Sidewalk or Shoulder'],['Normal'],[],[],[],D33,False,"['40 to 44', '35 to 39', '5 to 9', '10 to 14']",3.0