accident_number,date,time,year,street1,street2,road_class,district,latitude,longitude,x,y,accident_location,traffctl,visibility,light,road_surface_condition,hood_158,neighbourhood_new,hood_140,neighbourhood_old,accident_class,pedestrian,cyclist,automobile,motorcycle,truck,trsn_city_veh,emerg_veh,passenger,speeding,aggressive_driving,redlight,alcohol,disability,impact_type,involvement_type,initial_direction,vehicle_type,manoeuver,driver_action,driver_condition,pedestrian_type,pedestrian_action,pedestrian_condition,cyclist_type,cyclist_action,cyclist_condition,division,injury,involvement_age,injury_severity_score
675,2016-11-01 08:00:00,1300,2016,KIPLING AVE,JUTLAND RD,Major Arterial,Etobicoke York,43.626231,-79.528804,618690.7051,4831411.0369,At Intersection,Stop Sign,Clear,Daylight,Dry,159,Etobicoke City Centre,14,Islington-City Centre West (14),Non-Fatal Injury,0,0,1,1,0,0,0,0,0,1,0,0,0,Turning Movement,"['Driver', 'Motorcycle Driver']",North,"['Automobile, Station Wagon', 'Motorcycle']","['Turning Left', 'Going Ahead']","['Failed to Yield Right of Way', 'Driving Properly']","['Inattentive', 'Normal']",[],[],[],[],[],[],D22,False,"['40 to 44', '50 to 54']",3.0
676,2016-11-01 08:00:00,2100,2016,BAYVIEW AVE,HEATHCOTE AVE,Major Arterial,North York,43.753062,-79.385135,630007.1953,4845712.7927,Non Intersection,No Control,Clear,"Dark, artificial",Dry,40,St.Andrew-Windfields,40,St.Andrew-Windfields (40),Non-Fatal Injury,0,0,1,0,0,0,0,0,0,0,0,0,0,Turning Movement,['Driver'],North,"['Automobile, Station Wagon']","['Turning Left', 'Going Ahead']","['Improper Turn', 'Driving Properly']","['Unknown', 'Normal']",[],[],[],[],[],[],D33,False,"['20 to 24', '50 to 54']",3.0
677,2016-11-02 08:00:00,1948,2016,486 COLLEGE ST,Not Applicable,Major Arterial,Toronto and East York,43.656096,-79.409488,628253.2149,4834905.4231,Non Intersection,No Control,Rain,"Dark, artificial",Wet,81,Trinity-Bellwoods,81,Trinity-Bellwoods (81),Fatal,1,0,1,0,0,0,0,0,0,0,0,0,0,Pedestrian Collisions,"['Pedestrian', 'Driver']",North,"['Automobile, Station Wagon', 'Passenger Van']",['Going Ahead'],['Driving Properly'],['Normal'],['Pedestrian hit at mid-block'],"['Crossing, no Traffic Control']","['Inattentive', 'Normal']",[],[],[],D14,True,"['65 to 69', '30 to 34', '60 to 64', '45 to 49']",4.0
678,2016-11-03 08:00:00,226,2016,F G GARDINER XY  E,CHERRY ST,Expressway,Toronto and East York,43.648909,-79.3549,632670.8685,4834193.0355,Non Intersection,No Control,Clear,"Dark, artificial",Dry,166,St Lawrence-East Bayfront-The Islands,77,Waterfront Communities-The Island (77),Non-Fatal Injury,0,0,0,1,0,0,0,1,0,0,0,0,0,SMV Other,"['Motorcycle Driver', 'Motorcycle Passenger']",East,['Motorcycle'],['Going Ahead'],['Lost control'],['Inattentive'],[],[],[],[],[],[],D51,False,['20 to 24'],3.0
679,2016-11-03 08:00:00,1507,2016,PARLIAMENT ST,WELLESLEY ST E,Minor Arterial,Toronto and East York,43.668101,-79.369525,631449.5201,4836301.2848,At Intersection,Traffic Signal,Clear,Daylight,Dry,71,Cabbagetown-South St.James Town,71,Cabbagetown-South St.James Town (71),Non-Fatal Injury,0,1,0,0,1,0,0,0,0,0,0,0,0,Cyclist Collisions,"['Truck Driver', 'Cyclist']",South,"['Truck - Dump', 'Bicycle']","['Turning Right', 'Stopped']",['Improper Turn'],['Inattentive'],[],[],[],['Motorist turning right on red at signalized intersection strikes cyclist.'],['Other'],['Inattentive'],D51,False,"['40 to 44', '25 to 29']",3.0
680,2016-11-03 08:00:00,1815,2016,LAWRENCE AVE E,GREENHOLM CRCT,Major Arterial,Scarborough,43.760241,-79.222949,643047.2704,4846777.4899,At Intersection,No Control,Clear,"Dusk, artificial",Dry,141,Golfdale-Cedarbrae-Woburn,137,Woburn (137),Non-Fatal Injury,1,0,1,0,0,0,0,0,0,0,0,0,0,Pedestrian Collisions,"['Driver', 'Pedestrian']",East,"['Automobile, Station Wagon']",['Going Ahead'],['Driving Properly'],['Normal'],['Pedestrian hit at mid-block'],['Crossing marked crosswalk without ROW'],['Had Been Drinking'],[],[],[],D43,False,"['70 to 74', '60 to 64']",3.0
681,2016-11-03 08:00:00,2201,2016,401 W ALLEN YORKDALE RAMP,YORKDALE RD,Minor Arterial,North York,43.727496,-79.449474,624880.5791,4842774.3425,Intersection Related,Traffic Signal,Clear,Dark,Dry,31,Yorkdale-Glen Park,31,Yorkdale-Glen Park (31),Non-Fatal Injury,0,0,1,0,0,0,0,0,0,0,0,0,0,SMV Other,['Driver'],South,"['Automobile, Station Wagon']",['Going Ahead'],['Lost control'],['Unknown'],[],[],[],[],[],[],D32,False,['20 to 24'],3.0
682,2016-11-05 08:00:00,32,2016,BRUYERES  MEWS,IANNUZZI  ST,Pending,Toronto and East York,43.637377,-79.401897,628905.3662,4832838.196,Non Intersection,No Control,Clear,Dark,Dry,163,Fort York-Liberty Village,82,Niagara (82),Non-Fatal Injury,0,0,1,0,0,0,0,1,1,1,0,0,0,Turning Movement,"['Driver', 'Passenger']",West,"['Automobile, Station Wagon', 'Pick Up Truck']","['Going Ahead', 'Making U Turn', 'Stopped']","['Disobeyed Traffic Control', 'Driving Properly']","['Unknown', 'Normal']",[],[],[],[],[],[],D14,False,"['20 to 24', '30 to 34', '50 to 54']",3.0
683,2016-11-06 09:00:00,1155,2016,BLOOR ST W,GRENVIEW BLVD N,Major Arterial,Etobicoke York,43.648158,-79.507747,620345.7419,4833876.624,At Intersection,Stop Sign,Clear,Daylight,Dry,16,Stonegate-Queensway,16,Stonegate-Queensway (16),Fatal,1,0,1,0,0,0,0,0,0,1,0,0,0,Pedestrian Collisions,"['Pedestrian', 'Driver']",East,['Pick Up Truck'],['Turning Right'],['Failed to Yield Right of Way'],['Normal'],['Vehicle turns right while ped crosses with ROW at inter.'],['Crossing with right of way'],['Other'],[],[],[],D22,True,"['Over 95', '25 to 29']",4.0
684,2016-11-06 09:00:00,1900,2016,MARKHAM RD,ROSEBANK DR,Major Arterial,Scarborough,43.791438,-79.237788,641779.0096,4850216.8823,Intersection Related,No Control,Clear,"Dark, artificial",Dry,146,Malvern East,132,Malvern (132),Non-Fatal Injury,1,0,1,0,0,0,0,0,0,0,0,0,0,Pedestrian Collisions,"['Driver', 'Other', 'Pedestrian']",South,['Passenger Van'],['Going Ahead'],['Driving Properly'],['Normal'],['Pedestrian hit at mid-block'],"['Crossing, no Traffic Control']",['Inattentive'],[],[],[],D42,False,"['75 to 79', '50 to 54', '70 to 74']",3.0
685,2016-11-07 10:00:00,805,2016,ANCASTER RD,REGENT RD,Local,North York,43.731738,-79.465846,623553.2316,4843220.9356,At Intersection,No Control,Clear,Daylight,Dry,155,Downsview,26,Downsview-Roding-CFB (26),Non-Fatal Injury,0,0,1,0,0,0,0,1,0,1,0,0,0,Turning Movement,"['Driver', 'Passenger']",North,"['Automobile, Station Wagon']","['Turning Left', 'Going Ahead']","['Failed to Yield Right of Way', 'Driving Properly']","['Inattentive', 'Normal']",[],[],[],[],[],[],D32,False,"['35 to 39', '30 to 34', '0 to 4']",3.0
686,2016-11-07 10:00:00,935,2016,AVENUE RD,ROXBOROUGH ST W,Major Arterial,Toronto and East York,43.676688,-79.397388,629184.7457,4837211.2136,At Intersection,No Control,Clear,Daylight,Dry,95,Annex,95,Annex (95),Non-Fatal Injury,1,0,1,0,0,0,0,1,0,1,0,0,0,Pedestrian Collisions,"['Driver', 'Passenger', 'Pedestrian']",North,"['Automobile, Station Wagon']","['Turning Left', 'Going Ahead']","['Failed to Yield Right of Way', 'Driving Properly']","['Inattentive', 'Normal']",['Pedestrian hit on sidewalk or shoulder'],[],['Unknown'],[],[],[],D53,False,"['55 to 59', '50 to 54', '25 to 29']",3.0
687,2016-11-07 10:00:00,1911,2016,ISLINGTON AVE,CORDOVA AVE,Major Arterial,Etobicoke York,43.647818,-79.524829,618968.7894,4833814.2336,Non Intersection,No Control,Clear,Dark,Dry,158,Islington,14,Islington-City Centre West (14),Non-Fatal Injury,1,0,1,0,0,0,0,1,0,0,0,0,0,Pedestrian Collisions,"['Driver', 'Pedestrian', 'Passenger']",North,"['Automobile, Station Wagon', 'Pick Up Truck']",['Going Ahead'],['Driving Properly'],['Normal'],['Pedestrian hit at mid-block'],"['Crossing, no Traffic Control']",['Normal'],[],[],[],D22,False,"['40 to 44', '50 to 54', '45 to 49', '30 to 34', '10 to 14', '5 to 9']",3.0
688,2016-11-08 10:00:00,1833,2016,ISLINGTON AVE,SUMMITCREST DR,Major Arterial,Etobicoke York,43.683188,-79.540462,617638.9106,4837720.2403,At Intersection,Traffic Signal,Rain,"Dark, artificial",Wet,7,Willowridge-Martingrove-Richview,7,Willowridge-Martingrove-Richview (7),Non-Fatal Injury,1,0,1,0,0,0,0,0,0,1,0,0,0,Pedestrian Collisions,"['Driver', 'Pedestrian']",East,"['Automobile, Station Wagon']",['Turning Left'],['Failed to Yield Right of Way'],['Inattentive'],['Vehicle turns left while ped crosses with ROW at inter.'],['Crossing with right of way'],['Normal'],[],[],[],D23,False,"['65 to 69', '15 to 19']",3.0
689,2016-11-10 10:00:00,1732,2016,BRIMLEY RD,GAGE AVE,Major Arterial,Scarborough,43.750491,-79.254108,640561.862,4845641.2523,Non Intersection,No Control,Clear,"Dark, artificial",Dry,157,Bendale South,127,Bendale (127),Fatal,1,0,1,0,0,0,0,0,0,0,0,0,0,Pedestrian Collisions,"['Driver', 'Pedestrian']",West,['Passenger Van'],['Going Ahead'],['Driving Properly'],['Normal'],['Pedestrian hit at mid-block'],"['Crossing, no Traffic Control']","['Inattentive', 'Unknown']",[],[],[],D41,True,"['70 to 74', '60 to 64', '65 to 69']",4.0
690,2016-11-12 10:00:00,1241,2016,WILLOWDALE AVE,ABITIBI AVE,Minor Arterial,North York,43.797526,-79.413745,627609.2692,4850606.6912,At Intersection,Traffic Signal,Clear,Daylight,Dry,50,Newtonbrook East,50,Newtonbrook East (50),Non-Fatal Injury,0,0,1,1,0,0,0,0,0,1,0,0,0,Turning Movement,"['Driver', 'Motorcycle Driver']",North,"['Automobile, Station Wagon', 'Motorcycle']","['Turning Left', 'Going Ahead']","['Failed to Yield Right of Way', 'Driving Properly']","['Inattentive', 'Normal']",[],[],[],[],[],[],D32,False,"['50 to 54', '55 to 59']",3.0
691,2016-11-13 10:00:00,2225,2016,SHEPPARD AVE W,ARLETA AVE,Major Arterial,Etobicoke York,43.741427,-79.50146,620665.5693,4844244.5524,At Intersection,Traffic Signal,Clear,"Dark, artificial",Dry,25,Glenfield-Jane Heights,25,Glenfield-Jane Heights (25),Non-Fatal Injury,0,0,1,1,0,0,0,0,1,1,0,0,0,Turning Movement,"['Driver', 'Motorcycle Driver']",West,"['Automobile, Station Wagon', 'Motorcycle']","['Turning Left', 'Going Ahead']","['Failed to Yield Right of Way', 'Speed too Fast For Condition', 'Driving Properly']","['Inattentive', 'Normal']",[],[],[],[],[],[],D31,False,"['25 to 29', '45 to 49', '50 to 54']",3.0
692,2016-11-14 10:00:00,814,2016,ARAGON AVE,SHEPPARD AVE E,Major Arterial,Scarborough,43.77949,-79.304355,636450.477,4848777.9941,At Intersection,Traffic Signal,Clear,Daylight,Dry,118,Tam O'Shanter-Sullivan,118,Tam O'Shanter-Sullivan (118),Fatal,1,0,1,0,0,0,0,0,0,1,0,0,0,Pedestrian Collisions,"['Driver', 'Pedestrian']",East,['Pick Up Truck'],['Turning Right'],['Failed to Yield Right of Way'],['Unknown'],['Vehicle turns right while ped crosses with ROW at inter.'],['Crossing with right of way'],['Normal'],[],[],[],D42,True,"['unknown', '75 to 79']",4.0
693,2016-11-18 10:00:00,318,2016,SHEPPARD AVE E,YONGE ST,Major Arterial,North York,43.761435,-79.410892,627915.7264,4846602.6341,At Intersection,Traffic Signal,Clear,"Dark, artificial",Dry,153,Avondale,51,Willowdale East (51),Non-Fatal Injury,1,0,0,0,0,1,0,0,0,0,0,0,0,Pedestrian Collisions,"['Driver', 'Pedestrian']",East,['Intercity Bus'],['Going Ahead'],['Driving Properly'],['Unknown'],['Vehicle is going straight thru inter.while ped cross without ROW'],['Running onto Roadway'],['Inattentive'],[],[],[],D32,False,"['45 to 49', '20 to 24']",3.0
694,2016-11-18 10:00:00,1354,2016,BLOOR ST W,RENFORTH DR,Major Arterial,Etobicoke York,43.635283,-79.563747,615854.2168,4832367.0123,Intersection Related,No Control,Clear,Daylight,Dry,12,Markland Wood,12,Markland Wood (12),Non-Fatal Injury,1,0,1,0,0,0,0,0,0,0,0,0,0,Pedestrian Collisions,"['Driver', 'Pedestrian']",North,"['Automobile, Station Wagon']",['Going Ahead'],['Driving Properly'],['Normal'],['Vehicle is going straight thru inter.while ped cross without ROW'],['Crossing without right of way'],['Inattentive'],[],[],[],D22,False,"['20 to 24', '80 to 84']",3.0
695,2016-11-19 10:00:00,1807,2016,KENNEDY RD,MCNICOLL AVE,Major Arterial,Scarborough,43.812064,-79.301906,636573.3227,4852399.8949,At Intersection,Traffic Signal,Clear,"Dark, artificial",Dry,130,Milliken,130,Milliken (130),Non-Fatal Injury,0,1,1,0,0,0,0,0,0,0,0,0,0,Cyclist Collisions,"['Driver', 'Cyclist']",South,"['Automobile, Station Wagon', 'Bicycle']","['Turning Left', 'Going Ahead']",['Improper Turn'],['Inattentive'],[],[],[],['Motorist turned left across cyclists path.'],['Driving Properly'],['Normal'],D42,False,"['70 to 74', '55 to 59']",3.0
696,2016-11-22 10:00:00,649,2016,DEANS DR,WARDEN AVE,Major Arterial,Scarborough,43.716109,-79.282733,638336.3798,4841774.4414,At Intersection,Traffic Signal,Clear,"Dark, artificial",Wet,120,Clairlea-Birchmount,120,Clairlea-Birchmount (120),Non-Fatal Injury,1,0,1,0,0,0,0,1,0,0,0,0,0,Pedestrian Collisions,"['Driver', 'Pedestrian', 'Passenger']",East,"['Automobile, Station Wagon']",['Turning Left'],['Improper Turn'],['Inattentive'],['Vehicle turns left while ped crosses with ROW at inter.'],['Crossing with right of way'],['Normal'],[],[],[],D41,False,"['35 to 39', '70 to 74', '50 to 54']",3.0
697,2016-11-22 10:00:00,2040,2016,MELROSE ST,GARROCH PL,Local,Etobicoke York,43.618716,-79.506374,620515.3051,4830608.7141,At Intersection,No Control,Clear,"Dark, artificial",Dry,160,Mimico-Queensway,17,Mimico (includes Humber Bay Shores) (17),Non-Fatal Injury,1,0,1,0,0,0,0,0,0,1,0,0,0,Pedestrian Collisions,"['Driver', 'Pedestrian']",East,"['Automobile, Station Wagon']",['Turning Left'],['Failed to Yield Right of Way'],['Inattentive'],['Vehicle turns left while ped crosses with ROW at inter.'],['Crossing with right of way'],['Normal'],[],[],[],D22,False,"['25 to 29', '85 to 89']",3.0
698,2016-11-23 10:00:00,1515,2016,CENTENNIAL PARK BLVD,EGLINTON AVE W,Major Arterial,Etobicoke York,43.65576,-79.598361,613023.6787,4834593.5125,At Intersection,Traffic Signal,Clear,Daylight,Dry,11,Eringate-Centennial-West Deane,11,Eringate-Centennial-West Deane (11),Non-Fatal Injury,0,0,1,0,0,0,0,0,0,0,0,0,0,Turning Movement,['Driver'],South,"['Automobile, Station Wagon']",['Going Ahead'],['Driving Properly'],['Normal'],[],[],[],[],[],[],D22,False,"['55 to 59', '20 to 24']",3.0
699,2016-11-24 10:00:00,2010,2016,300 GEORGE ST,Not Applicable,Local,Toronto and East York,43.657778,-79.373676,631137.3358,4835148.2086,At/Near Private Drive,No Control,Clear,Dark,Wet,73,Moss Park,73,Moss Park (73),Fatal,1,0,1,0,0,0,0,0,0,0,0,0,0,Pedestrian Collisions,"['Pedestrian', 'Driver']",East,"['Automobile, Station Wagon']",['Going Ahead'],['Other'],['Normal'],['Pedestrian hit at private driveway'],['Other'],['Unknown'],[],[],[],D51,True,"['70 to 74', '35 to 39']",4.0
700,2016-11-25 10:00:00,251,2016,FINCH AVE E,MIDLAND AVE,Major Arterial,Scarborough,43.803679,-79.28625,637851.7961,4851494.5675,At Intersection,Traffic Signal,"Fog, Mist, Smoke, Dust","Dark, artificial",Wet,129,Agincourt North,129,Agincourt North (129),Non-Fatal Injury,0,0,1,0,0,0,0,1,1,1,0,0,0,Turning Movement,"['Driver', 'Passenger']",East,"['Automobile, Station Wagon']","['Going Ahead', 'Turning Left']","['Exceeding Speed Limit', 'Driving Properly']",['Normal'],[],[],[],[],[],[],D42,False,"['20 to 24', '15 to 19', '25 to 29']",3.0
701,2016-11-25 10:00:00,1403,2016,DUNDAS ST W,CORDOVA AVE,Major Arterial,Etobicoke York,43.649054,-79.528392,618679.006,4833946.4057,Intersection Related,No Control,Clear,Daylight,Dry,158,Islington,14,Islington-City Centre West (14),Non-Fatal Injury,0,0,1,0,0,0,0,1,1,1,0,0,0,Approaching,"['Driver', 'Passenger']",East,"['Automobile, Station Wagon']",['Going Ahead'],"['Lost control', 'Driving Properly']","['Unknown', 'Normal']",[],[],[],[],[],[],D22,False,"['40 to 44', '85 to 89', '55 to 59', '20 to 24', '65 to 69', '75 to 79']",3.0
702,2016-11-26 10:00:00,1807,2016,YORK MILLS RD,SCARSDALE RD,Major Arterial,North York,43.753421,-79.357456,632234.7673,4845796.4825,At Intersection,Traffic Signal,Rain,"Dark, artificial",Wet,42,Banbury-Don Mills,42,Banbury-Don Mills (42),Non-Fatal Injury,1,0,1,0,0,0,0,0,0,1,0,0,0,Pedestrian Collisions,"['Driver', 'Pedestrian']",South,"['Automobile, Station Wagon']",['Turning Left'],['Failed to Yield Right of Way'],['Inattentive'],['Vehicle turns left while ped crosses with ROW at inter.'],['Crossing with right of way'],"['Normal', 'Unknown']",[],[],[],D33,False,"['40 to 44', '60 to 64', '65 to 69']",3.0
703,2016-11-28 10:00:00,124,2016,1595 BATHURST ST,LONSMOUNT DR,Major Arterial,Toronto and East York,43.689776,-79.421008,627253.0707,4838628.2974,Non Intersection,No Control,Clear,"Dark, artificial",Dry,106,Humewood-Cedarvale,106,Humewood-Cedarvale (106),Non-Fatal Injury,1,0,1,0,0,0,0,0,0,0,0,0,0,Pedestrian Collisions,"['Driver', 'Pedestrian']",South,"['Automobile, Station Wagon']",['Going Ahead'],['Driving Properly'],['Normal'],['Pedestrian hit at mid-block'],"['Crossing, no Traffic Control']",['Had Been Drinking'],[],[],[],D13,False,"['60 to 64', '70 to 74']",3.0
704,2016-11-28 10:00:00,2153,2016,BLOOR ST E,PARLIAMENT ST,Major Arterial,Toronto and East York,43.671935,-79.370654,631350.1351,4836725.3139,At Intersection,Traffic Signal,Clear,Dark,Dry,71,Cabbagetown-South St.James Town,71,Cabbagetown-South St.James Town (71),Fatal,0,0,1,0,0,0,0,1,1,1,0,0,0,SMV Other,"['Driver', 'Passenger']",East,"['Automobile, Station Wagon']",['Going Ahead'],['Lost control'],"['Ability Impaired, Drugs']",[],[],[],[],[],[],D51,True,"['20 to 24', '25 to 29']",4.0
705,2016-11-29 10:00:00,720,2016,THE EAST MALL,RATHBURN RD,Minor Arterial,Etobicoke York,43.656016,-79.565013,615712.2827,4834667.9064,Non Intersection,No Control,Rain,"Dawn, artificial",Wet,11,Eringate-Centennial-West Deane,11,Eringate-Centennial-West Deane (11),Non-Fatal Injury,1,0,1,0,0,0,0,1,0,0,0,0,0,Pedestrian Collisions,"['Driver', 'Pedestrian', 'Passenger']",South,"['Automobile, Station Wagon']",['Going Ahead'],['Driving Properly'],['Normal'],['Pedestrian hit at mid-block'],"['Crossing, no Traffic Control']",['Normal'],[],[],[],D22,False,"['55 to 59', '70 to 74', '50 to 54']",3.0
706,2016-11-29 10:00:00,2208,2016,BENTWORTH AVE,DUFFERIN ST,Major Arterial,North York,43.721705,-79.456401,624334.6479,4842120.7539,At Intersection,Traffic Signal,Clear,"Dark, artificial",Dry,31,Yorkdale-Glen Park,31,Yorkdale-Glen Park (31),Non-Fatal Injury,1,0,1,0,0,0,0,0,0,1,0,0,0,Pedestrian Collisions,"['Driver', 'Pedestrian']",East,"['Automobile, Station Wagon']",['Turning Left'],['Failed to Yield Right of Way'],['Inattentive'],['Vehicle turns left while ped crosses with ROW at inter.'],['Crossing with right of way'],['Normal'],[],[],[],D32,False,"['35 to 39', '25 to 29']",3.0
707,2016-11-30 10:00:00,2106,2016,CONCORDE GT,CONCORDE PL,Collector,North York,43.729285,-79.328357,634631.528,4843162.6893,At/Near Private Drive,No Control,Rain,"Dark, artificial",Wet,42,Banbury-Don Mills,42,Banbury-Don Mills (42),Non-Fatal Injury,1,0,1,0,0,0,0,0,1,1,0,0,0,Pedestrian Collisions,"['Driver', 'Pedestrian']",North,"['Automobile, Station Wagon']",['Going Ahead'],['Speed too Fast For Condition'],['Normal'],['Vehicle is going straight thru inter.while ped cross without ROW'],['Crossing without right of way'],['Normal'],[],[],[],D33,False,"['35 to 39', '65 to 69']",3.0
708,2016-12-01 10:00:00,1335,2016,COSBURN AVE,CEDARVALE AVE,Collector,Toronto and East York,43.696753,-79.315616,635731.1033,4839570.3219,At Intersection,Pedestrian Crossover,Clear,Daylight,Dry,60,Woodbine-Lumsden,60,Woodbine-Lumsden (60),Fatal,1,0,1,0,0,0,0,0,0,1,0,0,0,Pedestrian Collisions,"['Driver', 'Pedestrian']",North,['Pick Up Truck'],['Turning Left'],['Failed to Yield Right of Way'],['Inattentive'],['Pedestrian hit a PXO/ped. Mid-block signal'],"['Crossing, Pedestrian Crossover']",['Normal'],[],[],[],D55,True,"['60 to 64', '65 to 69']",4.0
709,2016-12-02 10:00:00,246,2016,PORTLAND ST,ADELAIDE ST W,Major Arterial,Toronto and East York,43.645659,-79.400592,628992.9053,4833760.0465,Intersection Related,No Control,Clear,"Dark, artificial",Dry,164,Wellington Place,77,Waterfront Communities-The Island (77),Non-Fatal Injury,0,0,1,0,0,0,0,1,1,1,0,0,0,SMV Unattended Vehicle,"['Driver', 'Passenger']",North,"['Automobile, Station Wagon']",['Going Ahead'],['Lost control'],['Unknown'],[],[],[],[],[],[],D14,False,['20 to 24'],3.0
710,2016-12-03 10:00:00,708,2016,VICTORIA PARK AVE,YORK MILLS RD,Major Arterial,North York,43.763381,-79.317676,635414.8618,4846966.9711,Non Intersection,No Control,Clear,"Dawn, artificial",Dry,119,Wexford/Maryvale,119,Wexford/Maryvale (119),Non-Fatal Injury,1,0,1,0,0,0,0,0,0,0,0,0,0,Pedestrian Collisions,"['Driver', 'Pedestrian']",East,"['Automobile, Station Wagon']",['Going Ahead'],['Driving Properly'],['Normal'],['Pedestrian hit at mid-block'],"['Crossing, no Traffic Control']",['Had Been Drinking'],[],[],[],D41,False,"['45 to 49', '50 to 54']",3.0
711,2016-12-04 10:00:00,706,2016,SCARBOROUGH GOLF CLUB RD,KINGSTON RD,Major Arterial,Scarborough,43.745928,-79.209316,644179.069,4845211.4503,At Intersection,Traffic Signal,Clear,Dawn,Dry,140,Guildwood,140,Guildwood (140),Non-Fatal Injury,0,0,1,0,0,0,0,1,0,1,1,1,0,Angle,"['Driver', 'Passenger']",South,"['Automobile, Station Wagon']",['Going Ahead'],"['Disobeyed Traffic Control', 'Driving Properly']","['Ability Impaired, Alcohol Over .08', 'Normal']",[],[],[],[],[],[],D43,False,"['15 to 19', '55 to 59', '30 to 34']",3.0
712,2016-12-04 10:00:00,2315,2016,CARLTON STREET,HOMEWOOD AVENUE,Minor Arterial,Toronto and East York,43.662909,-79.374309,631075.1279,4835717.0742,At Intersection,No Control,Rain,"Dark, artificial",Wet,73,Moss Park,73,Moss Park (73),Non-Fatal Injury,1,0,1,0,0,0,0,0,0,1,0,0,0,Pedestrian Collisions,"['Driver', 'Pedestrian']",East,"['Automobile, Station Wagon']",['Turning Left'],['Failed to Yield Right of Way'],['Inattentive'],['Vehicle turns left while ped crosses with ROW at inter.'],['Crossing with right of way'],['Normal'],[],[],[],D51,False,"['75 to 79', '25 to 29']",3.0
713,2016-12-06 10:00:00,712,2016,BATHURST ST,REINER RD,Major Arterial,North York,43.752669,-79.437747,625772.3701,4845587.9105,At Intersection,No Control,Clear,Daylight,Dry,38,Lansing-Westgate,38,Lansing-Westgate (38),Fatal,1,0,1,0,0,0,0,0,0,0,0,0,0,Pedestrian Collisions,"['Pedestrian', 'Driver']",East,"['Automobile, Station Wagon']",['Going Ahead'],['Driving Properly'],['Unknown'],['Pedestrian hit at mid-block'],"['Crossing, no Traffic Control']",['Unknown'],[],[],[],D32,True,"['85 to 89', '50 to 54']",4.0
714,2016-12-06 10:00:00,1535,2016,BLOOR ST W,ALBANY AVE,Major Arterial,Toronto and East York,43.665316,-79.409953,628196.0944,4835928.7074,At Intersection,No Control,Clear,Daylight,Dry,79,University,79,University (79),Non-Fatal Injury,0,1,1,0,0,0,0,0,0,1,0,0,0,Cyclist Collisions,"['Driver', 'Cyclist']",East,"['Automobile, Station Wagon', 'Bicycle']","['Turning Left', 'Going Ahead']",['Failed to Yield Right of Way'],['Inattentive'],[],[],[],['Motorist turned left across cyclists path.'],['Driving Properly'],['Normal'],D14,False,"['unknown', '65 to 69']",3.0
715,2016-12-06 10:00:00,1836,2016,DUFFERIN ST,KING ST W,Major Arterial,Toronto and East York,43.638888,-79.427333,626850.4603,4832966.8242,At Intersection,Traffic Signal,Rain,"Dark, artificial",Wet,85,South Parkdale,85,South Parkdale (85),Non-Fatal Injury,1,0,1,0,0,0,0,0,0,0,0,0,0,Pedestrian Collisions,"['Driver', 'Pedestrian']",South,"['Automobile, Station Wagon']",['Turning Left'],['Driving Properly'],['Normal'],['Vehicle turns left while ped crosses without ROW at inter.'],['Crossing without right of way'],['Inattentive'],[],[],[],D14,False,"['20 to 24', '80 to 84']",3.0
716,2016-12-06 10:00:00,1837,2016,Queen St E,Dalhousie St,Major Arterial,Toronto and East York,43.653231,-79.375102,631032.2395,4834640.9513,Non Intersection,No Control,Rain,"Dark, artificial",Wet,168,Downtown Yonge East,75,Church-Yonge Corridor (75),Non-Fatal Injury,1,0,1,0,0,0,0,0,0,0,0,0,0,Pedestrian Collisions,"['Driver', 'Pedestrian']",South,"['Automobile, Station Wagon']",['Going Ahead'],['Driving Properly'],['Normal'],['Pedestrian hit at mid-block'],"['Crossing, no Traffic Control']",['Normal'],[],[],[],D51,False,"['35 to 39', '75 to 79', '70 to 74']",3.0
717,2016-12-06 10:00:00,2220,2016,GERRARD ST E,COXWELL AVE,Minor Arterial,Toronto and East York,43.675257,-79.320285,635403.2188,4837175.2591,At Intersection,Traffic Signal,Rain,"Dark, artificial",Wet,65,Greenwood-Coxwell,65,Greenwood-Coxwell (65),Non-Fatal Injury,1,0,1,0,0,0,0,0,0,1,0,0,0,Pedestrian Collisions,"['Driver', 'Pedestrian']",West,"['Automobile, Station Wagon']",['Turning Left'],['Failed to Yield Right of Way'],['Inattentive'],['Vehicle turns left while ped crosses with ROW at inter.'],['Crossing with right of way'],['Normal'],[],[],[],D55,False,['50 to 54'],3.0
718,2016-12-06 10:00:00,2220,2016,COXWELL AVE,GERRARD ST E,Minor Arterial,Toronto and East York,43.675265,-79.320262,635405.0548,4837176.1851,At Intersection,Traffic Signal,Rain,"Dark, artificial",Wet,64,Woodbine Corridor,64,Woodbine Corridor (64),Non-Fatal Injury,1,0,1,0,0,0,0,0,0,1,0,0,0,Pedestrian Collisions,"['Pedestrian', 'Driver']",West,"['Automobile, Station Wagon']",['Turning Left'],['Failed to Yield Right of Way'],['Inattentive'],['Vehicle turns left while ped crosses with ROW at inter.'],['Crossing with right of way'],['Normal'],[],[],[],D55,False,['50 to 54'],3.0