accident_number,date,time,year,street1,street2,road_class,district,latitude,longitude,x,y,accident_location,traffctl,visibility,light,road_surface_condition,hood_158,neighbourhood_new,hood_140,neighbourhood_old,accident_class,pedestrian,cyclist,automobile,motorcycle,truck,trsn_city_veh,emerg_veh,passenger,speeding,aggressive_driving,redlight,alcohol,disability,impact_type,involvement_type,initial_direction,vehicle_type,manoeuver,driver_action,driver_condition,pedestrian_type,pedestrian_action,pedestrian_condition,cyclist_type,cyclist_action,cyclist_condition,division,injury,involvement_age,injury_severity_score
719,2016-12-09 10:00:00,255,2016,KINGSTON RD,OLD KINGSTON RD,Major Arterial,Scarborough,43.773932,-79.183063,646224.6478,4848367.762,At Intersection,Traffic Signal,Clear,"Dark, artificial",Wet,136,West Hill,136,West Hill (136),Non-Fatal Injury,0,0,1,0,0,0,0,0,1,1,0,1,0,SMV Other,['Driver'],East,"['Automobile, Station Wagon']",['Going Ahead'],['Lost control'],"['Ability Impaired, Alcohol']",[],[],[],[],[],[],D43,False,['20 to 24'],3.0
720,2016-12-11 10:00:00,1514,2016,BLACK CREEK DR,LAWRENCE AVE W,Major Arterial,Etobicoke York,43.703303,-79.491756,621524.0173,4840024.5223,Non Intersection,No Control,Snow,Daylight,Loose Snow,30,Brookhaven-Amesbury,30,Brookhaven-Amesbury (30),Non-Fatal Injury,0,0,1,0,0,0,0,1,0,0,0,0,0,SMV Other,"['Driver', 'Passenger']",North,"['Automobile, Station Wagon']",['Going Ahead'],['Lost control'],['Normal'],[],[],[],[],[],[],D12,False,"['75 to 79', '35 to 39']",3.0
721,2016-12-12 10:00:00,2106,2016,LAKE SHORE BLVD W,PARKSIDE DR,Major Arterial,Toronto and East York,43.637873,-79.448924,625111.0317,4832821.3252,Non Intersection,No Control,Clear,"Dark, artificial",Dry,85,South Parkdale,85,South Parkdale (85),Non-Fatal Injury,0,0,1,0,0,0,0,0,1,1,0,0,0,SMV Other,['Driver'],East,"['Automobile, Station Wagon']",['Going Ahead'],['Lost control'],['Unknown'],[],[],[],[],[],[],D11,False,['30 to 34'],3.0
722,2016-12-12 10:00:00,2255,2016,232 SEATON ST,Not Applicable,Local,Toronto and East York,43.660491,-79.370273,631405.8184,4835454.9074,Non Intersection,No Control,Clear,"Dark, artificial",Loose Snow,73,Moss Park,73,Moss Park (73),Non-Fatal Injury,1,0,1,0,0,0,0,0,0,0,0,0,0,Pedestrian Collisions,"['Driver', 'Pedestrian']",South,"['Automobile, Station Wagon']",['Pulling Away from Shoulder or Curb'],['Other'],['Unknown'],['Other / Undefined'],['Other'],['Normal'],[],[],[],D51,False,"['unknown', '65 to 69']",3.0
723,2016-12-13 10:00:00,1440,2016,MIDLAND AVE,KILCULLEN CASTLE GT,Major Arterial,Scarborough,43.81116,-79.290668,637479.2498,4852318.1029,Non Intersection,No Control,Clear,Daylight,Dry,130,Milliken,129,Agincourt North (129),Fatal,1,0,1,0,0,0,0,0,0,0,0,0,0,Pedestrian Collisions,"['Driver', 'Pedestrian']",South,"['Automobile, Station Wagon']",['Going Ahead'],['Driving Properly'],['Normal'],['Pedestrian hit at mid-block'],"['Crossing, no Traffic Control']",['Normal'],[],[],[],D42,True,"['55 to 59', '70 to 74']",4.0
724,2016-12-14 10:00:00,1036,2016,PARK RD,CHURCH ST,Major Arterial,Toronto and East York,43.672099,-79.384769,630211.8843,4836721.2744,At Intersection,Traffic Signal,Clear,Daylight,Dry,98,Rosedale-Moore Park,98,Rosedale-Moore Park (98),Non-Fatal Injury,1,0,1,0,0,0,0,0,0,1,0,0,0,Pedestrian Collisions,"['Driver', 'Pedestrian']",North,"['Automobile, Station Wagon']",['Turning Left'],['Failed to Yield Right of Way'],['Inattentive'],['Vehicle turns left while ped crosses with ROW at inter.'],['Crossing with right of way'],['Normal'],[],[],[],D53,False,"['50 to 54', '25 to 29']",3.0
725,2016-12-14 10:00:00,1704,2016,QUEENS QY W,YORK ST,Minor Arterial,Toronto and East York,43.639723,-79.380908,630593.3058,4833131.5598,Non Intersection,No Control,Clear,Dark,Dry,165,Harbourfront-CityPlace,77,Waterfront Communities-The Island (77),Non-Fatal Injury,1,0,1,0,0,0,0,0,0,0,0,0,0,Pedestrian Collisions,"['Driver', 'Pedestrian']",East,"['Automobile, Station Wagon']",['Going Ahead'],['Driving Properly'],['Normal'],['Pedestrian hit at mid-block'],"['Crossing, no Traffic Control']",['Inattentive'],[],[],[],D52,False,"['65 to 69', '50 to 54']",3.0
726,2016-12-16 10:00:00,1312,2016,EGLINTON AVE E,PRUDHAM GT,Major Arterial,Scarborough,43.728209,-79.285533,638083.0179,4843113.654,Non Intersection,No Control,Clear,Daylight,Slush,120,Clairlea-Birchmount,120,Clairlea-Birchmount (120),Non-Fatal Injury,1,0,0,0,0,1,0,0,0,0,0,0,0,Pedestrian Collisions,"['Driver', 'Pedestrian']",East,['Municipal Transit Bus (TTC)'],['Going Ahead'],['Driving Properly'],['Normal'],['Pedestrian involved in a collision with transit vehicle anywhere along roadway'],['Running onto Roadway'],['Other'],[],[],[],D41,False,"['25 to 29', '65 to 69']",3.0
727,2016-12-18 10:00:00,2236,2016,SB DON VALLEY PKWY,POTTERY RD,Major Arterial,Toronto and East York,43.683962,-79.361606,632053.1637,4838075.4437,Non Intersection,No Control,Clear,"Dark, artificial",Dry,57,Broadview North,57,Broadview North (57),Non-Fatal Injury,1,0,1,0,0,0,0,0,0,1,0,0,0,Pedestrian Collisions,"['Driver', 'Pedestrian']",South,['Passenger Van'],['Going Ahead'],['Driving Properly'],['Normal'],['Pedestrian hit at mid-block'],['Playing or Working on Highway'],['Medical or Physical Disability'],[],[],[],D55,False,"['65 to 69', '20 to 24']",3.0
728,2016-12-19 10:00:00,1132,2016,BAYVIEW AVE,BAYVIEW MEWS LANE,Major Arterial,North York,43.769309,-79.388622,629691.3564,4847511.7999,At Intersection,Traffic Signal,Clear,Daylight,Dry,52,Bayview Village,52,Bayview Village (52),Non-Fatal Injury,1,0,0,0,1,0,0,0,0,0,0,0,0,Pedestrian Collisions,"['Truck Driver', 'Pedestrian']",South,['Truck - Tank'],['Going Ahead'],['Driving Properly'],['Normal'],['Other / Undefined'],['Other'],['Normal'],[],[],[],D33,False,"['25 to 29', '65 to 69']",3.0
729,2016-12-21 10:00:00,230,2016,JARVIS ST,GERRARD ST E,Major Arterial,Toronto and East York,43.659625,-79.375568,630980.7581,4835350.3539,Non Intersection,No Control,Clear,"Dark, artificial",Wet,73,Moss Park,73,Moss Park (73),Non-Fatal Injury,0,0,1,0,0,0,0,0,0,0,0,0,0,Sideswipe,['Driver'],South,"['Automobile, Station Wagon']","['Going Ahead', 'Changing Lanes']","['Driving Properly', 'Other']",['Normal'],[],[],[],[],[],[],D51,False,"['unknown', '30 to 34']",3.0
730,2016-12-21 10:00:00,959,2016,KEELE ST,401 C W KEELE RAMP ST,Major Arterial,North York,43.724372,-79.481548,622303.6495,4842379.5435,At Intersection,Traffic Signal,Clear,Daylight,Wet,155,Downsview,26,Downsview-Roding-CFB (26),Non-Fatal Injury,1,0,0,0,1,0,0,0,0,0,0,0,0,Pedestrian Collisions,"['Truck Driver', 'Pedestrian']",West,['Truck-Tractor'],['Turning Right'],['Driving Properly'],['Normal'],['Vehicle turns right while ped crosses without ROW at inter.'],['Crossing without right of way'],['Inattentive'],[],[],[],D31,False,"['40 to 44', '15 to 19']",3.0
731,2016-12-21 10:00:00,1340,2016,F G GARDINER XY  W,JAMESON AVE,Expressway,Toronto and East York,43.633063,-79.434955,626247.8654,4832308.2636,Non Intersection,No Control,Clear,Daylight,Dry,85,South Parkdale,85,South Parkdale (85),Non-Fatal Injury,0,0,1,0,0,0,0,1,0,1,0,0,0,Rear End,"['Driver', 'Passenger']",West,"['Automobile, Station Wagon']","['Going Ahead', 'Slowing or Stopping']","['Following too Close', 'Driving Properly']",['Normal'],[],[],[],[],[],[],D14,False,"['35 to 39', '30 to 34', '60 to 64', '25 to 29']",3.0
732,2016-12-21 10:00:00,2030,2016,BIRCHMOUNT RD,CHALDEAN ST,Major Arterial,Scarborough,43.793257,-79.303493,636488.5061,4850308.4575,Intersection Related,Stop Sign,Clear,"Dark, artificial",Wet,148,East L'Amoreaux,117,L'Amoreaux (117),Non-Fatal Injury,1,0,1,0,0,0,0,0,0,0,0,0,0,Pedestrian Collisions,"['Driver', 'Pedestrian']",South,"['Automobile, Station Wagon']",['Going Ahead'],['Driving Properly'],['Normal'],['Vehicle is going straight thru inter.while ped cross without ROW'],"['Crossing, no Traffic Control']",['Normal'],[],[],[],D42,False,"['60 to 64', '55 to 59']",3.0
733,2016-12-24 10:00:00,356,2016,DUFFERIN ST,DOLOMITE DR,Major Arterial,North York,43.780772,-79.469775,623136.1923,4848661.0364,At Intersection,Traffic Signal,Rain,"Dark, artificial",Slush,34,Bathurst Manor,34,Bathurst Manor (34),Non-Fatal Injury,0,0,1,0,0,0,0,0,1,1,0,1,0,SMV Other,['Driver'],South,"['Automobile, Station Wagon']",['Going Ahead'],['Lost control'],"['Ability Impaired, Alcohol']",[],[],[],[],[],[],D32,False,['25 to 29'],3.0
734,2016-12-25 10:00:00,705,2016,55 BELMONT ST,Not Applicable,Minor Arterial,Toronto and East York,43.674994,-79.390941,629708.0862,4837033.1333,Non Intersection,No Control,Clear,"Dark, artificial",Dry,95,Annex,95,Annex (95),Non-Fatal Injury,1,0,1,0,0,0,0,0,0,0,0,0,0,Pedestrian Collisions,"['Driver', 'Pedestrian']",East,"['Automobile, Station Wagon']",['Going Ahead'],['Driving Properly'],['Normal'],['Pedestrian hit at mid-block'],"['Crossing, no Traffic Control']",['Inattentive'],[],[],[],D53,False,"['25 to 29', '65 to 69']",3.0
735,2016-12-25 10:00:00,2141,2016,LESLIE ST,401 C W LESLIE S RAMP,Major Arterial,North York,43.767161,-79.36362,631708.3702,4847312.695,Intersection Related,Traffic Signal,Clear,"Dark, artificial",Dry,52,Bayview Village,52,Bayview Village (52),Non-Fatal Injury,1,0,1,0,0,0,0,0,0,1,0,0,0,Pedestrian Collisions,"['Driver', 'Pedestrian']",West,"['Automobile, Station Wagon']",['Turning Right'],['Failed to Yield Right of Way'],['Inattentive'],['Vehicle turns right while ped crosses with ROW at inter.'],['Crossing with right of way'],['Normal'],[],[],[],D33,False,"['30 to 34', '75 to 79']",3.0
736,2016-12-27 10:00:00,230,2016,TAPSCOTT RD,PASSMORE AVE,Minor Arterial,Scarborough,43.831568,-79.2457,641047.936,4854660.4517,At Intersection,Stop Sign,Clear,"Dark, artificial",Dry,144,Morningside Heights,131,Rouge (131),Non-Fatal Injury,0,0,1,0,0,0,0,1,0,0,0,0,0,SMV Other,"['Driver', 'Passenger']",South,"['Automobile, Station Wagon']",['Going Ahead'],['Lost control'],['Had Been Drinking'],[],[],[],[],[],[],D42,False,['20 to 24'],3.0
737,2016-12-28 10:00:00,1919,2016,CALEDONIA RD,EGLINTON AVE W,Major Arterial,North York,43.692958,-79.462169,623929.2666,4838919.3618,Intersection Related,Traffic Signal,Clear,"Dark, artificial",Dry,109,Caledonia-Fairbank,109,Caledonia-Fairbank (109),Non-Fatal Injury,1,0,1,0,0,0,0,0,0,1,0,0,0,Pedestrian Collisions,"['Driver', 'Pedestrian']",North,"['Automobile, Station Wagon']",['Turning Left'],['Failed to Yield Right of Way'],['Unknown'],['Vehicle turns left while ped crosses with ROW at inter.'],['Crossing with right of way'],['Normal'],[],[],[],D13,False,"['unknown', '25 to 29']",3.0
738,2016-12-31 10:00:00,2022,2016,EGLINTON AVE E,BERMONDSEY RD,Major Arterial,North York,43.725951,-79.313487,635836.6841,4842816.6674,Intersection Related,Traffic Signal,Clear,"Dark, artificial",Wet,43,Victoria Village,43,Victoria Village (43),Non-Fatal Injury,0,0,1,0,0,0,0,1,0,0,0,0,0,Turning Movement,"['Driver', 'Passenger']",East,"['Automobile, Station Wagon']","['Turning Left', 'Going Ahead']","['Improper Turn', 'Driving Properly']",['Normal'],[],[],[],[],[],[],D55,False,"['25 to 29', '50 to 54', '20 to 24', '15 to 19']",3.0
739,2017-01-01 10:00:00,1405,2017,57 BIMINI CRES,Not Applicable,Local,Etobicoke York,43.766555,-79.526157,618627.2421,4846999.7112,Non Intersection,No Control,Clear,Daylight,Other,24,Black Creek,24,Black Creek (24),Non-Fatal Injury,0,0,1,0,0,0,0,0,0,0,0,0,0,SMV Other,['Driver'],West,"['Automobile, Station Wagon']",['Reversing'],['Other'],['Inattentive'],[],[],[],[],[],[],D31,False,['85 to 89'],3.0
740,2017-01-03 10:00:00,10,2017,F G GARDINER XY  E,KIPLING AVE,Expressway,Etobicoke York,43.615851,-79.535251,618190.9169,4830249.015,Non Intersection,No Control,Rain,"Dark, artificial",Wet,20,Alderwood,20,Alderwood (20),Non-Fatal Injury,0,0,1,0,0,0,0,1,1,1,0,0,0,Rear End,"['Passenger', 'Driver']",East,"['Automobile, Station Wagon']","['Slowing or Stopping', 'Going Ahead']","['Driving Properly', 'Speed too Fast For Condition']","['Normal', 'Inattentive']",[],[],[],[],[],[],D22,False,"['20 to 24', '15 to 19', 'unknown', '50 to 54', '45 to 49', '25 to 29', '75 to 79']",3.0
741,2017-01-03 10:00:00,717,2017,LOWER SHERBOURNE ST,THE ESPLANADE,Minor Arterial,Toronto and East York,43.648974,-79.367259,631674.0106,4834180.5702,At Intersection,Traffic Signal,Rain,Dark,Wet,166,St Lawrence-East Bayfront-The Islands,77,Waterfront Communities-The Island (77),Fatal,1,0,1,0,0,0,0,0,0,0,0,0,0,Pedestrian Collisions,"['Driver', 'Pedestrian']",South,"['Automobile, Station Wagon']",['Going Ahead'],['Driving Properly'],['Normal'],['Vehicle is going straight thru inter.while ped cross without ROW'],['Crossing without right of way'],['Normal'],[],[],[],D51,True,"['35 to 39', '80 to 84']",4.0
742,2017-01-07 10:00:00,16,2017,DUFFERIN ST,STEELES AVE W,Major Arterial,North York,43.787211,-79.470042,623101.49,4849375.7889,At Intersection,Traffic Signal,Clear,"Dark, artificial",Dry,34,Bathurst Manor,34,Bathurst Manor (34),Non-Fatal Injury,0,0,1,0,0,0,0,0,1,1,1,1,0,Angle,['Driver'],North,"['Automobile, Station Wagon', 'Pick Up Truck']",['Going Ahead'],"['Driving Properly', 'Disobeyed Traffic Control']","['Normal', 'Ability Impaired, Alcohol Over .08']",[],[],[],[],[],[],D32,False,"['20 to 24', '65 to 69', '35 to 39']",3.0
743,2017-01-07 10:00:00,2222,2017,ISLINGTON AVE,ABERFOYLE CRES,Major Arterial,Etobicoke York,43.645438,-79.523776,619058.4135,4833551.4144,At Intersection,No Control,Clear,"Dark, artificial",Dry,158,Islington,14,Islington-City Centre West (14),Non-Fatal Injury,0,0,1,0,0,0,0,1,0,1,0,0,0,Rear End,"['Driver', 'Passenger']",North,"['Automobile, Station Wagon', 'Pick Up Truck']","['Going Ahead', 'Slowing or Stopping']","['Following too Close', 'Driving Properly']","['Inattentive', 'Normal']",[],[],[],[],[],[],D22,False,"['20 to 24', '60 to 64']",3.0
744,2017-01-08 10:00:00,1311,2017,BATHURST ST,NINA ST,Major Arterial,Toronto and East York,43.679816,-79.416942,627601.8736,4837528.351,At Intersection,Traffic Signal,Clear,Daylight,Dry,96,Casa Loma,96,Casa Loma (96),Non-Fatal Injury,1,0,1,0,0,0,0,0,0,1,0,0,0,Pedestrian Collisions,"['Driver', 'Pedestrian']",East,"['Automobile, Station Wagon']",['Turning Left'],['Failed to Yield Right of Way'],['Inattentive'],['Vehicle turns left while ped crosses with ROW at inter.'],['Crossing with right of way'],['Normal'],[],[],[],D13,False,"['55 to 59', '65 to 69']",3.0
745,2017-01-08 10:00:00,1829,2017,ELLESMERE RD,MONDEO DR,Major Arterial,Scarborough,43.764189,-79.287677,637827.7343,4847106.2049,At Intersection,Traffic Signal,Clear,"Dark, artificial",Dry,126,Dorset Park,126,Dorset Park (126),Fatal,1,0,1,0,0,0,0,0,0,0,0,0,0,Pedestrian Collisions,"['Driver', 'Pedestrian']",North,"['Automobile, Station Wagon']",['Going Ahead'],['Driving Properly'],['Normal'],['Vehicle is going straight thru inter.while ped cross without ROW'],['Crossing without right of way'],['Inattentive'],[],[],[],D41,True,"['25 to 29', '75 to 79']",4.0
746,2017-01-10 10:00:00,2003,2017,ADELAIDE ST E,CHURCH ST,Major Arterial,Toronto and East York,43.651179,-79.374912,631052.0245,4834413.3497,At Intersection,Traffic Signal,Rain,"Dark, artificial",Wet,168,Downtown Yonge East,75,Church-Yonge Corridor (75),Non-Fatal Injury,1,0,1,0,0,0,0,1,0,0,0,0,0,Pedestrian Collisions,"['Driver', 'Pedestrian', 'Passenger']",East,"['Automobile, Station Wagon']",['Going Ahead'],['Driving Properly'],['Normal'],['Vehicle is going straight thru inter.while ped cross without ROW'],['Crossing without right of way'],['Normal'],[],[],[],D51,False,"['55 to 59', '50 to 54', '15 to 19']",3.0
747,2017-01-12 10:00:00,2258,2017,WESTON RD,VEROBEACH BLVD,Major Arterial,Etobicoke York,43.736796,-79.538928,617657.6151,4843676.3258,Non Intersection,No Control,Clear,"Dark, artificial",Dry,22,Humbermede,22,Humbermede (22),Non-Fatal Injury,0,0,0,0,1,0,0,0,0,0,0,0,1,SMV Other,['Truck Driver'],North,"['Truck - Closed (Blazer, etc)']",['Going Ahead'],['Lost control'],['Medical or Physical Disability'],[],[],[],[],[],[],D31,False,['55 to 59'],3.0
748,2017-01-14 10:00:00,1902,2017,NEILSON RD,CROW TRL,Minor Arterial,Scarborough,43.812148,-79.225711,642701.3589,4852537.8227,At Intersection,Traffic Signal,Clear,"Dark, artificial",Dry,145,Malvern West,132,Malvern (132),Non-Fatal Injury,0,0,1,0,0,0,0,1,0,0,0,0,0,Turning Movement,"['Passenger', 'Driver']",North,"['Automobile, Station Wagon', 'Pick Up Truck']","['Going Ahead', 'Turning Left']","['Driving Properly', 'Improper Turn']","['Normal', 'Inattentive']",[],[],[],[],[],[],D42,False,"['10 to 14', '5 to 9', '15 to 19', '20 to 24', '75 to 79']",3.0
749,2017-01-15 10:00:00,2033,2017,YONGE  ST,ALBERTUS AVE,Major Arterial,North York,43.714495,-79.399997,628893.4089,4841406.1456,Intersection Related,No Control,Clear,"Dark, artificial",Dry,99,Mount Pleasant East,99,Mount Pleasant East (99),Non-Fatal Injury,1,0,1,0,0,0,0,0,0,0,0,0,0,Pedestrian Collisions,"['Pedestrian', 'Driver']",North,"['Automobile, Station Wagon']",['Going Ahead'],['Driving Properly'],['Normal'],['Vehicle is going straight thru inter.while ped cross without ROW'],['Crossing without right of way'],['Inattentive'],[],[],[],D53,False,"['45 to 49', '55 to 59']",3.0
750,2017-01-19 10:00:00,553,2017,KING ST W,BAY ST,Major Arterial,Toronto and East York,43.648577,-79.380237,630628.2364,4834115.9676,At Intersection,Traffic Signal,Clear,"Dark, artificial",Dry,170,Yonge-Bay Corridor,76,Bay Street Corridor (76),Non-Fatal Injury,1,0,0,0,1,0,0,0,0,0,0,0,0,Pedestrian Collisions,"['Truck Driver', 'Pedestrian']",East,"['Truck - Closed (Blazer, etc)']",['Turning Right'],['Other'],['Normal'],['Pedestrian hit on sidewalk or shoulder'],['Other'],['Inattentive'],[],[],[],D52,False,"['60 to 64', '40 to 44']",3.0
751,2017-01-19 10:00:00,1755,2017,COLLINSGROVE RD,LAWRENCE AV E,Collector,Scarborough,43.769919,-79.183154,646227.1047,4847921.8942,Non Intersection,No Control,Clear,"Dark, artificial",Dry,136,West Hill,136,West Hill (136),Non-Fatal Injury,1,0,1,0,0,0,0,0,0,0,0,0,0,Pedestrian Collisions,"['Driver', 'Pedestrian']",East,"['Automobile, Station Wagon']",['Going Ahead'],['Driving Properly'],['Normal'],['Pedestrian hit at mid-block'],"['Crossing, no Traffic Control']",['Normal'],[],[],[],D43,False,"['65 to 69', '55 to 59']",3.0
752,2017-01-19 10:00:00,1828,2017,KENNEDY RD,MERRIAN RD,Major Arterial,Scarborough,43.727336,-79.26588,639667.9165,4843049.6321,At Intersection,Traffic Controller,Clear,"Dark, artificial",Wet,124,Kennedy Park,124,Kennedy Park (124),Non-Fatal Injury,0,0,1,0,0,0,0,0,1,1,0,0,0,Rear End,['Driver'],South,"['Automobile, Station Wagon']",['Going Ahead'],"['Exceeding Speed Limit', 'Driving Properly']",['Normal'],[],[],[],[],[],[],D41,False,['20 to 24'],3.0
753,2017-01-20 10:00:00,527,2017,CALEDONIA RD,CASTLEFIELD AVE,Minor Arterial,North York,43.698371,-79.463481,623812.3951,4839518.5897,At Intersection,Traffic Signal,Clear,"Dark, artificial",Dry,108,Briar Hill-Belgravia,108,Briar Hill-Belgravia (108),Non-Fatal Injury,0,0,1,0,0,0,0,0,0,1,1,0,0,Angle,['Driver'],North,"['Other', 'Automobile, Station Wagon']",['Going Ahead'],"['Disobeyed Traffic Control', 'Driving Properly']","['Inattentive', 'Normal']",[],[],[],[],[],[],D13,False,"['50 to 54', '30 to 34']",3.0
754,2017-01-21 10:00:00,40,2017,BROWNS LINE,LAKESHORE W BROWNS LI RAMP,Major Arterial,Etobicoke York,43.592673,-79.542079,617685.144,4827665.1274,Non Intersection,No Control,"Fog, Mist, Smoke, Dust","Dark, artificial",Wet,19,Long Branch,19,Long Branch (19),Fatal,0,0,1,0,0,0,0,0,1,1,0,0,0,SMV Other,['Driver'],South,['Delivery Van'],['Going Ahead'],['Lost control'],['Had Been Drinking'],[],[],[],[],[],[],D22,True,['20 to 24'],4.0
755,2017-01-24 10:00:00,1635,2017,95 REDPATH  AVE,Not Applicable,Collector,Toronto and East York,43.706874,-79.392413,629520.7835,4840571.547,Non Intersection,No Control,Freezing Rain,Daylight,Wet,174,South Eglinton-Davisville,104,Mount Pleasant West (104),Non-Fatal Injury,1,0,1,0,0,0,0,0,0,0,0,0,0,Pedestrian Collisions,"['Pedestrian', 'Driver']",East,"['Automobile, Station Wagon']",['Going Ahead'],['Driving Properly'],['Normal'],['Pedestrian hit at mid-block'],['Running onto Roadway'],['Other'],[],[],[],D53,False,"['35 to 39', '60 to 64']",3.0
756,2017-01-25 10:00:00,1440,2017,FINCH AVE W,WESTON RD,Major Arterial,Etobicoke York,43.752017,-79.542331,617353.8311,4845362.0107,At Intersection,Traffic Signal,Clear,Daylight,Wet,22,Humbermede,22,Humbermede (22),Fatal,0,0,1,0,1,0,0,0,0,1,1,0,1,Angle,"['Truck Driver', 'Driver']",East,"['Truck - Dump', 'Automobile, Station Wagon', 'Passenger Van']",['Going Ahead'],"['Driving Properly', 'Disobeyed Traffic Control']","['Normal', 'Medical or Physical Disability']",[],[],[],[],[],[],D31,True,"['55 to 59', '85 to 89', '40 to 44', '50 to 54']",4.0
757,2017-01-25 10:00:00,1934,2017,BATHURST ST,LENNOX ST,Major Arterial,Toronto and East York,43.663756,-79.410678,628140.9604,4835754.3286,At Intersection,Traffic Signal,Rain,"Dark, artificial",Wet,79,University,79,University (79),Non-Fatal Injury,1,0,1,0,0,0,0,0,0,1,0,0,0,Pedestrian Collisions,"['Driver', 'Pedestrian']",East,"['Automobile, Station Wagon']",['Turning Right'],['Failed to Yield Right of Way'],['Unknown'],['Vehicle turns right while ped crosses with ROW at inter.'],['Crossing with right of way'],['Normal'],[],[],[],D14,False,"['unknown', '50 to 54']",3.0
758,2017-01-27 10:00:00,1450,2017,FRONT ST W,YONGE ST,Minor Arterial,Toronto and East York,43.646239,-79.377826,630827.7528,4833860.1001,Non Intersection,No Control,Clear,Daylight,Dry,166,St Lawrence-East Bayfront-The Islands,77,Waterfront Communities-The Island (77),Non-Fatal Injury,0,1,1,0,0,0,0,0,0,0,0,0,0,Cyclist Collisions,"['Driver', 'Cyclist']",West,"['Automobile, Station Wagon', 'Bicycle']","['Stopped', 'Overtaking', 'Going Ahead']","['Other', 'Driving Properly']","['Inattentive', 'Normal']",[],[],[],['Cyclist struck opened vehicle door'],['Driving Properly'],['Normal'],D52,False,"['45 to 49', '35 to 39', '50 to 54']",3.0
759,2017-01-29 10:00:00,110,2017,F G GARDINER XY  E,SPADINA AVE,Major Arterial,Toronto and East York,43.637957,-79.395633,629409.39,4832912.3596,Non Intersection,No Control,Clear,Dark,Dry,165,Harbourfront-CityPlace,77,Waterfront Communities-The Island (77),Fatal,1,0,1,0,0,0,0,0,0,0,0,0,0,Pedestrian Collisions,"['Driver', 'Pedestrian']",East,"['Automobile, Station Wagon']",['Going Ahead'],['Driving Properly'],['Normal'],['Pedestrian hit at mid-block'],['Walking on Roadway Against Traffic'],['Other'],[],[],[],D14,True,"['20 to 24', '15 to 19']",4.0
760,2017-01-29 10:00:00,200,2017,OAKDALE RD,EDDYSTONE AVE,Minor Arterial,Etobicoke York,43.749594,-79.526996,618593.2137,4845114.7412,Non Intersection,No Control,Clear,"Dark, artificial",Dry,25,Glenfield-Jane Heights,25,Glenfield-Jane Heights (25),Non-Fatal Injury,0,0,1,0,0,0,0,0,0,0,0,0,0,SMV Other,['Driver'],North,"['Automobile, Station Wagon']",['Going Ahead'],['Lost control'],['Unknown'],[],[],[],[],[],[],D31,False,['20 to 24'],3.0
761,2017-01-29 10:00:00,345,2017,F G GARDINER XY  W,SOUTH KINGSWAY RAMP,Major Arterial,Toronto and East York,43.633498,-79.472667,623204.8248,4832299.9129,Non Intersection,No Control,Clear,"Dark, artificial",Dry,85,South Parkdale,85,South Parkdale (85),Fatal,0,0,1,0,0,0,0,0,1,1,0,1,0,Rear End,['Driver'],West,"['Pick Up Truck', 'Automobile, Station Wagon']",['Going Ahead'],"['Driving Properly', 'Lost control']","['Normal', 'Ability Impaired, Alcohol Over .08']",[],[],[],[],[],[],D11,True,"['40 to 44', '20 to 24']",4.0
762,2017-02-01 10:00:00,1415,2017,MORNINGSIDE AVE,401 C E MORNINGSIDE AVE S RAMP,Major Arterial,Scarborough,43.794795,-79.196475,645094.7682,4850661.331,At Intersection,Traffic Signal,Clear,Daylight,Dry,134,Highland Creek,134,Highland Creek (134),Non-Fatal Injury,1,0,1,0,0,0,0,0,0,1,0,0,0,Pedestrian Collisions,"['Driver', 'Pedestrian']",East,"['Automobile, Station Wagon']",['Going Ahead'],['Failed to Yield Right of Way'],['Inattentive'],['Vehicle is going straight thru inter.while ped cross with ROW'],['Crossing with right of way'],['Normal'],[],[],[],D43,False,"['45 to 49', '20 to 24']",3.0
763,2017-02-02 10:00:00,219,2017,BRIMLEY RD,ELGAR AVE,Major Arterial,Scarborough,43.741065,-79.250186,640899.7407,4844601.0153,At Intersection,Stop Sign,Clear,Dark,Wet,138,Eglinton East,138,Eglinton East (138),Fatal,0,0,1,0,0,0,0,0,1,1,0,0,0,Turning Movement,['Driver'],South,"['Automobile, Station Wagon']","['Going Ahead', 'Turning Left']","['Driving Properly', 'Improper Turn']","['Unknown', 'Normal']",[],[],[],[],[],[],D43,True,"['25 to 29', '15 to 19']",4.0
764,2017-02-03 10:00:00,1430,2017,BAY ST,GROSVENOR ST,Major Arterial,Toronto and East York,43.662398,-79.38634,630106.1941,4835641.3834,At Intersection,Traffic Signal,Clear,Daylight,Dry,169,Bay-Cloverhill,76,Bay Street Corridor (76),Non-Fatal Injury,0,0,1,0,0,0,0,0,0,0,0,0,0,Angle,['Driver'],East,"['Automobile, Station Wagon']",['Going Ahead'],['Other'],['Normal'],[],[],[],[],[],[],D52,False,"['20 to 24', '45 to 49']",3.0