accident_number,date,time,year,street1,street2,road_class,district,latitude,longitude,x,y,accident_location,traffctl,visibility,light,road_surface_condition,hood_158,neighbourhood_new,hood_140,neighbourhood_old,accident_class,pedestrian,cyclist,automobile,motorcycle,truck,trsn_city_veh,emerg_veh,passenger,speeding,aggressive_driving,redlight,alcohol,disability,impact_type,involvement_type,initial_direction,vehicle_type,manoeuver,driver_action,driver_condition,pedestrian_type,pedestrian_action,pedestrian_condition,cyclist_type,cyclist_action,cyclist_condition,division,injury,involvement_age,injury_severity_score
856,2017-05-10 08:00:00,900,2017,COLLEGE  ST,HENRY ST,Major Arterial,Toronto and East York,43.658881,-79.394641,629444.4519,4835237.7898,At Intersection,No Control,Clear,Daylight,Dry,78,Kensington-Chinatown,78,Kensington-Chinatown (78),Non-Fatal Injury,0,1,1,0,0,0,0,0,0,1,0,0,0,Cyclist Collisions,"['Cyclist', 'Driver']",East,"['Bicycle', 'Automobile, Station Wagon']","['Going Ahead', 'Turning Left']",['Failed to Yield Right of Way'],['Normal'],[],[],[],['Motorist turned left across cyclists path.'],['Driving Properly'],['Normal'],D52,False,"['25 to 29', '30 to 34']",3.0
857,2017-05-10 08:00:00,2017,2017,ASHTONBEE RD,HAKIMI AV              (411),Collector,Scarborough,43.729903,-79.292049,637554.3359,4843290.9601,Intersection Related,Traffic Signal,Clear,"Dark, artificial",Dry,119,Wexford/Maryvale,119,Wexford/Maryvale (119),Non-Fatal Injury,0,0,1,0,0,0,0,1,1,1,1,0,0,Turning Movement,"['Driver', 'Passenger']",East,"['Pick Up Truck', 'Automobile, Station Wagon']","['Going Ahead', 'Turning Left']","['Disobeyed Traffic Control', 'Driving Properly']",['Normal'],[],[],[],[],[],[],D41,False,"['20 to 24', '45 to 49', '15 to 19']",3.0
858,2017-05-11 08:00:00,1550,2017,DANFORTH AVE,FERRIER AVE,Major Arterial,Toronto and East York,43.678198,-79.34827,633140.795,4837456.5936,Intersection Related,No Control,Clear,Daylight,Dry,68,North Riverdale,68,North Riverdale (68),Non-Fatal Injury,0,1,1,0,0,0,0,0,0,1,0,0,0,Cyclist Collisions,"['Driver', 'Cyclist']",West,"['Automobile, Station Wagon', 'Bicycle']","['Overtaking', 'Going Ahead']",['Improper Passing'],['Inattentive'],[],[],[],['Cyclist and Driver travelling in same direction. One vehicle sideswipes the other.'],['Driving Properly'],['Had Been Drinking'],D55,False,"['unknown', '20 to 24']",3.0
859,2017-05-11 08:00:00,2100,2017,LANSDOWNE AVE,COLLEGE ST,Minor Arterial,Toronto and East York,43.650939,-79.43996,625806.8052,4834286.0228,At Intersection,Traffic Signal,Clear,"Dusk, artificial",Dry,83,Dufferin Grove,83,Dufferin Grove (83),Non-Fatal Injury,1,0,1,0,0,0,0,0,0,0,0,0,0,Pedestrian Collisions,"['Driver', 'Pedestrian']",East,['Passenger Van'],['Turning Left'],['Other'],['Unknown'],['Vehicle turns left while ped crosses without ROW at inter.'],['Crossing without right of way'],['Normal'],[],[],[],D11,False,"['unknown', '25 to 29']",3.0
860,2017-05-12 08:00:00,1723,2017,3160 STEELES AVE E,Not Applicable,Major Arterial,North York,43.814719,-79.344959,633104.7479,4852624.6096,Intersection Related,No Control,Clear,Daylight,Dry,48,Hillcrest Village,48,Hillcrest Village (48),Non-Fatal Injury,0,0,1,0,0,0,0,1,1,1,0,0,0,Rear End,"['Passenger', 'Driver']",West,"['Automobile, Station Wagon']","['Stopped', 'Going Ahead']","['Driving Properly', 'Speed too Fast For Condition']","['Normal', 'Had Been Drinking']",[],[],[],[],[],[],D33,False,"['75 to 79', '70 to 74', '30 to 34', '35 to 39', '45 to 49', '20 to 24']",3.0
861,2017-05-13 08:00:00,1625,2017,SPADINA AVENUE,BALDWIN STREET,Major Arterial,Toronto and East York,43.655135,-79.398891,629109.7874,4834815.1254,Intersection Related,No Control,Clear,Daylight,Dry,78,Kensington-Chinatown,78,Kensington-Chinatown (78),Non-Fatal Injury,1,0,0,0,0,1,0,0,0,0,0,0,0,Pedestrian Collisions,"['Driver', 'Pedestrian']",North,['Street Car'],['Slowing or Stopping'],['Driving Properly'],['Normal'],['Pedestrian involved in a collision with transit vehicle anywhere along roadway'],"['Crossing, no Traffic Control']",['Inattentive'],[],[],[],D52,False,"['30 to 34', '55 to 59']",3.0
862,2017-05-13 08:00:00,1740,2017,STRACHAN  AVE,DOURO ST,Minor Arterial,Toronto and East York,43.640685,-79.411426,628129.7035,4833190.8375,At Intersection,Traffic Signal,Clear,Daylight,Dry,162,West Queen West,82,Niagara (82),Non-Fatal Injury,0,1,1,0,0,0,0,0,0,0,0,0,0,Cyclist Collisions,"['Cyclist', 'Driver']",South,"['Bicycle', 'Automobile, Station Wagon']","['Going Ahead', 'Turning Right']",['Improper Turn'],['Inattentive'],[],[],[],['Motorist turning right on green or amber at signalized intersection strikes cyclist.'],['Driving Properly'],['Normal'],D14,False,"['25 to 29', '50 to 54']",3.0
863,2017-05-13 08:00:00,2246,2017,BATHURST ST,AVENAL DR,Major Arterial,Toronto and East York,43.696036,-79.423534,627036.277,4839319.6834,At Intersection,No Control,Clear,"Dark, artificial",Dry,101,Forest Hill South,101,Forest Hill South (101),Non-Fatal Injury,1,0,1,0,0,0,0,0,0,1,0,0,0,Pedestrian Collisions,"['Driver', 'Pedestrian']",North,"['Automobile, Station Wagon']",['Turning Left'],['Failed to Yield Right of Way'],['Inattentive'],['Vehicle turns left while ped crosses with ROW at inter.'],['Crossing with right of way'],['Normal'],[],[],[],D13,False,"['60 to 64', '55 to 59']",3.0
864,2017-05-13 08:00:00,2343,2017,MORNINGSIDE AVE,STAINES RD,Minor Arterial,Scarborough,43.819625,-79.221034,643059.6646,4853376.3444,At Intersection,Traffic Signal,Clear,"Dark, artificial",Dry,145,Malvern West,132,Malvern (132),Non-Fatal Injury,0,0,1,0,0,0,0,0,1,1,0,0,0,SMV Other,['Driver'],West,"['Automobile, Station Wagon']",['Going Ahead'],['Lost control'],['Unknown'],[],[],[],[],[],[],D42,False,['25 to 29'],3.0
865,2017-05-14 08:00:00,2230,2017,DANFORTH RD,BARRYMORE RD,Major Arterial,Scarborough,43.750331,-79.244403,641343.5981,4845639.9973,Intersection Related,No Control,Clear,"Dark, artificial",Dry,157,Bendale South,127,Bendale (127),Non-Fatal Injury,1,0,1,0,0,0,0,0,0,0,0,0,0,Pedestrian Collisions,"['Driver', 'Pedestrian']",East,"['Automobile, Station Wagon']",['Going Ahead'],['Driving Properly'],['Normal'],['Pedestrian hit at mid-block'],['Running onto Roadway'],['Normal'],[],[],[],D43,False,"['60 to 64', '15 to 19']",3.0
866,2017-05-15 08:00:00,1315,2017,MEADOWVALE RD,SHEPPARD AV E,Minor Arterial,Scarborough,43.807875,-79.170573,647146.5102,4852159.8169,Non Intersection,No Control,Clear,Daylight,Dry,143,West Rouge,131,Rouge (131),Non-Fatal Injury,0,0,1,1,0,0,0,0,0,1,0,0,0,Turning Movement,"['Motorcycle Driver', 'Driver']",North,"['Motorcycle', 'Automobile, Station Wagon']","['Going Ahead', 'Turning Left']","['Driving Properly', 'Failed to Yield Right of Way']","['Normal', 'Inattentive']",[],[],[],[],[],[],D42,False,"['20 to 24', '45 to 49']",3.0
867,2017-05-15 08:00:00,1806,2017,JANE ST,DALRYMPLE DR,Major Arterial,Etobicoke York,43.677169,-79.496097,621226.8844,4837115.6338,Non Intersection,No Control,Clear,Daylight,Dry,111,Rockcliffe-Smythe,111,Rockcliffe-Smythe (111),Non-Fatal Injury,1,0,1,0,0,0,0,0,0,0,0,0,0,Pedestrian Collisions,"['Driver', 'Pedestrian']",South,"['Automobile, Station Wagon']",['Going Ahead'],['Driving Properly'],['Normal'],['Pedestrian hit at mid-block'],"['Crossing, no Traffic Control']",['Medical or Physical Disability'],[],[],[],D12,False,"['50 to 54', '15 to 19']",3.0
868,2017-05-16 08:00:00,1135,2017,95 ELLESMERE RD,Not Applicable,Major Arterial,Scarborough,43.758727,-79.311122,635952.9582,4846460.8115,Non Intersection,No Control,Clear,Daylight,Dry,119,Wexford/Maryvale,119,Wexford/Maryvale (119),Fatal,0,0,1,0,0,0,0,0,0,0,0,0,1,SMV Other,['Driver'],East,"['Automobile, Station Wagon']",['Going Ahead'],['Lost control'],['Medical or Physical Disability'],[],[],[],[],[],[],D41,True,['80 to 84'],4.0
869,2017-05-16 08:00:00,1535,2017,CORBETT  AVE,MOULD  AVE,Local,Etobicoke York,43.671309,-79.488353,621862.9798,4836476.1501,At Intersection,No Control,Clear,Daylight,Dry,111,Rockcliffe-Smythe,111,Rockcliffe-Smythe (111),Non-Fatal Injury,1,0,1,0,0,0,0,0,0,0,0,0,0,Pedestrian Collisions,"['Pedestrian', 'Driver']",East,"['Automobile, Station Wagon']",['Going Ahead'],['Driving Properly'],['Normal'],['Vehicle is going straight thru inter.while ped cross without ROW'],['Crossing without right of way'],['Inattentive'],[],[],[],D12,False,"['5 to 9', '45 to 49']",3.0
870,2017-05-17 08:00:00,752,2017,MILLWOOD RD,OVERLEA BLVD,Major Arterial,North York,43.701914,-79.352802,632723.1588,4840083.3201,Intersection Related,Traffic Signal,Clear,Daylight,Dry,55,Thorncliffe Park,55,Thorncliffe Park (55),Non-Fatal Injury,0,1,1,0,0,0,0,0,0,0,0,0,0,Cyclist Collisions,"['Cyclist', 'Driver']",North,"['Bicycle', 'Automobile, Station Wagon']","['Merging', 'Going Ahead']",['Driving Properly'],['Normal'],[],[],[],['Cyclist and Driver travelling in same direction. One vehicle sideswipes the other.'],['Improper Lane Change'],['Normal'],D53,False,"['10 to 14', '60 to 64']",3.0
871,2017-05-17 08:00:00,1134,2017,MARKHAM RD,EGLINTON AVE E,Major Arterial,Scarborough,43.743109,-79.218875,643416.137,4844881.7636,At Intersection,Traffic Signal,Clear,Daylight,Dry,139,Scarborough Village,139,Scarborough Village (139),Non-Fatal Injury,1,0,0,0,1,0,0,0,0,1,0,0,0,Pedestrian Collisions,"['Truck Driver', 'Pedestrian']",South,['Truck-Tractor'],['Turning Right'],['Failed to Yield Right of Way'],['Normal'],['Vehicle turns right while ped crosses with ROW at inter.'],['Crossing with right of way'],['Normal'],[],[],[],D43,False,"['45 to 49', '55 to 59', '50 to 54']",3.0
872,2017-05-17 08:00:00,1900,2017,SHEPPARD AVE E,YORKLAND RD,Major Arterial,North York,43.775824,-79.337718,633773.866,4848316.3794,At Intersection,Traffic Signal,Clear,Dusk,Dry,53,Henry Farm,46,Pleasant View (46),Non-Fatal Injury,1,0,1,0,0,0,0,0,0,0,0,0,0,Pedestrian Collisions,"['Driver', 'Pedestrian']",East,"['Automobile, Station Wagon']",['Going Ahead'],['Driving Properly'],['Normal'],['Vehicle is going straight thru inter.while ped cross without ROW'],['Crossing marked crosswalk without ROW'],['Inattentive'],[],[],[],D33,False,"['15 to 19', '20 to 24']",3.0
873,2017-05-18 08:00:00,1423,2017,BLOOR ST W,KENNEDY AVE,Major Arterial,Toronto and East York,43.651286,-79.47549,622940.8137,4834271.3108,Intersection Related,No Control,Clear,Daylight,Dry,87,High Park-Swansea,88,High Park North (88),Non-Fatal Injury,1,0,1,0,0,0,0,0,0,0,0,0,0,Pedestrian Collisions,"['Driver', 'Pedestrian']",West,['Pick Up Truck'],['Going Ahead'],['Driving Properly'],['Normal'],['Other / Undefined'],['Other'],"['Ability Impaired, Alcohol Over .80']",[],[],[],D11,False,"['30 to 34', '55 to 59']",3.0
874,2017-05-19 08:00:00,2356,2017,EGLINTON AVE W,DUPLEX AVE,Major Arterial,North York,43.706278,-79.400241,628891.3649,4840493.1521,At Intersection,Traffic Controller,Clear,"Daylight, artificial",Dry,100,Yonge-Eglinton,100,Yonge-Eglinton (100),Non-Fatal Injury,0,0,1,0,0,0,0,1,0,0,0,1,0,SMV Other,"['Driver', 'Passenger']",South,"['Automobile, Station Wagon']",['Turning Right'],['Lost control'],"['Ability Impaired, Alcohol']",[],[],[],[],[],[],D53,False,['20 to 24'],3.0
875,2017-05-20 08:00:00,1740,2017,EGLINTON AVE E,DANFORTH RD,Major Arterial,Scarborough,43.737235,-79.245181,641311.7719,4844184.1608,Non Intersection,No Control,Clear,Daylight,Dry,138,Eglinton East,138,Eglinton East (138),Non-Fatal Injury,0,0,1,0,0,0,0,1,0,1,0,0,0,Rear End,"['Driver', 'Passenger']",East,"['Automobile, Station Wagon']",['Going Ahead'],"['Following too Close', 'Driving Properly']","['Inattentive', 'Normal']",[],[],[],[],[],[],D43,False,"['40 to 44', '45 to 49', '65 to 69', '80 to 84', '0 to 4', '25 to 29', '60 to 64', '50 to 54']",3.0
876,2017-05-23 08:00:00,900,2017,DUNDAS ST E,CARLAW AVE,Minor Arterial,Toronto and East York,43.664771,-79.341571,633710.6007,4835976.1181,At Intersection,Traffic Signal,Clear,Daylight,Dry,70,South Riverdale,70,South Riverdale (70),Non-Fatal Injury,0,1,1,0,0,0,0,0,0,0,0,0,0,Cyclist Collisions,"['Cyclist', 'Driver']",East,"['Bicycle', 'Automobile, Station Wagon']","['Going Ahead', 'Turning Left']","['Other', 'Driving Properly']",['Normal'],[],[],[],"['Cyclist without ROW rides into path of motorist at inter, lnwy, dwy-Cyclist not turn.']",['Disobeyed Traffic Control'],['Unknown'],D55,False,"['20 to 24', '35 to 39', '55 to 59']",3.0
877,2017-05-24 08:00:00,1815,2017,1395 LAKE SHORE BLVD W,Not Applicable,Major Arterial,Toronto and East York,43.635432,-79.441371,625725.3592,4832561.6333,Non Intersection,No Control,Clear,Daylight,Dry,85,South Parkdale,85,South Parkdale (85),Fatal,0,1,0,0,0,0,0,0,0,0,0,0,0,Cyclist Collisions,['Cyclist'],West,['Bicycle'],['Going Ahead'],[],[],[],[],[],['Insufficient information (to determine cyclist crash type).'],['Lost control'],['Normal'],D14,True,['5 to 9'],4.0
878,2017-05-25 08:00:00,2150,2017,MOUNT PLEASANT RD,BROADWAY AVE,Major Arterial,North York,43.711058,-79.391185,629610.7039,4841038.1587,At Intersection,Traffic Signal,Rain,"Dark, artificial",Wet,99,Mount Pleasant East,99,Mount Pleasant East (99),Non-Fatal Injury,0,1,1,0,0,0,0,1,0,1,0,0,0,Cyclist Collisions,"['Driver', 'Cyclist', 'Passenger']",North,"['Automobile, Station Wagon', 'Bicycle']","['Turning Left', 'Going Ahead']",['Failed to Yield Right of Way'],['Inattentive'],[],[],[],['Motorist turned left across cyclists path.'],['Driving Properly'],['Normal'],D53,False,"['15 to 19', '65 to 69']",3.0
879,2017-05-27 08:00:00,548,2017,EGLINTON AVE E,VICTORIA PARK AVE,Major Arterial,North York,43.72465,-79.302608,636715.88,4842690.0628,At Intersection,Traffic Controller,Clear,Dawn,Dry,120,Clairlea-Birchmount,120,Clairlea-Birchmount (120),Non-Fatal Injury,0,0,1,0,0,0,0,1,0,1,0,0,0,Angle,"['Driver', 'Passenger']",East,"['Automobile, Station Wagon']",['Going Ahead'],"['Disobeyed Traffic Control', 'Driving Properly']","['Fatigue', 'Normal']",[],[],[],[],[],[],D41,False,"['25 to 29', '30 to 34']",3.0
880,2017-05-28 08:00:00,1025,2017,66 BLACKSMITH CRES,Not Applicable,Local,North York,43.771647,-79.524562,618745.5455,4847567.5398,Non Intersection,No Control,Clear,Daylight,Dry,24,Black Creek,24,Black Creek (24),Non-Fatal Injury,0,0,1,0,0,0,0,0,0,0,0,0,1,SMV Unattended Vehicle,['Driver'],West,"['Automobile, Station Wagon']",['Going Ahead'],['Lost control'],['Medical or Physical Disability'],[],[],[],[],[],[],D31,False,['85 to 89'],3.0
881,2017-05-28 08:00:00,1345,2017,YONGE ST,YORK MILLS RD,Major Arterial,North York,43.744078,-79.40668,628291.8579,4844681.3951,At Intersection,Traffic Signal,Clear,Daylight,Dry,40,St.Andrew-Windfields,40,St.Andrew-Windfields (40),Non-Fatal Injury,0,0,1,1,0,0,0,1,0,1,1,0,0,Angle,"['Driver', 'Motorcycle Driver', 'Passenger']",East,"['Automobile, Station Wagon', 'Motorcycle']","['Going Ahead', 'Stopped']","['Disobeyed Traffic Control', 'Driving Properly']","['Inattentive', 'Normal']",[],[],[],[],[],[],D32,False,"['40 to 44', '30 to 34', '65 to 69', '55 to 59', '75 to 79']",3.0
882,2017-05-29 08:00:00,1343,2017,OAKWOOD AVE,VAUGHAN RD,Minor Arterial,Toronto and East York,43.692584,-79.440807,625651.564,4838909.9722,At Intersection,Traffic Signal,Clear,Daylight,Dry,107,Oakwood Village,107,Oakwood Village (107),Non-Fatal Injury,0,0,1,1,0,0,0,0,0,0,0,0,0,Turning Movement,"['Driver', 'Motorcycle Driver']",North,"['Automobile, Station Wagon', 'Motorcycle']","['Turning Left', 'Going Ahead']","['Improper Turn', 'Driving Properly']","['Inattentive', 'Normal']",[],[],[],[],[],[],D13,False,"['60 to 64', '35 to 39']",3.0
883,2017-05-30 08:00:00,1305,2017,960 LAWRENCE AVE W,Not Applicable,Major Arterial,North York,43.71353,-79.457065,624298.0651,4841211.8086,At/Near Private Drive,No Control,Clear,Daylight,Dry,31,Yorkdale-Glen Park,31,Yorkdale-Glen Park (31),Non-Fatal Injury,0,0,1,0,0,0,0,1,0,1,0,0,0,Turning Movement,"['Driver', 'Passenger']",East,"['Automobile, Station Wagon', 'Delivery Van']","['Turning Left', 'Going Ahead', 'Slowing or Stopping']","['Failed to Yield Right of Way', 'Driving Properly']","['Inattentive', 'Normal']",[],[],[],[],[],[],D13,False,"['70 to 74', '65 to 69', '50 to 54', '60 to 64', '80 to 84']",3.0
884,2017-05-30 08:00:00,1750,2017,FRONT ST E,LOWER JARVIS ST,Major Arterial,Toronto and East York,43.649378,-79.371425,631337.1552,4834218.8379,At Intersection,Traffic Signal,Rain,Daylight,Wet,166,St Lawrence-East Bayfront-The Islands,77,Waterfront Communities-The Island (77),Non-Fatal Injury,0,0,0,1,0,0,0,0,1,1,0,0,0,SMV Other,['Motorcycle Driver'],West,['Motorcycle'],['Slowing or Stopping'],['Speed too Fast For Condition'],['Inattentive'],[],[],[],[],[],[],D51,False,['30 to 34'],3.0
885,2017-05-31 08:00:00,900,2017,ELLESMERE RD,BELLAMY RD N,Major Arterial,Scarborough,43.774333,-79.241718,641503.1694,4848310.3764,At Intersection,Traffic Signal,Clear,Daylight,Dry,142,Woburn North,137,Woburn (137),Non-Fatal Injury,1,0,1,0,0,0,0,0,0,1,0,0,0,Pedestrian Collisions,"['Driver', 'Pedestrian']",East,"['Automobile, Station Wagon']","['Turning Left', 'Going Ahead']","['Failed to Yield Right of Way', 'Driving Properly']","['Inattentive', 'Normal']",['Pedestrian hit on sidewalk or shoulder'],['On Sidewalk or Shoulder'],['Normal'],[],[],[],D43,False,"['50 to 54', '80 to 84', '20 to 24']",3.0
886,2017-05-31 08:00:00,950,2017,BAYVIEW AVE,BURLEIGH HEIGHTS DR,Major Arterial,North York,43.779303,-79.390872,629488.6919,4848618.2651,At Intersection,No Control,Clear,Daylight,Dry,52,Bayview Village,52,Bayview Village (52),Fatal,1,0,1,0,0,0,0,0,0,0,0,0,0,Pedestrian Collisions,"['Driver', 'Pedestrian']",West,"['Automobile, Station Wagon']",['Going Ahead'],['Driving Properly'],['Normal'],['Vehicle is going straight thru inter.while ped cross without ROW'],"['Crossing, no Traffic Control', 'Crossing without right of way']",['Normal'],[],[],[],D33,True,"['40 to 44', '15 to 19']",4.0
887,2017-05-31 08:00:00,1540,2017,ELLESMERE RD,CONLINS RD,Minor Arterial,Scarborough,43.787841,-79.183223,646177.8674,4849912.2959,Intersection Related,Traffic Signal,Clear,Daylight,Dry,134,Highland Creek,134,Highland Creek (134),Non-Fatal Injury,0,1,1,0,0,0,0,0,0,0,0,0,0,Cyclist Collisions,"['Cyclist', 'Driver']",North,"['Bicycle', 'Automobile, Station Wagon']",['Going Ahead'],['Driving Properly'],['Unknown'],[],[],[],"['Cyclist without ROW rides into path of motorist at inter, lnwy, dwy-Cyclist not turn.']",['Disobeyed Traffic Control'],['Normal'],D43,False,"['15 to 19', '35 to 39']",3.0
888,2017-05-31 08:00:00,1800,2017,JANE ST,TROUTBROOKE DR,Major Arterial,Etobicoke York,43.731745,-79.511234,619897.8616,4843155.0385,At Intersection,Traffic Signal,Clear,Daylight,Dry,154,Oakdale-Beverley Heights,26,Downsview-Roding-CFB (26),Non-Fatal Injury,0,0,1,0,0,0,0,0,0,0,0,0,0,SMV Other,['Driver'],North,['Pick Up Truck'],['Going Ahead'],['Lost control'],['Normal'],[],[],[],[],[],[],D31,False,['30 to 34'],3.0
889,2017-06-01 08:00:00,1504,2017,GERRARD ST E,ST MATTHEWS RD,Minor Arterial,Toronto and East York,43.66474,-79.355136,632616.9807,4835950.9014,Non Intersection,No Control,Clear,Daylight,Dry,70,South Riverdale,70,South Riverdale (70),Non-Fatal Injury,1,0,1,0,0,0,0,0,0,0,0,0,0,Pedestrian Collisions,"['Driver', 'Pedestrian']",North,"['Automobile, Station Wagon']",['Going Ahead'],['Driving Properly'],['Normal'],['Pedestrian hit at mid-block'],"['Crossing, no Traffic Control']",['Normal'],[],[],[],D55,False,"['55 to 59', '60 to 64']",3.0
890,2017-06-01 08:00:00,2018,2017,OSSINGTON AVE,DUPONT ST,Major Arterial,Toronto and East York,43.670024,-79.428981,626652.0622,4836422.3665,At Intersection,Traffic Signal,Clear,Daylight,Dry,172,Dovercourt Village,93,Dovercourt-Wallace Emerson-Junction (93),Non-Fatal Injury,0,0,1,1,0,0,0,0,0,0,0,0,0,Turning Movement,"['Driver', 'Motorcycle Driver']",North,"['Automobile, Station Wagon', 'Motorcycle']","['Turning Left', 'Going Ahead']","['Improper Turn', 'Driving Properly']",['Normal'],[],[],[],[],[],[],D14,False,"['30 to 34', '25 to 29']",3.0
891,2017-06-03 08:00:00,156,2017,EGLINTON AVE W,MIRANDA AVE,Major Arterial,North York,43.694552,-79.455058,624499.0278,4839107.0496,Intersection Related,Stop Sign,Clear,"Dark, artificial",Dry,109,Caledonia-Fairbank,109,Caledonia-Fairbank (109),Non-Fatal Injury,1,0,1,0,0,0,0,0,0,1,0,0,0,Pedestrian Collisions,"['Pedestrian', 'Driver']",South,['Pick Up Truck'],['Going Ahead'],['Failed to Yield Right of Way'],['Had Been Drinking'],['Pedestrian hit at mid-block'],"['Crossing, no Traffic Control']",['Normal'],[],[],[],D13,False,"['20 to 24', '35 to 39']",3.0
892,2017-06-03 08:00:00,1134,2017,RIDGEMOOR AVE,KINGSTON RD,Major Arterial,Scarborough,43.706267,-79.251254,640895.2985,4840734.3674,At Intersection,Traffic Signal,Clear,Daylight,Dry,122,Birchcliffe-Cliffside,122,Birchcliffe-Cliffside (122),Fatal,1,0,1,0,0,0,0,0,0,1,0,0,0,Pedestrian Collisions,"['Driver', 'Pedestrian']",North,"['Automobile, Station Wagon']",['Turning Left'],['Failed to Yield Right of Way'],['Inattentive'],['Vehicle turns left while ped crosses with ROW at inter.'],['Crossing with right of way'],['Normal'],[],[],[],D41,True,"['55 to 59', '70 to 74']",4.0
893,2017-06-03 08:00:00,2330,2017,ST CLAIR AVE W,CALEDONIA RD,Major Arterial,Toronto and East York,43.67528,-79.45473,624565.3413,4836967.1254,Intersection Related,Traffic Signal,Clear,"Dark, artificial",Dry,92,Corso Italia-Davenport,92,Corso Italia-Davenport (92),Non-Fatal Injury,0,1,1,0,0,0,0,0,0,1,0,0,0,Cyclist Collisions,"['Driver', 'Cyclist']",West,"['Automobile, Station Wagon', 'Bicycle']",['Going Ahead'],['Improper Passing'],['Inattentive'],[],[],[],['Cyclist and Driver travelling in same direction. One vehicle sideswipes the other.'],['Driving Properly'],['Normal'],D13,False,"['unknown', '40 to 44']",3.0
894,2017-06-05 08:00:00,1732,2017,KIPLING  AVE,NAMCO  RD,Major Arterial,Etobicoke York,43.708155,-79.565051,615609.0342,4840458.5794,At Intersection,Stop Sign,Clear,Daylight,Dry,1,West Humber-Clairville,1,West Humber-Clairville (1),Non-Fatal Injury,0,0,1,1,0,0,0,1,0,1,0,0,0,Angle,"['Driver', 'Motorcycle Driver', 'Passenger']",East,"['Automobile, Station Wagon', 'Motorcycle']",['Going Ahead'],"['Failed to Yield Right of Way', 'Driving Properly']",['Normal'],[],[],[],[],[],[],D23,False,"['30 to 34', '60 to 64', '55 to 59']",3.0
895,2017-06-06 08:00:00,825,2017,BAYVIEW AVE,POTTERY RD,Major Arterial,North York,43.688643,-79.36375,631870.0996,4838591.9217,Non Intersection,No Control,Rain,Daylight,Wet,56,Leaside-Bennington,56,Leaside-Bennington (56),Non-Fatal Injury,0,0,0,1,0,0,0,0,0,0,0,0,0,SMV Other,['Motorcycle Driver'],South,['Motorcycle'],['Slowing or Stopping'],['Lost control'],['Normal'],[],[],[],[],[],[],D53,False,['25 to 29'],3.0
896,2017-06-06 08:00:00,1320,2017,MARKHAM  RD,ELLESMERE RD,Major Arterial,Scarborough,43.777068,-79.231982,642280.2263,4848630.8275,Non Intersection,No Control,Rain,Daylight,Wet,142,Woburn North,137,Woburn (137),Non-Fatal Injury,1,0,1,0,0,0,0,0,0,0,0,0,0,Pedestrian Collisions,"['Pedestrian', 'Driver']",South,"['Automobile, Station Wagon']",['Going Ahead'],['Lost control'],['Normal'],['Pedestrian hit on sidewalk or shoulder'],['On Sidewalk or Shoulder'],['Normal'],[],[],[],D43,False,"['20 to 24', '40 to 44']",3.0
897,2017-06-07 08:00:00,701,2017,COLLEGE ST,DUFFERIN ST,Major Arterial,Toronto and East York,43.652568,-79.432521,626403.2993,4834478.2491,Intersection Related,Traffic Signal,Clear,Daylight,Dry,84,Little Portugal,84,Little Portugal (84),Non-Fatal Injury,0,1,1,0,0,0,0,0,0,1,0,0,0,Cyclist Collisions,"['Driver', 'Cyclist']",East,"['Pick Up Truck', 'Bicycle']","['Turning Left', 'Going Ahead']",['Failed to Yield Right of Way'],['Inattentive'],[],[],[],['Motorist turned left across cyclists path.'],['Driving Properly'],['Normal'],D14,False,"['50 to 54', '65 to 69']",3.0
898,2017-06-07 08:00:00,715,2017,DUNDAS ST W,ELIZABETH ST,Major Arterial,Toronto and East York,43.655352,-79.385181,630214.8732,4834860.6499,At Intersection,No Control,Clear,Daylight,Dry,170,Yonge-Bay Corridor,76,Bay Street Corridor (76),Non-Fatal Injury,0,1,1,0,0,0,0,0,0,1,0,0,0,Cyclist Collisions,"['Driver', 'Cyclist']",East,"['Automobile, Station Wagon', 'Bicycle']","['Turning Left', 'Going Ahead']",['Failed to Yield Right of Way'],['Inattentive'],[],[],[],['Motorist turned left across cyclists path.'],['Driving Properly'],['Normal'],D52,False,"['55 to 59', '25 to 29']",3.0
899,2017-06-08 08:00:00,1030,2017,DAVENPORT RD,AVENUE RD,Major Arterial,Toronto and East York,43.674872,-79.395358,629352.2852,4837012.6859,Non Intersection,No Control,Clear,Daylight,Dry,95,Annex,95,Annex (95),Non-Fatal Injury,0,1,0,0,1,0,0,0,0,0,0,0,0,Cyclist Collisions,"['Truck Driver', 'Cyclist']",East,"['Truck - Closed (Blazer, etc)', 'Bicycle']",['Going Ahead'],['Other'],['Normal'],[],[],[],['Cyclist and Driver travelling in same direction. One vehicle sideswipes the other.'],['Other'],['Normal'],D53,False,"['35 to 39', '20 to 24']",3.0
900,2017-06-09 08:00:00,135,2017,SYMINGTON AVE,DUPONT ST,Collector,Toronto and East York,43.665156,-79.451022,624885.2438,4835848.2957,Non Intersection,No Control,Clear,"Dark, artificial",Dry,171,Junction-Wallace Emerson,93,Dovercourt-Wallace Emerson-Junction (93),Non-Fatal Injury,0,0,1,0,0,0,0,0,0,1,0,0,0,SMV Unattended Vehicle,['Driver'],South,"['Automobile, Station Wagon']",['Going Ahead'],['Lost control'],['Unknown'],[],[],[],[],[],[],D11,False,['20 to 24'],3.0