accident_number,date,time,year,street1,street2,road_class,district,latitude,longitude,x,y,accident_location,traffctl,visibility,light,road_surface_condition,hood_158,neighbourhood_new,hood_140,neighbourhood_old,accident_class,pedestrian,cyclist,automobile,motorcycle,truck,trsn_city_veh,emerg_veh,passenger,speeding,aggressive_driving,redlight,alcohol,disability,impact_type,involvement_type,initial_direction,vehicle_type,manoeuver,driver_action,driver_condition,pedestrian_type,pedestrian_action,pedestrian_condition,cyclist_type,cyclist_action,cyclist_condition,division,injury,involvement_age,injury_severity_score
946,2017-07-18 08:00:00,1504,2017,BLOOR ST W,JANE ST,Major Arterial,Toronto and East York,43.64926,-79.484439,622223.2438,4834033.0786,At Intersection,Traffic Signal,Clear,Daylight,Dry,87,High Park-Swansea,87,High Park-Swansea (87),Fatal,0,0,0,1,1,0,0,0,0,0,0,0,0,Rear End,"['Motorcycle Driver', 'Truck Driver']",East,"['Motorcycle', 'Truck - Dump']",['Going Ahead'],"['Driving Properly', 'Other']","['Unknown', 'Normal']",[],[],[],[],[],[],D11,True,"['70 to 74', '40 to 44']",4.0
947,2017-07-18 08:00:00,2115,2017,BATHURST ST,BRENTHALL AVE,Major Arterial,North York,43.774478,-79.443141,625292.5754,4848001.9508,At Intersection,Stop Sign,Clear,"Daylight, artificial",Dry,36,Newtonbrook West,36,Newtonbrook West (36),Non-Fatal Injury,0,0,1,1,0,0,0,0,0,0,0,0,0,Turning Movement,"['Motorcycle Driver', 'Driver']",North,"['Motorcycle', 'Automobile, Station Wagon']","['Going Ahead', 'Turning Left']","['Driving Properly', 'Improper Turn']","['Normal', 'Unknown']",[],[],[],[],[],[],D32,False,"['45 to 49', 'unknown']",3.0
948,2017-07-19 08:00:00,1548,2017,SPADINA RD,MACPHERSON AVE,Minor Arterial,Toronto and East York,43.675795,-79.407451,628375.4748,4837096.4101,At Intersection,No Control,Clear,Daylight,Dry,96,Casa Loma,96,Casa Loma (96),Non-Fatal Injury,0,0,1,0,0,0,0,0,0,1,0,0,0,Turning Movement,['Driver'],North,"['Automobile, Station Wagon', 'Other']","['Going Ahead', 'Turning Left']","['Driving Properly', 'Improper Turn']",['Normal'],[],[],[],[],[],[],D53,False,"['25 to 29', '10 to 14']",3.0
949,2017-07-19 08:00:00,1659,2017,ELLESMERE RD,KENNEDY RD,Major Arterial,Scarborough,43.765731,-79.28104,638358.4083,4847288.5359,At Intersection,Traffic Signal,Clear,Daylight,Dry,126,Dorset Park,126,Dorset Park (126),Non-Fatal Injury,0,0,0,0,0,1,0,1,0,0,0,0,0,Other,"['Passenger', 'Driver']",West,['Municipal Transit Bus (TTC)'],['Pulling Away from Shoulder or Curb'],['Driving Properly'],['Normal'],[],[],[],[],[],[],D41,False,"['55 to 59', '35 to 39']",3.0
950,2017-07-20 08:00:00,624,2017,BREMNER BLVD,SPADINA AVE,Major Arterial,Toronto and East York,43.64049,-79.392963,629619.3096,4833197.8481,At Intersection,Traffic Signal,Clear,Daylight,Dry,165,Harbourfront-CityPlace,77,Waterfront Communities-The Island (77),Non-Fatal Injury,1,0,1,0,0,0,0,0,0,0,0,0,0,Pedestrian Collisions,"['Driver', 'Pedestrian']",North,"['Automobile, Station Wagon']",['Going Ahead'],['Driving Properly'],['Normal'],['Vehicle is going straight thru inter.while ped cross without ROW'],['Crossing without right of way'],['Normal'],[],[],[],D52,False,"['20 to 24', '30 to 34']",3.0
951,2017-07-22 08:00:00,2134,2017,ALBION RD,ISLINGTON AVE,Major Arterial,Etobicoke York,43.737166,-79.565257,615536.6595,4843680.3692,At Intersection,Traffic Signal,Rain,"Dark, artificial",Wet,3,Thistletown-Beaumond Heights,3,Thistletown-Beaumond Heights (3),Non-Fatal Injury,0,0,1,1,0,0,0,1,0,0,0,0,0,Turning Movement,"['Driver', 'Motorcycle Driver', 'Passenger']",East,"['Automobile, Station Wagon', 'Motorcycle']","['Turning Left', 'Going Ahead']","['Improper Turn', 'Driving Properly']","['Inattentive', 'Normal']",[],[],[],[],[],[],D23,False,"['45 to 49', '55 to 59', '5 to 9']",3.0
952,2017-07-22 08:00:00,2305,2017,SCARBOROUGH GOLF CLUB RD,LAWRENCE AVE E,Minor Arterial,Scarborough,43.760802,-79.215762,643624.467,4846852.2373,Non Intersection,No Control,Clear,"Dark, artificial",Dry,141,Golfdale-Cedarbrae-Woburn,137,Woburn (137),Fatal,1,0,1,0,0,0,0,1,0,0,0,0,0,Pedestrian Collisions,"['Passenger', 'Pedestrian', 'Driver']",East,"['Automobile, Station Wagon']",['Going Ahead'],['Driving Properly'],['Normal'],['Pedestrian hit at mid-block'],"['Crossing, no Traffic Control']",['Normal'],[],[],[],D43,True,"['45 to 49', '80 to 84', '25 to 29', '20 to 24']",4.0
953,2017-07-23 08:00:00,620,2017,114 TORYORK  DR,Not Applicable,Collector,Etobicoke York,43.756503,-79.551357,616618.4482,4845847.4986,Non Intersection,No Control,Clear,Dawn,Dry,21,Humber Summit,21,Humber Summit (21),Non-Fatal Injury,0,0,1,0,0,0,0,0,1,1,0,0,0,SMV Other,['Driver'],East,"['Automobile, Station Wagon']",['Going Ahead'],['Lost control'],['Unknown'],[],[],[],[],[],[],D31,False,['30 to 34'],3.0
954,2017-07-26 08:00:00,746,2017,LAWRENCE AVE E,CARNFORTH RD,Major Arterial,North York,43.741427,-79.314204,635743.9627,4844534.3309,At Intersection,Traffic Signal,Clear,Daylight,Dry,43,Victoria Village,43,Victoria Village (43),Non-Fatal Injury,0,0,1,1,0,0,0,0,0,1,0,0,0,Rear End,"['Motorcycle Driver', 'Driver']",West,"['Motorcycle', 'Automobile, Station Wagon']","['Going Ahead', 'Slowing or Stopping']","['Following too Close', 'Driving Properly']",['Normal'],[],[],[],[],[],[],D33,False,"['50 to 54', '20 to 24']",3.0
955,2017-07-26 08:00:00,1751,2017,DUNDAS ST W,CARLYLE ST,Major Arterial,Toronto and East York,43.652083,-79.404804,628639.4879,4834466.9773,At Intersection,No Control,Clear,Daylight,Dry,78,Kensington-Chinatown,78,Kensington-Chinatown (78),Non-Fatal Injury,0,1,1,0,0,0,0,0,0,0,0,0,0,Cyclist Collisions,"['Cyclist', 'Driver']",East,"['Bicycle', 'Automobile, Station Wagon']","['Going Ahead', 'Turning Left']",['Improper Turn'],['Inattentive'],[],[],[],['Motorist turned left across cyclists path.'],['Driving Properly'],['Normal'],D14,False,"['60 to 64', '50 to 54']",3.0
956,2017-07-26 08:00:00,2100,2017,EGLINTON AVE E,VICTORIA PARK AVE,Major Arterial,North York,43.72465,-79.302608,636715.88,4842690.0628,At Intersection,Traffic Signal,Rain,"Dark, artificial",Wet,120,Clairlea-Birchmount,120,Clairlea-Birchmount (120),Non-Fatal Injury,1,0,1,0,0,0,0,0,0,1,0,0,0,Pedestrian Collisions,"['Pedestrian', 'Driver']",East,"['Automobile, Station Wagon']",['Turning Left'],['Failed to Yield Right of Way'],['Inattentive'],['Vehicle turns left while ped crosses with ROW at inter.'],['Crossing with right of way'],['Normal'],[],[],[],D41,False,"['65 to 69', '55 to 59']",3.0
957,2017-07-27 08:00:00,1540,2017,QUEEN ST W,YONGE  ST,Major Arterial,Toronto and East York,43.652369,-79.379222,630701.8679,4834538.7172,At Intersection,Traffic Signal,Clear,Daylight,Dry,168,Downtown Yonge East,75,Church-Yonge Corridor (75),Non-Fatal Injury,0,0,0,0,0,1,0,1,0,0,0,0,0,Other,"['Passenger', 'Driver']",East,['Municipal Transit Bus (TTC)'],['Pulling Away from Shoulder or Curb'],['Driving Properly'],['Normal'],[],[],[],[],[],[],D51,False,"['65 to 69', '40 to 44']",3.0
958,2017-07-28 08:00:00,1830,2017,YONGE ST,BOGERT AVE,Major Arterial,North York,43.760642,-79.410709,627932.1473,4846514.8422,At Intersection,No Control,Clear,Daylight,Dry,153,Avondale,51,Willowdale East (51),Non-Fatal Injury,0,0,1,1,0,0,0,1,0,0,0,0,0,Sideswipe,"['Driver', 'Motorcycle Driver', 'Passenger']",South,"['Automobile, Station Wagon', 'Motorcycle']","['Changing Lanes', 'Going Ahead']","['Improper Lane Change', 'Driving Properly']","['Inattentive', 'Normal']",[],[],[],[],[],[],D32,False,"['55 to 59', '50 to 54', '25 to 29', '15 to 19']",3.0
959,2017-07-30 08:00:00,237,2017,DUNDAS ST W,KEELE ST,Major Arterial,Toronto and East York,43.665332,-79.464519,623796.686,4835847.6142,At Intersection,Traffic Signal,Clear,Dark,Dry,90,Junction Area,90,Junction Area (90),Non-Fatal Injury,0,0,1,0,0,0,0,0,1,1,0,1,0,Angle,['Driver'],East,"['Automobile, Station Wagon']",['Going Ahead'],"['Other', 'Driving Properly']","['Ability Impaired, Alcohol Over .08', 'Normal']",[],[],[],[],[],[],D11,False,"['55 to 59', '60 to 64']",3.0
960,2017-07-31 08:00:00,139,2017,BATHURST ST,FINCH AVE W,Major Arterial,Toronto and East York,43.773787,-79.442966,625308.1023,4847925.4696,At Intersection,Traffic Signal,Clear,"Daylight, artificial",Dry,37,Willowdale West,37,Willowdale West (37),Non-Fatal Injury,0,0,1,0,0,0,0,1,0,1,1,0,0,Angle,"['Passenger', 'Driver']",South,"['Automobile, Station Wagon']",['Going Ahead'],"['Driving Properly', 'Disobeyed Traffic Control']",['Normal'],[],[],[],[],[],[],D32,False,"['70 to 74', '25 to 29', '75 to 79', '30 to 34']",3.0
961,2017-07-31 08:00:00,713,2017,SHERBOURNE ST,DUNDAS ST E,Major Arterial,Toronto and East York,43.658221,-79.37099,631352.9556,4835201.6583,At Intersection,Traffic Signal,Clear,Daylight,Dry,73,Moss Park,73,Moss Park (73),Fatal,1,0,1,0,0,0,0,0,1,1,0,0,0,Pedestrian Collisions,"['Pedestrian', 'Driver']",Unknown,"['Automobile, Station Wagon']",['Going Ahead'],['Lost control'],['Fatigue'],"['Other / Undefined', 'Pedestrian hit on sidewalk or shoulder']","['Crossing with right of way', 'On Sidewalk or Shoulder']",['Normal'],[],[],[],D51,True,"['45 to 49', '70 to 74', '25 to 29']",4.0
962,2017-07-31 08:00:00,1345,2017,MARTIN GROVE RD,WESTHUMBER  BLVD,Major Arterial,Etobicoke York,43.725955,-79.586673,613833.3015,4842405.59,At Intersection,Traffic Signal,Clear,Daylight,Dry,1,West Humber-Clairville,1,West Humber-Clairville (1),Non-Fatal Injury,0,0,1,0,0,1,0,1,0,0,0,0,0,Turning Movement,"['Passenger', 'Driver']",North,"['Automobile, Station Wagon', 'Municipal Transit Bus (TTC)']","['Going Ahead', 'Turning Left']","['Driving Properly', 'Improper Turn']",['Normal'],[],[],[],[],[],[],D23,False,"['65 to 69', '25 to 29', '45 to 49']",3.0
963,2017-08-01 08:00:00,1648,2017,YONGE  ST,WEDGEWOOD  DR,Major Arterial,North York,43.788905,-79.417781,627302.8862,4849642.9796,At Intersection,No Control,Clear,Daylight,Dry,50,Newtonbrook East,50,Newtonbrook East (50),Non-Fatal Injury,0,0,1,0,0,0,0,1,0,1,0,0,0,Turning Movement,"['Driver', 'Passenger']",North,"['Automobile, Station Wagon']","['Turning Left', 'Going Ahead']","['Failed to Yield Right of Way', 'Driving Properly']",['Normal'],[],[],[],[],[],[],D32,False,"['20 to 24', '60 to 64', '35 to 39']",3.0
964,2017-08-01 08:00:00,1735,2017,GRANGE AVE,LARCH ST,Local,Toronto and East York,43.652007,-79.396526,629307.2107,4834471.4025,At Intersection,No Control,Clear,Daylight,Dry,78,Kensington-Chinatown,78,Kensington-Chinatown (78),Non-Fatal Injury,0,1,1,0,0,0,0,0,0,0,0,0,0,Cyclist Collisions,"['Cyclist', 'Driver']",East,"['Bicycle', 'Automobile, Station Wagon']","['Going Ahead', 'Slowing or Stopping']",['Driving Properly'],['Normal'],[],[],[],['Cyclist and Driver travelling in same direction. One vehicle rear-ended the other.'],['Failed to Yield Right of Way'],['Inattentive'],D52,False,"['30 to 34', '60 to 64']",3.0
965,2017-08-02 08:00:00,123,2017,BRIMLEY RD,SHEPPARD AVE E,Major Arterial,Scarborough,43.787505,-79.268276,639335.2048,4849728.286,At Intersection,Traffic Signal,Clear,"Dark, artificial",Dry,128,Agincourt South-Malvern West,128,Agincourt South-Malvern West (128),Non-Fatal Injury,0,0,1,0,0,0,0,0,0,1,0,0,0,Turning Movement,['Driver'],North,"['Automobile, Station Wagon']","['Going Ahead', 'Turning Left']","['Driving Properly', 'Improper Turn']","['Normal', 'Inattentive']",[],[],[],[],[],[],D42,False,"['20 to 24', '55 to 59']",3.0
966,2017-08-05 08:00:00,225,2017,BAY ST,FRONT ST W,Major Arterial,Toronto and East York,43.645484,-79.378894,630743.256,4833774.5645,At/Near Private Drive,No Control,Clear,"Dark, artificial",Dry,166,St Lawrence-East Bayfront-The Islands,77,Waterfront Communities-The Island (77),Non-Fatal Injury,1,0,1,0,0,0,0,0,0,0,0,0,0,Pedestrian Collisions,"['Driver', 'Pedestrian']",East,"['Automobile, Station Wagon']",['Going Ahead'],['Driving Properly'],['Inattentive'],['Pedestrian hit at mid-block'],"['Crossing, no Traffic Control']",['Had Been Drinking'],[],[],[],D52,False,"['50 to 54', '20 to 24']",3.0
967,2017-08-05 08:00:00,2245,2017,YORK MILLS RD,YONGE ST,Major Arterial,North York,43.744078,-79.40668,628291.8579,4844681.3951,At Intersection,Traffic Signal,Clear,"Dark, artificial",Dry,40,St.Andrew-Windfields,40,St.Andrew-Windfields (40),Non-Fatal Injury,1,0,1,0,0,0,0,0,0,1,0,0,0,Pedestrian Collisions,"['Pedestrian', 'Driver']",South,"['Automobile, Station Wagon']",['Turning Right'],['Failed to Yield Right of Way'],['Inattentive'],['Vehicle turns right while ped crosses with ROW at inter.'],['Crossing with right of way'],['Normal'],[],[],[],D32,False,"['70 to 74', '15 to 19']",3.0
968,2017-08-06 08:00:00,1125,2017,KEELE ST,ANNETTE ST,Major Arterial,Toronto and East York,43.663581,-79.463763,623861.2393,4835654.271,Intersection Related,Traffic Signal,Clear,Daylight,Dry,90,Junction Area,90,Junction Area (90),Non-Fatal Injury,1,0,1,0,0,0,0,1,0,1,1,0,0,Pedestrian Collisions,"['Driver', 'Passenger', 'Pedestrian']",East,"['Automobile, Station Wagon']",['Going Ahead'],"['Disobeyed Traffic Control', 'Driving Properly']",['Normal'],['Vehicle is going straight thru inter.while ped cross with ROW'],['Walking on Roadway Against Traffic'],['Normal'],[],[],[],D11,False,"['50 to 54', '5 to 9', '10 to 14', '60 to 64']",3.0
969,2017-08-06 08:00:00,1255,2017,DUFFERIN ST,BRANDON AVE,Major Arterial,Toronto and East York,43.670371,-79.439845,625775.4975,4836444.3762,Intersection Related,No Control,Clear,Daylight,Dry,171,Junction-Wallace Emerson,93,Dovercourt-Wallace Emerson-Junction (93),Non-Fatal Injury,0,0,1,1,0,0,0,0,0,1,0,0,0,Turning Movement,"['Driver', 'Motorcycle Driver']",North,"['Automobile, Station Wagon', 'Motorcycle']","['Turning Left', 'Going Ahead']","['Failed to Yield Right of Way', 'Driving Properly']",['Normal'],[],[],[],[],[],[],D13,False,"['55 to 59', '40 to 44']",3.0
970,2017-08-08 08:00:00,555,2017,JANE ST,ALLIANCE AVE,Major Arterial,Etobicoke York,43.676131,-79.49567,621263.3952,4837000.9742,At Intersection,Traffic Signal,Clear,Dark,Dry,111,Rockcliffe-Smythe,111,Rockcliffe-Smythe (111),Non-Fatal Injury,0,0,1,0,0,0,0,0,1,1,0,0,0,Turning Movement,['Driver'],North,"['Automobile, Station Wagon']","['Going Ahead', 'Turning Left']","['Exceeding Speed Limit', 'Failed to Yield Right of Way']","['Normal', 'Inattentive']",[],[],[],[],[],[],D12,False,"['20 to 24', '55 to 59']",3.0
971,2017-08-08 08:00:00,801,2017,MILLIKEN BLVD,FINCH  AVE E,Major Arterial,Scarborough,43.801741,-79.294254,637212.3949,4851266.0187,At Intersection,Traffic Signal,Clear,Daylight,Dry,148,East L'Amoreaux,117,L'Amoreaux (117),Non-Fatal Injury,1,0,1,0,0,0,0,0,0,1,0,0,0,Pedestrian Collisions,"['Driver', 'Pedestrian']",North,['Pick Up Truck'],['Turning Left'],['Failed to Yield Right of Way'],['Normal'],['Vehicle turns left while ped crosses with ROW at inter.'],['Crossing with right of way'],['Normal'],[],[],[],D42,False,"['50 to 54', '75 to 79']",3.0
972,2017-08-09 08:00:00,923,2017,DON VALLEY PARKWAY  S,DUNDAS ST E,Expressway,Toronto and East York,43.660643,-79.354686,632662.2861,4835496.5941,Non Intersection,No Control,Clear,Daylight,Dry,70,South Riverdale,70,South Riverdale (70),Non-Fatal Injury,0,0,1,0,0,0,0,0,0,1,0,0,0,Rear End,"['Driver', 'Truck Driver']",South,"['Automobile, Station Wagon', 'Tow Truck']","['Going Ahead', 'Stopped']","['Following too Close', 'Driving Properly']",['Normal'],[],[],[],[],[],[],D55,False,"['25 to 29', '30 to 34']",3.0
973,2017-08-10 08:00:00,1810,2017,SHEPPARD AVE E,WATER TOWER GT,Major Arterial,Scarborough,43.803004,-79.194843,645206.177,4851575.9364,At Intersection,Traffic Signal,Clear,Daylight,Dry,144,Morningside Heights,131,Rouge (131),Fatal,0,0,1,0,0,1,0,0,0,0,0,0,0,Rear End,['Driver'],West,"['Automobile, Station Wagon', 'Municipal Transit Bus (TTC)']","['Going Ahead', 'Stopped']","['Lost control', 'Driving Properly']","['Unknown', 'Normal']",[],[],[],[],[],[],D42,True,"['50 to 54', '45 to 49']",4.0
974,2017-08-11 08:00:00,2117,2017,STEELES AVE E,MAXOME AVE,Major Arterial,North York,43.801318,-79.404666,628331.5343,4851041.8913,Non Intersection,No Control,Rain,"Dark, artificial",Wet,50,Newtonbrook East,50,Newtonbrook East (50),Non-Fatal Injury,0,0,1,0,0,0,0,1,0,1,0,0,0,Rear End,"['Passenger', 'Driver']",East,"['Automobile, Station Wagon']","['Stopped', 'Going Ahead']","['Driving Properly', 'Following too Close']","['Normal', 'Inattentive']",[],[],[],[],[],[],D32,False,"['25 to 29', '0 to 4', '30 to 34', '60 to 64']",3.0
975,2017-08-12 08:00:00,1917,2017,BLACK CREEK DR,PHOTOGRAPHY DR,Major Arterial,Etobicoke York,43.685794,-79.481639,622374.7911,4838094.788,At Intersection,Traffic Signal,Clear,Daylight,Dry,110,Keelesdale-Eglinton West,110,Keelesdale-Eglinton West (110),Non-Fatal Injury,0,0,1,1,0,0,0,0,1,1,0,0,0,Turning Movement,"['Motorcycle Driver', 'Driver']",North,"['Motorcycle', 'Automobile, Station Wagon']","['Going Ahead', 'Turning Left']","['Lost control', 'Driving Properly']","['Unknown', 'Normal']",[],[],[],[],[],[],D12,False,['35 to 39'],3.0
976,2017-08-13 08:00:00,237,2017,JANE ST,SHOREHAM DR,Major Arterial,Etobicoke York,43.768756,-79.520358,619089.6298,4847252.4884,At Intersection,Traffic Signal,Clear,"Dark, artificial",Dry,24,Black Creek,24,Black Creek (24),Non-Fatal Injury,0,0,1,0,0,0,0,0,0,1,0,1,0,Turning Movement,['Driver'],North,"['Automobile, Station Wagon']","['Going Ahead', 'Turning Left']","['Driving Properly', 'Failed to Yield Right of Way']","['Normal', 'Ability Impaired, Alcohol']",[],[],[],[],[],[],D31,False,"['20 to 24', '25 to 29']",3.0
977,2017-08-14 08:00:00,900,2017,VICTORIA PARK AVE,EDGE PARK AVE,Major Arterial,Toronto and East York,43.717787,-79.299754,636961.395,4841932.5389,Intersection Related,No Control,Clear,Daylight,Dry,120,Clairlea-Birchmount,120,Clairlea-Birchmount (120),Non-Fatal Injury,0,0,1,0,0,0,0,1,0,0,0,0,0,Rear End,"['Driver', 'Passenger']",North,"['Automobile, Station Wagon']","['Going Ahead', 'Stopped']","['Lost control', 'Driving Properly']","['Inattentive', 'Normal']",[],[],[],[],[],[],D41,False,"['65 to 69', '25 to 29', '30 to 34']",3.0
978,2017-08-15 08:00:00,407,2017,DUNDAS ST E,SHERBOURNE ST,Major Arterial,Toronto and East York,43.658351,-79.370532,631389.6026,4835216.8217,Non Intersection,No Control,Rain,"Dark, artificial",Wet,73,Moss Park,73,Moss Park (73),Fatal,1,0,1,0,0,0,0,0,0,0,0,0,0,Pedestrian Collisions,"['Pedestrian', 'Driver']",East,"['Automobile, Station Wagon']",['Going Ahead'],['Other'],['Unknown'],['Pedestrian hit at mid-block'],['Other'],['Medical or Physical Disability'],[],[],[],D51,True,"['45 to 49', 'unknown']",4.0
979,2017-08-15 08:00:00,1700,2017,FAYWOOD  BLVD,WILSON AVE,Major Arterial,North York,43.734683,-79.446399,625113.2785,4843577.2009,At Intersection,Stop Sign,Clear,Daylight,Dry,33,Clanton Park,33,Clanton Park (33),Non-Fatal Injury,0,0,1,0,0,1,0,1,0,0,0,0,0,Turning Movement,"['Passenger', 'Driver']",South,"['Municipal Transit Bus (TTC)', 'Automobile, Station Wagon']","['Going Ahead', 'Turning Left']","['Driving Properly', 'Improper Turn']",['Normal'],[],[],[],[],[],[],D32,False,"['65 to 69', '5 to 9', '35 to 39', '30 to 34']",3.0
980,2017-08-17 08:00:00,2215,2017,DUFFERIN ST,CARTWRIGHT  AVE,Major Arterial,North York,43.723784,-79.456859,624293.457,4842350.9694,At Intersection,No Control,Rain,"Dark, artificial",Wet,31,Yorkdale-Glen Park,31,Yorkdale-Glen Park (31),Non-Fatal Injury,1,0,1,0,0,0,0,0,0,0,0,0,0,Pedestrian Collisions,"['Driver', 'Pedestrian']",South,"['Automobile, Station Wagon']",['Going Ahead'],['Driving Properly'],['Normal'],['Vehicle is going straight thru inter.while ped cross without ROW'],"['Crossing, no Traffic Control']",['Inattentive'],[],[],[],D32,False,"['40 to 44', '15 to 19']",3.0
981,2017-08-17 08:00:00,2245,2017,WHITE HEATHER BLVD,LONGSWORD  DR,Collector,Scarborough,43.815486,-79.26604,639449.9981,4852839.7933,At Intersection,No Control,Clear,"Dark, artificial",Dry,129,Agincourt North,129,Agincourt North (129),Non-Fatal Injury,0,0,1,0,0,0,0,1,1,1,0,1,0,SMV Other,"['Passenger', 'Driver']",North,"['Automobile, Station Wagon']",['Going Ahead'],['Lost control'],"['Ability Impaired, Alcohol']",[],[],[],[],[],[],D42,False,"['15 to 19', '20 to 24']",3.0
982,2017-08-18 08:00:00,1055,2017,FAYWOOD  BLVD,WILSON  AVE,Major Arterial,North York,43.734683,-79.446399,625113.2785,4843577.2009,At Intersection,Stop Sign,Clear,Daylight,Dry,33,Clanton Park,33,Clanton Park (33),Non-Fatal Injury,0,1,1,0,0,0,0,0,0,1,0,0,0,Cyclist Collisions,"['Driver', 'Cyclist']",South,"['Automobile, Station Wagon', 'Bicycle']","['Turning Right', 'Going Ahead']",['Failed to Yield Right of Way'],['Inattentive'],[],[],[],"['Motorist turns right at non-signal Inter.(stop, yield, no cont.,and dwy) and strikes cyclist.']",['Driving Properly'],['Normal'],D32,False,"['45 to 49', '55 to 59']",3.0
983,2017-08-18 08:00:00,1444,2017,NORTH QUEEN ST,NOVA RD,Minor Arterial,Etobicoke York,43.616969,-79.557323,616407.7508,4830342.0042,At/Near Private Drive,Stop Sign,Clear,Daylight,Dry,159,Etobicoke City Centre,14,Islington-City Centre West (14),Non-Fatal Injury,0,0,1,0,0,0,0,1,0,1,0,0,0,Turning Movement,"['Driver', 'Passenger']",North,"['Automobile, Station Wagon']","['Turning Left', 'Going Ahead']","['Failed to Yield Right of Way', 'Driving Properly']","['Inattentive', 'Normal']",[],[],[],[],[],[],D22,False,"['25 to 29', '40 to 44', '60 to 64', '0 to 4']",3.0
984,2017-08-18 08:00:00,1622,2017,MIDLAND AVE,EGLINTON AVE E,Major Arterial,Scarborough,43.734458,-79.258067,640280.5624,4843853.8348,Intersection Related,No Control,Clear,Daylight,Dry,124,Kennedy Park,124,Kennedy Park (124),Non-Fatal Injury,1,0,1,0,0,0,0,0,0,0,0,0,0,Pedestrian Collisions,"['Driver', 'Pedestrian']",South,"['Automobile, Station Wagon']",['Going Ahead'],['Driving Properly'],['Normal'],['Pedestrian hit at mid-block'],"['Crossing, no Traffic Control']",['Inattentive'],[],[],[],D41,False,"['65 to 69', '25 to 29']",3.0
985,2017-08-18 08:00:00,2305,2017,FINCH  AVE W,DUNCANWOODS  DR,Major Arterial,Etobicoke York,43.748725,-79.55759,616131.7192,4844974.8817,At Intersection,Traffic Signal,Clear,"Dark, artificial",Dry,22,Humbermede,22,Humbermede (22),Non-Fatal Injury,1,0,1,0,0,0,0,1,0,0,0,0,0,Pedestrian Collisions,"['Pedestrian', 'Passenger', 'Driver']",North,"['Automobile, Station Wagon']",['Going Ahead'],['Driving Properly'],['Normal'],['Vehicle is going straight thru inter.while ped cross without ROW'],['Crossing without right of way'],['Inattentive'],[],[],[],D31,False,"['25 to 29', '55 to 59', '35 to 39']",3.0
986,2017-08-19 08:00:00,2309,2017,HINTON RD,KIPLING AVE,Local,Etobicoke York,43.726092,-79.571864,615025.8056,4842441.2534,At/Near Private Drive,No Control,Clear,"Dark, artificial",Dry,4,Rexdale-Kipling,4,Rexdale-Kipling (4),Non-Fatal Injury,0,0,1,1,0,0,0,0,0,1,0,0,0,Turning Movement,"['Motorcycle Driver', 'Driver']",East,"['Motorcycle', 'Automobile, Station Wagon']","['Going Ahead', 'Turning Left']","['Driving Properly', 'Failed to Yield Right of Way']",['Normal'],[],[],[],[],[],[],D23,False,"['30 to 34', '35 to 39']",3.0
987,2017-08-21 08:00:00,118,2017,FINCH AVE W,WESTON RD,Major Arterial,Etobicoke York,43.75149,-79.544833,617153.4271,4845299.9381,Non Intersection,No Control,Clear,"Dark, artificial",Dry,22,Humbermede,22,Humbermede (22),Non-Fatal Injury,0,0,1,0,0,0,0,0,1,1,0,0,0,Turning Movement,['Driver'],East,"['Automobile, Station Wagon']","['Going Ahead', 'Turning Left']","['Speed too Fast For Condition', 'Failed to Yield Right of Way']","['Normal', 'Unknown']",[],[],[],[],[],[],D31,False,"['unknown', '15 to 19']",3.0
988,2017-08-21 08:00:00,1414,2017,ST CLAIR AVE E,BIRCHMOUNT RD,Major Arterial,Scarborough,43.713835,-79.272197,639190.3941,4841539.5201,At/Near Private Drive,No Control,Clear,Daylight,Dry,120,Clairlea-Birchmount,120,Clairlea-Birchmount (120),Non-Fatal Injury,0,0,1,0,0,0,0,0,0,1,0,0,0,Angle,['Driver'],East,"['Automobile, Station Wagon']",['Going Ahead'],"['Driving Properly', 'Failed to Yield Right of Way']","['Normal', 'Inattentive']",[],[],[],[],[],[],D41,False,"['35 to 39', '25 to 29']",3.0
989,2017-08-21 08:00:00,1634,2017,SPADINA CRES,RUSSELL ST,Major Arterial,Toronto and East York,43.659789,-79.399905,629018.0521,4835330.4363,At Intersection,No Control,Clear,Daylight,Dry,79,University,79,University (79),Non-Fatal Injury,0,1,1,0,0,0,0,0,1,1,0,0,0,Cyclist Collisions,"['Cyclist', 'Driver']",North,"['Bicycle', 'Delivery Van']",['Going Ahead'],['Other'],['Unknown'],[],[],[],['Cyclist and Driver travelling in same direction. One vehicle sideswipes the other.'],['Driving Properly'],['Unknown'],D52,False,"['35 to 39', '25 to 29']",3.0
990,2017-08-23 08:00:00,1010,2017,MAIN ST,GERRARD  ST E,Minor Arterial,Toronto and East York,43.683879,-79.300121,637009.0479,4838165.9664,At Intersection,Traffic Signal,Clear,Daylight,Dry,62,East End-Danforth,62,East End-Danforth (62),Non-Fatal Injury,0,1,1,0,0,0,0,0,0,0,0,0,0,Cyclist Collisions,"['Driver', 'Cyclist']",East,"['Automobile, Station Wagon', 'Bicycle']",['Going Ahead'],['Driving Properly'],['Normal'],[],[],[],"['Cyclist without ROW rides into path of motorist at inter, lnwy, dwy-Cyclist not turn.']",['Driving Properly'],['Normal'],D55,False,"['45 to 49', '25 to 29']",3.0