accident_number,date,time,year,street1,street2,road_class,district,latitude,longitude,x,y,accident_location,traffctl,visibility,light,road_surface_condition,hood_158,neighbourhood_new,hood_140,neighbourhood_old,accident_class,pedestrian,cyclist,automobile,motorcycle,truck,trsn_city_veh,emerg_veh,passenger,speeding,aggressive_driving,redlight,alcohol,disability,impact_type,involvement_type,initial_direction,vehicle_type,manoeuver,driver_action,driver_condition,pedestrian_type,pedestrian_action,pedestrian_condition,cyclist_type,cyclist_action,cyclist_condition,division,injury,involvement_age,injury_severity_score
1169,2018-02-14 10:00:00,1545,2018,KIPLING AVE,MOUNT OLIVE DR,Major Arterial,Etobicoke York,43.746745,-79.583759,614028.5387,4844718.6211,At Intersection,Traffic Signal,Clear,Daylight,Dry,2,Mount Olive-Silverstone-Jamestown,2,Mount Olive-Silverstone-Jamestown (2),Non-Fatal Injury,1,0,1,0,0,0,0,0,0,1,0,0,0,Pedestrian Collisions,"['Pedestrian', 'Driver']",West,['Pick Up Truck'],['Turning Left'],['Failed to Yield Right of Way'],['Inattentive'],['Vehicle turns left while ped crosses with ROW at inter.'],['Crossing with right of way'],['Normal'],[],[],[],D23,False,"['85 to 89', '75 to 79']",3.0
1170,2018-02-16 10:00:00,1800,2018,DON MILLS RD,BARBER GREENE RD,Major Arterial,North York,43.727584,-79.340823,633631.3077,4842953.5898,At Intersection,Traffic Signal,Clear,"Dark, artificial",Dry,42,Banbury-Don Mills,42,Banbury-Don Mills (42),Non-Fatal Injury,0,0,1,0,0,0,0,1,0,1,1,0,0,Turning Movement,"['Passenger', 'Driver']",North,"['Automobile, Station Wagon']","['Going Ahead', 'Turning Left']","['Disobeyed Traffic Control', 'Improper Turn']",['Inattentive'],[],[],[],[],[],[],D33,False,"['35 to 39', '50 to 54']",3.0
1171,2018-02-16 10:00:00,2130,2018,LAKE SHORE BLVD W,ROYAL YORK RD,Major Arterial,Etobicoke York,43.603579,-79.493121,621615.1557,4828946.8873,Non Intersection,No Control,Clear,"Dark, artificial",Dry,160,Mimico-Queensway,17,Mimico (includes Humber Bay Shores) (17),Non-Fatal Injury,0,0,1,0,0,0,0,1,0,0,0,1,0,SMV Other,"['Driver', 'Passenger']",East,"['Automobile, Station Wagon']",['Going Ahead'],['Lost control'],"['Ability Impaired, Alcohol Over .08']",[],[],[],[],[],[],D22,False,['50 to 54'],3.0
1172,2018-02-17 10:00:00,2319,2018,3230 BAYVIEW AVE,Not Applicable,Major Arterial,North York,43.788287,-79.392772,629316.4225,4849613.1074,Non Intersection,No Control,Unknown,Dark,Unknown,49,Bayview Woods-Steeles,49,Bayview Woods-Steeles (49),Fatal,0,0,1,0,0,0,0,0,1,1,0,0,0,SMV Other,['Driver'],West,"['Automobile, Station Wagon']",['Going Ahead'],['Exceeding Speed Limit'],['Unknown'],[],[],[],[],[],[],D33,True,['45 to 49'],4.0
1173,2018-02-18 10:00:00,1442,2018,401 C E WESTON RD RAMP,WESTON RD,Major Arterial,Etobicoke York,43.711795,-79.535419,617989.2606,4840904.6016,At Intersection,Traffic Signal,Clear,Daylight,Dry,23,Pelmo Park-Humberlea,23,Pelmo Park-Humberlea (23),Non-Fatal Injury,0,0,1,0,0,0,0,1,0,1,1,0,0,Turning Movement,"['Driver', 'Passenger']",North,"['Automobile, Station Wagon']","['Turning Right', 'Going Ahead', 'Changing Lanes', 'Slowing or Stopping']","['Disobeyed Traffic Control', 'Driving Properly']","['Inattentive', 'Normal']",[],[],[],[],[],[],D12,False,"['35 to 39', '20 to 24', '85 to 89', '80 to 84']",3.0
1174,2018-02-18 10:00:00,1827,2018,YONGE ST,ROSELAWN AVE,Major Arterial,North York,43.710841,-79.399249,628961.5042,4841001.4805,Intersection Related,No Control,Clear,"Dusk, artificial",Dry,173,North Toronto,104,Mount Pleasant West (104),Non-Fatal Injury,1,0,1,0,0,0,0,0,0,0,0,0,0,Pedestrian Collisions,"['Driver', 'Pedestrian']",North,"['Automobile, Station Wagon']",['Going Ahead'],['Driving Properly'],['Normal'],['Pedestrian hit at mid-block'],"['Crossing, no Traffic Control']",['Inattentive'],[],[],[],D53,False,"['40 to 44', '45 to 49']",3.0
1175,2018-02-19 10:00:00,602,2018,704 BRIMORTON DR,Not Applicable,Collector,Scarborough,43.774909,-79.227756,642625.4484,4848398.3081,Non Intersection,No Control,Clear,"Dark, artificial",Dry,141,Golfdale-Cedarbrae-Woburn,137,Woburn (137),Non-Fatal Injury,0,0,1,0,0,0,0,0,0,1,0,1,0,SMV Other,['Driver'],East,"['Automobile, Station Wagon']",['Going Ahead'],['Lost control'],"['Ability Impaired, Alcohol Over .08']",[],[],[],[],[],[],D43,False,['25 to 29'],3.0
1176,2018-02-19 10:00:00,617,2018,537 FINCH AVE W,Not Applicable,Major Arterial,North York,43.772914,-79.447597,624937.2201,4847821.5115,Non Intersection,No Control,Clear,"Dark, artificial",Dry,35,Westminster-Branson,35,Westminster-Branson (35),Non-Fatal Injury,0,0,1,0,0,0,0,0,0,1,0,0,0,Approaching,['Driver'],West,"['Automobile, Station Wagon', 'Passenger Van']","['Slowing or Stopping', 'Stopped', 'Going Ahead']","['Driving Properly', 'Lost control']","['Normal', 'Had Been Drinking']",[],[],[],[],[],[],D32,False,"['60 to 64', '45 to 49', '25 to 29']",3.0
1177,2018-02-20 10:00:00,1640,2018,QUEEN ST E,ONTARIO ST,Major Arterial,North York,43.654944,-79.367168,631668.3027,4834843.7618,At Intersection,Pedestrian Crossover,Clear,"Dusk, artificial",Wet,73,Moss Park,73,Moss Park (73),Non-Fatal Injury,1,0,1,0,0,0,0,0,0,1,0,0,0,Pedestrian Collisions,"['Driver', 'Pedestrian']",East,['Pick Up Truck'],['Going Ahead'],['Failed to Yield Right of Way'],['Inattentive'],['Pedestrian hit a PXO/ped. Mid-block signal'],"['Crossing, Pedestrian Crossover']",['Normal'],[],[],[],D51,False,"['65 to 69', '25 to 29']",3.0
1178,2018-02-20 10:00:00,1645,2018,BATHURST ST,ELLERSLIE AVE,Major Arterial,North York,43.765391,-79.440891,625492.6548,4846996.1093,At Intersection,Traffic Signal,Rain,Daylight,Wet,37,Willowdale West,37,Willowdale West (37),Fatal,1,0,0,0,1,0,0,0,0,1,0,0,0,Pedestrian Collisions,"['Pedestrian', 'Truck Driver']",East,"['Truck - Closed (Blazer, etc)']",['Turning Left'],['Failed to Yield Right of Way'],['Normal'],['Vehicle turns left while ped crosses with ROW at inter.'],['Crossing with right of way'],['Normal'],[],[],[],D32,True,"['65 to 69', '20 to 24']",4.0
1179,2018-02-21 10:00:00,1838,2018,37 WILLIAM KITCHEN RD,Not Applicable,Collector,Scarborough,43.773322,-79.282741,638204.0085,4848128.7934,Non Intersection,No Control,Clear,"Dark, artificial",Dry,126,Dorset Park,126,Dorset Park (126),Fatal,1,0,0,0,1,0,0,0,0,0,0,0,0,Pedestrian Collisions,"['Pedestrian', 'Truck Driver']",East,['Truck-Tractor'],['Going Ahead'],['Driving Properly'],['Normal'],['Pedestrian hit at mid-block'],"['Crossing, no Traffic Control']",['Inattentive'],[],[],[],D41,True,"['40 to 44', '30 to 34']",4.0
1180,2018-02-22 10:00:00,1430,2018,AVENUE RD,BRIAR HILL AVE,Major Arterial,North York,43.711116,-79.411449,627978.0393,4841013.1151,At Intersection,Stop Sign,Clear,Daylight,Dry,100,Yonge-Eglinton,100,Yonge-Eglinton (100),Non-Fatal Injury,0,0,1,0,0,0,0,1,0,1,0,0,0,Angle,"['Driver', 'Passenger']",South,"['Automobile, Station Wagon']",['Going Ahead'],"['Failed to Yield Right of Way', 'Driving Properly']",['Normal'],[],[],[],[],[],[],D53,False,"['60 to 64', '75 to 79', '80 to 84']",3.0
1181,2018-02-23 10:00:00,118,2018,931 PROGRESS AVE,Not Applicable,Minor Arterial,Scarborough,43.783801,-79.231838,642275.8425,4849378.8812,Intersection Related,Traffic Signal,Clear,"Dark, artificial",Dry,142,Woburn North,137,Woburn (137),Non-Fatal Injury,0,0,1,0,0,0,0,1,0,0,0,1,0,SMV Other,"['Passenger', 'Driver']",North,"['Automobile, Station Wagon']",['Going Ahead'],['Other'],"['Ability Impaired, Alcohol Over .08']",[],[],[],[],[],[],D43,False,"['20 to 24', '25 to 29']",3.0
1182,2018-02-23 10:00:00,612,2018,EGLINTON AVE W,SCARLETT RD,Major Arterial,Etobicoke York,43.68389,-79.511417,619978.56,4837839.8142,Intersection Related,Traffic Signal,Clear,Dark,Dry,9,Edenbridge-Humber Valley,9,Edenbridge-Humber Valley (9),Non-Fatal Injury,1,0,1,0,0,0,0,0,0,0,0,0,0,Pedestrian Collisions,"['Driver', 'Pedestrian']",North,"['Automobile, Station Wagon']",['Turning Left'],['Driving Properly'],['Normal'],['Vehicle turns left while ped crosses with ROW at inter.'],['Crossing with right of way'],['Inattentive'],[],[],[],D22,False,['50 to 54'],3.0
1183,2018-02-24 10:00:00,849,2018,ROYAL YORK RD,STRATH HUMBER CRT,Minor Arterial,Etobicoke York,43.661315,-79.517551,619528.9669,4835323.7076,At Intersection,No Control,Clear,Daylight,Dry,9,Edenbridge-Humber Valley,9,Edenbridge-Humber Valley (9),Non-Fatal Injury,1,0,1,0,0,0,0,0,0,1,0,0,0,Pedestrian Collisions,"['Pedestrian', 'Driver']",North,"['Automobile, Station Wagon']",['Going Ahead'],['Improper Passing'],['Unknown'],['Pedestrian hit at mid-block'],"['Crossing, no Traffic Control']",['Normal'],[],[],[],D22,False,"['65 to 69', '20 to 24']",3.0
1184,2018-02-24 10:00:00,1950,2018,ROYAL YORK RD,BLOOR ST W,Major Arterial,Etobicoke York,43.647292,-79.511325,620058.9097,4833775.2613,At Intersection,Traffic Signal,Clear,Dark,Dry,16,Stonegate-Queensway,16,Stonegate-Queensway (16),Non-Fatal Injury,1,0,1,0,0,0,0,0,0,1,0,0,0,Pedestrian Collisions,"['Pedestrian', 'Driver']",North,"['Automobile, Station Wagon']",['Turning Right'],['Failed to Yield Right of Way'],['Normal'],['Vehicle turns right while ped crosses with ROW at inter.'],['Crossing with right of way'],['Normal'],[],[],[],D22,False,"['80 to 84', '70 to 74']",3.0
1185,2018-02-26 10:00:00,842,2018,COLLIER ST,CHURCH ST,Local,Toronto and East York,43.672366,-79.386119,630102.4759,4836748.8101,At Intersection,Stop Sign,Clear,Daylight,Dry,98,Rosedale-Moore Park,98,Rosedale-Moore Park (98),Non-Fatal Injury,0,0,1,0,0,0,0,0,0,0,0,0,0,SMV Unattended Vehicle,['Driver'],East,"['Automobile, Station Wagon']","['Parked', 'Going Ahead']",['Lost control'],['Normal'],[],[],[],[],[],[],D53,False,"['60 to 64', '55 to 59']",3.0
1186,2018-02-27 10:00:00,1530,2018,CANONGATE TRL,OCKWELL MANOR  DR,Collector,Scarborough,43.818522,-79.306857,636160.4435,4853109.0001,At Intersection,No Control,Clear,Daylight,Dry,116,Steeles,116,Steeles (116),Fatal,1,0,1,0,0,0,0,0,0,0,0,0,0,Pedestrian Collisions,"['Pedestrian', 'Driver']",North,['Passenger Van'],['Going Ahead'],['Driving Properly'],['Normal'],['Vehicle is going straight thru inter.while ped cross without ROW'],['Crossing without right of way'],['Normal'],[],[],[],D42,True,"['10 to 14', '75 to 79']",4.0
1187,2018-02-27 10:00:00,2128,2018,ALBION RD,CARRIER DR,Major Arterial,Etobicoke York,43.745268,-79.613452,611640.5394,4844514.1372,Non Intersection,No Control,Clear,"Dark, artificial",Dry,1,West Humber-Clairville,1,West Humber-Clairville (1),Non-Fatal Injury,0,0,1,0,0,0,0,0,0,1,0,1,0,Rear End,['Driver'],West,"['Automobile, Station Wagon']","['Going Ahead', 'Stopped']","['Driving Properly', 'Following too Close']","['Normal', 'Ability Impaired, Alcohol']",[],[],[],[],[],[],D23,False,"['55 to 59', '30 to 34']",3.0
1188,2018-02-28 10:00:00,2117,2018,FINCH AVE W,HUMBERLINE DR,Major Arterial,Etobicoke York,43.734969,-79.617831,611307.0353,4843364.3955,At Intersection,Traffic Signal,Clear,"Dusk, artificial",Dry,1,West Humber-Clairville,1,West Humber-Clairville (1),Non-Fatal Injury,1,0,1,0,0,0,0,1,0,0,0,0,0,Pedestrian Collisions,"['Passenger', 'Pedestrian', 'Driver']",East,"['Automobile, Station Wagon']",['Going Ahead'],['Driving Properly'],['Normal'],['Vehicle is going straight thru inter.while ped cross without ROW'],['Crossing without right of way'],['Inattentive'],[],[],[],D23,False,"['0 to 4', '20 to 24', '60 to 64']",3.0
1189,2018-03-02 10:00:00,649,2018,DON VALLEY PARKWAY  S,LAWRENCE AVE E,Expressway,North York,43.737506,-79.332217,634302.2678,4844069.4882,Non Intersection,No Control,Clear,Daylight,Wet,42,Banbury-Don Mills,42,Banbury-Don Mills (42),Non-Fatal Injury,0,0,1,0,0,0,0,1,0,1,0,0,0,Rear End,"['Passenger', 'Driver']",South,"['Automobile, Station Wagon', 'School Bus']","['Stopped', 'Going Ahead']","['Driving Properly', 'Following too Close']",['Normal'],[],[],[],[],[],[],D33,False,"['50 to 54', '30 to 34', '40 to 44']",3.0
1190,2018-03-02 10:00:00,1435,2018,2083 LAWRENCE AVE W,Not Applicable,Major Arterial,Etobicoke York,43.699755,-79.517535,619453.9503,4839593.0047,Non Intersection,No Control,Clear,Daylight,Dry,113,Weston,113,Weston (113),Non-Fatal Injury,1,0,1,0,0,0,0,0,0,0,0,0,0,Pedestrian Collisions,"['Pedestrian', 'Driver']",North,"['Automobile, Station Wagon']",['Going Ahead'],['Driving Properly'],['Normal'],['Pedestrian hit at mid-block'],"['Crossing, no Traffic Control']",['Inattentive'],[],[],[],D12,False,"['20 to 24', '50 to 54']",3.0
1191,2018-03-02 10:00:00,1914,2018,GREENCEDAR CRCT,DAPHNE RD,Collector,Scarborough,43.756827,-79.22932,642542.5249,4846387.3272,At Intersection,No Control,Other,Dark,Other,141,Golfdale-Cedarbrae-Woburn,137,Woburn (137),Fatal,1,0,1,0,0,0,0,0,0,0,0,0,0,Pedestrian Collisions,"['Pedestrian', 'Driver']",North,"['Automobile, Station Wagon']",['Going Ahead'],['Driving Properly'],['Unknown'],['Vehicle is going straight thru inter.while ped cross without ROW'],"['Crossing, no Traffic Control']",['Unknown'],[],[],[],D43,True,['65 to 69'],4.0
1192,2018-03-03 10:00:00,1111,2018,WELLINGTON ST W,YORK ST,Minor Arterial,Toronto and East York,43.646697,-79.382236,630471.0925,4833904.0244,Non Intersection,No Control,Clear,Daylight,Dry,170,Yonge-Bay Corridor,76,Bay Street Corridor (76),Non-Fatal Injury,0,0,1,0,1,0,0,1,0,0,0,0,0,Turning Movement,"['Driver', 'Truck Driver', 'Passenger']",West,"['Automobile, Station Wagon', 'Truck - Closed (Blazer, etc)']","['Making U Turn', 'Going Ahead']","['Improper Turn', 'Driving Properly']","['Inattentive', 'Normal']",[],[],[],[],[],[],D52,False,"['15 to 19', '35 to 39', '20 to 24']",3.0
1193,2018-03-03 10:00:00,1515,2018,BATHURST ST,STEELES AVE W,Major Arterial,North York,43.792338,-79.445712,625048.4226,4849981.6907,Intersection Related,Traffic Signal,Clear,Daylight,Dry,36,Newtonbrook West,36,Newtonbrook West (36),Non-Fatal Injury,0,0,1,0,0,0,0,1,0,1,0,0,0,Angle,"['Driver', 'Passenger']",North,"['Passenger Van', 'Automobile, Station Wagon']",['Going Ahead'],"['Failed to Yield Right of Way', 'Driving Properly']",['Normal'],[],[],[],[],[],[],D32,False,"['45 to 49', '80 to 84', '75 to 79']",3.0
1194,2018-03-05 10:00:00,820,2018,DUFFERIN ST,CASTLEFIELD AVE,Major Arterial,North York,43.700686,-79.451724,624754.9791,4839793.3261,Intersection Related,Traffic Signal,Clear,Daylight,Dry,108,Briar Hill-Belgravia,108,Briar Hill-Belgravia (108),Non-Fatal Injury,1,0,1,0,0,0,0,1,0,0,0,0,0,Pedestrian Collisions,"['Pedestrian', 'Passenger', 'Driver']",East,"['Automobile, Station Wagon']",['Slowing or Stopping'],['Driving Properly'],['Normal'],['Pedestrian hit at mid-block'],"['Crossing, no Traffic Control']",['Normal'],[],[],[],D13,False,"['75 to 79', '50 to 54', '20 to 24']",3.0
1195,2018-03-05 10:00:00,1505,2018,BATHURST ST,DEWBOURNE AVE,Major Arterial,Toronto and East York,43.698359,-79.424472,626955.787,4839576.248,Non Intersection,No Control,Clear,Daylight,Dry,101,Forest Hill South,101,Forest Hill South (101),Non-Fatal Injury,0,0,1,0,0,0,0,1,0,1,0,0,0,Rear End,"['Driver', 'Passenger']",North,"['Automobile, Station Wagon']",['Going Ahead'],"['Following too Close', 'Driving Properly']",['Normal'],[],[],[],[],[],[],D13,False,"['70 to 74', '25 to 29', '45 to 49', '20 to 24', '50 to 54', '10 to 14', '15 to 19']",3.0
1196,2018-03-05 10:00:00,1525,2018,EGLINTON AVE W,KIPLING AVE,Major Arterial,Etobicoke York,43.676662,-79.553142,616629.5368,4836977.5347,Non Intersection,No Control,Clear,Daylight,Dry,10,Princess-Rosethorn,7,Willowridge-Martingrove-Richview (7),Non-Fatal Injury,0,0,1,0,0,0,0,0,1,1,0,0,0,Approaching,['Driver'],East,"['Automobile, Station Wagon', 'Passenger Van']",['Going Ahead'],"['Lost control', 'Driving Properly']","['Inattentive', 'Normal']",[],[],[],[],[],[],D22,False,"['20 to 24', '55 to 59', '60 to 64', '25 to 29']",3.0
1197,2018-03-08 10:00:00,2240,2018,STEELES AVE E,FOUNDERS RD,Major Arterial,Etobicoke York,43.779681,-79.502116,620535.9057,4848492.2705,Non Intersection,No Control,Clear,"Dark, artificial",Dry,27,York University Heights,27,York University Heights (27),Non-Fatal Injury,1,0,1,0,0,0,0,0,0,1,0,0,0,Pedestrian Collisions,"['Pedestrian', 'Driver']",South,"['Automobile, Station Wagon']",['Going Ahead'],['Driving Properly'],['Normal'],['Pedestrian hit at mid-block'],['Running onto Roadway'],"['Ability Impaired, Alcohol']",[],[],[],D31,False,['20 to 24'],3.0
1198,2018-03-09 10:00:00,1745,2018,WESTON RD,DENISON RD W,Minor Arterial,Etobicoke York,43.696166,-79.508159,620216.6269,4839207.9481,At Intersection,Traffic Signal,Clear,Daylight,Dry,113,Weston,113,Weston (113),Non-Fatal Injury,0,0,1,1,0,0,0,0,0,0,0,0,0,Turning Movement,"['Driver', 'Motorcycle Driver']",North,"['Automobile, Station Wagon', 'Motorcycle']","['Turning Left', 'Going Ahead']","['Improper Turn', 'Driving Properly']",['Normal'],[],[],[],[],[],[],D12,False,"['20 to 24', '35 to 39']",3.0
1199,2018-03-10 10:00:00,1555,2018,COXWELL AVE,EASTWOOD RD,Minor Arterial,Scarborough,43.673754,-79.319652,635457.6277,4837009.3638,Non Intersection,No Control,Clear,Daylight,Dry,64,Woodbine Corridor,64,Woodbine Corridor (64),Non-Fatal Injury,1,0,0,0,0,1,0,0,0,0,0,0,0,Pedestrian Collisions,"['Pedestrian', 'Driver']",East,['Municipal Transit Bus (TTC)'],['Going Ahead'],['Driving Properly'],['Normal'],['Pedestrian involved in a collision with transit vehicle anywhere along roadway'],"['Crossing, no Traffic Control']",['Inattentive'],[],[],[],D55,False,"['40 to 44', '50 to 54']",3.0
1200,2018-03-13 08:00:00,1130,2018,DUNDAS ST W,HURON ST,Major Arterial,North York,43.653273,-79.396121,629337.1534,4834612.6396,Intersection Related,No Control,Clear,Daylight,Dry,78,Kensington-Chinatown,78,Kensington-Chinatown (78),Non-Fatal Injury,1,0,1,0,0,0,0,0,0,0,0,0,0,Pedestrian Collisions,"['Pedestrian', 'Driver']",East,"['Automobile, Station Wagon']",['Going Ahead'],['Driving Properly'],['Normal'],['Vehicle hits the pedestrian walking or running out from between parked vehicles at mid-block'],['Coming From Behind Parked Vehicle'],['Inattentive'],[],[],[],D52,False,"['70 to 74', '30 to 34']",3.0
1201,2018-03-15 08:00:00,226,2018,COLLEGE ST,HURON ST,Major Arterial,Toronto and East York,43.658187,-79.398158,629162.3518,4835155.2311,At Intersection,Traffic Signal,Clear,"Dark, artificial",Dry,78,Kensington-Chinatown,78,Kensington-Chinatown (78),Fatal,1,0,1,0,0,0,0,0,1,1,0,1,0,Pedestrian Collisions,"['Driver', 'Pedestrian']",North,"['Automobile, Station Wagon']",['Going Ahead'],['Failed to Yield Right of Way'],"['Ability Impaired, Alcohol Over .08']",['Vehicle is going straight thru inter.while ped cross with ROW'],['Crossing with right of way'],['Normal'],[],[],[],D52,True,"['15 to 19', '20 to 24']",4.0
1202,2018-03-15 08:00:00,2150,2018,DOVERCOURT RD,DUPONT ST,Major Arterial,Etobicoke York,43.669631,-79.432719,626351.5346,4836373.0184,At Intersection,Traffic Signal,Clear,"Dark, artificial",Dry,172,Dovercourt Village,93,Dovercourt-Wallace Emerson-Junction (93),Non-Fatal Injury,1,0,1,0,0,0,0,0,0,0,0,0,0,Pedestrian Collisions,"['Pedestrian', 'Driver']",South,"['Automobile, Station Wagon']",['Going Ahead'],['Driving Properly'],['Normal'],['Vehicle is going straight thru inter.while ped cross without ROW'],['Crossing without right of way'],['Medical or Physical Disability'],[],[],[],D14,False,"['20 to 24', '50 to 54']",3.0
1203,2018-03-16 08:00:00,907,2018,RUNNYMEDE RD,DEFOREST RD,Collector,Etobicoke York,43.648688,-79.475353,622957.1629,4833982.9724,At Intersection,Stop Sign,Clear,"Daylight, artificial",Dry,87,High Park-Swansea,87,High Park-Swansea (87),Non-Fatal Injury,1,0,1,0,0,0,0,0,0,1,0,0,0,Pedestrian Collisions,"['Pedestrian', 'Driver']",North,"['Automobile, Station Wagon']",['Turning Left'],['Failed to Yield Right of Way'],['Normal'],['Vehicle turns left while ped crosses with ROW at inter.'],['Crossing with right of way'],['Normal'],[],[],[],D11,False,"['70 to 74', '55 to 59']",3.0
1204,2018-03-19 08:00:00,1032,2018,GEORGE ST,DUNDAS ST E,Major Arterial,Toronto and East York,43.657229,-79.373416,631159.4962,4835087.6458,At Intersection,Stop Sign,Clear,Daylight,Dry,73,Moss Park,73,Moss Park (73),Non-Fatal Injury,1,0,1,0,0,0,0,0,0,1,0,0,0,Pedestrian Collisions,"['Driver', 'Pedestrian']",North,['Pick Up Truck'],['Turning Left'],['Failed to Yield Right of Way'],['Normal'],['Vehicle turns left while ped crosses with ROW at inter.'],['Crossing with right of way'],['Normal'],[],[],[],D51,False,"['70 to 74', '0 to 4']",3.0
1205,2018-03-19 08:00:00,1741,2018,RENFORTH DR,EGLINTON AVE W,Minor Arterial,Etobicoke York,43.66603,-79.587627,613869.8247,4835748.8035,Intersection Related,No Control,Clear,Daylight,Dry,11,Eringate-Centennial-West Deane,11,Eringate-Centennial-West Deane (11),Non-Fatal Injury,0,0,1,0,0,0,0,1,0,1,0,0,0,Rear End,"['Driver', 'Passenger']",South,"['Passenger Van', 'Automobile, Station Wagon']","['Going Ahead', 'Stopped']","['Following too Close', 'Driving Properly']",['Normal'],[],[],[],[],[],[],D22,False,"['50 to 54', '65 to 69', '55 to 59', '40 to 44']",3.0
1206,2018-03-21 08:00:00,232,2018,KEELE ST,WANDLE AVE,Major Arterial,North York,43.731776,-79.483257,622150.9462,4843199.3426,Non Intersection,No Control,Clear,"Dark, artificial",Dry,155,Downsview,26,Downsview-Roding-CFB (26),Non-Fatal Injury,0,0,1,0,0,0,0,0,1,1,0,1,0,Sideswipe,['Driver'],North,"['Automobile, Station Wagon']",['Going Ahead'],"['Lost control', 'Driving Properly']","['Ability Impaired, Alcohol', 'Normal']",[],[],[],[],[],[],D31,False,['35 to 39'],3.0
1207,2018-03-21 08:00:00,331,2018,F G GARDINER XY  W,ROYAL YORK RD,Expressway,Etobicoke York,43.623107,-79.499957,621024.2641,4831105.7221,Non Intersection,No Control,Clear,"Dark, artificial",Dry,160,Mimico-Queensway,17,Mimico (includes Humber Bay Shores) (17),Fatal,0,0,1,0,0,0,0,1,1,1,0,0,0,Rear End,"['Passenger', 'Driver']",West,"['Automobile, Station Wagon']","['Going Ahead', 'Pulling Away from Shoulder or Curb']","['Exceeding Speed Limit', 'Improper Lane Change']","['Normal', 'Inattentive']",[],[],[],[],[],[],D22,True,"['25 to 29', '30 to 34', '20 to 24']",4.0
1208,2018-03-21 08:00:00,1720,2018,LAWRENCE AVE W,BENTON RD,Major Arterial,Etobicoke York,43.710231,-79.471866,623112.4482,4840823.3201,At Intersection,Traffic Signal,Clear,Daylight,Dry,30,Brookhaven-Amesbury,30,Brookhaven-Amesbury (30),Non-Fatal Injury,0,0,1,0,0,0,0,0,0,1,1,0,0,Angle,['Driver'],East,"['Automobile, Station Wagon', 'Passenger Van']",['Going Ahead'],"['Disobeyed Traffic Control', 'Driving Properly']",['Normal'],[],[],[],[],[],[],D12,False,"['40 to 44', '55 to 59']",3.0
1209,2018-03-21 08:00:00,2305,2018,QUEENS QUAY W,YORK ST,Minor Arterial,Toronto and East York,43.639712,-79.381068,630580.4241,4833130.0863,Non Intersection,No Control,Clear,"Dark, artificial",Dry,165,Harbourfront-CityPlace,77,Waterfront Communities-The Island (77),Non-Fatal Injury,1,0,1,0,0,0,0,0,0,0,0,0,0,Pedestrian Collisions,"['Pedestrian', 'Driver']",East,"['Automobile, Station Wagon']",['Going Ahead'],['Driving Properly'],['Normal'],['Pedestrian hit at mid-block'],['Running onto Roadway'],['Inattentive'],[],[],[],D52,False,"['45 to 49', '65 to 69']",3.0
1210,2018-03-24 08:00:00,1914,2018,JANE ST,SHOREHAM DR,Major Arterial,North York,43.767714,-79.520107,619111.9,4847137.1198,Non Intersection,No Control,Clear,Daylight,Dry,24,Black Creek,24,Black Creek (24),Non-Fatal Injury,0,0,1,0,0,0,0,0,1,1,0,0,0,Approaching,['Driver'],North,"['Automobile, Station Wagon']",['Going Ahead'],"['Driving Properly', 'Exceeding Speed Limit']","['Normal', 'Unknown']",[],[],[],[],[],[],D31,False,"['35 to 39', '20 to 24']",3.0
1211,2018-03-26 08:00:00,1604,2018,BRIDLETOWNE CRCL,BEVERLY GLEN BLVD,Minor Arterial,Scarborough,43.799418,-79.320056,635142.0651,4850965.5537,At Intersection,Traffic Signal,Clear,Daylight,Dry,147,L'Amoreaux West,117,L'Amoreaux (117),Non-Fatal Injury,1,0,1,0,0,0,0,0,0,1,0,0,0,Pedestrian Collisions,"['Pedestrian', 'Driver']",East,"['Automobile, Station Wagon']",['Turning Left'],['Failed to Yield Right of Way'],['Inattentive'],['Vehicle turns left while ped crosses with ROW at inter.'],['Crossing with right of way'],['Normal'],[],[],[],D42,False,"['80 to 84', '40 to 44']",3.0
1212,2018-03-28 08:00:00,1749,2018,MOUNT PLEASANT RD,CARSTOWE RD,Major Arterial,Toronto and East York,43.68439,-79.383662,630274.5239,4838088.0956,Non Intersection,No Control,Clear,Daylight,Dry,98,Rosedale-Moore Park,98,Rosedale-Moore Park (98),Fatal,0,0,1,1,0,0,0,0,1,1,0,0,0,Turning Movement,"['Driver', 'Motorcycle Driver']",North,"['Automobile, Station Wagon', 'Motorcycle']","['Making U Turn', 'Going Ahead']","['Improper Turn', 'Improper Passing']",['Normal'],[],[],[],[],[],[],D53,True,"['15 to 19', '35 to 39']",4.0
1213,2018-03-29 08:00:00,1221,2018,WILSON AVE,JULIAN RD,Major Arterial,North York,43.724532,-79.491092,621534.5985,4842383.2733,Intersection Related,Traffic Signal,Rain,Daylight,Wet,154,Oakdale-Beverley Heights,26,Downsview-Roding-CFB (26),Fatal,1,0,1,0,0,0,0,1,0,0,0,0,0,Pedestrian Collisions,"['Passenger', 'Pedestrian', 'Driver']",North,['Passenger Van'],['Going Ahead'],['Driving Properly'],['Normal'],['Vehicle is going straight thru inter.while ped cross without ROW'],"['Crossing, no Traffic Control']",['Inattentive'],[],[],[],D31,True,"['90 to 94', '75 to 79', '50 to 54']",4.0