accident_number,date,time,year,street1,street2,road_class,district,latitude,longitude,x,y,accident_location,traffctl,visibility,light,road_surface_condition,hood_158,neighbourhood_new,hood_140,neighbourhood_old,accident_class,pedestrian,cyclist,automobile,motorcycle,truck,trsn_city_veh,emerg_veh,passenger,speeding,aggressive_driving,redlight,alcohol,disability,impact_type,involvement_type,initial_direction,vehicle_type,manoeuver,driver_action,driver_condition,pedestrian_type,pedestrian_action,pedestrian_condition,cyclist_type,cyclist_action,cyclist_condition,division,injury,involvement_age,injury_severity_score
1303,2018-06-24 08:00:00,1740,2018,WELLINGTON ST E,YONGE ST,Major Arterial,Toronto and East York,43.647772,-79.37733,630864.4264,4834031.1418,At Intersection,Traffic Signal,Clear,"Daylight, artificial",Dry,168,Downtown Yonge East,75,Church-Yonge Corridor (75),Non-Fatal Injury,1,0,1,0,0,0,0,0,0,1,0,0,0,Pedestrian Collisions,"['Driver', 'Pedestrian']",East,"['Delivery Van', 'Automobile, Station Wagon']","['Turning Left', 'Stopped']","['Failed to Yield Right of Way', 'Driving Properly']","['Inattentive', 'Normal']",['Vehicle turns left while ped crosses with ROW at inter.'],['Crossing with right of way'],['Normal'],[],[],[],D51,False,"['25 to 29', '30 to 34', '60 to 64']",3.0
1304,2018-06-27 08:00:00,100,2018,DUFFERIN ST,JANE OSLER BLVD,Major Arterial,North York,43.724677,-79.457042,624276.8704,4842449.8753,Intersection Related,No Control,Clear,"Dark, artificial",Dry,31,Yorkdale-Glen Park,31,Yorkdale-Glen Park (31),Non-Fatal Injury,1,0,1,0,0,0,0,0,0,0,0,0,0,Pedestrian Collisions,"['Driver', 'Pedestrian']",South,"['Automobile, Station Wagon']",['Going Ahead'],['Driving Properly'],['Normal'],['Pedestrian hit at mid-block'],"['Crossing, no Traffic Control']",['Inattentive'],[],[],[],D32,False,"['45 to 49', '25 to 29']",3.0
1305,2018-06-28 08:00:00,1024,2018,BAYVIEW S 401 C W RAMP,BAYVIEW AVE,Expressway Ramp,North York,43.76364,-79.387958,629757.0558,4846883.2116,Non Intersection,No Control,Clear,Daylight,Dry,153,Avondale,51,Willowdale East (51),Non-Fatal Injury,1,0,1,0,0,0,0,0,0,0,0,0,0,Pedestrian Collisions,"['Driver', 'Pedestrian']",North,"['Automobile, Station Wagon']",['Going Ahead'],['Driving Properly'],['Normal'],['Pedestrian hit at mid-block'],"['Crossing, no Traffic Control']",['Normal'],[],[],[],D32,False,"['70 to 74', '75 to 79']",3.0
1306,2018-06-28 08:00:00,1803,2018,MOUNT PLEASANT RD,CRESCENT RD,Major Arterial,Toronto and East York,43.678252,-79.380664,630529.4711,4837411.1005,Intersection Related,Traffic Controller,Clear,Daylight,Dry,98,Rosedale-Moore Park,98,Rosedale-Moore Park (98),Non-Fatal Injury,0,0,0,1,0,0,0,0,0,0,0,0,0,SMV Other,['Motorcycle Driver'],North,['Motorcycle'],['Going Ahead'],['Lost control'],['Normal'],[],[],[],[],[],[],D53,False,['50 to 54'],3.0
1307,2018-06-28 08:00:00,2020,2018,811 DANFORTH AVE,Not Applicable,Major Arterial,Toronto and East York,43.679625,-79.34106,633718.8069,4837626.6808,At/Near Private Drive,No Control,Clear,Daylight,Dry,69,Blake-Jones,69,Blake-Jones (69),Non-Fatal Injury,0,1,1,0,0,0,0,0,0,0,0,0,0,Cyclist Collisions,"['Driver', 'Cyclist']",East,"['Automobile, Station Wagon', 'Bicycle']","['Turning Left', 'Going Ahead']",['Improper Turn'],['Inattentive'],[],[],[],['Motorist turned left across cyclists path.'],['Driving Properly'],['Normal'],D55,False,['35 to 39'],3.0
1308,2018-06-28 08:00:00,2234,2018,VICTORIA PARK AVE,FARMCREST  DR,Major Arterial,North York,43.771048,-79.321101,635121.9063,4847812.9143,Intersection Related,No Control,Clear,"Dark, artificial",Dry,118,Tam O'Shanter-Sullivan,118,Tam O'Shanter-Sullivan (118),Non-Fatal Injury,0,1,0,0,0,0,0,0,0,0,0,0,0,Cyclist Collisions,['Cyclist'],North,['Bicycle'],['Going Ahead'],[],[],[],[],[],['Insufficient information (to determine cyclist crash type).'],['Lost control'],['Had Been Drinking'],D42,False,['55 to 59'],3.0
1309,2018-06-29 08:00:00,123,2018,STEELES AVE W,KIPLING AVE,Major Arterial,Etobicoke York,43.759535,-79.589862,613512.9706,4846130.7535,At Intersection,Traffic Signal,Clear,"Dark, artificial",Dry,2,Mount Olive-Silverstone-Jamestown,2,Mount Olive-Silverstone-Jamestown (2),Fatal,1,0,1,0,0,0,0,0,1,1,0,0,0,Pedestrian Collisions,"['Driver', 'Pedestrian']",East,"['Automobile, Station Wagon']","['Going Ahead', 'Stopped', 'Turning Left']","['Exceeding Speed Limit', 'Driving Properly']","['Ability Impaired, Drugs', 'Normal']",['Pedestrian hit on sidewalk or shoulder'],['On Sidewalk or Shoulder'],['Normal'],[],[],[],D23,True,"['25 to 29', '55 to 59', '15 to 19']",4.0
1310,2018-06-29 08:00:00,2215,2018,PACIFIC AVE,DUNDAS ST W,Major Arterial,Etobicoke York,43.665389,-79.468578,623469.3132,4835847.896,At Intersection,Traffic Signal,Clear,"Dark, artificial",Dry,90,Junction Area,90,Junction Area (90),Non-Fatal Injury,1,0,1,0,0,0,0,0,0,0,0,1,0,Pedestrian Collisions,"['Driver', 'Pedestrian']",Unknown,"['Automobile, Station Wagon']",['Turning Left'],['Lost control'],"['Ability Impaired, Alcohol']",['Pedestrian hit on sidewalk or shoulder'],['On Sidewalk or Shoulder'],['Normal'],[],[],[],D11,False,"['55 to 59', '50 to 54', '40 to 44']",3.0
1311,2018-07-04 08:00:00,1720,2018,DANFORTH RD,CARSLAKE CRES,Major Arterial,Scarborough,43.746295,-79.244525,641343.2757,4845191.5299,Intersection Related,No Control,Clear,Daylight,Dry,157,Bendale South,127,Bendale (127),Non-Fatal Injury,0,0,1,0,0,0,0,0,1,1,0,0,0,Approaching,['Driver'],North,"['Automobile, Station Wagon']",['Going Ahead'],"['Lost control', 'Driving Properly']",['Normal'],[],[],[],[],[],[],D43,False,"['70 to 74', '50 to 54']",3.0
1312,2018-07-04 08:00:00,2043,2018,RAVENCLIFF CRES,BATTERSWOOD DR,Local,Scarborough,43.778926,-79.317661,635380.9898,4848693.5079,Non Intersection,No Control,Clear,"Daylight, artificial",Wet,118,Tam O'Shanter-Sullivan,118,Tam O'Shanter-Sullivan (118),Non-Fatal Injury,0,0,1,0,0,0,0,1,0,0,0,0,0,Other,"['Driver', 'Passenger']",East,"['Automobile, Station Wagon']",['Going Ahead'],['Driving Properly'],['Normal'],[],[],[],[],[],[],D42,False,"['25 to 29', '0 to 4']",3.0
1313,2018-07-05 08:00:00,830,2018,WESTON RD,KING ST,Minor Arterial,Etobicoke York,43.701152,-79.520068,619247.0754,4839744.5144,Non Intersection,No Control,Clear,Daylight,Dry,113,Weston,113,Weston (113),Non-Fatal Injury,1,0,1,0,0,0,0,0,0,0,0,0,0,Pedestrian Collisions,"['Driver', 'Pedestrian']",West,"['Delivery Van', 'Automobile, Station Wagon']","['Changing Lanes', 'Going Ahead']","['Improper Lane Change', 'Driving Properly']",['Normal'],['Pedestrian hit on sidewalk or shoulder'],['On Sidewalk or Shoulder'],['Normal'],[],[],[],D12,False,"['30 to 34', '55 to 59']",3.0
1314,2018-07-05 08:00:00,1030,2018,917 QUEEN ST W,Not Applicable,Major Arterial,Toronto and East York,43.645442,-79.412372,628043.2948,4833717.7037,Non Intersection,No Control,Clear,Daylight,Dry,162,West Queen West,82,Niagara (82),Non-Fatal Injury,0,1,0,0,0,1,0,0,0,0,0,0,0,Cyclist Collisions,"['Driver', 'Cyclist']",East,"['Street Car', 'Bicycle']",['Going Ahead'],['Improper Lane Change'],['Unknown'],[],[],[],['Cyclist and Driver travelling in same direction. One vehicle sideswipes the other.'],['Driving Properly'],['Normal'],D14,False,"['20 to 24', '50 to 54']",3.0
1315,2018-07-05 08:00:00,2235,2018,RENFORTH DR,HWY 401 WB ON RAMP AVE,Major Arterial,Etobicoke York,43.669337,-79.591533,613548.6735,4836110.735,At Intersection,Traffic Signal,Clear,"Dark, artificial",Dry,1,West Humber-Clairville,1,West Humber-Clairville (1),Non-Fatal Injury,0,0,1,0,1,0,0,1,1,1,0,0,0,Turning Movement,"['Truck Driver', 'Driver', 'Passenger']",North,"['Truck-Tractor', 'Automobile, Station Wagon']","['Turning Left', 'Going Ahead']","['Improper Turn', 'Exceeding Speed Limit']","['Fatigue', 'Normal']",[],[],[],[],[],[],D23,False,"['75 to 79', '20 to 24']",3.0
1316,2018-07-09 08:00:00,2148,2018,LN W HURON N BERNARD,BERNARD AVE,Laneway,Scarborough,43.673171,-79.404529,628616.6253,4836809.506,Laneway,No Control,Clear,"Dark, artificial",Dry,95,Annex,95,Annex (95),Non-Fatal Injury,1,0,1,0,0,0,0,1,1,1,0,0,0,Pedestrian Collisions,"['Driver', 'Pedestrian', 'Passenger']",South,"['Automobile, Station Wagon']","['Going Ahead', 'Reversing']","['Lost control', 'Other']",['Unknown'],['Pedestrian hit at mid-block'],['Walking on Roadway with Traffic'],['Had Been Drinking'],[],[],[],D53,False,"['unknown', '20 to 24', '25 to 29']",3.0
1317,2018-07-09 08:00:00,2302,2018,LAWRENCE AVE E,KENNEDY RD,Major Arterial,Scarborough,43.749427,-79.274898,638890.4997,4845488.0079,At Intersection,Traffic Signal,Clear,"Dark, artificial",Dry,126,Dorset Park,126,Dorset Park (126),Non-Fatal Injury,1,0,1,0,0,0,0,0,0,0,0,0,0,Pedestrian Collisions,"['Driver', 'Pedestrian']",East,"['Automobile, Station Wagon']",['Going Ahead'],['Driving Properly'],['Normal'],['Vehicle is going straight thru inter.while ped cross without ROW'],['Crossing without right of way'],"['Ability Impaired, Drugs']",[],[],[],D41,False,"['50 to 54', '25 to 29']",3.0
1318,2018-07-11 08:00:00,1720,2018,RATHBURN  RD,RENFORTH DR,Minor Arterial,Etobicoke York,43.651335,-79.579456,614556.541,4834127.9832,At Intersection,Traffic Signal,Clear,Daylight,Dry,13,Etobicoke West Mall,13,Etobicoke West Mall (13),Non-Fatal Injury,0,0,1,1,0,0,0,0,0,1,0,0,0,Turning Movement,"['Driver', 'Motorcycle Driver']",East,"['Automobile, Station Wagon', 'Motorcycle']","['Turning Left', 'Going Ahead']","['Failed to Yield Right of Way', 'Driving Properly']",['Normal'],[],[],[],[],[],[],D22,False,"['45 to 49', '40 to 44']",3.0
1319,2018-07-11 08:00:00,1820,2018,WILSON AVE,AVENUE RD,Major Arterial,North York,43.739798,-79.421603,627099.3247,4844183.0365,At Intersection,Traffic Signal,Clear,Daylight,Dry,39,Bedford Park-Nortown,39,Bedford Park-Nortown (39),Non-Fatal Injury,1,0,0,1,0,0,0,0,0,0,0,0,0,Pedestrian Collisions,"['Motorcycle Driver', 'Pedestrian']",North,['Motorcycle'],['Going Ahead'],['Driving Properly'],['Normal'],['Vehicle is going straight thru inter.while ped cross without ROW'],['Crossing without right of way'],['Inattentive'],[],[],[],D32,False,['55 to 59'],3.0
1320,2018-07-13 08:00:00,740,2018,FRITH RD,ROSEGLEN CRES,Local,Etobicoke York,43.746199,-79.515704,619509.1083,4844753.9051,Non Intersection,No Control,Clear,Daylight,Dry,25,Glenfield-Jane Heights,25,Glenfield-Jane Heights (25),Non-Fatal Injury,1,0,1,0,0,0,0,0,0,0,0,0,0,Pedestrian Collisions,"['Driver', 'Pedestrian']",East,"['Automobile, Station Wagon']",['Going Ahead'],['Driving Properly'],['Normal'],['Pedestrian hit at mid-block'],['Running onto Roadway'],['Normal'],[],[],[],D31,False,"['75 to 79', '20 to 24']",3.0
1321,2018-07-13 08:00:00,2121,2018,TRETHEWEY DR,YORKTOWN  DR,Minor Arterial,Etobicoke York,43.692324,-79.477252,622715.0545,4838826.5159,At Intersection,Stop Sign,Clear,"Dark, artificial",Dry,112,Beechborough-Greenbrook,112,Beechborough-Greenbrook (112),Non-Fatal Injury,0,0,1,1,0,0,0,1,0,0,0,0,0,Angle,"['Motorcycle Driver', 'Driver', 'Passenger']",South,"['Motorcycle', 'Automobile, Station Wagon']",['Going Ahead'],"['Other', 'Driving Properly']",['Normal'],[],[],[],[],[],[],D12,False,"['30 to 34', '50 to 54', '10 to 14']",3.0
1322,2018-07-14 08:00:00,1457,2018,LAWRENCE AVE W,BENTON RD,Major Arterial,Etobicoke York,43.710231,-79.471866,623112.4482,4840823.3201,At Intersection,Traffic Signal,Clear,Daylight,Dry,30,Brookhaven-Amesbury,30,Brookhaven-Amesbury (30),Non-Fatal Injury,1,0,1,0,0,0,0,0,0,0,0,0,0,Pedestrian Collisions,"['Driver', 'Pedestrian']",North,['Pick Up Truck'],['Turning Left'],['Improper Turn'],['Normal'],['Vehicle turns left while ped crosses with ROW at inter.'],['Crossing with right of way'],['Normal'],[],[],[],D12,False,"['25 to 29', '50 to 54']",3.0
1323,2018-07-16 08:00:00,1928,2018,DUNDAS ST E,PARLIAMENT ST,Major Arterial,Toronto and East York,43.659369,-79.365978,631754.5846,4835337.1058,At Intersection,Traffic Signal,Clear,Daylight,Dry,72,Regent Park,72,Regent Park (72),Non-Fatal Injury,0,1,1,0,0,0,0,0,0,0,0,0,0,Cyclist Collisions,"['Cyclist', 'Driver']",South,"['Bicycle', 'Automobile, Station Wagon']",['Going Ahead'],['Driving Properly'],['Normal'],[],[],[],"['Cyclist without ROW rides into path of motorist at inter, lnwy, dwy-Cyclist not turn.']",['Disobeyed Traffic Control'],['Unknown'],D51,False,"['35 to 39', '55 to 59']",3.0
1324,2018-07-17 08:00:00,1506,2018,WARDEN AVE,CIVIC RD,Major Arterial,Scarborough,43.726866,-79.287242,637948.4567,4842961.6476,At Intersection,Stop Sign,Clear,Daylight,Dry,120,Clairlea-Birchmount,120,Clairlea-Birchmount (120),Non-Fatal Injury,0,1,1,0,0,0,0,0,0,0,0,0,0,Cyclist Collisions,"['Cyclist', 'Driver']",North,"['Bicycle', 'Automobile, Station Wagon']","['Turning Left', 'Going Ahead']",['Driving Properly'],['Normal'],[],[],[],['Cyclist turned left across motorists path.'],['Improper Turn'],['Normal'],D41,False,"['60 to 64', '30 to 34']",3.0
1325,2018-07-18 08:00:00,259,2018,JOHN ST,STEPHANIE ST,Local,Toronto and East York,43.651122,-79.391612,629705.3943,4834380.7807,Intersection Related,No Control,Clear,"Dark, artificial",Dry,78,Kensington-Chinatown,78,Kensington-Chinatown (78),Non-Fatal Injury,1,0,1,0,0,0,0,0,0,0,0,0,0,Pedestrian Collisions,"['Driver', 'Pedestrian']",South,"['Automobile, Station Wagon']",['Going Ahead'],['Other'],['Unknown'],['Other / Undefined'],['Other'],['Normal'],[],[],[],D52,False,"['unknown', '35 to 39']",3.0
1326,2018-07-19 08:00:00,711,2018,BROADVIEW AVE,TORRENS AVE,Minor Arterial,Toronto and East York,43.690203,-79.355121,632562.1062,4838778.9396,At Intersection,Pedestrian Crossover,Clear,Daylight,Dry,57,Broadview North,57,Broadview North (57),Non-Fatal Injury,1,0,1,0,0,0,0,0,0,1,0,0,0,Pedestrian Collisions,"['Driver', 'Pedestrian']",North,"['Automobile, Station Wagon']",['Overtaking'],['Disobeyed Traffic Control'],['Inattentive'],['Pedestrian hit a PXO/ped. Mid-block signal'],"['Crossing, Pedestrian Crossover']",['Normal'],[],[],[],D55,False,"['45 to 49', '40 to 44']",3.0
1327,2018-07-21 08:00:00,529,2018,DUPONT ST,OSLER ST,Major Arterial,Toronto and East York,43.664496,-79.456554,624440.5898,4835766.6815,Intersection Related,No Control,Clear,"Dawn, artificial",Dry,171,Junction-Wallace Emerson,93,Dovercourt-Wallace Emerson-Junction (93),Non-Fatal Injury,0,0,1,0,0,0,0,0,1,1,0,0,1,SMV Other,['Driver'],West,"['Automobile, Station Wagon']",['Going Ahead'],['Lost control'],['Medical or Physical Disability'],[],[],[],[],[],[],D11,False,['65 to 69'],3.0
1328,2018-07-21 08:00:00,1548,2018,DON MILLS  RD,THE DONWAY W,Major Arterial,North York,43.73215,-79.342075,633520.3232,4843458.6927,At Intersection,Traffic Signal,Clear,Daylight,Dry,42,Banbury-Don Mills,42,Banbury-Don Mills (42),Non-Fatal Injury,0,0,1,0,0,0,0,1,0,0,0,0,0,Turning Movement,"['Passenger', 'Driver']",North,"['Automobile, Station Wagon']","['Turning Left', 'Going Ahead']","['Improper Turn', 'Driving Properly']",['Normal'],[],[],[],[],[],[],D33,False,"['70 to 74', '60 to 64', '45 to 49', '10 to 14', '40 to 44', '25 to 29']",3.0
1329,2018-07-22 08:00:00,2046,2018,ELLESMERE RD,SCARBOROUGH GOLF CLUB RD,Major Arterial,Scarborough,43.778483,-79.222179,643065.7517,4848804.88,Non Intersection,No Control,Clear,"Dark, artificial",Dry,135,Morningside,135,Morningside (135),Non-Fatal Injury,0,0,0,1,0,0,0,0,0,0,0,0,0,SMV Other,['Motorcycle Driver'],West,['Motorcycle'],['Going Ahead'],['Lost control'],['Normal'],[],[],[],[],[],[],D43,False,['20 to 24'],3.0
1330,2018-07-24 08:00:00,1505,2018,ELIZABETH ST,GERRARD ST W,Minor Arterial,Toronto and East York,43.658103,-79.386379,630112.3267,4835164.3055,At Intersection,Traffic Signal,Clear,Daylight,Dry,170,Yonge-Bay Corridor,76,Bay Street Corridor (76),Non-Fatal Injury,1,0,1,0,0,0,0,0,0,1,0,0,0,Pedestrian Collisions,"['Driver', 'Pedestrian']",North,"['Automobile, Station Wagon']",['Turning Left'],['Failed to Yield Right of Way'],['Normal'],['Vehicle turns left while ped crosses with ROW at inter.'],['Crossing with right of way'],['Normal'],[],[],[],D52,False,"['60 to 64', '25 to 29']",3.0
1331,2018-07-25 08:00:00,45,2018,DORIS AVE,HOLMES AVE,Minor Arterial,North York,43.777663,-79.413097,627703.6915,4848401.5964,Non Intersection,No Control,Clear,"Dark, artificial",Wet,151,Yonge-Doris,51,Willowdale East (51),Fatal,0,0,1,0,0,0,0,0,1,1,0,0,0,SMV Other,['Driver'],North,"['Automobile, Station Wagon']",['Going Ahead'],['Exceeding Speed Limit'],['Unknown'],[],[],[],[],[],[],D32,True,['20 to 24'],4.0
1332,2018-07-26 08:00:00,58,2018,EGLINTON AVE W,MARLEE AVE,Major Arterial,North York,43.69797,-79.439349,625757.8029,4839510.372,At Intersection,Traffic Signal,Clear,Dark,Dry,107,Oakwood Village,107,Oakwood Village (107),Fatal,1,0,0,0,1,0,0,0,0,1,0,0,0,Pedestrian Collisions,"['Truck Driver', 'Pedestrian']",South,['Truck - Dump'],['Going Ahead'],['Failed to Yield Right of Way'],['Unknown'],['Vehicle is going straight thru inter.while ped cross with ROW'],['Crossing with right of way'],['Unknown'],[],[],[],D13,True,"['35 to 39', '55 to 59']",4.0
1333,2018-07-26 08:00:00,1515,2018,OSSINGTON  AVE,GEARY AVE,Minor Arterial,Toronto and East York,43.671363,-79.429553,626603.133,4836570.2072,At Intersection,No Control,Rain,"Daylight, artificial",Wet,94,Wychwood,94,Wychwood (94),Non-Fatal Injury,0,1,1,0,0,0,0,0,0,1,0,0,0,Cyclist Collisions,"['Driver', 'Cyclist']",North,"['Automobile, Station Wagon', 'Bicycle']","['Turning Left', 'Going Ahead']",['Failed to Yield Right of Way'],['Normal'],[],[],[],['Motorist turned left across cyclists path.'],['Driving Properly'],['Normal'],D13,False,"['45 to 49', '40 to 44']",3.0
1334,2018-07-29 08:00:00,330,2018,KEELE ST,FINCH AVE W,Major Arterial,North York,43.76343,-79.491008,621462.6742,4846703.5847,At Intersection,Traffic Signal,Clear,Daylight,Dry,27,York University Heights,27,York University Heights (27),Non-Fatal Injury,1,0,1,0,0,0,0,0,0,1,0,0,0,Pedestrian Collisions,"['Driver', 'Pedestrian']",West,"['Automobile, Station Wagon']",['Turning Left'],['Failed to Yield Right of Way'],['Unknown'],['Vehicle turns left while ped crosses with ROW at inter.'],['Crossing with right of way'],['Normal'],[],[],[],D31,False,"['unknown', '15 to 19']",3.0
1335,2018-07-29 08:00:00,1029,2018,144 NORSEMAN ST,Not Applicable,Collector,Etobicoke York,43.633887,-79.520046,619382.1165,4832273.8883,Non Intersection,No Control,Clear,Daylight,Dry,159,Etobicoke City Centre,14,Islington-City Centre West (14),Fatal,0,0,0,1,0,0,0,0,0,0,0,0,0,SMV Other,['Motorcycle Driver'],East,['Motorcycle'],['Going Ahead'],['Lost control'],['Unknown'],[],[],[],[],[],[],D22,True,['45 to 49'],4.0
1336,2018-07-29 08:00:00,2122,2018,LAKE SHORE BLVD E,WINNERS CRCL,Major Arterial,North York,43.663756,-79.307765,636438.5356,4835918.4306,Non Intersection,No Control,Clear,Dark,Dry,70,South Riverdale,70,South Riverdale (70),Non-Fatal Injury,1,0,1,0,0,0,0,1,0,0,0,0,0,Pedestrian Collisions,"['Driver', 'Passenger', 'Pedestrian']",East,"['Automobile, Station Wagon']",['Going Ahead'],['Driving Properly'],['Normal'],['Pedestrian hit at mid-block'],"['Crossing, no Traffic Control']",['Normal'],[],[],[],D55,False,"['60 to 64', '50 to 54', '45 to 49']",3.0
1337,2018-07-30 08:00:00,1238,2018,100 MCLEVIN AVE,Not Applicable,Minor Arterial,Scarborough,43.800753,-79.236369,641871.1296,4851253.8947,At/Near Private Drive,No Control,Clear,Daylight,Dry,145,Malvern West,132,Malvern (132),Non-Fatal Injury,0,0,1,1,0,0,0,0,0,1,0,0,0,Turning Movement,"['Driver', 'Motorcycle Driver']",East,"['Automobile, Station Wagon', 'Motorcycle']","['Turning Left', 'Going Ahead']","['Failed to Yield Right of Way', 'Driving Properly']","['Inattentive', 'Normal']",[],[],[],[],[],[],D42,False,"['40 to 44', '35 to 39']",3.0
1338,2018-07-30 08:00:00,1427,2018,WARDEN AVE,FAIRFAX CRES,Major Arterial,Scarborough,43.716109,-79.282733,638336.3798,4841774.4414,At Intersection,Traffic Signal,Clear,Daylight,Dry,120,Clairlea-Birchmount,120,Clairlea-Birchmount (120),Fatal,1,0,1,0,0,0,0,0,0,0,0,0,0,Pedestrian Collisions,"['Driver', 'Pedestrian']",East,['Delivery Van'],['Turning Left'],['Improper Turn'],['Inattentive'],['Vehicle turns left while ped crosses with ROW at inter.'],['Crossing with right of way'],['Normal'],[],[],[],D41,True,"['35 to 39', '65 to 69']",4.0
1339,2018-07-30 08:00:00,1755,2018,STEELES AVE W,YONGE ST,Major Arterial,North York,43.797373,-79.422603,626896.9884,4850576.0783,Non Intersection,No Control,Clear,Daylight,Dry,36,Newtonbrook West,36,Newtonbrook West (36),Non-Fatal Injury,1,0,1,0,0,0,0,1,0,0,0,0,0,Pedestrian Collisions,"['Driver', 'Pedestrian', 'Passenger']",East,"['Automobile, Station Wagon']",['Going Ahead'],['Driving Properly'],['Normal'],['Pedestrian hit at mid-block'],"['Crossing, no Traffic Control']",['Inattentive'],[],[],[],D32,False,"['40 to 44', '45 to 49']",3.0
1340,2018-07-31 08:00:00,150,2018,WESTON RD,WRIGHT AVE,Minor Arterial,Etobicoke York,43.697928,-79.510379,620034.2161,4839400.426,At/Near Private Drive,No Control,Clear,"Dark, artificial",Dry,113,Weston,113,Weston (113),Non-Fatal Injury,0,0,0,1,0,0,0,0,1,1,0,0,0,SMV Unattended Vehicle,"['Motorcycle Driver', 'Other']",North,['Motorcycle'],"['Going Ahead', 'Parked']",['Exceeding Speed Limit'],['Inattentive'],[],[],[],[],[],[],D12,False,"['25 to 29', 'unknown']",3.0
1341,2018-08-01 08:00:00,2100,2018,JANE ST,GRANDRAVINE DR,Major Arterial,Etobicoke York,43.747023,-79.515086,619557.2269,4844846.314,Intersection Related,Traffic Signal,Clear,"Dark, artificial",Dry,25,Glenfield-Jane Heights,25,Glenfield-Jane Heights (25),Non-Fatal Injury,1,0,1,0,0,0,0,0,0,0,0,0,0,Pedestrian Collisions,"['Driver', 'Pedestrian']",South,"['Automobile, Station Wagon']",['Going Ahead'],['Driving Properly'],['Normal'],['Vehicle is going straight thru inter.while ped cross without ROW'],['Crossing without right of way'],['Normal'],[],[],[],D31,False,"['15 to 19', '65 to 69']",3.0
1342,2018-08-02 08:00:00,1300,2018,BLOOR ST W,OSSINGTON AVE,Major Arterial,Toronto and East York,43.661994,-79.425082,626983.3242,4835536.4886,Non Intersection,No Control,Clear,Daylight,Dry,80,Palmerston-Little Italy,80,Palmerston-Little Italy (80),Non-Fatal Injury,0,1,1,0,0,0,0,0,0,1,0,0,0,Cyclist Collisions,"['Driver', 'Cyclist']",West,"['Pick Up Truck', 'Bicycle']","['Pulling Onto Shoulder or towardCurb', 'Going Ahead']",['Failed to Yield Right of Way'],['Normal'],[],[],[],['Cyclist and Driver travelling in same direction. One vehicle sideswipes the other.'],['Driving Properly'],['Normal'],D14,False,"['unknown', '45 to 49']",3.0
1343,2018-08-03 08:00:00,1653,2018,MORECAMBE GT,VICTORIA PARK AVE,Major Arterial,Scarborough,43.79798,-79.333591,634056.4553,4850783.8273,At Intersection,Traffic Signal,Clear,Daylight,Dry,147,L'Amoreaux West,117,L'Amoreaux (117),Non-Fatal Injury,1,0,1,0,0,0,0,0,0,1,0,0,0,Pedestrian Collisions,"['Driver', 'Pedestrian']",West,"['Automobile, Station Wagon']",['Turning Left'],['Failed to Yield Right of Way'],['Normal'],['Vehicle turns left while ped crosses with ROW at inter.'],['Crossing with right of way'],['Had Been Drinking'],[],[],[],D42,False,"['50 to 54', '45 to 49']",3.0
1344,2018-08-03 08:00:00,2127,2018,SHEPPARD AVE E,SHAUGHNESSY BLVD,Major Arterial,North York,43.773657,-79.353282,632526.1113,4848050.6706,At Intersection,Traffic Signal,Clear,"Dark, artificial",Dry,53,Henry Farm,53,Henry Farm (53),Non-Fatal Injury,1,0,1,0,0,0,0,0,0,1,0,0,0,Pedestrian Collisions,"['Driver', 'Pedestrian']",North,"['Automobile, Station Wagon']",['Turning Right'],['Failed to Yield Right of Way'],['Normal'],['Vehicle turns right while ped crosses with ROW at inter.'],['Crossing with right of way'],['Normal'],[],[],[],D33,False,"['45 to 49', '35 to 39']",3.0
1345,2018-08-04 08:00:00,1425,2018,FINCHDENE SQ,FINCH AVE E,Minor Arterial,Scarborough,43.815356,-79.231464,642231.0386,4852884.217,At Intersection,Traffic Signal,Clear,Daylight,Dry,145,Malvern West,132,Malvern (132),Non-Fatal Injury,0,0,0,1,0,0,0,0,0,0,0,0,0,SMV Other,['Motorcycle Driver'],West,['Motorcycle'],['Turning Right'],['Lost control'],['Inattentive'],[],[],[],[],[],[],D42,False,['20 to 24'],3.0
1346,2018-08-04 08:00:00,2137,2018,123 CALEDONIA  RD,Not Applicable,Minor Arterial,Etobicoke York,43.678824,-79.456218,624438.0656,4837358.5006,At/Near Private Drive,No Control,Clear,"Dark, artificial",Dry,92,Corso Italia-Davenport,92,Corso Italia-Davenport (92),Non-Fatal Injury,1,0,1,0,0,0,0,1,0,0,0,0,0,Pedestrian Collisions,"['Driver', 'Pedestrian', 'Passenger']",East,['Delivery Van'],['Going Ahead'],['Driving Properly'],['Normal'],['Pedestrian hit at mid-block'],"['Crossing, no Traffic Control']",['Inattentive'],[],[],[],D13,False,"['55 to 59', '20 to 24']",3.0
1347,2018-08-06 08:00:00,914,2018,CLAREMORE AVE,CRAIGLEE DR,Local,Scarborough,43.706175,-79.254787,640610.8586,4840718.1505,At Intersection,Stop Sign,Clear,Daylight,Dry,122,Birchcliffe-Cliffside,122,Birchcliffe-Cliffside (122),Fatal,1,0,1,0,0,0,0,0,0,0,0,0,0,Pedestrian Collisions,"['Driver', 'Wheelchair']",East,"['Automobile, Station Wagon']",['Going Ahead'],['Driving Properly'],['Normal'],['Vehicle is going straight thru inter.while ped cross without ROW'],['Crossing marked crosswalk without ROW'],['Medical or Physical Disability'],[],[],[],D41,True,"['65 to 69', '80 to 84']",4.0