accident_number,date,time,year,street1,street2,road_class,district,latitude,longitude,x,y,accident_location,traffctl,visibility,light,road_surface_condition,hood_158,neighbourhood_new,hood_140,neighbourhood_old,accident_class,pedestrian,cyclist,automobile,motorcycle,truck,trsn_city_veh,emerg_veh,passenger,speeding,aggressive_driving,redlight,alcohol,disability,impact_type,involvement_type,initial_direction,vehicle_type,manoeuver,driver_action,driver_condition,pedestrian_type,pedestrian_action,pedestrian_condition,cyclist_type,cyclist_action,cyclist_condition,division,injury,involvement_age,injury_severity_score
1438,2018-09-29 08:00:00,820,2018,ESQUIRE RD,VICTORIA PARK AVE,Major Arterial,Scarborough,43.773429,-79.32217,635030.5109,4848075.6171,At Intersection,No Control,Clear,Daylight,Dry,118,Tam O'Shanter-Sullivan,118,Tam O'Shanter-Sullivan (118),Non-Fatal Injury,1,0,1,0,0,0,0,0,0,1,0,0,0,Pedestrian Collisions,"['Driver', 'Pedestrian']",East,"['Automobile, Station Wagon']",['Unknown'],['Failed to Yield Right of Way'],['Unknown'],['Vehicle is going straight thru inter.while ped cross with ROW'],['Crossing with right of way'],['Normal'],[],[],[],D42,False,"['unknown', '80 to 84']",3.0
1439,2018-09-29 08:00:00,1730,2018,161 BATHURST ST,Not Applicable,Major Arterial,Etobicoke York,43.646399,-79.403751,628736.5473,4833837.328,At Intersection,Traffic Signal,Clear,Daylight,Dry,162,West Queen West,82,Niagara (82),Non-Fatal Injury,1,0,1,0,0,0,0,0,0,0,0,0,0,Pedestrian Collisions,"['Driver', 'Pedestrian']",North,"['Automobile, Station Wagon']",['Going Ahead'],['Other'],['Normal'],['Other / Undefined'],['Person Getting on/off Vehicle'],['Normal'],[],[],[],D14,False,"['55 to 59', '25 to 29']",3.0
1440,2018-09-30 08:00:00,310,2018,BATHURST ST,FRONT ST W,Major Arterial,Toronto and East York,43.640677,-79.401378,628940.1711,4833205.5096,At Intersection,Traffic Signal,Clear,"Dark, artificial",Dry,165,Harbourfront-CityPlace,77,Waterfront Communities-The Island (77),Non-Fatal Injury,1,0,1,0,0,0,0,0,0,0,0,0,0,Pedestrian Collisions,"['Driver', 'Pedestrian']",South,"['Automobile, Station Wagon']",['Going Ahead'],['Driving Properly'],['Normal'],['Vehicle is going straight thru inter.while ped cross without ROW'],['Crossing without right of way'],['Had Been Drinking'],[],[],[],D14,False,"['75 to 79', '30 to 34']",3.0
1441,2018-10-01 08:00:00,600,2018,STEELES AVE E,FIREBRACE RD,Major Arterial,Scarborough,43.817809,-79.332042,634136.6737,4852988.6665,At Intersection,Traffic Signal,Rain,"Dark, artificial",Wet,116,Steeles,116,Steeles (116),Non-Fatal Injury,0,0,0,1,0,0,0,0,0,0,0,0,0,Sideswipe,"['Driver', 'Motorcycle Driver']",East,"['Construction Equipment', 'Motorcycle']","['Changing Lanes', 'Going Ahead']","['Improper Lane Change', 'Driving Properly']","['Unknown', 'Normal']",[],[],[],[],[],[],D42,False,"['unknown', '25 to 29']",3.0
1442,2018-10-01 08:00:00,622,2018,THE QUEENSWAY,WINDERMERE AVE,Major Arterial,Toronto and East York,43.637206,-79.469287,623469.8865,4832716.7552,Non Intersection,No Control,Rain,"Daylight, artificial",Wet,87,High Park-Swansea,87,High Park-Swansea (87),Fatal,1,0,0,0,0,1,0,0,0,0,0,0,0,Pedestrian Collisions,"['Driver', 'Pedestrian']",East,['Street Car'],['Going Ahead'],['Driving Properly'],['Normal'],['Pedestrian involved in a collision with transit vehicle anywhere along roadway'],['Walking on Roadway with Traffic'],['Inattentive'],[],[],[],D11,True,"['35 to 39', '50 to 54']",4.0
1443,2018-10-04 08:00:00,700,2018,DUNDAS ST E,LOGAN AVE,Minor Arterial,Toronto and East York,43.66408,-79.343036,633594.0167,4835897.0131,Non Intersection,No Control,Rain,Dawn,Wet,70,South Riverdale,70,South Riverdale (70),Non-Fatal Injury,0,1,1,0,0,0,0,0,0,0,0,0,0,Cyclist Collisions,"['Driver', 'Cyclist']",East,"['Automobile, Station Wagon', 'Bicycle']","['Changing Lanes', 'Going Ahead']",['Improper Lane Change'],['Inattentive'],[],[],[],['Cyclist and Driver travelling in same direction. One vehicle sideswipes the other.'],['Driving Properly'],['Normal'],D55,False,"['25 to 29', '20 to 24']",3.0
1444,2018-10-04 08:00:00,1630,2018,5690 STEELES AVE W,Not Applicable,Major Arterial,Etobicoke York,43.767333,-79.560573,615855.6326,4847037.3949,Non Intersection,No Control,Clear,Daylight,Dry,21,Humber Summit,21,Humber Summit (21),Non-Fatal Injury,1,0,0,0,1,0,0,0,0,0,0,0,0,Pedestrian Collisions,"['Truck Driver', 'Pedestrian']",South,['Truck - Open'],['Going Ahead'],['Driving Properly'],['Normal'],['Pedestrian hit at mid-block'],"['Crossing, no Traffic Control']",['Normal'],[],[],[],D31,False,"['55 to 59', '50 to 54']",3.0
1445,2018-10-05 08:00:00,1515,2018,GERRARD ST E,COXWELL AVE,Minor Arterial,Toronto and East York,43.675326,-79.320293,635402.4187,4837182.9094,At Intersection,Traffic Signal,Clear,Daylight,Dry,64,Woodbine Corridor,64,Woodbine Corridor (64),Non-Fatal Injury,0,0,1,0,0,0,0,1,1,1,0,0,0,SMV Other,"['Driver', 'Passenger']",West,['Pick Up Truck'],['Going Ahead'],['Speed too Fast For Condition'],['Had Been Drinking'],[],[],[],[],[],[],D55,False,"['30 to 34', '25 to 29']",3.0
1446,2018-10-05 08:00:00,1852,2018,708 SCARLETT RD,Not Applicable,Major Arterial,Etobicoke York,43.695372,-79.520099,619256.0352,4839102.522,Non Intersection,No Control,Clear,Daylight,Dry,8,Humber Heights-Westmount,8,Humber Heights-Westmount (8),Fatal,0,0,1,1,0,0,0,0,0,1,0,0,0,Turning Movement,"['Driver', 'Motorcycle Driver']",North,"['Automobile, Station Wagon', 'Motorcycle']","['Going Ahead', 'Turning Left']","['Driving Properly', 'Improper Turn']","['Normal', 'Unknown']",[],[],[],[],[],[],D23,True,"['45 to 49', '55 to 59']",4.0
1447,2018-10-06 08:00:00,125,2018,LAWRENCE AVE E,EAST AVE,Collector,Scarborough,43.780631,-79.131595,650349.9866,4849203.9845,At Intersection,Traffic Signal,Clear,"Dark, artificial",Dry,143,West Rouge,131,Rouge (131),Non-Fatal Injury,0,0,1,0,0,0,0,1,1,1,0,0,0,SMV Other,"['Driver', 'Passenger']",East,"['Automobile, Station Wagon']",['Unknown'],['Lost control'],['Unknown'],[],[],[],[],[],[],D43,False,['20 to 24'],3.0
1448,2018-10-06 08:00:00,635,2018,VICTORIA PARK AVE,CRESCENT TOWN RD,Major Arterial,Scarborough,43.696479,-79.290447,637759.9238,4839581.4016,At Intersection,Traffic Signal,Rain,"Dawn, artificial",Wet,121,Oakridge,121,Oakridge (121),Non-Fatal Injury,1,0,1,0,0,0,0,0,0,0,0,0,0,Pedestrian Collisions,"['Driver', 'Pedestrian']",East,"['Automobile, Station Wagon']",['Going Ahead'],['Driving Properly'],['Normal'],['Vehicle is going straight thru inter.while ped cross without ROW'],['Crossing without right of way'],['Normal'],[],[],[],D41,False,"['70 to 74', '25 to 29']",3.0
1449,2018-10-06 08:00:00,1630,2018,ANTIBES DR,DON LAKE GATE,Collector,North York,43.780528,-79.446277,625027.5851,4848669.1548,Intersection Related,No Control,Clear,Daylight,Dry,35,Westminster-Branson,35,Westminster-Branson (35),Non-Fatal Injury,0,0,1,0,0,0,0,0,1,1,0,0,0,SMV Other,['Driver'],North,"['Automobile, Station Wagon']",['Going Ahead'],['Lost control'],"['Ability Impaired, Drugs']",[],[],[],[],[],[],D32,False,['30 to 34'],3.0
1450,2018-10-06 08:00:00,1850,2018,KINGSTON RD,GALLOWAY RD,Major Arterial,Scarborough,43.761939,-79.194705,645316.745,4847015.2548,At Intersection,Traffic Signal,Clear,Daylight,Dry,136,West Hill,136,West Hill (136),Non-Fatal Injury,0,0,1,1,0,0,0,1,1,1,0,0,0,Turning Movement,"['Motorcycle Driver', 'Driver', 'Motorcycle Passenger', 'Passenger']",East,"['Motorcycle', 'Pick Up Truck']","['Going Ahead', 'Turning Left']","['Speed too Fast For Condition', 'Driving Properly']",['Normal'],[],[],[],[],[],[],D43,False,"['15 to 19', '30 to 34']",3.0
1451,2018-10-07 08:00:00,305,2018,DON VALLEY PARKWAY  N,EASTERN AV E DVP N RAMP,Expressway,Toronto and East York,43.6561,-79.351756,632908.5589,4834996.7225,Non Intersection,No Control,Rain,"Dark, artificial",Wet,70,South Riverdale,70,South Riverdale (70),Non-Fatal Injury,0,0,1,0,0,0,0,1,1,1,0,0,0,Sideswipe,"['Driver', 'Passenger']",North,"['Automobile, Station Wagon']",['Going Ahead'],"['Speed too Fast For Condition', 'Driving Properly']","['Unknown', 'Normal']",[],[],[],[],[],[],D55,False,"['20 to 24', '25 to 29']",3.0
1452,2018-10-08 08:00:00,117,2018,SHEPPARD AVE E,BONNINGTON PL,Major Arterial,North York,43.762419,-79.406253,628287.0443,4846719.0978,Non Intersection,No Control,Clear,"Dark, artificial",Dry,153,Avondale,51,Willowdale East (51),Fatal,1,0,1,0,0,0,0,0,0,0,0,0,0,Pedestrian Collisions,"['Pedestrian', 'Driver']",East,"['Automobile, Station Wagon']",['Going Ahead'],['Other'],['Unknown'],['Pedestrian hit at mid-block'],['Playing or Working on Highway'],['Unknown'],[],[],[],D32,True,"['30 to 34', 'unknown']",4.0
1453,2018-10-08 08:00:00,2015,2018,685 QUEEN ST E,Not Applicable,Major Arterial,Toronto and East York,43.658515,-79.35094,632969.0282,4835266.2478,At Intersection,No Control,Clear,"Dusk, artificial",Dry,70,South Riverdale,70,South Riverdale (70),Fatal,0,1,1,0,0,1,0,0,0,0,0,0,0,Cyclist Collisions,"['Cyclist', 'Driver', 'Other']",East,"['Bicycle', 'Street Car', 'Automobile, Station Wagon']","['Going Ahead', 'Parked']",['Driving Properly'],['Normal'],[],[],[],['Cyclist strikes a parked vehicle.'],['Lost control'],['Unknown'],D55,True,"['60 to 64', '30 to 34', 'unknown']",4.0
1454,2018-10-10 08:00:00,939,2018,OSSINGTON AVE,COLLEGE ST,Major Arterial,Toronto and East York,43.654326,-79.422664,627194.4755,4834688.56,At Intersection,Traffic Signal,Clear,Daylight,Dry,81,Trinity-Bellwoods,81,Trinity-Bellwoods (81),Non-Fatal Injury,1,0,1,0,0,0,0,0,0,0,0,0,0,Pedestrian Collisions,"['Driver', 'Pedestrian']",East,['Pick Up Truck'],['Going Ahead'],['Driving Properly'],['Normal'],['Vehicle is going straight thru inter.while ped cross without ROW'],['Crossing without right of way'],['Medical or Physical Disability'],[],[],[],D14,False,"['45 to 49', '75 to 79']",3.0
1455,2018-10-11 08:00:00,2009,2018,RUNNYMEDE RD,BLOOR ST W,Major Arterial,Etobicoke York,43.651065,-79.47626,622879.1688,4834245.6254,At Intersection,Traffic Controller,Clear,"Daylight, artificial",Dry,87,High Park-Swansea,87,High Park-Swansea (87),Non-Fatal Injury,0,0,1,1,0,0,0,0,0,1,0,0,0,Turning Movement,"['Driver', 'Motorcycle Driver']",North,"['Automobile, Station Wagon', 'Motorcycle']","['Turning Left', 'Going Ahead']","['Failed to Yield Right of Way', 'Driving Properly']",['Normal'],[],[],[],[],[],[],D11,False,"['20 to 24', '25 to 29']",3.0
1456,2018-10-12 08:00:00,1335,2018,GERRARD ST E,LAWLOR AVE,Minor Arterial,Toronto and East York,43.685912,-79.290714,637762.6006,4838407.3437,At Intersection,No Control,Clear,Daylight,Dry,62,East End-Danforth,62,East End-Danforth (62),Non-Fatal Injury,1,0,1,0,0,0,0,1,1,1,0,0,0,Pedestrian Collisions,"['Driver', 'Passenger', 'Pedestrian']",East,"['Automobile, Station Wagon']",['Changing Lanes'],['Exceeding Speed Limit'],['Normal'],['Vehicle is going straight thru inter.while ped cross without ROW'],"['Crossing, no Traffic Control']",['Normal'],[],[],[],D55,False,"['15 to 19', '20 to 24']",3.0
1457,2018-10-12 08:00:00,1630,2018,BLOOR ST W,RUNNYMEDE RD,Major Arterial,Etobicoke York,43.651065,-79.47626,622879.1688,4834245.6254,At Intersection,Traffic Controller,Clear,Daylight,Dry,87,High Park-Swansea,87,High Park-Swansea (87),Non-Fatal Injury,0,1,1,0,0,0,0,0,0,1,0,0,0,Cyclist Collisions,"['Driver', 'Cyclist']",East,"['Automobile, Station Wagon', 'Bicycle']","['Turning Left', 'Going Ahead']",['Failed to Yield Right of Way'],['Normal'],[],[],[],['Motorist turned left across cyclists path.'],['Driving Properly'],['Normal'],D11,False,"['75 to 79', '30 to 34']",3.0
1458,2018-10-13 08:00:00,907,2018,BIRCHMOUNT RD,KINGSTON RD,Major Arterial,Scarborough,43.692973,-79.262294,640036.7491,4839239.1731,At Intersection,Traffic Signal,Clear,Daylight,Dry,122,Birchcliffe-Cliffside,122,Birchcliffe-Cliffside (122),Non-Fatal Injury,1,0,1,0,0,0,0,0,0,1,0,0,0,Pedestrian Collisions,"['Driver', 'Pedestrian']",North,"['Automobile, Station Wagon']",['Turning Left'],['Failed to Yield Right of Way'],['Normal'],['Vehicle turns left while ped crosses without ROW at inter.'],['Crossing without right of way'],['Normal'],[],[],[],D41,False,"['45 to 49', '65 to 69']",3.0
1459,2018-10-15 08:00:00,1000,2018,YONGE ST,CARLTON ST,Major Arterial,Toronto and East York,43.660144,-79.382587,630413.6743,4835396.939,Non Intersection,No Control,Clear,Daylight,Wet,168,Downtown Yonge East,75,Church-Yonge Corridor (75),Non-Fatal Injury,1,0,1,0,0,0,0,0,0,0,0,0,0,Pedestrian Collisions,"['Driver', 'Pedestrian']",East,"['Automobile, Station Wagon']",['Reversing'],['Other'],['Inattentive'],['Vehicle is reversing and hits pedestrian'],['Other'],['Normal'],[],[],[],D51,False,"['45 to 49', '75 to 79']",3.0
1460,2018-10-18 08:00:00,840,2018,1491 LAKE SHORE BLVD W,Not Applicable,Major Arterial,Toronto and East York,43.636378,-79.444034,625508.5792,4832662.6687,Non Intersection,No Control,Clear,Daylight,Dry,85,South Parkdale,85,South Parkdale (85),Non-Fatal Injury,0,0,1,0,1,0,0,0,1,1,0,0,0,Approaching,"['Driver', 'Truck Driver']",East,"['Automobile, Station Wagon', 'Truck-Tractor']",['Going Ahead'],"['Lost control', 'Driving Properly']","['Inattentive', 'Normal']",[],[],[],[],[],[],D14,False,"['25 to 29', '60 to 64']",3.0
1461,2018-10-18 08:00:00,1217,2018,OSSINGTON AVE,NORTHUMBERLAND ST,Minor Arterial,Toronto and East York,43.663294,-79.426227,626888.2649,4835679.1189,Non Intersection,No Control,Clear,Daylight,Dry,172,Dovercourt Village,93,Dovercourt-Wallace Emerson-Junction (93),Fatal,1,0,1,0,0,0,0,0,0,1,0,0,0,Pedestrian Collisions,"['Driver', 'Pedestrian']",East,"['Automobile, Station Wagon', 'Other']",['Going Ahead'],['Driving Properly'],['Normal'],['Pedestrian hit at mid-block'],['Coming From Behind Parked Vehicle'],['Inattentive'],[],[],[],D14,True,"['30 to 34', 'Over 95']",4.0
1462,2018-10-18 08:00:00,2208,2018,GODSTONE RD,FAIRVIEW MALL DR,Minor Arterial,North York,43.779563,-79.345691,633123.9262,4848718.8017,At Intersection,Traffic Signal,Clear,"Dark, artificial",Dry,47,Don Valley Village,47,Don Valley Village (47),Non-Fatal Injury,1,0,1,0,0,0,0,0,0,0,0,0,0,Pedestrian Collisions,"['Driver', 'Pedestrian']",South,"['Automobile, Station Wagon']",['Turning Right'],['Driving Properly'],['Normal'],['Vehicle turns right while ped crosses without ROW at inter.'],['Crossing without right of way'],['Normal'],[],[],[],D33,False,"['45 to 49', '50 to 54']",3.0
1463,2018-10-19 08:00:00,630,2018,BATHURST ST,BRIAR HILL AVE,Major Arterial,North York,43.707854,-79.427013,626731.0235,4840626.9126,At Intersection,Traffic Signal,Clear,"Dark, artificial",Dry,102,Forest Hill North,102,Forest Hill North (102),Non-Fatal Injury,1,0,1,0,0,0,0,0,0,0,0,0,0,Pedestrian Collisions,"['Driver', 'Pedestrian']",East,['Pick Up Truck'],['Turning Left'],['Driving Properly'],['Inattentive'],['Vehicle turns left while ped crosses without ROW at inter.'],['Crossing without right of way'],['Inattentive'],[],[],[],D53,False,"['25 to 29', '30 to 34']",3.0
1464,2018-10-19 08:00:00,1844,2018,KING ST W,DUNN AVE,Major Arterial,Toronto and East York,43.637671,-79.433238,626376.7128,4832822.6533,At Intersection,Traffic Signal,Clear,"Dark, artificial",Dry,85,South Parkdale,85,South Parkdale (85),Non-Fatal Injury,1,0,1,0,0,0,0,1,0,0,0,0,0,Pedestrian Collisions,"['Driver', 'Pedestrian', 'Passenger']",Unknown,"['Automobile, Station Wagon']",['Going Ahead'],['Driving Properly'],['Normal'],['Vehicle is going straight thru inter.while ped cross without ROW'],['Other'],['Inattentive'],[],[],[],D14,False,"['65 to 69', '45 to 49', '55 to 59']",3.0
1465,2018-10-19 08:00:00,1904,2018,ELLESMERE RD,MIDLAND AVE,Major Arterial,Scarborough,43.767852,-79.271076,639155.4973,4847540.8027,At Intersection,Traffic Signal,Clear,"Dark, artificial",Dry,156,Bendale-Glen Andrew,127,Bendale (127),Non-Fatal Injury,1,0,1,0,0,0,0,0,0,0,0,0,0,Pedestrian Collisions,"['Driver', 'Pedestrian']",East,"['Automobile, Station Wagon']",['Going Ahead'],['Driving Properly'],['Normal'],['Vehicle is going straight thru inter.while ped cross without ROW'],['Crossing without right of way'],['Inattentive'],[],[],[],D41,False,"['30 to 34', '15 to 19']",3.0
1466,2018-10-21 08:00:00,1213,2018,BREMNER BLVD,LOWER SIMCOE ST,Minor Arterial,Toronto and East York,43.642443,-79.383289,630395.3718,4833429.9074,Non Intersection,No Control,Clear,Daylight,Dry,165,Harbourfront-CityPlace,77,Waterfront Communities-The Island (77),Non-Fatal Injury,0,0,1,1,0,0,0,0,0,1,0,0,0,Turning Movement,"['Motorcycle Driver', 'Driver']",East,"['Motorcycle', 'Automobile, Station Wagon']","['Overtaking', 'Turning Left']","['Improper Passing', 'Driving Properly']",['Normal'],[],[],[],[],[],[],D52,False,"['35 to 39', '45 to 49']",3.0
1467,2018-10-22 08:00:00,755,2018,PHARMACY AVE,CAMILLA CRES,Minor Arterial,Scarborough,43.713446,-79.292461,637558.8139,4841462.4857,At Intersection,No Control,Clear,Daylight,Dry,120,Clairlea-Birchmount,120,Clairlea-Birchmount (120),Non-Fatal Injury,1,0,1,0,0,0,0,1,0,0,0,0,0,Pedestrian Collisions,"['Passenger', 'Pedestrian', 'Driver']",North,"['Automobile, Station Wagon']",['Going Ahead'],['Driving Properly'],['Normal'],['Vehicle is going straight thru inter.while ped cross without ROW'],['Crossing without right of way'],['Normal'],[],[],[],D41,False,"['25 to 29', '20 to 24', '50 to 54']",3.0
1468,2018-10-22 08:00:00,1840,2018,DUNDAS ST W,WINDERMERE AVE,Major Arterial,North York,43.665557,-79.485881,622073.9239,4835840.9491,Intersection Related,No Control,Clear,"Dark, artificial",Dry,89,Runnymede-Bloor West Village,89,Runnymede-Bloor West Village (89),Non-Fatal Injury,1,0,0,0,1,0,0,0,0,1,0,0,0,Pedestrian Collisions,"['Truck Driver', 'Pedestrian']",South,"['Truck - Closed (Blazer, etc)']",['Turning Right'],['Failed to Yield Right of Way'],['Normal'],['Pedestrian hit on sidewalk or shoulder'],['On Sidewalk or Shoulder'],['Normal'],[],[],[],D11,False,"['60 to 64', '75 to 79']",3.0
1469,2018-10-24 08:00:00,1026,2018,1315 LAWRENCE AVE E,Not Applicable,Major Arterial,North York,43.740798,-79.323734,634977.9916,4844448.8998,Non Intersection,No Control,Clear,Daylight,Dry,43,Victoria Village,43,Victoria Village (43),Non-Fatal Injury,0,0,1,0,0,0,0,0,1,1,0,0,0,SMV Other,['Driver'],East,"['Automobile, Station Wagon']","['Turning Left', 'Going Ahead']","['Improper Turn', 'Driving Properly']","['Inattentive', 'Normal']",[],[],[],[],[],[],D33,False,"['unknown', '45 to 49']",3.0
1470,2018-10-24 08:00:00,1455,2018,MARLEE AVE,DELL PARK AVE,Minor Arterial,North York,43.71408,-79.445865,625199.1942,4841289.7499,At Intersection,No Control,Clear,Daylight,Dry,31,Yorkdale-Glen Park,31,Yorkdale-Glen Park (31),Non-Fatal Injury,0,1,1,0,0,0,0,0,0,1,0,0,0,Cyclist Collisions,"['Driver', 'Cyclist']",North,"['Automobile, Station Wagon', 'Bicycle']","['Turning Right', 'Going Ahead']",['Failed to Yield Right of Way'],['Normal'],[],[],[],"['Motorist turns right at non-signal Inter.(stop, yield, no cont.,and dwy) and strikes cyclist.']",['Driving Properly'],['Normal'],D13,False,"['25 to 29', '30 to 34']",3.0
1471,2018-10-24 08:00:00,2238,2018,SIMCOE ST,ADELAIDE ST W,Major Arterial,Toronto and East York,43.648566,-79.386577,630116.9558,4834104.7857,At Intersection,Traffic Signal,Clear,"Dark, artificial",Dry,170,Yonge-Bay Corridor,76,Bay Street Corridor (76),Non-Fatal Injury,1,0,1,0,0,0,0,1,0,0,0,0,0,Pedestrian Collisions,"['Driver', 'Passenger', 'Pedestrian']",East,"['Automobile, Station Wagon']",['Going Ahead'],['Driving Properly'],['Normal'],['Vehicle is going straight thru inter.while ped cross without ROW'],['Crossing without right of way'],['Other'],[],[],[],D52,False,"['35 to 39', '25 to 29']",3.0
1472,2018-10-25 08:00:00,2020,2018,WILFRED AVE,OLIVE AVE,Collector,North York,43.781642,-79.401424,628634.5343,4848861.597,Intersection Related,No Control,Clear,"Dark, artificial",Dry,152,East Willowdale,51,Willowdale East (51),Non-Fatal Injury,1,0,0,0,0,0,0,0,0,0,0,0,0,Pedestrian Collisions,"['Driver', 'Pedestrian']",Unknown,[],['Unknown'],['Other'],['Unknown'],['Unknown'],['Other'],['Inattentive'],[],[],[],D32,False,"['unknown', '65 to 69']",3.0
1473,2018-10-25 08:00:00,2209,2018,BROWNS LINE,VALERMO DR,Major Arterial,Etobicoke York,43.605952,-79.547092,617254.6898,4829132.8274,At Intersection,Traffic Signal,Clear,"Dark, artificial",Dry,20,Alderwood,20,Alderwood (20),Non-Fatal Injury,0,0,1,1,0,0,0,1,0,1,0,0,0,Turning Movement,"['Driver', 'Motorcycle Driver', 'Motorcycle Passenger']",North,"['Automobile, Station Wagon', 'Motorcycle']","['Turning Left', 'Going Ahead']","['Failed to Yield Right of Way', 'Driving Properly']",['Normal'],[],[],[],[],[],[],D22,False,"['50 to 54', '10 to 14']",3.0
1474,2018-10-26 08:00:00,1157,2018,DANFORTH AVE,BROADVIEW AVE,Major Arterial,Toronto and East York,43.676131,-79.358829,632294.2001,4837210.1293,At Intersection,Traffic Signal,Clear,Daylight,Dry,68,North Riverdale,68,North Riverdale (68),Non-Fatal Injury,0,0,1,0,0,0,0,0,0,0,0,0,0,Sideswipe,['Driver'],West,"['Automobile, Station Wagon']","['Reversing', 'Stopped']",['Other'],"['Unknown', 'Normal']",[],[],[],[],[],[],D55,False,"['unknown', '65 to 69']",3.0
1475,2018-10-29 08:00:00,535,2018,ST CLAIR AVE W,OLD WESTON RD,Major Arterial,Etobicoke York,43.673464,-79.463008,623901.7768,4836753.0363,At Intersection,Traffic Signal,Clear,"Dark, artificial",Dry,91,Weston-Pelham Park,91,Weston-Pellam Park (91),Non-Fatal Injury,1,0,1,0,0,0,0,0,0,1,0,0,0,Pedestrian Collisions,"['Driver', 'Pedestrian']",North,"['Automobile, Station Wagon']",['Going Ahead'],['Driving Properly'],['Normal'],['Vehicle is going straight thru inter.while ped cross without ROW'],['Crossing without right of way'],['Normal'],[],[],[],D11,False,"['20 to 24', '30 to 34']",3.0
1476,2018-10-30 08:00:00,1037,2018,STEELES AVE E,WARDEN AVE,Major Arterial,Scarborough,43.81956,-79.324397,634747.5494,4853195.5676,At Intersection,Traffic Signal,Clear,Daylight,Dry,116,Steeles,116,Steeles (116),Non-Fatal Injury,0,1,1,0,0,0,0,0,0,0,0,0,0,Cyclist Collisions,"['Cyclist', 'Driver']",North,"['Bicycle', 'Automobile, Station Wagon']",['Turning Right'],['Driving Properly'],['Normal'],[],[],[],['Cyclist turns right across motorists path'],['Failed to Yield Right of Way'],['Normal'],D42,False,"['80 to 84', '45 to 49']",3.0
1477,2018-10-31 08:00:00,609,2018,CARLAW AVE,LAKE SHORE BLVD E,Major Arterial,Toronto and East York,43.654887,-79.337398,634069.0496,4834885.1017,At Intersection,Traffic Signal,Rain,"Dark, artificial",Wet,70,South Riverdale,70,South Riverdale (70),Non-Fatal Injury,1,0,1,0,0,0,0,0,0,1,0,0,0,Pedestrian Collisions,"['Driver', 'Pedestrian']",North,"['Automobile, Station Wagon']",['Turning Left'],['Failed to Yield Right of Way'],['Normal'],['Vehicle turns left while ped crosses with ROW at inter.'],['Crossing with right of way'],['Normal'],[],[],[],D55,False,"['30 to 34', '20 to 24']",3.0
1478,2018-10-31 08:00:00,727,2018,DUNDAS ST E,SHERBOURNE ST,Major Arterial,Scarborough,43.658221,-79.37099,631352.9556,4835201.6583,Intersection Related,No Control,Rain,Dark,Wet,73,Moss Park,73,Moss Park (73),Non-Fatal Injury,1,0,1,0,0,0,0,0,0,1,0,0,0,Pedestrian Collisions,"['Driver', 'Pedestrian']",South,"['Automobile, Station Wagon']",['Going Ahead'],['Driving Properly'],['Normal'],['Pedestrian hit at mid-block'],['Running onto Roadway'],['Inattentive'],[],[],[],D51,False,"['40 to 44', '35 to 39']",3.0
1479,2018-10-31 08:00:00,1100,2018,1491 LAKE SHORE BLVD W,Not Applicable,Major Arterial,Toronto and East York,43.636973,-79.4453,625405.2214,4832726.8375,Non Intersection,No Control,Rain,"Daylight, artificial",Wet,85,South Parkdale,85,South Parkdale (85),Non-Fatal Injury,0,0,1,0,0,0,0,1,0,0,0,0,0,Sideswipe,"['Driver', 'Passenger']",East,"['Automobile, Station Wagon']",['Going Ahead'],['Lost control'],['Normal'],[],[],[],[],[],[],D14,False,"['35 to 39', '15 to 19', '40 to 44']",3.0
1480,2018-11-01 08:00:00,1712,2018,AVENUE RD,GLENGARRY AVE,Major Arterial,North York,43.722941,-79.415889,627595.2365,4842319.6042,Intersection Related,No Control,Rain,Dark,Dry,39,Bedford Park-Nortown,39,Bedford Park-Nortown (39),Fatal,0,0,1,0,0,1,0,1,0,0,0,0,0,Rear End,"['Driver', 'Passenger']",South,"['Taxi', 'Automobile, Station Wagon', 'Municipal Transit Bus (TTC)']","['Going Ahead', 'Stopped']","['Lost control', 'Driving Properly']",['Unknown'],[],[],[],[],[],[],D32,True,"['45 to 49', 'unknown', '55 to 59']",4.0
1481,2018-11-01 08:00:00,1835,2018,DANFORTH AVE,WESTLAKE AVE,Major Arterial,Toronto and East York,43.687472,-79.304965,636610.4639,4838557.0278,At Intersection,Traffic Signal,Rain,"Dark, artificial",Wet,62,East End-Danforth,62,East End-Danforth (62),Non-Fatal Injury,1,0,1,0,0,0,0,1,0,0,0,0,0,Pedestrian Collisions,"['Driver', 'Passenger', 'Pedestrian']",North,"['Automobile, Station Wagon']",['Turning Left'],['Improper Turn'],['Normal'],['Vehicle turns left while ped crosses with ROW at inter.'],['Crossing with right of way'],['Normal'],[],[],[],D55,False,"['75 to 79', '70 to 74', '30 to 34']",3.0
1482,2018-11-01 08:00:00,2043,2018,KIPLING  AVE,ANNABELLE  DR,Major Arterial,Etobicoke York,43.750846,-79.58575,613860.4566,4845171.3577,At Intersection,Traffic Signal,Clear,Dark,Dry,2,Mount Olive-Silverstone-Jamestown,2,Mount Olive-Silverstone-Jamestown (2),Fatal,1,0,1,0,0,0,0,0,0,0,0,0,0,Pedestrian Collisions,"['Pedestrian', 'Driver']",South,"['Automobile, Station Wagon']",['Going Ahead'],['Driving Properly'],['Normal'],['Vehicle is going straight thru inter.while ped cross without ROW'],['Crossing without right of way'],['Normal'],[],[],[],D23,True,"['90 to 94', '70 to 74']",4.0