accident_number,date,time,year,street1,street2,road_class,district,latitude,longitude,x,y,accident_location,traffctl,visibility,light,road_surface_condition,hood_158,neighbourhood_new,hood_140,neighbourhood_old,accident_class,pedestrian,cyclist,automobile,motorcycle,truck,trsn_city_veh,emerg_veh,passenger,speeding,aggressive_driving,redlight,alcohol,disability,impact_type,involvement_type,initial_direction,vehicle_type,manoeuver,driver_action,driver_condition,pedestrian_type,pedestrian_action,pedestrian_condition,cyclist_type,cyclist_action,cyclist_condition,division,injury,involvement_age,injury_severity_score
1573,2019-01-29 10:00:00,1527,2019,PHARMACY AVE,HUNTINGWOOD DR,Minor Arterial,Scarborough,43.781603,-79.320125,635176.6718,4848986.8041,At Intersection,Traffic Signal,Clear,Daylight,Wet,118,Tam O'Shanter-Sullivan,118,Tam O'Shanter-Sullivan (118),Non-Fatal Injury,0,0,1,0,0,0,0,1,0,1,1,0,0,Angle,"['Driver', 'Passenger']",East,"['Automobile, Station Wagon']",['Going Ahead'],"['Disobeyed Traffic Control', 'Driving Properly']","['Inattentive', 'Normal']",[],[],[],[],[],[],D42,False,"['50 to 54', '40 to 44', '25 to 29', '0 to 4']",3.0
1574,2019-01-31 10:00:00,1345,2019,ST CLAIR AVE W,ST CLAIR GDNS,Major Arterial,Etobicoke York,43.677466,-79.444881,625354.7319,4837224.7477,Intersection Related,No Control,Clear,Daylight,Loose Snow,92,Corso Italia-Davenport,92,Corso Italia-Davenport (92),Non-Fatal Injury,1,0,0,0,0,1,0,0,0,0,0,0,0,Pedestrian Collisions,"['Driver', 'Pedestrian']",East,['Street Car'],['Going Ahead'],['Driving Properly'],['Unknown'],['Pedestrian involved in a collision with transit vehicle anywhere along roadway'],"['Crossing, no Traffic Control']",['Normal'],[],[],[],D13,False,"['45 to 49', '65 to 69']",3.0
1575,2019-02-01 10:00:00,258,2019,MEADOWVALE RD,GENERATION BLVD,Minor Arterial,Scarborough,43.804152,-79.16875,647302.2931,4851749.5602,At Intersection,Missing Control,Clear,"Dark, artificial",Loose Snow,143,West Rouge,131,Rouge (131),Fatal,0,0,1,0,0,0,0,1,0,0,0,0,0,Angle,"['Passenger', 'Driver']",East,"['Automobile, Station Wagon']",['Going Ahead'],['Other'],['Unknown'],[],[],[],[],[],[],D42,True,"['35 to 39', '30 to 34', '40 to 44']",4.0
1576,2019-02-02 10:00:00,2326,2019,945 MIDLAND AVE,Not Applicable,Major Arterial,Scarborough,43.737002,-79.259242,640180.0002,4844134.3953,Non Intersection,No Control,Snow,"Dark, artificial",Wet,138,Eglinton East,138,Eglinton East (138),Non-Fatal Injury,0,0,1,0,0,0,0,0,0,0,0,1,0,Approaching,['Driver'],North,"['Automobile, Station Wagon']",['Going Ahead'],"['Lost control', 'Driving Properly']","['Ability Impaired, Alcohol', 'Normal']",[],[],[],[],[],[],D41,False,"['40 to 44', '30 to 34']",3.0
1577,2019-02-03 10:00:00,255,2019,KINGSTON RD,HUNT CLUB DR,Major Arterial,Scarborough,43.683486,-79.276981,638875.0449,4838160.8081,Intersection Related,No Control,Rain,"Dark, artificial",Wet,122,Birchcliffe-Cliffside,122,Birchcliffe-Cliffside (122),Non-Fatal Injury,0,0,1,0,0,0,0,1,0,0,0,1,0,Approaching,"['Driver', 'Passenger']",East,"['Pick Up Truck', 'Automobile, Station Wagon']",['Going Ahead'],"['Lost control', 'Driving Properly']","['Ability Impaired, Alcohol Over .08', 'Normal']",[],[],[],[],[],[],D41,False,"['30 to 34', '20 to 24', '25 to 29']",3.0
1578,2019-02-04 10:00:00,854,2019,BLOOR ST W,WINDERMERE AVE,Major Arterial,Etobicoke York,43.650134,-79.480426,622545.0998,4834136.0656,At Intersection,Traffic Signal,Clear,Daylight,Wet,87,High Park-Swansea,87,High Park-Swansea (87),Non-Fatal Injury,1,0,0,0,1,0,0,1,0,1,0,0,0,Pedestrian Collisions,"['Truck Driver', 'Passenger', 'Pedestrian']",East,"['Truck - Closed (Blazer, etc)']",['Turning Left'],['Failed to Yield Right of Way'],['Inattentive'],['Vehicle turns left while ped crosses with ROW at inter.'],['Crossing with right of way'],['Normal'],[],[],[],D11,False,"['35 to 39', '15 to 19', '60 to 64']",3.0
1579,2019-02-04 10:00:00,1904,2019,WARDEN AVE,GLEN SPRINGS DR,Major Arterial,Scarborough,43.804549,-79.320133,635124.3024,4851535.3075,At Intersection,No Control,Rain,"Dark, artificial",Wet,148,East L'Amoreaux,117,L'Amoreaux (117),Non-Fatal Injury,1,0,1,0,0,0,0,0,0,0,0,0,0,Pedestrian Collisions,"['Driver', 'Pedestrian']",North,"['Automobile, Station Wagon']",['Going Ahead'],['Driving Properly'],"['Normal', 'Unknown']",['Vehicle is going straight thru inter.while ped cross without ROW'],"['Crossing, no Traffic Control']",['Normal'],[],[],[],D42,False,"['85 to 89', '60 to 64', 'unknown', '45 to 49']",3.0
1580,2019-02-06 10:00:00,619,2019,WILSON AVE,BATHURST ST,Major Arterial,North York,43.737403,-79.432575,626220.8363,4843900.2632,Non Intersection,No Control,Clear,"Dark, artificial",Dry,38,Lansing-Westgate,38,Lansing-Westgate (38),Non-Fatal Injury,0,0,1,0,0,0,0,1,0,0,0,0,0,Turning Movement,"['Driver', 'Passenger']",West,"['Automobile, Station Wagon']","['Making U Turn', 'Going Ahead']","['Improper Turn', 'Driving Properly']",['Normal'],[],[],[],[],[],[],D32,False,"['40 to 44', '30 to 34', '5 to 9']",3.0
1581,2019-02-07 10:00:00,1642,2019,PHARMACY AVE,TRESTLESIDE GRV,Minor Arterial,Scarborough,43.750048,-79.307376,636274.2098,4845503.0331,Non Intersection,No Control,Rain,"Dark, artificial",Ice,119,Wexford/Maryvale,119,Wexford/Maryvale (119),Non-Fatal Injury,0,0,1,0,0,0,0,1,1,1,0,0,0,Approaching,"['Driver', 'Passenger']",North,"['Automobile, Station Wagon']",['Going Ahead'],"['Lost control', 'Driving Properly']","['Unknown', 'Normal']",[],[],[],[],[],[],D41,False,"['20 to 24', '40 to 44', '25 to 29']",3.0
1582,2019-02-08 10:00:00,330,2019,COLLEGE ST,BAY ST,Major Arterial,Toronto and East York,43.660742,-79.385814,630152.1831,4835458.2876,At Intersection,Traffic Signal,Clear,"Dark, artificial",Dry,170,Yonge-Bay Corridor,76,Bay Street Corridor (76),Non-Fatal Injury,0,0,1,0,0,0,1,1,0,1,0,0,1,Approaching,"['Driver', 'Passenger']",East,"['Pick Up Truck', 'Fire Vehicle']","['Going Ahead', 'Slowing or Stopping']","['Lost control', 'Driving Properly']","['Medical or Physical Disability', 'Normal']",[],[],[],[],[],[],D52,False,"['65 to 69', '35 to 39', '60 to 64', '30 to 34']",3.0
1583,2019-02-14 10:00:00,1112,2019,YONGE ST,WILLIAM CARSON CRES,Major Arterial,North York,43.747229,-79.407413,628226.1093,4845030.2253,At Intersection,Traffic Signal,Clear,Daylight,Wet,40,St.Andrew-Windfields,40,St.Andrew-Windfields (40),Non-Fatal Injury,0,0,1,0,0,0,0,0,0,1,1,0,0,Turning Movement,['Driver'],East,"['Automobile, Station Wagon', 'Passenger Van']","['Going Ahead', 'Turning Left']","['Disobeyed Traffic Control', 'Driving Properly']",['Normal'],[],[],[],[],[],[],D32,False,"['50 to 54', '60 to 64']",3.0
1584,2019-02-15 10:00:00,2049,2019,WESTON RD,ROGERS RD,Major Arterial,Etobicoke York,43.681536,-79.476711,622780.6607,4837629.1632,At Intersection,Yield Sign,Clear,"Dark, artificial",Wet,111,Rockcliffe-Smythe,111,Rockcliffe-Smythe (111),Non-Fatal Injury,1,0,0,0,1,0,0,1,0,1,0,0,0,Pedestrian Collisions,"['Truck Driver', 'Passenger', 'Pedestrian']",North,['Truck-Tractor'],['Turning Right'],['Failed to Yield Right of Way'],['Normal'],['Pedestrian hit on sidewalk or shoulder'],['On Sidewalk or Shoulder'],['Normal'],[],[],[],D12,False,"['60 to 64', '40 to 44', '55 to 59']",3.0
1585,2019-02-16 10:00:00,907,2019,WARDEN  AVE,BAMBURGH  CRCL,Major Arterial,Scarborough,43.815394,-79.324634,634737.8604,4852732.4796,Non Intersection,No Control,Clear,Daylight,Wet,116,Steeles,116,Steeles (116),Fatal,1,0,1,0,0,0,0,0,0,0,0,0,0,Pedestrian Collisions,"['Pedestrian', 'Driver']",East,"['Automobile, Station Wagon']",['Going Ahead'],['Driving Properly'],['Normal'],['Pedestrian hit at mid-block'],"['Crossing, no Traffic Control']",['Normal'],[],[],[],D42,True,"['85 to 89', '50 to 54']",4.0
1586,2019-02-20 10:00:00,815,2019,GERRARD ST E,MARJORY AVE,Minor Arterial,Toronto and East York,43.668597,-79.338092,633982.5851,4836406.6603,At/Near Private Drive,No Control,Clear,Daylight,Wet,70,South Riverdale,70,South Riverdale (70),Non-Fatal Injury,1,0,0,0,1,0,0,0,0,1,0,0,0,Pedestrian Collisions,"['Truck Driver', 'Pedestrian']",South,['Truck-Tractor'],['Turning Right'],['Failed to Yield Right of Way'],['Normal'],['Pedestrian hit at private driveway'],"['Crossing, no Traffic Control']",['Normal'],[],[],[],D55,False,"['50 to 54', '70 to 74']",3.0
1587,2019-02-25 10:00:00,1452,2019,THE QUEENSWAY,GLENDALE AVE,Major Arterial,Toronto and East York,43.639266,-79.451267,624919.155,4832972.5067,At Intersection,Traffic Signal,Clear,Daylight,Dry,87,High Park-Swansea,87,High Park-Swansea (87),Non-Fatal Injury,1,0,1,0,0,0,0,1,0,0,0,0,0,Pedestrian Collisions,"['Driver', 'Passenger', 'Pedestrian']",North,"['Automobile, Station Wagon']",['Going Ahead'],['Driving Properly'],['Normal'],['Vehicle is going straight thru inter.while ped cross without ROW'],['Crossing without right of way'],['Normal'],[],[],[],D11,False,"['30 to 34', '25 to 29', '35 to 39']",3.0
1588,2019-02-25 10:00:00,1949,2019,FINCH AVE W,PEARLDALE AVE,Major Arterial,Etobicoke York,43.747695,-79.562312,615753.5229,4844853.8764,At Intersection,Traffic Signal,Other,Dark,Other,22,Humbermede,22,Humbermede (22),Fatal,1,0,1,0,0,0,0,0,0,0,0,0,0,Pedestrian Collisions,"['Driver', 'Pedestrian']",North,"['Automobile, Station Wagon']",['Going Ahead'],['Driving Properly'],['Normal'],['Vehicle is going straight thru inter.while ped cross without ROW'],['Crossing without right of way'],[],[],[],[],D31,True,"['60 to 64', '80 to 84']",4.0
1589,2019-02-26 10:00:00,835,2019,DON MILLS RD,BOND AVE,Major Arterial,North York,43.746276,-79.345851,633184.8969,4845021.5162,At Intersection,No Control,Clear,Daylight,Dry,42,Banbury-Don Mills,42,Banbury-Don Mills (42),Non-Fatal Injury,0,0,1,0,0,0,0,1,0,0,0,0,0,Turning Movement,"['Driver', 'Passenger']",North,"['Automobile, Station Wagon']","['Turning Left', 'Slowing or Stopping']","['Improper Turn', 'Driving Properly']",['Normal'],[],[],[],[],[],[],D33,False,"['60 to 64', '20 to 24', '25 to 29']",3.0
1590,2019-02-27 10:00:00,602,2019,2930 FINCH AVE E,Not Applicable,Major Arterial,Scarborough,43.793738,-79.328258,634494.9964,4850321.3383,Non Intersection,No Control,Clear,Daylight,Dry,147,L'Amoreaux West,117,L'Amoreaux (117),Non-Fatal Injury,1,0,1,0,0,0,0,1,0,0,0,0,0,Pedestrian Collisions,"['Driver', 'Passenger', 'Pedestrian']",East,"['Automobile, Station Wagon']",['Going Ahead'],['Driving Properly'],['Normal'],['Pedestrian hit at mid-block'],"['Crossing, no Traffic Control']",['Inattentive'],[],[],[],D42,False,"['65 to 69', '30 to 34']",3.0
1591,2019-03-01 10:00:00,1105,2019,MARTIN GROVE RD,REXDALE BLVD,Major Arterial,Etobicoke York,43.714415,-79.581371,614282.2792,4841131.2089,At/Near Private Drive,No Control,Clear,Daylight,Dry,1,West Humber-Clairville,1,West Humber-Clairville (1),Non-Fatal Injury,0,0,1,0,0,0,0,0,0,1,0,0,0,Angle,['Driver'],East,"['Automobile, Station Wagon']",['Going Ahead'],"['Failed to Yield Right of Way', 'Driving Properly']","['Inattentive', 'Normal']",[],[],[],[],[],[],D23,False,"['80 to 84', '20 to 24']",3.0
1592,2019-03-01 10:00:00,1609,2019,2721 VICTORIA PARK AVE,Not Applicable,Major Arterial,Scarborough,43.776492,-79.323627,634906.3633,4848413.4356,Non Intersection,No Control,Clear,Daylight,Dry,46,Pleasant View,46,Pleasant View (46),Non-Fatal Injury,1,0,1,0,0,0,0,1,0,0,0,0,0,Pedestrian Collisions,"['Driver', 'Pedestrian', 'Passenger']",North,"['Automobile, Station Wagon']",['Going Ahead'],['Driving Properly'],['Normal'],['Pedestrian hit at mid-block'],"['Crossing, no Traffic Control']",['Inattentive'],[],[],[],D33,False,"['15 to 19', '65 to 69']",3.0
1593,2019-03-04 10:00:00,1755,2019,GARDINER LAKESHORE  E,LOWER JARVIS ST,Expressway Ramp,Toronto and East York,43.645365,-79.370364,631431.4731,4833774.8214,Non Intersection,No Control,Clear,Daylight,Dry,166,St Lawrence-East Bayfront-The Islands,77,Waterfront Communities-The Island (77),Non-Fatal Injury,1,0,1,0,0,0,0,0,0,0,0,0,0,Pedestrian Collisions,"['Pedestrian', 'Driver']",East,"['Automobile, Station Wagon']",['Going Ahead'],['Driving Properly'],['Normal'],['Pedestrian hit at mid-block'],['Other'],['Other'],[],[],[],D51,False,['25 to 29'],3.0
1594,2019-03-05 10:00:00,547,2019,HIGHWAY 27  N,HUMBER COLLEGE BLVD,Major Arterial,Etobicoke York,43.730399,-79.601398,612638.9713,4842879.0382,At Intersection,Traffic Signal,Clear,"Dark, artificial",Dry,1,West Humber-Clairville,1,West Humber-Clairville (1),Non-Fatal Injury,0,0,1,0,0,1,0,0,0,0,0,0,0,Approaching,['Driver'],North,"['Automobile, Station Wagon', 'Municipal Transit Bus (TTC)']",['Going Ahead'],"['Lost control', 'Driving Properly']","['Normal', 'Unknown']",[],[],[],[],[],[],D23,False,"['60 to 64', '45 to 49']",3.0
1595,2019-03-05 10:00:00,1640,2019,KINGSTON RD,SHARPE ST,Major Arterial,Scarborough,43.706267,-79.251254,640895.2985,4840734.3674,At Intersection,Traffic Signal,Clear,Daylight,Dry,122,Birchcliffe-Cliffside,122,Birchcliffe-Cliffside (122),Non-Fatal Injury,1,0,1,0,0,0,0,0,0,0,0,0,0,Pedestrian Collisions,"['Driver', 'Pedestrian']",North,"['Automobile, Station Wagon']",['Going Ahead'],['Driving Properly'],['Normal'],['Vehicle is going straight thru inter.while ped cross without ROW'],['Crossing without right of way'],['Inattentive'],[],[],[],D41,False,"['20 to 24', '15 to 19']",3.0
1596,2019-03-07 10:00:00,901,2019,EGLINTON  AVE W,MCROBERTS  AVE,Major Arterial,North York,43.693389,-79.460269,624081.4945,4838970.0716,Non Intersection,No Control,Unknown,Daylight,Other,109,Caledonia-Fairbank,109,Caledonia-Fairbank (109),Fatal,1,0,0,0,0,1,0,0,0,0,0,0,0,Pedestrian Collisions,"['Pedestrian', 'Driver']",East,['Intercity Bus'],['Going Ahead'],['Driving Properly'],['Normal'],['Pedestrian involved in a collision with transit vehicle anywhere along roadway'],['Running onto Roadway'],[],[],[],[],D13,True,"['75 to 79', '55 to 59']",4.0
1597,2019-03-09 10:00:00,231,2019,LAKE SHORE BLVD W,BAY ST,Major Arterial,Toronto and East York,43.642932,-79.37778,630838.6419,4833492.8872,At Intersection,Traffic Signal,Clear,"Dark, artificial",Dry,166,St Lawrence-East Bayfront-The Islands,77,Waterfront Communities-The Island (77),Non-Fatal Injury,0,0,1,0,0,0,0,1,0,1,0,1,0,Rear End,"['Driver', 'Passenger']",West,"['Automobile, Station Wagon']","['Going Ahead', 'Stopped']","['Lost control', 'Driving Properly']","['Ability Impaired, Alcohol Over .08', 'Normal']",[],[],[],[],[],[],D52,False,"['35 to 39', '50 to 54', '15 to 19', '20 to 24']",3.0
1598,2019-03-12 08:00:00,44,2019,DANFORTH AVE,BYNG AVE,Major Arterial,Scarborough,43.692969,-79.280025,638607.8506,4839208.9357,At Intersection,Traffic Signal,Clear,Dark,Dry,121,Oakridge,121,Oakridge (121),Non-Fatal Injury,0,0,1,0,0,0,0,1,0,1,0,0,0,Approaching,"['Driver', 'Passenger']",East,"['Automobile, Station Wagon']",['Going Ahead'],"['Lost control', 'Driving Properly']",['Normal'],[],[],[],[],[],[],D41,False,"['35 to 39', '45 to 49']",3.0
1599,2019-03-12 08:00:00,1830,2019,LAWSON RD,CENTENNIAL RD,Collector,Scarborough,43.787409,-79.150737,648792.7968,4849922.2015,At Intersection,Stop Sign,Clear,Daylight,Dry,133,Centennial Scarborough,133,Centennial Scarborough (133),Non-Fatal Injury,1,0,1,0,0,0,0,0,0,1,0,0,0,Pedestrian Collisions,"['Driver', 'Pedestrian']",South,"['Automobile, Station Wagon']",['Going Ahead'],['Failed to Yield Right of Way'],['Inattentive'],['Vehicle is going straight thru inter.while ped cross with ROW'],['Crossing with right of way'],['Normal'],[],[],[],D43,False,"['65 to 69', '70 to 74']",3.0
1600,2019-03-13 08:00:00,555,2019,STEELES AVE E,SEWELLS RD,Minor Arterial,Scarborough,43.845545,-79.211932,643729.3908,4856270.9769,Non Intersection,No Control,Clear,Dark,Ice,144,Morningside Heights,131,Rouge (131),Non-Fatal Injury,0,0,1,0,0,0,0,1,1,1,0,0,0,Approaching,"['Driver', 'Passenger']",East,"['Automobile, Station Wagon']",['Going Ahead'],"['Speed too Fast For Condition', 'Driving Properly']","['Inattentive', 'Normal']",[],[],[],[],[],[],D42,False,"['50 to 54', '40 to 44']",3.0
1601,2019-03-13 08:00:00,915,2019,ROYAL YORK RD,KINGSGROVE BLVD,Minor Arterial,Etobicoke York,43.653449,-79.514003,619830.6876,4834455.2043,Intersection Related,No Control,Clear,Daylight,Dry,15,Kingsway South,15,Kingsway South (15),Non-Fatal Injury,0,0,1,0,0,0,0,0,0,1,0,0,0,Approaching,['Driver'],South,"['Automobile, Station Wagon']","['Overtaking', 'Going Ahead']","['Improper Passing', 'Driving Properly']","['Unknown', 'Normal']",[],[],[],[],[],[],D22,False,"['35 to 39', '15 to 19', '70 to 74']",3.0
1602,2019-03-13 08:00:00,1650,2019,BAY ST,RICHMOND ST W,Major Arterial,Toronto and East York,43.651099,-79.38129,630537.851,4834394.4118,At Intersection,Traffic Signal,Clear,Daylight,Dry,170,Yonge-Bay Corridor,76,Bay Street Corridor (76),Non-Fatal Injury,1,0,0,0,0,1,0,0,0,0,0,0,0,Pedestrian Collisions,"['Driver', 'Pedestrian']",East,['Municipal Transit Bus (TTC)'],['Going Ahead'],['Driving Properly'],['Normal'],['Pedestrian involved in a collision with transit vehicle anywhere along roadway'],['Crossing without right of way'],['Other'],[],[],[],D52,False,"['55 to 59', '50 to 54']",3.0
1603,2019-03-13 08:00:00,2128,2019,BATHURST ST,DUNDAS ST W,Major Arterial,Toronto and East York,43.652239,-79.405978,628544.4806,4834482.4839,At Intersection,Traffic Signal,Clear,"Dark, artificial",Dry,78,Kensington-Chinatown,78,Kensington-Chinatown (78),Non-Fatal Injury,1,0,1,0,0,0,0,0,0,0,0,0,0,Pedestrian Collisions,"['Driver', 'Pedestrian']",West,"['Automobile, Station Wagon']",['Turning Left'],['Improper Turn'],['Unknown'],['Vehicle turns left while ped crosses with ROW at inter.'],['Crossing with right of way'],['Normal'],[],[],[],D14,False,"['70 to 74', '60 to 64']",3.0
1604,2019-03-15 08:00:00,2246,2019,MCCOWAN RD,ALTON TOWERS CRCL,Major Arterial,Scarborough,43.826819,-79.275867,638633.4399,4854081.9919,Intersection Related,No Control,Rain,"Dark, artificial",Wet,130,Milliken,130,Milliken (130),Non-Fatal Injury,1,0,1,0,0,0,0,0,0,0,0,0,0,Pedestrian Collisions,"['Driver', 'Pedestrian']",East,"['Automobile, Station Wagon']",['Going Ahead'],['Driving Properly'],['Normal'],['Pedestrian hit at mid-block'],"['Crossing, no Traffic Control']",['Inattentive'],[],[],[],D42,False,"['80 to 84', '15 to 19']",3.0
1605,2019-03-16 08:00:00,2155,2019,BAY ST,WELLINGTON ST W,Major Arterial,Toronto and East York,43.647261,-79.379688,630675.3655,4833970.6729,At Intersection,Traffic Signal,Clear,"Dark, artificial",Wet,170,Yonge-Bay Corridor,76,Bay Street Corridor (76),Non-Fatal Injury,1,0,1,0,0,0,0,0,0,0,0,0,0,Pedestrian Collisions,"['Driver', 'Pedestrian']",North,"['Automobile, Station Wagon']",['Turning Left'],['Driving Properly'],['Normal'],['Vehicle turns left while ped crosses without ROW at inter.'],['Crossing without right of way'],['Inattentive'],[],[],[],D52,False,"['60 to 64', '50 to 54']",3.0
1606,2019-03-17 08:00:00,630,2019,KING ST E,PARLIAMENT ST,Major Arterial,Toronto and East York,43.65232,-79.363742,631950.3182,4834557.774,Non Intersection,No Control,Clear,"Dark, artificial",Dry,73,Moss Park,73,Moss Park (73),Non-Fatal Injury,0,0,1,0,0,0,0,1,1,1,0,0,0,SMV Other,"['Driver', 'Passenger']",East,"['Automobile, Station Wagon']",['Going Ahead'],['Lost control'],['Unknown'],[],[],[],[],[],[],D51,False,"['20 to 24', '15 to 19']",3.0
1607,2019-03-18 08:00:00,914,2019,DANFORTH AVE,JONES AVE,Major Arterial,Toronto and East York,43.679801,-79.340137,633792.8149,4837647.7165,At Intersection,Traffic Signal,Clear,Daylight,Dry,69,Blake-Jones,69,Blake-Jones (69),Non-Fatal Injury,1,0,1,0,0,0,0,0,0,1,0,0,0,Pedestrian Collisions,"['Driver', 'Pedestrian']",East,['Pick Up Truck'],['Turning Right'],['Failed to Yield Right of Way'],['Inattentive'],['Vehicle turns right while ped crosses with ROW at inter.'],['Crossing with right of way'],['Normal'],[],[],[],D55,False,"['30 to 34', '50 to 54']",3.0
1608,2019-03-18 08:00:00,1545,2019,LESLIE ST,FINCH AVE E,Major Arterial,North York,43.789939,-79.36803,631303.5475,4849835.5389,At Intersection,Traffic Signal,Clear,Daylight,Dry,47,Don Valley Village,47,Don Valley Village (47),Non-Fatal Injury,1,0,1,0,0,0,0,1,0,0,0,0,0,Pedestrian Collisions,"['Driver', 'Passenger', 'Pedestrian']",East,"['Automobile, Station Wagon']",['Going Ahead'],['Driving Properly'],['Normal'],['Vehicle is going straight thru inter.while ped cross without ROW'],['Crossing without right of way'],['Inattentive'],[],[],[],D33,False,"['50 to 54', '45 to 49', '10 to 14']",3.0
1609,2019-03-18 08:00:00,2016,2019,EDWARD ST,BAY ST,Collector,Toronto and East York,43.656611,-79.382869,630398.5838,4835004.1093,Non Intersection,No Control,Clear,"Dark, artificial",Dry,170,Yonge-Bay Corridor,76,Bay Street Corridor (76),Non-Fatal Injury,0,1,1,0,0,0,0,0,0,1,0,0,0,Cyclist Collisions,"['Driver', 'Cyclist']",East,"['Automobile, Station Wagon', 'Bicycle']","['Going Ahead', 'Stopped']",['Failed to Yield Right of Way'],['Normal'],[],[],[],['Insufficient information (to determine cyclist crash type).'],['Driving Properly'],['Normal'],D52,False,"['unknown', '35 to 39']",3.0
1610,2019-03-20 08:00:00,1222,2019,NORTH QUEEN ST,MEDULLA AVE,Minor Arterial,Etobicoke York,43.621302,-79.545421,617359.6857,4830839.99,At Intersection,No Control,Clear,Daylight,Dry,159,Etobicoke City Centre,14,Islington-City Centre West (14),Non-Fatal Injury,1,0,1,0,0,0,0,1,0,0,0,0,0,Pedestrian Collisions,"['Driver', 'Passenger', 'Pedestrian']",East,"['Automobile, Station Wagon']",['Going Ahead'],['Driving Properly'],['Normal'],['Vehicle is going straight thru inter.while ped cross without ROW'],"['Crossing, no Traffic Control']",['Normal'],[],[],[],D22,False,"['40 to 44', '30 to 34', '60 to 64']",3.0
1611,2019-03-20 08:00:00,1822,2019,BLOOR ST W,AVENUE RD,Major Arterial,Toronto and East York,43.668784,-79.393413,629522.1713,4836339.5665,Non Intersection,No Control,Clear,Daylight,Dry,169,Bay-Cloverhill,76,Bay Street Corridor (76),Non-Fatal Injury,0,0,1,0,0,0,0,1,0,0,0,0,0,Turning Movement,"['Driver', 'Passenger']",East,"['Automobile, Station Wagon']","['Making U Turn', 'Going Ahead']","['Improper Turn', 'Driving Properly']","['Inattentive', 'Normal']",[],[],[],[],[],[],D52,False,"['35 to 39', '50 to 54', '20 to 24']",3.0
1612,2019-03-23 08:00:00,330,2019,SHEPPARD AVE W,SUNFIELD RD,Major Arterial,North York,43.743407,-79.492511,621382.1658,4844477.5329,At Intersection,Stop Sign,Other,Other,Unknown,155,Downsview,26,Downsview-Roding-CFB (26),Fatal,0,0,1,0,0,1,0,0,0,1,0,0,0,Turning Movement,['Driver'],East,"['Automobile, Station Wagon', 'Municipal Transit Bus (TTC)']","['Going Ahead', 'Turning Left']","['Driving Properly', 'Failed to Yield Right of Way']",['Normal'],[],[],[],[],[],[],D31,True,"['25 to 29', '35 to 39']",4.0
1613,2019-03-23 08:00:00,1112,2019,EGLINTON AVE W,MARTIN GROVE RD,Major Arterial,Etobicoke York,43.674407,-79.563129,615828.8286,4836713.0936,At Intersection,Traffic Signal,Clear,Daylight,Dry,10,Princess-Rosethorn,10,Princess-Rosethorn (10),Non-Fatal Injury,0,0,1,0,1,0,0,1,0,1,0,0,0,Rear End,"['Truck Driver', 'Driver', 'Passenger']",East,"['Truck-Tractor', 'Automobile, Station Wagon']","['Going Ahead', 'Slowing or Stopping']","['Following too Close', 'Driving Properly']",['Normal'],[],[],[],[],[],[],D22,False,"['55 to 59', '65 to 69']",3.0
1614,2019-03-23 08:00:00,1950,2019,BREADALBANE ST,BAY ST,Local,Toronto and East York,43.663443,-79.385959,630134.6558,4835758.0422,At/Near Private Drive,No Control,Clear,Daylight,Dry,169,Bay-Cloverhill,76,Bay Street Corridor (76),Non-Fatal Injury,0,1,1,0,0,0,0,0,0,0,0,0,0,Cyclist Collisions,"['Driver', 'Cyclist']",South,"['Automobile, Station Wagon', 'Bicycle']","['Turning Left', 'Going Ahead']",['Other'],['Other'],[],[],[],['Motorist turned left across cyclists path.'],['Driving Properly'],['Normal'],D52,False,"['60 to 64', '30 to 34']",3.0
1615,2019-03-24 08:00:00,2235,2019,KEELE ST,WILSON AVE,Major Arterial,North York,43.726569,-79.482028,622260.5181,4842622.8433,At Intersection,Traffic Signal,Clear,"Dark, artificial",Dry,155,Downsview,26,Downsview-Roding-CFB (26),Non-Fatal Injury,0,0,1,0,0,0,0,1,0,1,0,0,0,Turning Movement,"['Driver', 'Passenger']",East,['Passenger Van'],"['Turning Left', 'Going Ahead']","['Failed to Yield Right of Way', 'Driving Properly']",['Normal'],[],[],[],[],[],[],D31,False,"['30 to 34', '15 to 19']",3.0
1616,2019-03-25 08:00:00,1900,2019,DREWRY AVE,CHELMSFORD AVE,Minor Arterial,North York,43.782813,-79.436504,625809.229,4848937.7447,At Intersection,No Control,Clear,Daylight,Dry,36,Newtonbrook West,36,Newtonbrook West (36),Non-Fatal Injury,1,0,1,0,0,0,0,0,0,1,0,0,0,Pedestrian Collisions,"['Driver', 'Pedestrian']",East,"['Automobile, Station Wagon']",['Turning Right'],['Failed to Yield Right of Way'],['Unknown'],['Vehicle turns right while ped crosses with ROW at inter.'],['Crossing with right of way'],['Normal'],[],[],[],D32,False,"['45 to 49', '65 to 69']",3.0