accident_number,date,time,year,street1,street2,road_class,district,latitude,longitude,x,y,accident_location,traffctl,visibility,light,road_surface_condition,hood_158,neighbourhood_new,hood_140,neighbourhood_old,accident_class,pedestrian,cyclist,automobile,motorcycle,truck,trsn_city_veh,emerg_veh,passenger,speeding,aggressive_driving,redlight,alcohol,disability,impact_type,involvement_type,initial_direction,vehicle_type,manoeuver,driver_action,driver_condition,pedestrian_type,pedestrian_action,pedestrian_condition,cyclist_type,cyclist_action,cyclist_condition,division,injury,involvement_age,injury_severity_score
1706,2019-06-25 08:00:00,2213,2019,715 FINCH AVE W,Not Applicable,Major Arterial,North York,43.76932,-79.464435,623589.4909,4847397.0746,At/Near Private Drive,No Control,Clear,"Dark, artificial",Dry,34,Bathurst Manor,34,Bathurst Manor (34),Non-Fatal Injury,0,0,1,1,0,0,0,0,0,1,0,0,0,Turning Movement,"['Driver', 'Motorcycle Driver']",East,"['Automobile, Station Wagon', 'Motorcycle']","['Turning Left', 'Going Ahead']","['Failed to Yield Right of Way', 'Driving Properly']","['Inattentive', 'Normal']",[],[],[],[],[],[],D32,False,"['65 to 69', '55 to 59']",3.0
1707,2019-06-26 08:00:00,902,2019,VICTORIA ST,QUEEN ST E,Major Arterial,Toronto and East York,43.65261,-79.378055,630795.4543,4834567.3222,At Intersection,Traffic Signal,Clear,Daylight,Dry,168,Downtown Yonge East,75,Church-Yonge Corridor (75),Fatal,1,0,0,0,1,0,0,0,0,0,0,0,0,Pedestrian Collisions,"['Driver', 'Pedestrian']",East,['Truck - Open'],['Going Ahead'],['Driving Properly'],['Unknown'],['Vehicle is going straight thru inter.while ped cross without ROW'],['Crossing marked crosswalk without ROW'],['Unknown'],[],[],[],D51,True,"['40 to 44', '55 to 59']",4.0
1708,2019-06-27 08:00:00,1850,2019,LAKE SHORE BLVD W,TENTH ST,Major Arterial,Etobicoke York,43.599944,-79.508594,620373.6193,4828520.6377,At Intersection,Traffic Signal,Clear,Daylight,Dry,18,New Toronto,18,New Toronto (18),Non-Fatal Injury,1,0,1,0,0,0,0,0,0,1,0,0,0,Pedestrian Collisions,"['Driver', 'Pedestrian']",North,['Pick Up Truck'],['Turning Left'],['Failed to Yield Right of Way'],['Inattentive'],['Vehicle turns left while ped crosses with ROW at inter.'],['Crossing with right of way'],['Normal'],[],[],[],D22,False,"['40 to 44', '80 to 84']",3.0
1709,2019-06-28 08:00:00,1222,2019,ADELAIDE ST E,BERKELEY ST,Major Arterial,Toronto and East York,43.652915,-79.364742,631868.3735,4834622.267,At Intersection,Traffic Signal,Clear,Daylight,Dry,73,Moss Park,73,Moss Park (73),Non-Fatal Injury,0,1,1,0,0,0,0,1,0,0,0,0,0,Cyclist Collisions,"['Cyclist', 'Driver', 'Passenger']",East,"['Bicycle', 'Automobile, Station Wagon']","['Turning Left', 'Going Ahead']",['Driving Properly'],['Normal'],[],[],[],['Cyclist turned left across motorists path.'],['Improper Turn'],['Normal'],D51,False,"['60 to 64', '25 to 29']",3.0
1710,2019-07-01 08:00:00,719,2019,ST CLAIR AVE W,OAKWOOD AVE,Major Arterial,North York,43.679583,-79.43568,626091.9769,4837473.8158,At Intersection,Traffic Signal,Clear,Daylight,Dry,94,Wychwood,94,Wychwood (94),Non-Fatal Injury,1,0,1,0,0,0,0,0,0,0,0,0,0,Pedestrian Collisions,"['Driver', 'Pedestrian']",South,"['Automobile, Station Wagon']",['Going Ahead'],['Driving Properly'],['Normal'],['Vehicle is going straight thru inter.while ped cross without ROW'],['Crossing without right of way'],['Inattentive'],[],[],[],D13,False,"['55 to 59', '60 to 64']",3.0
1711,2019-07-02 08:00:00,1015,2019,BRIMLEY RD,KINGSTON RD,Major Arterial,Scarborough,43.718154,-79.240329,641747.5013,4842073.2194,At Intersection,Traffic Signal,Clear,Daylight,Dry,123,Cliffcrest,123,Cliffcrest (123),Non-Fatal Injury,0,0,1,0,0,0,0,1,0,1,1,0,0,Angle,"['Driver', 'Passenger']",East,"['Automobile, Station Wagon']","['Going Ahead', 'Stopped']","['Disobeyed Traffic Control', 'Driving Properly']","['Inattentive', 'Normal']",[],[],[],[],[],[],D43,False,"['55 to 59', '50 to 54', '30 to 34', '60 to 64', '25 to 29']",3.0
1712,2019-07-03 08:00:00,635,2019,MORTIMER AVE,WOODBINE AVE,Minor Arterial,Toronto and East York,43.692423,-79.3157,635734.1032,4839089.2769,At Intersection,Stop Sign,Clear,Daylight,Dry,60,Woodbine-Lumsden,60,Woodbine-Lumsden (60),Non-Fatal Injury,0,0,1,0,0,0,0,0,0,0,0,0,1,SMV Other,['Driver'],East,"['Automobile, Station Wagon']",['Going Ahead'],['Lost control'],['Medical or Physical Disability'],[],[],[],[],[],[],D55,False,['40 to 44'],3.0
1713,2019-07-03 08:00:00,735,2019,DAVENPORT RD,HECTOR AVE,Minor Arterial,Toronto and East York,43.67525,-79.424037,627039.6133,4837010.3441,At Intersection,No Control,Clear,"Daylight, artificial",Dry,94,Wychwood,94,Wychwood (94),Non-Fatal Injury,0,1,1,0,0,0,0,0,0,1,0,0,0,Cyclist Collisions,"['Driver', 'Cyclist']",East,"['Automobile, Station Wagon', 'Bicycle']","['Turning Left', 'Going Ahead']",['Failed to Yield Right of Way'],['Inattentive'],[],[],[],['Motorist turned left across cyclists path.'],['Driving Properly'],['Normal'],D13,False,"['40 to 44', '45 to 49']",3.0
1714,2019-07-03 08:00:00,920,2019,LAWRENCE AVE W,KEELE ST,Major Arterial,Etobicoke York,43.708586,-79.478023,622619.7663,4840631.4943,Non Intersection,No Control,Clear,Daylight,Dry,30,Brookhaven-Amesbury,30,Brookhaven-Amesbury (30),Non-Fatal Injury,1,0,1,0,0,0,0,0,0,0,0,0,0,Pedestrian Collisions,"['Driver', 'Pedestrian']",South,"['Automobile, Station Wagon']",['Going Ahead'],['Driving Properly'],['Normal'],['Pedestrian hit at mid-block'],['Running onto Roadway'],['Inattentive'],[],[],[],D12,False,"['45 to 49', '50 to 54']",3.0
1715,2019-07-04 08:00:00,910,2019,PHARMACY AVE,LAWRENCE AVE E,Major Arterial,Scarborough,43.74317,-79.304607,636512.7807,4844743.6871,At Intersection,Traffic Signal,Clear,Daylight,Dry,119,Wexford/Maryvale,119,Wexford/Maryvale (119),Non-Fatal Injury,0,0,0,1,0,0,0,0,0,1,0,0,0,Turning Movement,"['Driver', 'Motorcycle Driver']",North,"['School Bus', 'Motorcycle']","['Turning Left', 'Going Ahead']","['Failed to Yield Right of Way', 'Driving Properly']","['Inattentive', 'Normal']",[],[],[],[],[],[],D41,False,"['60 to 64', '55 to 59']",3.0
1716,2019-07-04 08:00:00,1915,2019,YONGE ST,ABITIBI AVE,Major Arterial,North York,43.796252,-79.419589,627141.8355,4850456.1994,At Intersection,No Control,Clear,Daylight,Dry,50,Newtonbrook East,50,Newtonbrook East (50),Non-Fatal Injury,0,0,1,0,0,0,0,1,1,1,0,0,0,Turning Movement,"['Driver', 'Passenger']",North,"['Automobile, Station Wagon']","['Going Ahead', 'Turning Left']","['Speed too Fast For Condition', 'Driving Properly']",['Normal'],[],[],[],[],[],[],D32,False,"['30 to 34', '70 to 74']",3.0
1717,2019-07-07 08:00:00,612,2019,ROCKWELL AVE,OLD WESTON RD,Collector,Etobicoke York,43.676566,-79.463863,623826.4718,4837096.2781,At Intersection,Stop Sign,Clear,Daylight,Dry,91,Weston-Pelham Park,91,Weston-Pellam Park (91),Non-Fatal Injury,0,0,1,0,0,0,0,0,1,1,0,0,0,SMV Other,['Driver'],West,"['Automobile, Station Wagon']",['Going Ahead'],['Speed too Fast For Condition'],['Unknown'],[],[],[],[],[],[],D12,False,['25 to 29'],3.0
1718,2019-07-07 08:00:00,2010,2019,SHEPPARD AVE E,NEILSON RD,Major Arterial,Scarborough,43.798049,-79.217632,643384.8695,4850985.8654,At Intersection,Traffic Signal,Clear,Daylight,Dry,146,Malvern East,132,Malvern (132),Non-Fatal Injury,1,0,1,0,0,0,0,0,0,0,0,0,0,Pedestrian Collisions,"['Driver', 'Pedestrian']",North,"['Automobile, Station Wagon']",['Turning Left'],['Improper Turn'],['Normal'],['Vehicle turns left while ped crosses with ROW at inter.'],['Crossing with right of way'],['Normal'],[],[],[],D42,False,"['20 to 24', '25 to 29']",3.0
1719,2019-07-08 08:00:00,251,2019,PARKSIDE DR,CONSTANCE ST,Major Arterial,Etobicoke York,43.648211,-79.457622,624388.1006,4833956.4187,At Intersection,No Control,Clear,"Dark, artificial",Dry,87,High Park-Swansea,87,High Park-Swansea (87),Non-Fatal Injury,1,0,1,0,0,0,0,1,0,0,0,0,0,Pedestrian Collisions,"['Driver', 'Passenger', 'Pedestrian']",South,"['Automobile, Station Wagon']",['Going Ahead'],['Driving Properly'],['Normal'],['Vehicle is going straight thru inter.while ped cross without ROW'],"['Crossing, no Traffic Control']",['Had Been Drinking'],[],[],[],D11,False,"['45 to 49', '30 to 34', '40 to 44']",3.0
1720,2019-07-08 08:00:00,1040,2019,BLACK CREEK DR,LAWRENCE AVE W,Major Arterial,Etobicoke York,43.704878,-79.494052,621335.8423,4840196.0849,At Intersection,Traffic Signal,Clear,Daylight,Dry,30,Brookhaven-Amesbury,30,Brookhaven-Amesbury (30),Non-Fatal Injury,0,0,0,1,1,0,0,1,0,0,0,0,0,Turning Movement,"['Truck Driver', 'Motorcycle Driver', 'Motorcycle Passenger']",North,"['Truck-Tractor', 'Motorcycle']","['Turning Left', 'Going Ahead']","['Improper Turn', 'Driving Properly']",['Normal'],[],[],[],[],[],[],D12,False,"['40 to 44', '50 to 54', '20 to 24']",3.0
1721,2019-07-10 08:00:00,1221,2019,1 YORK GATE BLVD,Not Applicable,Minor Arterial,North York,43.758837,-79.52151,619016.5773,4846149.1803,Non Intersection,No Control,Clear,Daylight,Dry,24,Black Creek,24,Black Creek (24),Fatal,1,0,1,0,0,0,0,0,0,0,0,0,0,Pedestrian Collisions,"['Pedestrian', 'Driver']",South,"['Automobile, Station Wagon']",['Going Ahead'],['Driving Properly'],['Normal'],['Pedestrian hit at mid-block'],"['Crossing, no Traffic Control']","['Normal', 'Unknown']",[],[],[],D31,True,"['60 to 64', '25 to 29']",4.0
1722,2019-07-12 08:00:00,1415,2019,DUFFERIN ST,GERRY FITZGERALD DR,Major Arterial,North York,43.78377,-79.470104,623103.5644,4848993.5209,At Intersection,Traffic Signal,Clear,Daylight,Dry,34,Bathurst Manor,34,Bathurst Manor (34),Non-Fatal Injury,1,0,1,0,0,0,0,0,0,1,0,0,0,Pedestrian Collisions,"['Driver', 'Pedestrian']",East,"['Automobile, Station Wagon']",['Going Ahead'],['Failed to Yield Right of Way'],['Normal'],['Vehicle is going straight thru inter.while ped cross with ROW'],['Crossing with right of way'],['Normal'],[],[],[],D32,False,"['80 to 84', '20 to 24']",3.0
1723,2019-07-12 08:00:00,1820,2019,114 TORYORK DR,Not Applicable,Collector,Etobicoke York,43.756449,-79.551196,616631.514,4845841.7278,At/Near Private Drive,No Control,Clear,Daylight,Dry,21,Humber Summit,21,Humber Summit (21),Non-Fatal Injury,0,0,1,1,0,0,0,0,0,1,0,0,0,Turning Movement,"['Driver', 'Motorcycle Driver']",East,"['Automobile, Station Wagon', 'Motorcycle']","['Turning Left', 'Going Ahead']","['Failed to Yield Right of Way', 'Driving Properly']",['Normal'],[],[],[],[],[],[],D31,False,"['15 to 19', '35 to 39']",3.0
1724,2019-07-14 08:00:00,1309,2019,LAWRENCE AVE E,TOWNLEY AVE,Major Arterial,Scarborough,43.742572,-79.307369,636291.7395,4844672.7225,Intersection Related,No Control,Clear,Daylight,Dry,119,Wexford/Maryvale,119,Wexford/Maryvale (119),Non-Fatal Injury,0,0,1,1,0,0,0,1,1,1,0,0,0,Sideswipe,"['Motorcycle Driver', 'Driver', 'Passenger']",West,"['Motorcycle', 'Automobile, Station Wagon']","['Going Ahead', 'Changing Lanes']","['Exceeding Speed Limit', 'Improper Lane Change']",['Normal'],[],[],[],[],[],[],D41,False,"['25 to 29', '40 to 44', '35 to 39', '70 to 74', '0 to 4']",3.0
1725,2019-07-16 08:00:00,1401,2019,BARKWOOD CRES,CLIFFWOOD RD,Local,North York,43.804576,-79.35551,632278.5776,4851481.1463,At Intersection,No Control,Clear,Daylight,Dry,48,Hillcrest Village,48,Hillcrest Village (48),Fatal,1,0,0,0,1,0,0,0,0,1,0,0,0,Pedestrian Collisions,"['Pedestrian', 'Driver']",East,['Truck - Dump'],['Turning Left'],['Failed to Yield Right of Way'],['Inattentive'],['Vehicle turns left while ped crosses with ROW at inter.'],['Crossing with right of way'],['Normal'],[],[],[],D33,True,"['65 to 69', '45 to 49']",4.0
1726,2019-07-18 08:00:00,2240,2019,DUNDAS ST W,DONNYBROOK LANE,Major Arterial,Etobicoke York,43.653163,-79.524646,618972.9945,4834408.1264,Intersection Related,No Control,Clear,"Dark, artificial",Dry,15,Kingsway South,15,Kingsway South (15),Fatal,0,0,1,1,0,0,0,0,0,1,0,0,0,Turning Movement,"['Driver', 'Motorcycle Driver']",East,"['Automobile, Station Wagon', 'Motorcycle']","['Turning Left', 'Going Ahead']","['Failed to Yield Right of Way', 'Driving Properly']",['Normal'],[],[],[],[],[],[],D22,True,"['55 to 59', '25 to 29']",4.0
1727,2019-07-19 08:00:00,1924,2019,FINCH AVE W,JANE ST,Major Arterial,Etobicoke York,43.757003,-79.519115,619213.0151,4845948.932,At/Near Private Drive,No Control,Clear,Daylight,Dry,25,Glenfield-Jane Heights,25,Glenfield-Jane Heights (25),Non-Fatal Injury,0,0,1,0,0,0,0,1,0,0,0,0,0,Turning Movement,"['Driver', 'Passenger']",East,"['Automobile, Station Wagon']","['Turning Left', 'Going Ahead']","['Improper Turn', 'Driving Properly']","['Inattentive', 'Normal']",[],[],[],[],[],[],D31,False,"['35 to 39', '70 to 74', '15 to 19', '60 to 64', '50 to 54', '25 to 29']",3.0
1728,2019-07-20 08:00:00,110,2019,AVENUE RD,BERNARD AVE,Major Arterial,Toronto and East York,43.67393,-79.396266,629281.1122,4836906.6485,Intersection Related,No Control,Clear,"Dark, artificial",Dry,95,Annex,95,Annex (95),Non-Fatal Injury,1,0,1,0,0,0,0,0,0,0,0,0,0,Pedestrian Collisions,"['Driver', 'Pedestrian']",East,"['Automobile, Station Wagon']",['Going Ahead'],['Driving Properly'],['Unknown'],['Vehicle is going straight thru inter.while ped cross without ROW'],"['Crossing, no Traffic Control']",['Inattentive'],[],[],[],D53,False,"['35 to 39', '50 to 54']",3.0
1729,2019-07-20 08:00:00,135,2019,BLOOR ST W,BALMUTO ST,Major Arterial,Toronto and East York,43.669802,-79.388393,629924.6887,4836460.4793,Non Intersection,No Control,Clear,"Dark, artificial",Dry,169,Bay-Cloverhill,76,Bay Street Corridor (76),Non-Fatal Injury,0,1,1,0,0,0,0,0,0,0,0,0,0,Cyclist Collisions,"['Driver', 'Cyclist']",West,"['Automobile, Station Wagon', 'Bicycle']","['Going Ahead', 'Merging']",['Driving Properly'],['Normal'],[],[],[],['Cyclist and Driver travelling in same direction. One vehicle sideswipes the other.'],[],[],D52,False,"['35 to 39', '40 to 44']",3.0
1730,2019-07-20 08:00:00,2215,2019,PHARMACY AVE,EGLINTON AVE E,Major Arterial,Scarborough,43.725577,-79.297481,637126.722,4842801.491,At Intersection,Traffic Signal,Rain,"Dark, artificial",Wet,120,Clairlea-Birchmount,120,Clairlea-Birchmount (120),Non-Fatal Injury,1,0,1,0,0,0,0,1,0,1,0,0,0,Pedestrian Collisions,"['Driver', 'Passenger', 'Pedestrian']",North,"['Automobile, Station Wagon']",['Turning Right'],['Failed to Yield Right of Way'],['Normal'],['Vehicle turns right while ped crosses with ROW at inter.'],['Crossing with right of way'],['Normal'],[],[],[],D41,False,"['55 to 59', '40 to 44', '10 to 14']",3.0
1731,2019-07-22 08:00:00,21,2019,OSSINGTON AVE,BLOOR ST W,Major Arterial,Toronto and East York,43.661914,-79.425617,626940.3562,4835526.7848,At Intersection,Traffic Signal,Clear,"Dark, artificial",Dry,80,Palmerston-Little Italy,80,Palmerston-Little Italy (80),Non-Fatal Injury,0,0,0,1,0,1,0,0,1,1,0,0,0,Turning Movement,"['Motorcycle Driver', 'Driver']",North,"['Motorcycle', 'Intercity Bus']","['Going Ahead', 'Turning Left']","['Exceeding Speed Limit', 'Failed to Yield Right of Way']","['Other', 'Inattentive']",[],[],[],[],[],[],D14,False,"['20 to 24', '30 to 34']",3.0
1732,2019-07-24 08:00:00,549,2019,VICTORIA PARK AVE,IVORDALE CRES,Major Arterial,Scarborough,43.755698,-79.314487,635688.9227,4846118.8765,At Intersection,Stop Sign,Clear,Daylight,Dry,119,Wexford/Maryvale,119,Wexford/Maryvale (119),Non-Fatal Injury,0,0,1,0,0,0,0,0,0,1,0,0,0,Turning Movement,['Driver'],North,"['Automobile, Station Wagon']","['Turning Left', 'Going Ahead']","['Failed to Yield Right of Way', 'Driving Properly']",['Normal'],[],[],[],[],[],[],D41,False,"['45 to 49', '30 to 34']",3.0
1733,2019-07-25 08:00:00,1712,2019,STEELES AVE E,LESLIE ST,Major Arterial,North York,43.809794,-79.366481,631384.6491,4852043.2095,Non Intersection,No Control,Clear,Daylight,Dry,48,Hillcrest Village,48,Hillcrest Village (48),Non-Fatal Injury,0,0,1,1,0,0,0,0,0,0,0,0,0,Rear End,"['Motorcycle Driver', 'Driver']",West,"['Motorcycle', 'Automobile, Station Wagon']","['Slowing or Stopping', 'Stopped']","['Lost control', 'Driving Properly']","['Inattentive', 'Normal']",[],[],[],[],[],[],D33,False,"['45 to 49', '50 to 54']",3.0
1734,2019-07-25 08:00:00,1857,2019,WILSON AVE,BATHURST ST,Major Arterial,North York,43.737422,-79.432498,626226.997,4843902.4908,At/Near Private Drive,Stop Sign,Clear,Daylight,Dry,38,Lansing-Westgate,38,Lansing-Westgate (38),Non-Fatal Injury,0,0,1,0,0,0,0,0,0,1,0,0,0,Turning Movement,['Driver'],South,"['Automobile, Station Wagon']","['Turning Left', 'Going Ahead']","['Failed to Yield Right of Way', 'Driving Properly']","['Unknown', 'Normal']",[],[],[],[],[],[],D32,False,"['15 to 19', '30 to 34']",3.0
1735,2019-07-25 08:00:00,2245,2019,KINGSTON RD,PORT UNION RD,Major Arterial,Scarborough,43.800658,-79.143306,649357.6944,4851407.1044,At/Near Private Drive,No Control,Clear,"Dark, artificial",Dry,143,West Rouge,131,Rouge (131),Non-Fatal Injury,0,0,1,0,0,0,0,0,0,1,0,0,0,Turning Movement,['Driver'],East,"['Automobile, Station Wagon']","['Turning Left', 'Going Ahead']","['Failed to Yield Right of Way', 'Driving Properly']","['Unknown', 'Normal']",[],[],[],[],[],[],D42,False,['50 to 54'],3.0
1736,2019-07-26 08:00:00,1436,2019,THE QUEENSWAY,VIBE RD,Major Arterial,Etobicoke York,43.621604,-79.523433,619133.1602,4830904.8442,At Intersection,No Control,Clear,Daylight,Dry,159,Etobicoke City Centre,14,Islington-City Centre West (14),Non-Fatal Injury,0,1,1,0,0,0,0,1,0,0,0,0,0,Cyclist Collisions,"['Cyclist', 'Driver', 'Cyclist Passenger']",East,"['Bicycle', 'Automobile, Station Wagon']","['Turning Left', 'Going Ahead']",['Driving Properly'],['Normal'],[],[],[],['Cyclist turned left across motorists path.'],['Improper Turn'],['Normal'],D22,False,"['50 to 54', '35 to 39', '25 to 29']",3.0
1737,2019-07-26 08:00:00,1630,2019,857 ELLESMERE RD,Not Applicable,Major Arterial,Scarborough,43.765547,-79.281963,638284.5396,4847266.5581,Non Intersection,No Control,Clear,Daylight,Dry,126,Dorset Park,126,Dorset Park (126),Non-Fatal Injury,0,0,1,0,0,0,0,1,1,1,0,0,0,Rear End,"['Driver', 'Passenger']",East,"['Automobile, Station Wagon']","['Going Ahead', 'Stopped']","['Speed too Fast For Condition', 'Driving Properly']","['Unknown', 'Normal']",[],[],[],[],[],[],D41,False,"['unknown', '60 to 64', '15 to 19', '20 to 24']",3.0
1738,2019-07-26 08:00:00,2310,2019,VICTORIA PARK AVE,ELLESMERE RD,Major Arterial,Scarborough,43.757796,-79.315204,635626.4613,4846350.7169,At Intersection,Traffic Signal,Clear,"Dark, artificial",Dry,119,Wexford/Maryvale,119,Wexford/Maryvale (119),Non-Fatal Injury,0,0,1,0,0,0,0,1,0,1,0,1,0,Turning Movement,"['Driver', 'Passenger']",North,"['Automobile, Station Wagon']","['Turning Left', 'Going Ahead']","['Improper Turn', 'Driving Properly']","['Ability Impaired, Alcohol Over .08', 'Normal']",[],[],[],[],[],[],D41,False,"['25 to 29', '30 to 34', '20 to 24']",3.0
1739,2019-07-28 08:00:00,148,2019,FITZGIBBON AVE,LORD ROBERTS DR,Local,Scarborough,43.740515,-79.261867,639960.4255,4844520.1286,At/Near Private Drive,No Control,Clear,"Dark, artificial",Dry,138,Eglinton East,138,Eglinton East (138),Non-Fatal Injury,0,0,1,0,0,0,0,1,1,1,0,0,0,SMV Other,"['Driver', 'Passenger']",North,"['Automobile, Station Wagon']",['Going Ahead'],['Lost control'],['Had Been Drinking'],[],[],[],[],[],[],D41,False,"['25 to 29', '20 to 24']",3.0
1740,2019-07-28 08:00:00,1054,2019,ISLINGTON AVE,MILLWICK DR,Major Arterial,Etobicoke York,43.759955,-79.571773,614968.3,4846202.3513,At Intersection,Traffic Signal,Clear,Daylight,Dry,21,Humber Summit,21,Humber Summit (21),Fatal,1,0,1,0,0,0,0,0,0,1,0,0,0,Pedestrian Collisions,"['Driver', 'Pedestrian']",North,"['Automobile, Station Wagon']",['Turning Left'],['Failed to Yield Right of Way'],['Inattentive'],['Vehicle turns left while ped crosses with ROW at inter.'],['Crossing with right of way'],['Normal'],[],[],[],D31,True,"['25 to 29', '70 to 74']",4.0
1741,2019-07-28 08:00:00,1503,2019,ST CLAIR AVE E,GLENBURN AVE,Major Arterial,Toronto and East York,43.708571,-79.298282,637100.9862,4840911.4024,At Intersection,Stop Sign,Clear,Daylight,Dry,54,O'Connor-Parkview,54,O'Connor-Parkview (54),Non-Fatal Injury,0,0,1,1,0,0,0,0,0,1,0,0,0,Angle,"['Driver', 'Motorcycle Driver']",East,"['Automobile, Station Wagon', 'Motorcycle']",['Going Ahead'],"['Failed to Yield Right of Way', 'Driving Properly']","['Inattentive', 'Normal']",[],[],[],[],[],[],D55,False,"['85 to 89', '55 to 59']",3.0
1742,2019-07-29 08:00:00,1937,2019,GERRARD ST E,CARLAW AVE,Minor Arterial,Toronto and East York,43.667624,-79.342769,633607.6812,4836291.0521,At Intersection,Traffic Signal,Clear,Daylight,Dry,70,South Riverdale,70,South Riverdale (70),Non-Fatal Injury,0,1,1,0,0,0,0,1,0,0,0,0,0,Cyclist Collisions,"['Cyclist', 'Driver', 'Passenger']",East,"['Bicycle', 'Automobile, Station Wagon']",['Going Ahead'],['Driving Properly'],['Normal'],[],[],[],"['Cyclist without ROW rides into path of motorist at inter, lnwy, dwy-Cyclist not turn.']",['Disobeyed Traffic Control'],['Inattentive'],D55,False,"['55 to 59', '35 to 39', '15 to 19']",3.0
1743,2019-07-30 08:00:00,39,2019,GERRARD ST W,LA PLANTE AVE,Minor Arterial,Toronto and East York,43.658251,-79.385585,630176.0308,4835181.9883,Intersection Related,No Control,Rain,"Dark, artificial",Wet,170,Yonge-Bay Corridor,76,Bay Street Corridor (76),Non-Fatal Injury,1,0,1,0,0,0,0,0,0,1,0,1,0,Pedestrian Collisions,"['Driver', 'Pedestrian']",East,"['Automobile, Station Wagon']",['Going Ahead'],['Failed to Yield Right of Way'],"['Ability Impaired, Alcohol Over .08']",['Vehicle is going straight thru inter.while ped cross without ROW'],"['Crossing, no Traffic Control']",['Had Been Drinking'],[],[],[],D52,False,"['30 to 34', '50 to 54']",3.0
1744,2019-07-30 08:00:00,2153,2019,TRETHEWEY DR,BLACK CREEK DR,Major Arterial,Etobicoke York,43.694541,-79.486064,622000.4125,4839059.741,At Intersection,Traffic Signal,Clear,"Dark, artificial",Dry,112,Beechborough-Greenbrook,112,Beechborough-Greenbrook (112),Non-Fatal Injury,1,0,1,0,0,0,0,1,0,0,0,0,0,Pedestrian Collisions,"['Driver', 'Passenger', 'Pedestrian']",East,"['Automobile, Station Wagon']",['Turning Right'],['Driving Properly'],['Normal'],['Vehicle turns right while ped crosses without ROW at inter.'],['Crossing without right of way'],['Other'],[],[],[],D12,False,"['45 to 49', '5 to 9']",3.0
1745,2019-07-31 08:00:00,1423,2019,F G GARDINER XY  W,GARDINER X W 427 X N RAMP,Expressway,Etobicoke York,43.616381,-79.533878,618300.6662,4830309.8331,Non Intersection,No Control,Clear,Daylight,Dry,20,Alderwood,20,Alderwood (20),Non-Fatal Injury,0,0,1,0,1,0,0,0,1,1,0,0,0,Rear End,"['Truck Driver', 'Driver']",West,"['Truck - Dump', 'Automobile, Station Wagon', 'Delivery Van']","['Slowing or Stopping', 'Stopped']","['Speed too Fast For Condition', 'Driving Properly']",['Normal'],[],[],[],[],[],[],D22,False,"['50 to 54', '55 to 59']",3.0
1746,2019-07-31 08:00:00,1748,2019,220 DOVERCOURT RD,Not Applicable,Collector,Toronto and East York,43.647738,-79.424083,627093.9429,4833954.7027,Intersection Related,No Control,Clear,Daylight,Dry,84,Little Portugal,84,Little Portugal (84),Non-Fatal Injury,0,1,1,0,0,0,0,1,0,1,0,0,0,Cyclist Collisions,"['Driver', 'Cyclist', 'Passenger']",South,"['Pick Up Truck', 'Bicycle']","['Overtaking', 'Going Ahead']",['Improper Passing'],['Inattentive'],[],[],[],['Cyclist and Driver travelling in same direction. One vehicle sideswipes the other.'],['Driving Properly'],['Normal'],D14,False,"['30 to 34', '15 to 19', '25 to 29']",3.0
1747,2019-07-31 08:00:00,2147,2019,QUEEN ST W,GLADSTONE AVE,Major Arterial,Toronto and East York,43.642573,-79.426486,626911.0207,4833377.3855,Non Intersection,No Control,Clear,"Dark, artificial",Dry,84,Little Portugal,84,Little Portugal (84),Non-Fatal Injury,1,0,1,0,0,1,0,1,0,0,0,0,0,Pedestrian Collisions,"['Driver', 'Driver - Not Hit', 'Passenger', 'Pedestrian']",East,"['Street Car', 'Automobile, Station Wagon']",['Going Ahead'],['Driving Properly'],['Normal'],['Pedestrian involved in a collision with transit vehicle anywhere along roadway'],"['Crossing, no Traffic Control']","['Ability Impaired, Alcohol Over .80']",[],[],[],D14,False,"['30 to 34', '35 to 39']",3.0
1748,2019-08-02 08:00:00,2237,2019,ISLINGTON AVE,BEAUMONDE HEIGHTS DR,Major Arterial,Etobicoke York,43.742396,-79.567699,615329.9678,4844257.8332,At Intersection,Traffic Signal,Clear,Dark,Dry,3,Thistletown-Beaumond Heights,3,Thistletown-Beaumond Heights (3),Fatal,0,0,1,1,0,0,0,0,0,1,0,0,0,Turning Movement,"['Driver', 'Motorcycle Driver']",North,"['Passenger Van', 'Motorcycle']","['Turning Left', 'Going Ahead']","['Failed to Yield Right of Way', 'Driving Properly']",['Unknown'],[],[],[],[],[],[],D23,True,"['65 to 69', '25 to 29']",4.0
1749,2019-08-03 08:00:00,917,2019,WARDEN AVE,SYLLA AVE,Major Arterial,Scarborough,43.763796,-79.301395,636724.4328,4847039.8153,At Intersection,No Control,Clear,Daylight,Dry,119,Wexford/Maryvale,119,Wexford/Maryvale (119),Fatal,0,0,1,0,0,0,0,0,0,0,0,0,0,SMV Other,['Driver'],North,"['Automobile, Station Wagon']",['Going Ahead'],['Lost control'],['Unknown'],[],[],[],[],[],[],D41,True,['55 to 59'],4.0
1750,2019-08-03 08:00:00,1435,2019,LAWRENCE AVE W,PIMLICO RD,Major Arterial,Etobicoke York,43.707465,-79.482394,622269.8881,4840500.5355,At Intersection,Traffic Signal,Clear,Daylight,Dry,30,Brookhaven-Amesbury,30,Brookhaven-Amesbury (30),Non-Fatal Injury,0,0,0,1,0,0,0,0,0,0,0,0,0,SMV Other,['Motorcycle Driver'],East,['Motorcycle'],['Going Ahead'],['Lost control'],['Normal'],[],[],[],[],[],[],D12,False,['25 to 29'],3.0