accident_number,date,time,year,street1,street2,road_class,district,latitude,longitude,x,y,accident_location,traffctl,visibility,light,road_surface_condition,hood_158,neighbourhood_new,hood_140,neighbourhood_old,accident_class,pedestrian,cyclist,automobile,motorcycle,truck,trsn_city_veh,emerg_veh,passenger,speeding,aggressive_driving,redlight,alcohol,disability,impact_type,involvement_type,initial_direction,vehicle_type,manoeuver,driver_action,driver_condition,pedestrian_type,pedestrian_action,pedestrian_condition,cyclist_type,cyclist_action,cyclist_condition,division,injury,involvement_age,injury_severity_score
1751,2019-08-03 08:00:00,1435,2019,2929 DUFFERIN ST,Not Applicable,Major Arterial,North York,43.708998,-79.453655,624582.1649,4840713.5856,At/Near Private Drive,No Control,Clear,"Daylight, artificial",Dry,31,Yorkdale-Glen Park,31,Yorkdale-Glen Park (31),Non-Fatal Injury,0,1,1,0,0,0,0,0,0,0,0,0,0,Cyclist Collisions,"['Cyclist', 'Driver']",North,"['Bicycle', 'Automobile, Station Wagon']","['Unknown', 'Going Ahead']",['Driving Properly'],['Normal'],[],[],[],"['Cyclist without ROW rides into path of motorist at inter, lnwy, dwy-Cyclist not turn.']",['Other'],['Unknown'],D13,False,"['35 to 39', '45 to 49']",3.0
1752,2019-08-03 08:00:00,1500,2019,55 KING ST W,Not Applicable,Major Arterial,Toronto and East York,43.64836,-79.381206,630550.5592,4834090.3421,Non Intersection,No Control,Clear,Daylight,Dry,170,Yonge-Bay Corridor,76,Bay Street Corridor (76),Non-Fatal Injury,1,0,1,0,0,0,0,0,0,0,0,0,0,Pedestrian Collisions,"['Driver', 'Pedestrian']",Unknown,"['Automobile, Station Wagon']",['Going Ahead'],['Other'],['Unknown'],['Pedestrian hit on sidewalk or shoulder'],['On Sidewalk or Shoulder'],"['Normal', 'Unknown']",[],[],[],D52,False,"['25 to 29', '15 to 19']",3.0
1753,2019-08-03 08:00:00,2027,2019,WINDERMERE AVE,THE QUEENSWAY,Major Arterial,Etobicoke York,43.637137,-79.469875,623422.5983,4832708.2174,At Intersection,Traffic Signal,Clear,"Dark, artificial",Dry,87,High Park-Swansea,87,High Park-Swansea (87),Non-Fatal Injury,0,0,1,1,0,0,0,1,1,1,0,0,0,Turning Movement,"['Driver', 'Motorcycle Driver', 'Motorcycle Passenger']",North,"['Automobile, Station Wagon', 'Motorcycle']","['Turning Left', 'Going Ahead']","['Improper Turn', 'Driving Properly']",['Normal'],[],[],[],[],[],[],D11,False,"['20 to 24', '15 to 19']",3.0
1754,2019-08-04 08:00:00,257,2019,BATHURST ST,HERRICK ST,Major Arterial,Toronto and East York,43.662955,-79.410365,628167.9012,4835665.8504,Non Intersection,No Control,Clear,Daylight,Dry,80,Palmerston-Little Italy,80,Palmerston-Little Italy (80),Non-Fatal Injury,1,0,1,0,0,0,0,0,0,0,0,0,0,Pedestrian Collisions,"['Driver', 'Pedestrian']",North,"['Automobile, Station Wagon']",['Going Ahead'],"['Lost control', 'Driving Properly']",['Normal'],['Pedestrian hit on sidewalk or shoulder'],['On Sidewalk or Shoulder'],['Normal'],[],[],[],D14,False,"['20 to 24', '30 to 34', '25 to 29']",3.0
1755,2019-08-05 08:00:00,41,2019,PARLIAMENT ST,SHUTER ST,Minor Arterial,Toronto and East York,43.656871,-79.364963,631841.8942,4835061.282,At Intersection,Traffic Signal,Clear,"Dark, artificial",Dry,72,Regent Park,72,Regent Park (72),Non-Fatal Injury,0,0,1,0,0,0,0,1,1,1,1,0,0,Angle,"['Driver', 'Passenger', 'Other']",North,"['Automobile, Station Wagon']",['Going Ahead'],"['Disobeyed Traffic Control', 'Driving Properly']","['Unknown', 'Normal']",[],[],[],[],[],[],D51,False,"['25 to 29', '20 to 24', 'unknown']",3.0
1756,2019-08-05 08:00:00,1645,2019,STEELES AVE E,BLUFFWOOD DR,Major Arterial,North York,43.807639,-79.376056,630619.2179,4851788.7029,At Intersection,Traffic Signal,Clear,Daylight,Dry,49,Bayview Woods-Steeles,49,Bayview Woods-Steeles (49),Fatal,0,0,1,1,0,0,0,0,1,1,0,0,0,Turning Movement,"['Driver', 'Motorcycle Driver']",East,"['Automobile, Station Wagon', 'Motorcycle']","['Turning Left', 'Going Ahead']","['Failed to Yield Right of Way', 'Exceeding Speed Limit']","['Normal', 'Unknown']",[],[],[],[],[],[],D33,True,"['40 to 44', '25 to 29']",4.0
1757,2019-08-05 08:00:00,2220,2019,VICTORIA PARK AVE,CURLEW DR,Major Arterial,Scarborough,43.747023,-79.311496,635949.3509,4845160.2913,Non Intersection,No Control,Clear,"Dark, artificial",Dry,119,Wexford/Maryvale,119,Wexford/Maryvale (119),Non-Fatal Injury,0,0,1,1,0,0,0,0,1,1,0,0,0,Rear End,"['Motorcycle Driver', 'Driver']",North,"['Motorcycle', 'Automobile, Station Wagon']",['Going Ahead'],"['Lost control', 'Driving Properly']",['Normal'],[],[],[],[],[],[],D41,False,"['20 to 24', '25 to 29']",3.0
1758,2019-08-09 08:00:00,945,2019,31  FINCH AVE E,Not Applicable,Major Arterial,North York,43.780196,-79.413219,627688.4816,4848682.7368,Non Intersection,No Control,Clear,Daylight,Dry,151,Yonge-Doris,51,Willowdale East (51),Fatal,1,0,1,0,0,0,0,0,0,0,0,0,0,Pedestrian Collisions,"['Pedestrian', 'Driver']",East,"['Automobile, Station Wagon']",['Going Ahead'],['Lost control'],['Unknown'],['Pedestrian hit on sidewalk or shoulder'],['On Sidewalk or Shoulder'],['Normal'],[],[],[],D32,True,"['65 to 69', '35 to 39']",4.0
1759,2019-08-11 08:00:00,1505,2019,JANE ST,BEVERLY HILLS DR,Major Arterial,Etobicoke York,43.719008,-79.508113,620174.6793,4841744.9349,Intersection Related,Traffic Signal,Clear,Daylight,Dry,154,Oakdale-Beverley Heights,26,Downsview-Roding-CFB (26),Non-Fatal Injury,0,0,1,0,0,0,0,1,0,0,0,0,0,Turning Movement,"['Driver', 'Passenger']",South,"['Passenger Van', 'Automobile, Station Wagon']","['Turning Left', 'Going Ahead', 'Stopped']","['Improper Turn', 'Driving Properly']","['Inattentive', 'Normal']",[],[],[],[],[],[],D31,False,"['25 to 29', '40 to 44', 'unknown', '5 to 9']",3.0
1760,2019-08-12 08:00:00,1044,2019,RICHMOND ST W,UNIVERSITY AVE,Major Arterial,Scarborough,43.650012,-79.386249,630140.2852,4834265.8973,At Intersection,Traffic Signal,Clear,Daylight,Dry,170,Yonge-Bay Corridor,76,Bay Street Corridor (76),Non-Fatal Injury,0,1,1,0,0,0,0,0,0,1,0,0,0,Cyclist Collisions,"['Driver', 'Cyclist']",West,"['Delivery Van', 'Bicycle']","['Turning Right', 'Going Ahead']",['Failed to Yield Right of Way'],['Inattentive'],[],[],[],['Motorist turning right on green or amber at signalized intersection strikes cyclist.'],['Driving Properly'],['Normal'],D52,False,"['20 to 24', '45 to 49']",3.0
1761,2019-08-13 08:00:00,1329,2019,STEELES  AVE E,MCCOWAN  RD,Major Arterial,Scarborough,43.830973,-79.275157,638680.9087,4854544.5527,At Intersection,Traffic Signal,Clear,Daylight,Dry,130,Milliken,130,Milliken (130),Fatal,0,0,1,1,0,0,0,0,0,1,0,0,0,Turning Movement,"['Motorcycle Driver', 'Driver']",East,"['Motorcycle', 'Automobile, Station Wagon']","['Going Ahead', 'Turning Left']","['Driving Properly', 'Failed to Yield Right of Way']","['Normal', 'Inattentive']",[],[],[],[],[],[],D42,True,"['40 to 44', '35 to 39']",4.0
1762,2019-08-13 08:00:00,1748,2019,QUEEN ST E,VICTORIA PARK AVE,Minor Arterial,Toronto and East York,43.674201,-79.28017,638639.3927,4837124.2444,At Intersection,No Control,Clear,Daylight,Dry,122,Birchcliffe-Cliffside,122,Birchcliffe-Cliffside (122),Non-Fatal Injury,0,1,1,0,0,0,0,1,0,1,0,0,0,Cyclist Collisions,"['Driver', 'Cyclist', 'Passenger']",East,"['Automobile, Station Wagon', 'Bicycle']","['Turning Left', 'Going Ahead']",['Disobeyed Traffic Control'],['Inattentive'],[],[],[],['Motorist turned left across cyclists path.'],['Driving Properly'],['Normal'],D41,False,"['80 to 84', '45 to 49', '65 to 69', '60 to 64']",3.0
1763,2019-08-14 08:00:00,1149,2019,DUFFERIN ST,TYCOS DR,Major Arterial,North York,43.705699,-79.452884,624651.1195,4840348.3446,At Intersection,Stop Sign,Clear,Daylight,Dry,31,Yorkdale-Glen Park,31,Yorkdale-Glen Park (31),Non-Fatal Injury,0,0,1,1,0,0,0,1,0,1,0,0,0,Turning Movement,"['Driver', 'Motorcycle Driver', 'Motorcycle Passenger']",East,"['Automobile, Station Wagon', 'Motorcycle']","['Turning Left', 'Going Ahead']","['Failed to Yield Right of Way', 'Driving Properly']",['Normal'],[],[],[],[],[],[],D13,False,"['25 to 29', '20 to 24']",3.0
1764,2019-08-15 08:00:00,648,2019,QUEEN ST W,ST PATRICK ST,Major Arterial,Toronto and East York,43.650347,-79.388606,629949.4814,4834299.4097,At Intersection,Traffic Signal,Clear,Daylight,Dry,164,Wellington Place,77,Waterfront Communities-The Island (77),Non-Fatal Injury,1,0,1,0,0,0,0,1,0,1,1,0,0,Pedestrian Collisions,"['Driver', 'Passenger', 'Pedestrian']",East,"['Automobile, Station Wagon']",['Going Ahead'],['Disobeyed Traffic Control'],['Normal'],['Vehicle is going straight thru inter.while ped cross with ROW'],['Crossing with right of way'],['Normal'],[],[],[],D52,False,"['30 to 34', '0 to 4', '60 to 64']",3.0
1765,2019-08-17 08:00:00,1235,2019,GODSTONE RD,FAIRVIEW MALL DR,Minor Arterial,North York,43.779563,-79.345691,633123.9262,4848718.8017,At Intersection,Traffic Signal,Clear,Daylight,Dry,47,Don Valley Village,47,Don Valley Village (47),Non-Fatal Injury,1,0,1,0,0,0,0,0,0,0,0,0,0,Pedestrian Collisions,"['Driver', 'Pedestrian']",Unknown,"['Automobile, Station Wagon']",['Going Ahead'],['Lost control'],['Inattentive'],['Pedestrian hit on sidewalk or shoulder'],['On Sidewalk or Shoulder'],['Normal'],[],[],[],D33,False,"['75 to 79', '70 to 74']",3.0
1766,2019-08-17 08:00:00,2305,2019,FINCH AVE E,MCCOWAN RD,Major Arterial,Scarborough,43.807955,-79.266467,639433.1825,4852002.6334,At Intersection,Traffic Signal,Clear,"Dark, artificial",Dry,129,Agincourt North,129,Agincourt North (129),Non-Fatal Injury,1,0,1,0,0,0,0,0,0,0,0,0,0,Pedestrian Collisions,"['Driver', 'Pedestrian']",North,"['Automobile, Station Wagon']",['Going Ahead'],['Driving Properly'],['Normal'],['Vehicle is going straight thru inter.while ped cross without ROW'],['Crossing without right of way'],['Had Been Drinking'],[],[],[],D42,False,"['25 to 29', '35 to 39']",3.0
1767,2019-08-19 08:00:00,1730,2019,KINGSTON RD,HAIG AVE,Major Arterial,Scarborough,43.687167,-79.271663,639295.1595,4838578.5541,At Intersection,No Control,Clear,Daylight,Dry,122,Birchcliffe-Cliffside,122,Birchcliffe-Cliffside (122),Non-Fatal Injury,0,0,1,1,0,0,0,0,0,0,0,0,0,Sideswipe,"['Motorcycle Driver', 'Driver']",West,"['Motorcycle', 'Automobile, Station Wagon']","['Changing Lanes', 'Going Ahead']","['Improper Lane Change', 'Driving Properly']","['Inattentive', 'Normal']",[],[],[],[],[],[],D41,False,"['25 to 29', '35 to 39']",3.0
1768,2019-08-19 08:00:00,2118,2019,MARKHAM RD,NASHDENE RD,Major Arterial,Scarborough,43.817473,-79.24496,641140.6489,4853096.2306,Non Intersection,No Control,Clear,"Dark, artificial",Dry,144,Morningside Heights,131,Rouge (131),Non-Fatal Injury,0,0,1,1,0,0,0,1,1,1,0,0,0,Rear End,"['Motorcycle Driver', 'Driver', 'Motorcycle Passenger']",South,"['Motorcycle', 'Automobile, Station Wagon']","['Overtaking', 'Going Ahead']","['Speed too Fast For Condition', 'Driving Properly']","['Unknown', 'Normal']",[],[],[],[],[],[],D42,False,"['20 to 24', '25 to 29']",3.0
1769,2019-08-20 08:00:00,1515,2019,SHEPPARD AVE E,MARKHAM RD,Major Arterial,Scarborough,43.793795,-79.238719,641698.5341,4850477.0705,At Intersection,Traffic Signal,Clear,Daylight,Dry,146,Malvern East,132,Malvern (132),Non-Fatal Injury,1,0,1,0,0,0,0,0,0,1,0,0,0,Pedestrian Collisions,"['Driver', 'Pedestrian']",East,"['Automobile, Station Wagon']",['Turning Left'],['Failed to Yield Right of Way'],['Inattentive'],['Vehicle turns left while ped crosses with ROW at inter.'],['Crossing with right of way'],['Normal'],[],[],[],D42,False,"['25 to 29', '70 to 74']",3.0
1770,2019-08-20 08:00:00,1522,2019,BATHURST ST,DUPONT ST,Major Arterial,Toronto and East York,43.673079,-79.414348,627825.268,4836784.1103,At Intersection,Traffic Signal,Clear,Daylight,Dry,95,Annex,95,Annex (95),Non-Fatal Injury,0,0,0,1,0,0,0,0,0,0,0,0,0,SMV Other,['Motorcycle Driver'],South,['Motorcycle'],['Going Ahead'],['Lost control'],['Normal'],[],[],[],[],[],[],D14,False,['50 to 54'],3.0
1771,2019-08-20 08:00:00,2112,2019,STEELES AVE E,LAURELEAF RD S,Major Arterial,North York,43.805499,-79.385745,629844.529,4851535.7729,At Intersection,Traffic Signal,Clear,"Dark, artificial",Dry,49,Bayview Woods-Steeles,49,Bayview Woods-Steeles (49),Fatal,1,0,1,0,0,0,0,0,0,0,0,0,0,Pedestrian Collisions,"['Pedestrian', 'Driver']",North,"['Automobile, Station Wagon']",['Going Ahead'],['Driving Properly'],['Normal'],['Vehicle is going straight thru inter.while ped cross without ROW'],['Crossing without right of way'],['Had Been Drinking'],[],[],[],D33,True,"['60 to 64', '30 to 34']",4.0
1772,2019-08-21 08:00:00,1130,2019,SHEPPARD AVE E,MIDLAND AVE,Major Arterial,Scarborough,43.785277,-79.278529,638515.3814,4849463.6232,At Intersection,Traffic Signal,Clear,Daylight,Dry,128,Agincourt South-Malvern West,128,Agincourt South-Malvern West (128),Fatal,1,0,1,0,1,0,0,0,0,1,0,0,0,Pedestrian Collisions,"['Driver', 'Pedestrian']",East,"['Truck - Tank', 'Automobile, Station Wagon']","['Turning Right', 'Unknown']",['Failed to Yield Right of Way'],['Unknown'],['Vehicle turns right while ped crosses with ROW at inter.'],['Crossing with right of way'],['Unknown'],[],[],[],D42,True,"['45 to 49', 'unknown', '75 to 79']",4.0
1773,2019-08-22 08:00:00,815,2019,ISLINGTON AVE,ANGLESEY BLVD,Major Arterial,Etobicoke York,43.66421,-79.531993,618358.8188,4835624.5309,At Intersection,Stop Sign,Clear,Daylight,Dry,9,Edenbridge-Humber Valley,9,Edenbridge-Humber Valley (9),Non-Fatal Injury,0,0,1,1,0,0,0,0,0,1,0,0,0,Angle,"['Driver', 'Motorcycle Driver']",North,"['Pick Up Truck', 'Motorcycle']",['Going Ahead'],"['Failed to Yield Right of Way', 'Driving Properly']",['Normal'],[],[],[],[],[],[],D22,False,"['40 to 44', '65 to 69']",3.0
1774,2019-08-22 08:00:00,1521,2019,BAY ST,COLLEGE ST,Major Arterial,Toronto and East York,43.660742,-79.385814,630152.1831,4835458.2876,At Intersection,Traffic Signal,Clear,Daylight,Dry,170,Yonge-Bay Corridor,76,Bay Street Corridor (76),Non-Fatal Injury,1,0,1,0,0,0,0,1,0,1,1,0,0,Pedestrian Collisions,"['Driver', 'Passenger', 'Pedestrian']",Unknown,"['Automobile, Station Wagon', 'Pick Up Truck']",['Going Ahead'],"['Disobeyed Traffic Control', 'Driving Properly']","['Inattentive', 'Normal']",['Vehicle is going straight thru inter.while ped cross with ROW'],['Crossing with right of way'],['Normal'],[],[],[],D52,False,"['50 to 54', '20 to 24', '0 to 4', '40 to 44', '65 to 69']",3.0
1775,2019-08-22 08:00:00,1823,2019,LAKE SHORE BLVD E,COXWELL AVE,Major Arterial,Toronto and East York,43.6622,-79.31483,635872.4149,4835734.0209,At Intersection,Traffic Controller,Clear,Dusk,Dry,70,South Riverdale,70,South Riverdale (70),Non-Fatal Injury,0,0,1,1,0,0,0,0,0,1,0,0,0,Rear End,"['Driver', 'Motorcycle Driver']",East,"['Automobile, Station Wagon', 'Motorcycle']","['Going Ahead', 'Slowing or Stopping']","['Following too Close', 'Driving Properly']","['Unknown', 'Normal']",[],[],[],[],[],[],D55,False,['50 to 54'],3.0
1776,2019-08-23 08:00:00,752,2019,DAVENPORT RD,BATHURST ST,Minor Arterial,Toronto and East York,43.676657,-79.415744,627705.1404,4837179.3452,At Intersection,Traffic Signal,Clear,Daylight,Dry,96,Casa Loma,96,Casa Loma (96),Non-Fatal Injury,0,0,0,0,1,1,0,1,0,1,0,0,0,Rear End,"['Truck Driver', 'Driver', 'Passenger']",West,"['Truck - Closed (Blazer, etc)', 'Municipal Transit Bus (TTC)']","['Going Ahead', 'Stopped']","['Following too Close', 'Driving Properly']",['Normal'],[],[],[],[],[],[],D13,False,"['35 to 39', '25 to 29', '40 to 44', '60 to 64']",3.0
1777,2019-08-25 08:00:00,20,2019,PASSMORE AVE,DYNAMIC DR,Collector,Scarborough,43.829867,-79.253429,640430.4974,4854458.3752,At Intersection,No Control,Clear,Dark,Dry,130,Milliken,130,Milliken (130),Non-Fatal Injury,1,0,1,0,0,0,0,0,0,0,0,0,0,Pedestrian Collisions,"['Driver', 'Pedestrian']",North,"['Automobile, Station Wagon']",['Going Ahead'],['Driving Properly'],['Normal'],['Pedestrian hit at mid-block'],"['Crossing, no Traffic Control']",['Had Been Drinking'],[],[],[],D42,False,"['15 to 19', '35 to 39']",3.0
1778,2019-08-25 08:00:00,1115,2019,RENFORTH DR,BRIDGETOWN DR,Collector,Etobicoke York,43.636084,-79.567912,615516.713,4832450.1688,At Intersection,No Control,Clear,Daylight,Dry,12,Markland Wood,13,Etobicoke West Mall (13),Non-Fatal Injury,1,0,1,0,0,0,0,0,0,1,0,0,0,Pedestrian Collisions,"['Driver', 'Pedestrian']",East,"['Automobile, Station Wagon']",['Going Ahead'],['Failed to Yield Right of Way'],['Unknown'],['Vehicle is going straight thru inter.while ped cross with ROW'],['Crossing with right of way'],['Normal'],[],[],[],D22,False,"['unknown', '35 to 39']",3.0
1779,2019-08-25 08:00:00,2035,2019,KINGSTON RD,MORNINGSIDE AVE,Major Arterial,Scarborough,43.771086,-79.186321,645969.3693,4848045.9196,Non Intersection,No Control,Clear,Dark,Dry,136,West Hill,136,West Hill (136),Fatal,1,0,1,0,0,0,0,0,0,0,0,0,0,Pedestrian Collisions,"['Driver', 'Pedestrian']",East,"['Automobile, Station Wagon']",['Going Ahead'],['Driving Properly'],['Normal'],['Pedestrian hit at mid-block'],"['Crossing, no Traffic Control']",['Unknown'],[],[],[],D43,True,"['60 to 64', '70 to 74']",4.0
1780,2019-08-26 08:00:00,2046,2019,TWYN RIVERS DR,SHEPPARD AVE E,Collector,Scarborough,43.813456,-79.156703,648248.3215,4852804.4399,Non Intersection,No Control,Clear,Dark,Dry,144,Morningside Heights,131,Rouge (131),Non-Fatal Injury,0,0,0,1,0,0,0,0,0,1,0,0,0,SMV Other,['Motorcycle Driver'],North,['Motorcycle'],['Going Ahead'],['Lost control'],['Normal'],[],[],[],[],[],[],D42,False,['45 to 49'],3.0
1781,2019-08-30 08:00:00,2023,2019,SHEPPARD AVE E,ABBOTSFIELD GT,Major Arterial,Scarborough,43.777281,-79.313861,635690.5072,4848517.0262,Non Intersection,No Control,Clear,Dark,Dry,118,Tam O'Shanter-Sullivan,118,Tam O'Shanter-Sullivan (118),Fatal,1,0,1,0,0,0,0,0,0,0,0,0,0,Pedestrian Collisions,"['Pedestrian', 'Driver']",East,"['Automobile, Station Wagon']",['Going Ahead'],['Other'],['Unknown'],['Pedestrian hit at mid-block'],"['Crossing, no Traffic Control']",['Inattentive'],[],[],[],D42,True,"['30 to 34', 'unknown']",4.0
1782,2019-08-31 08:00:00,740,2019,MOUNT PLEASANT RD,ELM AVE,Major Arterial,North York,43.674468,-79.380153,630578.8691,4836991.6403,At Intersection,Traffic Signal,Clear,Daylight,Dry,98,Rosedale-Moore Park,98,Rosedale-Moore Park (98),Non-Fatal Injury,1,0,1,0,0,0,0,0,0,1,0,0,0,Pedestrian Collisions,"['Driver', 'Pedestrian']",East,['Pick Up Truck'],['Turning Left'],['Failed to Yield Right of Way'],['Inattentive'],['Vehicle turns left while ped crosses with ROW at inter.'],['Crossing with right of way'],['Normal'],[],[],[],D53,False,"['50 to 54', '70 to 74']",3.0
1783,2019-08-31 08:00:00,1746,2019,JOHN GARLAND BLVD,KENDLETON DR,Local,Etobicoke York,43.734889,-79.580325,614327.5917,4843406.5755,At Intersection,No Control,Clear,Daylight,Dry,2,Mount Olive-Silverstone-Jamestown,2,Mount Olive-Silverstone-Jamestown (2),Non-Fatal Injury,0,1,1,0,0,0,0,0,0,1,0,0,0,Cyclist Collisions,"['Driver', 'Cyclist']",East,"['Automobile, Station Wagon', 'Bicycle']","['Turning Right', 'Going Ahead']",['Failed to Yield Right of Way'],['Normal'],[],[],[],"['Motorist turns right at non-signal Inter.(stop, yield, no cont.,and dwy) and strikes cyclist.']",['Driving Properly'],['Normal'],D23,False,"['65 to 69', '55 to 59']",3.0
1784,2019-09-02 08:00:00,1448,2019,495 THE WEST MALL,Not Applicable,Minor Arterial,Etobicoke York,43.647906,-79.568042,615483.5751,4833762.9687,Non Intersection,No Control,Clear,Daylight,Dry,13,Etobicoke West Mall,13,Etobicoke West Mall (13),Non-Fatal Injury,0,0,1,1,0,0,0,0,1,1,0,0,0,Angle,"['Motorcycle Driver', 'Driver']",North,"['Motorcycle', 'Automobile, Station Wagon']",['Going Ahead'],"['Exceeding Speed Limit', 'Failed to Yield Right of Way']","['Normal', 'Unknown']",[],[],[],[],[],[],D22,False,"['20 to 24', '30 to 34', 'unknown']",3.0
1785,2019-09-02 08:00:00,1802,2019,GARRYBROOK DR,HUNTINGWOOD DR,Minor Arterial,Scarborough,43.788966,-79.307216,636198.7247,4849825.7411,At Intersection,Stop Sign,Clear,Daylight,Dry,118,Tam O'Shanter-Sullivan,118,Tam O'Shanter-Sullivan (118),Non-Fatal Injury,0,1,1,0,0,0,0,0,0,1,0,0,0,Cyclist Collisions,"['Driver', 'Cyclist']",East,"['Automobile, Station Wagon', 'Bicycle']","['Turning Right', 'Going Ahead']",['Failed to Yield Right of Way'],['Normal'],[],[],[],"['Motorist turns right at non-signal Inter.(stop, yield, no cont.,and dwy) and strikes cyclist.']",['Driving Properly'],['Normal'],D42,False,"['20 to 24', '30 to 34']",3.0
1786,2019-09-03 08:00:00,1800,2019,KENNEDY RD,HIGHWAY 401 C  E,Major Arterial,Scarborough,43.774371,-79.284335,638073.3087,4848242.6417,Non Intersection,No Control,Clear,Daylight,Dry,126,Dorset Park,126,Dorset Park (126),Non-Fatal Injury,0,0,1,0,0,0,0,0,0,0,0,0,0,SMV Other,['Driver'],North,"['Automobile, Station Wagon']",['Going Ahead'],['Other'],['Unknown'],[],[],[],[],[],[],D41,False,['70 to 74'],3.0
1787,2019-09-03 08:00:00,1903,2019,KING ST W,PORTLAND ST,Major Arterial,Toronto and East York,43.644381,-79.400058,629038.7093,4833618.9382,At Intersection,Traffic Signal,Clear,Dark,Dry,164,Wellington Place,77,Waterfront Communities-The Island (77),Non-Fatal Injury,0,1,1,0,0,0,0,0,0,0,0,0,0,Cyclist Collisions,"['Cyclist', 'Driver']",West,"['Bicycle', 'Automobile, Station Wagon']",['Going Ahead'],['Driving Properly'],['Normal'],[],[],[],['Cyclist and Driver travelling in same direction. One vehicle rear-ended the other.'],['Following too Close'],['Normal'],D14,False,"['45 to 49', '30 to 34']",3.0
1788,2019-09-03 08:00:00,1910,2019,LANSDOWNE AVE,WALLACE AVE,Minor Arterial,Etobicoke York,43.662287,-79.444377,625426.9717,4835539.6796,At/Near Private Drive,No Control,Clear,Daylight,Dry,171,Junction-Wallace Emerson,93,Dovercourt-Wallace Emerson-Junction (93),Non-Fatal Injury,1,0,1,0,0,0,0,0,0,0,0,0,0,Pedestrian Collisions,"['Driver', 'Pedestrian']",North,"['Automobile, Station Wagon']",['Going Ahead'],['Lost control'],['Inattentive'],[],['On Sidewalk or Shoulder'],['Normal'],[],[],[],D11,False,['25 to 29'],3.0
1789,2019-09-04 08:00:00,800,2019,1750 VICTORIA PARK AVE,Not Applicable,Major Arterial,North York,43.736197,-79.307407,636303.1451,4843964.6212,At/Near Private Drive,No Control,Clear,Daylight,Dry,43,Victoria Village,43,Victoria Village (43),Non-Fatal Injury,0,1,1,0,0,0,0,0,0,1,0,0,0,Cyclist Collisions,"['Driver', 'Cyclist']",East,"['Pick Up Truck', 'Bicycle']","['Turning Right', 'Going Ahead']",['Failed to Yield Right of Way'],['Normal'],[],[],[],"['Motorist turns right at non-signal Inter.(stop, yield, no cont.,and dwy) and strikes cyclist.']",['Driving Properly'],['Normal'],D33,False,"['55 to 59', '10 to 14']",3.0
1790,2019-09-04 08:00:00,1722,2019,O CONNOR DR,SUNRISE AVE,Major Arterial,North York,43.718833,-79.304431,636582.2636,4842040.9941,At Intersection,Traffic Signal,Clear,Daylight,Dry,43,Victoria Village,43,Victoria Village (43),Non-Fatal Injury,0,0,1,0,0,0,0,1,1,1,1,1,0,Angle,"['Driver', 'Passenger']",East,"['Automobile, Station Wagon']",['Going Ahead'],"['Disobeyed Traffic Control', 'Driving Properly']","['Ability Impaired, Alcohol', 'Normal']",[],[],[],[],[],[],D55,False,"['50 to 54', '45 to 49']",3.0
1791,2019-09-04 08:00:00,2307,2019,WESTON RD,ROGERS RD,Major Arterial,Etobicoke York,43.681536,-79.476711,622780.6607,4837629.1632,At Intersection,Traffic Signal,Clear,"Dark, artificial",Dry,111,Rockcliffe-Smythe,111,Rockcliffe-Smythe (111),Non-Fatal Injury,0,0,0,1,0,1,0,0,0,1,0,0,0,Turning Movement,"['Driver', 'Motorcycle Driver']",North,"['Municipal Transit Bus (TTC)', 'Motorcycle']","['Turning Left', 'Going Ahead']","['Failed to Yield Right of Way', 'Driving Properly']","['Inattentive', 'Normal']",[],[],[],[],[],[],D12,False,"['25 to 29', '40 to 44']",3.0
1792,2019-09-06 08:00:00,630,2019,WARDEN AVE,MCNICOLL AVE,Major Arterial,Scarborough,43.808352,-79.32191,634972.7977,4851954.7916,Non Intersection,No Control,Clear,Daylight,Dry,116,Steeles,116,Steeles (116),Fatal,1,0,1,0,0,0,0,0,0,0,0,0,0,Pedestrian Collisions,"['Pedestrian', 'Driver']",South,"['Automobile, Station Wagon']",['Going Ahead'],['Driving Properly'],['Normal'],['Pedestrian hit at mid-block'],"['Crossing, no Traffic Control']",['Inattentive'],[],[],[],D42,True,"['Over 95', '25 to 29']",4.0
1793,2019-09-06 08:00:00,1617,2019,DIXON RD,ISLINGTON AVE,Major Arterial,Etobicoke York,43.696955,-79.546672,617111.5841,4839240.461,At Intersection,Traffic Signal,Clear,Daylight,Dry,6,Kingsview Village-The Westway,6,Kingsview Village-The Westway (6),Fatal,1,0,1,0,0,0,0,0,0,0,0,0,0,Pedestrian Collisions,"['Pedestrian', 'Driver']",South,"['Automobile, Station Wagon']",['Going Ahead'],['Driving Properly'],['Unknown'],['Vehicle is going straight thru inter.while ped cross without ROW'],['Crossing without right of way'],['Unknown'],[],[],[],D23,True,"['75 to 79', '45 to 49']",4.0
1794,2019-09-06 08:00:00,1740,2019,RICHMOND ST W,YONGE ST,Major Arterial,Toronto and East York,43.651427,-79.379802,630657.138,4834433.1823,Non Intersection,No Control,Clear,Daylight,Wet,170,Yonge-Bay Corridor,76,Bay Street Corridor (76),Non-Fatal Injury,1,0,1,0,0,0,0,0,0,0,0,0,0,Pedestrian Collisions,"['Driver', 'Pedestrian']",Unknown,"['Automobile, Station Wagon']",['Turning Right'],['Lost control'],['Unknown'],['Pedestrian hit on sidewalk or shoulder'],['On Sidewalk or Shoulder'],['Normal'],[],[],[],D52,False,"['45 to 49', '50 to 54']",3.0