accident_number,date,time,year,street1,street2,road_class,district,latitude,longitude,x,y,accident_location,traffctl,visibility,light,road_surface_condition,hood_158,neighbourhood_new,hood_140,neighbourhood_old,accident_class,pedestrian,cyclist,automobile,motorcycle,truck,trsn_city_veh,emerg_veh,passenger,speeding,aggressive_driving,redlight,alcohol,disability,impact_type,involvement_type,initial_direction,vehicle_type,manoeuver,driver_action,driver_condition,pedestrian_type,pedestrian_action,pedestrian_condition,cyclist_type,cyclist_action,cyclist_condition,division,injury,involvement_age,injury_severity_score
1795,2019-09-07 08:00:00,17,2019,LAWRENCE AVE E,UNDERHILL DR,Major Arterial,North York,43.740718,-79.324664,634903.284,4844438.4998,At Intersection,Traffic Signal,Clear,Dark,Dry,43,Victoria Village,43,Victoria Village (43),Fatal,0,0,1,1,0,0,0,0,1,1,0,0,0,Turning Movement,"['Driver', 'Motorcycle Driver']",East,"['Automobile, Station Wagon', 'Motorcycle']","['Turning Left', 'Going Ahead']","['Failed to Yield Right of Way', 'Speed too Fast For Condition']",['Unknown'],[],[],[],[],[],[],D33,True,"['40 to 44', '20 to 24']",4.0
1796,2019-09-07 08:00:00,1244,2019,LAKE PROMENADE,CRYSTAL CRES,Local,Etobicoke York,43.590289,-79.526683,618932.6339,4827422.2816,Intersection Related,No Control,Clear,Daylight,Dry,19,Long Branch,19,Long Branch (19),Non-Fatal Injury,0,1,0,0,1,0,0,0,0,0,0,0,0,Cyclist Collisions,"['Truck Driver', 'Cyclist']",West,"['Truck - Open', 'Bicycle']","['Overtaking', 'Unknown']",['Driving Properly'],['Normal'],[],[],[],['Cyclist and Driver travelling in same direction. One vehicle sideswipes the other.'],['Other'],['Normal'],D22,False,['50 to 54'],3.0
1797,2019-09-08 08:00:00,106,2019,KING ST W,PORTLAND ST,Major Arterial,Toronto and East York,43.644381,-79.400058,629038.7093,4833618.9382,At Intersection,Traffic Signal,Clear,Dark,Dry,164,Wellington Place,77,Waterfront Communities-The Island (77),Non-Fatal Injury,0,1,1,0,0,0,0,0,0,0,0,1,0,Cyclist Collisions,"['Driver', 'Cyclist']",East,"['Automobile, Station Wagon', 'Bicycle']","['Turning Right', 'Going Ahead']",['Lost control'],"['Ability Impaired, Alcohol Over .08']",[],[],[],['Motorist turning right on red at signalized intersection strikes cyclist.'],['Driving Properly'],['Normal'],D14,False,"['20 to 24', '45 to 49']",3.0
1798,2019-09-08 08:00:00,1515,2019,STEELES AVE E,MOUNTCASTLE GT,Major Arterial,Scarborough,43.820498,-79.320415,635065.6593,4853306.2415,At Intersection,Traffic Signal,Clear,Daylight,Dry,116,Steeles,116,Steeles (116),Non-Fatal Injury,0,0,1,0,0,0,0,1,0,1,1,0,0,Turning Movement,"['Driver', 'Passenger']",East,"['Automobile, Station Wagon']","['Going Ahead', 'Turning Left']","['Disobeyed Traffic Control', 'Driving Properly']","['Inattentive', 'Normal']",[],[],[],[],[],[],D42,False,"['30 to 34', '65 to 69', '0 to 4', '5 to 9']",3.0
1799,2019-09-09 08:00:00,1605,2019,LAWRENCE AVE W,AVENUE RD,Major Arterial,North York,43.722186,-79.415569,627622.6148,4842236.2434,At Intersection,Traffic Signal,Clear,Daylight,Dry,39,Bedford Park-Nortown,39,Bedford Park-Nortown (39),Non-Fatal Injury,0,0,1,0,0,0,0,0,0,1,1,0,0,Turning Movement,['Driver'],South,"['Automobile, Station Wagon']","['Going Ahead', 'Turning Left']","['Disobeyed Traffic Control', 'Driving Properly']",['Normal'],[],[],[],[],[],[],D53,False,['35 to 39'],3.0
1800,2019-09-09 08:00:00,2043,2019,EGLINTON AVE W,CHILTERN HILL RD,Major Arterial,Toronto and East York,43.700457,-79.427722,626689.4814,4839804.2888,At Intersection,Stop Sign,Clear,Dark,Dry,106,Humewood-Cedarvale,106,Humewood-Cedarvale (106),Non-Fatal Injury,0,0,1,0,0,0,0,0,0,1,0,0,0,Turning Movement,['Driver'],East,"['Automobile, Station Wagon']","['Turning Left', 'Going Ahead']","['Failed to Yield Right of Way', 'Driving Properly']",['Normal'],[],[],[],[],[],[],D13,False,"['45 to 49', '35 to 39']",3.0
1801,2019-09-10 08:00:00,740,2019,19 FOUR WINDS DR,Not Applicable,Collector,Etobicoke York,43.763919,-79.498958,620821.7688,4846746.2662,Non Intersection,No Control,Clear,Daylight,Dry,27,York University Heights,27,York University Heights (27),Non-Fatal Injury,1,0,1,0,0,0,0,0,0,0,0,0,0,Pedestrian Collisions,"['Driver', 'Pedestrian']",East,"['Automobile, Station Wagon']",['Making U Turn'],['Other'],['Inattentive'],[],"['Crossing, no Traffic Control']",['Normal'],[],[],[],D31,False,"['40 to 44', '75 to 79']",3.0
1802,2019-09-10 08:00:00,959,2019,YONGE ST,ERSKINE AVE,Major Arterial,North York,43.711005,-79.399272,628959.2995,4841019.6592,At Intersection,No Control,Clear,Daylight,Dry,173,North Toronto,104,Mount Pleasant West (104),Fatal,1,0,0,0,1,0,0,0,0,0,0,0,0,Pedestrian Collisions,"['Pedestrian', 'Driver']",North,['Truck - Open'],['Turning Right'],['Improper Turn'],['Unknown'],['Vehicle turns right while ped crosses with ROW at inter.'],['Crossing with right of way'],['Normal'],[],[],[],D53,True,"['50 to 54', '55 to 59']",4.0
1803,2019-09-11 08:00:00,2056,2019,JANE ST,GRANDRAVINE DR,Major Arterial,North York,43.747023,-79.515086,619557.2269,4844846.314,At Intersection,Traffic Signal,Rain,"Dark, artificial",Wet,25,Glenfield-Jane Heights,25,Glenfield-Jane Heights (25),Non-Fatal Injury,1,0,1,0,0,0,0,0,0,1,0,0,0,Pedestrian Collisions,"['Driver', 'Pedestrian']",East,"['Automobile, Station Wagon']",['Turning Left'],['Failed to Yield Right of Way'],['Inattentive'],['Vehicle turns left while ped crosses with ROW at inter.'],['Crossing with right of way'],['Normal'],[],[],[],D31,False,"['35 to 39', '60 to 64']",3.0
1804,2019-09-12 08:00:00,1055,2019,BURNHAMTHORPE RD,THE WEST MALL,Major Arterial,Etobicoke York,43.64448,-79.567203,615557.8075,4833383.6362,At Intersection,Traffic Signal,Clear,Daylight,Dry,13,Etobicoke West Mall,13,Etobicoke West Mall (13),Non-Fatal Injury,0,0,1,0,0,0,0,1,1,1,1,0,0,Angle,"['Driver', 'Passenger']",South,"['Pick Up Truck', 'Automobile, Station Wagon']",['Going Ahead'],"['Disobeyed Traffic Control', 'Driving Properly']","['Had Been Drinking', 'Normal']",[],[],[],[],[],[],D22,False,"['25 to 29', '50 to 54']",3.0
1805,2019-09-12 08:00:00,2103,2019,MARTIN GROVE RD,EGLINTON AVE W,Major Arterial,Etobicoke York,43.674407,-79.563129,615828.8286,4836713.0936,At Intersection,Traffic Signal,Clear,"Dark, artificial",Dry,10,Princess-Rosethorn,10,Princess-Rosethorn (10),Non-Fatal Injury,0,1,1,0,0,0,0,0,0,0,0,0,0,Cyclist Collisions,"['Driver', 'Cyclist']",East,"['Automobile, Station Wagon', 'Bicycle']",['Going Ahead'],['Driving Properly'],['Normal'],[],[],[],"['Cyclist without ROW rides into path of motorist at inter, lnwy, dwy-Cyclist not turn.']",['Wrong Way on One Way Road'],"['Ability Impaired, Alcohol']",D22,False,"['50 to 54', '25 to 29']",3.0
1806,2019-09-13 08:00:00,1640,2019,LAKE SHORE BLVD W,LOWER SIMCOE ST,Expressway,Etobicoke York,43.64033,-79.383174,630409.2187,4833195.4121,Intersection Related,Traffic Signal,Clear,Daylight,Dry,165,Harbourfront-CityPlace,77,Waterfront Communities-The Island (77),Non-Fatal Injury,1,0,1,0,0,0,0,0,0,0,0,0,0,Pedestrian Collisions,"['Driver', 'Pedestrian']",Unknown,['Pick Up Truck'],['Going Ahead'],['Driving Properly'],['Normal'],['Vehicle is going straight thru inter.while ped cross without ROW'],['Walking on Roadway with Traffic'],['Normal'],[],[],[],D52,False,"['30 to 34', '50 to 54']",3.0
1807,2019-09-14 08:00:00,105,2019,DON VALLEY PARKWAY  N,SPANBRIDGE RD,Expressway,North York,43.71255,-79.325435,634904.4194,4841308.7762,Non Intersection,No Control,Rain,"Dark, artificial",Wet,44,Flemingdon Park,44,Flemingdon Park (44),Non-Fatal Injury,0,0,1,0,0,0,0,1,0,1,0,0,0,SMV Other,"['Driver', 'Passenger']",North,"['Automobile, Station Wagon']",['Going Ahead'],"['Lost control', 'Driving Properly']","['Inattentive', 'Normal']",[],[],[],[],[],[],D55,False,"['60 to 64', '45 to 49', '30 to 34']",3.0
1808,2019-09-14 08:00:00,511,2019,333 SHERBOURNE ST,Not Applicable,Minor Arterial,Toronto and East York,43.662169,-79.37263,631212.1147,4835637.5413,At/Near Private Drive,No Control,Clear,"Daylight, artificial",Dry,73,Moss Park,73,Moss Park (73),Non-Fatal Injury,0,1,0,0,1,0,0,0,0,0,0,0,0,Cyclist Collisions,"['Truck Driver', 'Cyclist']",North,"['Truck-Tractor', 'Bicycle']","['Turning Right', 'Going Ahead']",['Improper Turn'],['Unknown'],[],[],[],"['Motorist turns right at non-signal Inter.(stop, yield, no cont.,and dwy) and strikes cyclist.']",['Driving Properly'],['Normal'],D51,False,"['35 to 39', '40 to 44']",3.0
1809,2019-09-15 08:00:00,1030,2019,WILSON AVE,DELAHAYE ST,Major Arterial,North York,43.735827,-79.44102,625544.0688,4843712.3949,Non Intersection,No Control,Clear,Daylight,Wet,33,Clanton Park,33,Clanton Park (33),Non-Fatal Injury,0,0,1,0,0,0,0,0,0,1,0,0,1,Approaching,['Driver'],East,"['Automobile, Station Wagon', 'Pick Up Truck']","['Going Ahead', 'Slowing or Stopping']","['Lost control', 'Driving Properly']","['Medical or Physical Disability', 'Normal']",[],[],[],[],[],[],D32,False,"['80 to 84', '35 to 39']",3.0
1810,2019-09-16 08:00:00,42,2019,JARVIS ST,RICHARD BIGLEY  LANE,Major Arterial,Scarborough,43.654002,-79.373355,631171.441,4834729.3412,Non Intersection,No Control,Clear,"Dark, artificial",Dry,73,Moss Park,73,Moss Park (73),Non-Fatal Injury,1,0,1,0,0,0,0,0,0,0,0,0,0,Pedestrian Collisions,"['Driver', 'Pedestrian']",East,"['Automobile, Station Wagon']",['Going Ahead'],['Driving Properly'],['Normal'],['Pedestrian hit at mid-block'],"['Crossing, no Traffic Control']",['Inattentive'],[],[],[],D51,False,"['30 to 34', '35 to 39']",3.0
1811,2019-09-16 08:00:00,1016,2019,BRIMLEY RD,HEATHER RD,Major Arterial,Scarborough,43.790507,-79.269923,639195.7159,4850058.9346,At Intersection,Traffic Signal,Clear,Daylight,Dry,129,Agincourt North,129,Agincourt North (129),Non-Fatal Injury,0,0,1,0,1,0,0,0,0,0,0,0,0,Approaching,"['Driver', 'Truck Driver']",North,"['Automobile, Station Wagon', 'Truck - Dump']",['Going Ahead'],"['Other', 'Driving Properly']","['Had Been Drinking', 'Normal']",[],[],[],[],[],[],D42,False,"['20 to 24', '60 to 64']",3.0
1812,2019-09-17 08:00:00,1630,2019,LA ROSE AVE,SCARLETT RD,Collector,Etobicoke York,43.686526,-79.514964,619687.4302,4838127.4522,At/Near Private Drive,No Control,Clear,Daylight,Dry,8,Humber Heights-Westmount,8,Humber Heights-Westmount (8),Non-Fatal Injury,0,1,1,0,0,0,0,0,0,1,0,0,0,Cyclist Collisions,"['Driver', 'Cyclist']",East,"['Automobile, Station Wagon', 'Bicycle']","['Turning Left', 'Going Ahead']",['Failed to Yield Right of Way'],['Normal'],[],[],[],"['Motorist turns right at non-signal Inter.(stop, yield, no cont.,and dwy) and strikes cyclist.']",['Driving Properly'],['Normal'],D23,False,"['20 to 24', '50 to 54']",3.0
1813,2019-09-17 08:00:00,2000,2019,LAWRENCE AVE E,AINSDALE RD,Major Arterial,Scarborough,43.745886,-79.291835,637534.9716,4845066.4659,Intersection Related,Stop Sign,Clear,Daylight,Dry,119,Wexford/Maryvale,119,Wexford/Maryvale (119),Fatal,1,0,1,0,0,0,0,0,0,0,0,0,0,Pedestrian Collisions,"['Driver', 'Pedestrian']",South,['Pick Up Truck'],['Turning Left'],['Driving Properly'],['Normal'],['Vehicle turns left while ped crosses without ROW at inter.'],"['Crossing, no Traffic Control']",['Normal'],[],[],[],D41,True,['55 to 59'],4.0
1814,2019-09-21 08:00:00,1430,2019,KINGSTON RD,OVERTURE RD,Major Arterial,Scarborough,43.760127,-79.196391,645185.4123,4846811.0467,Non Intersection,No Control,Clear,Daylight,Dry,136,West Hill,136,West Hill (136),Non-Fatal Injury,1,0,0,0,0,1,0,0,0,0,0,0,0,Pedestrian Collisions,"['Driver', 'Pedestrian']",East,['Municipal Transit Bus (TTC)'],['Going Ahead'],['Driving Properly'],['Normal'],['Pedestrian hit at mid-block'],['Walking on Roadway Against Traffic'],['Had Been Drinking'],[],[],[],D43,False,"['60 to 64', '25 to 29']",3.0
1815,2019-09-21 08:00:00,2242,2019,MCCOWAN RD,HOLLYHEDGE DR,Major Arterial,Scarborough,43.753478,-79.244663,641315.2578,4845989.0761,At Intersection,No Control,Clear,Dark,Dry,157,Bendale South,127,Bendale (127),Non-Fatal Injury,0,0,1,1,0,0,0,0,0,0,0,0,0,Turning Movement,"['Driver', 'Motorcycle Driver']",North,"['Passenger Van', 'Motorcycle']","['Turning Left', 'Going Ahead']","['Improper Turn', 'Driving Properly']",['Normal'],[],[],[],[],[],[],D43,False,"['35 to 39', '25 to 29']",3.0
1816,2019-09-23 08:00:00,2019,2019,SCARBOROUGH GOLF CLUB RD,CONFEDERATION DR,Minor Arterial,Scarborough,43.757247,-79.214244,643755.1758,4846460.0333,Non Intersection,No Control,Clear,Dusk,Dry,141,Golfdale-Cedarbrae-Woburn,137,Woburn (137),Fatal,1,0,1,0,0,0,0,0,0,0,0,0,0,Pedestrian Collisions,"['Pedestrian', 'Driver']",South,"['Automobile, Station Wagon']",['Going Ahead'],['Driving Properly'],['Normal'],['Pedestrian hit at mid-block'],"['Crossing, no Traffic Control']",['Inattentive'],[],[],[],D43,True,"['15 to 19', '20 to 24']",4.0
1817,2019-09-24 08:00:00,321,2019,EGLINTON AV W,HWY 401 W ON-RAMP,Major Arterial,Etobicoke York,43.674147,-79.564418,615725.4188,4836682.4182,Non Intersection,Traffic Signal,Clear,"Dark, artificial",Dry,11,Eringate-Centennial-West Deane,11,Eringate-Centennial-West Deane (11),Non-Fatal Injury,0,0,1,0,0,0,0,1,0,0,0,1,0,SMV Other,"['Driver', 'Passenger']",West,"['Automobile, Station Wagon']",['Going Ahead'],['Lost control'],"['Ability Impaired, Alcohol Over .08']",[],[],[],[],[],[],D22,False,['20 to 24'],3.0
1818,2019-09-24 08:00:00,2046,2019,DANFORTH AVE,WANSTEAD AVE,Major Arterial,Scarborough,43.692488,-79.282268,638428.1982,4839151.7667,At Intersection,No Control,Clear,"Dark, artificial",Dry,121,Oakridge,121,Oakridge (121),Fatal,1,0,1,0,0,0,0,0,0,0,0,0,0,Pedestrian Collisions,"['Pedestrian', 'Driver']",South,"['Automobile, Station Wagon']",['Going Ahead'],['Driving Properly'],['Normal'],['Vehicle is going straight thru inter.while ped cross without ROW'],"['Crossing, no Traffic Control']",['Unknown'],[],[],[],D41,True,"['65 to 69', '40 to 44']",4.0
1819,2019-09-26 08:00:00,923,2019,NASSAU ST,BATHURST ST,Collector,Toronto and East York,43.654357,-79.406001,628538.1072,4834717.6799,At/Near Private Drive,No Control,Clear,Daylight,Wet,78,Kensington-Chinatown,78,Kensington-Chinatown (78),Non-Fatal Injury,1,0,1,0,0,0,0,0,0,0,0,0,0,Pedestrian Collisions,"['Driver', 'Pedestrian']",North,"['Automobile, Station Wagon']","['Reversing', 'Stopped']",['Other'],['Unknown'],['Vehicle is reversing and hits pedestrian'],['Other'],['Normal'],[],[],[],D14,False,"['70 to 74', '30 to 34', '25 to 29']",3.0
1820,2019-09-26 08:00:00,1445,2019,EGLINTON AVE E,WYNFORD DR,Major Arterial,North York,43.724559,-79.324329,634966.5543,4842644.3503,Non Intersection,No Control,Clear,Daylight,Dry,44,Flemingdon Park,44,Flemingdon Park (44),Non-Fatal Injury,0,1,1,0,0,0,0,0,0,0,0,0,0,Cyclist Collisions,"['Cyclist', 'Driver']",East,"['Bicycle', 'Delivery Van']","['Changing Lanes', 'Going Ahead']",['Driving Properly'],['Normal'],[],[],[],['Cyclist and Driver travelling in same direction. One vehicle sideswipes the other.'],['Lost control'],['Had Been Drinking'],D55,False,"['50 to 54', '35 to 39', '25 to 29']",3.0
1821,2019-09-28 08:00:00,649,2019,SHEPPARD AVE W,JANE ST,Major Arterial,North York,43.739443,-79.511859,619832.1715,4844009.1076,Non Intersection,No Control,Rain,"Dark, artificial",Wet,25,Glenfield-Jane Heights,25,Glenfield-Jane Heights (25),Non-Fatal Injury,0,0,1,0,0,1,0,0,1,1,0,0,0,Approaching,['Driver'],East,"['Automobile, Station Wagon', 'Municipal Transit Bus (TTC)']",['Going Ahead'],"['Lost control', 'Driving Properly']","['Unknown', 'Normal']",[],[],[],[],[],[],D31,False,"['55 to 59', '50 to 54']",3.0
1822,2019-09-28 08:00:00,2015,2019,KENNEDY RD,ST CLAIR AVE E,Major Arterial,Scarborough,43.716452,-79.261302,640061.9996,4841848.5303,At Intersection,Traffic Signal,Clear,"Dark, artificial",Dry,120,Clairlea-Birchmount,120,Clairlea-Birchmount (120),Fatal,0,0,1,0,0,0,0,1,0,1,1,0,0,Angle,"['Passenger', 'Driver']",North,"['Automobile, Station Wagon']",['Going Ahead'],"['Disobeyed Traffic Control', 'Driving Properly']","['Unknown', 'Normal']",[],[],[],[],[],[],D41,True,"['40 to 44', '65 to 69', '60 to 64', '35 to 39', '5 to 9']",4.0
1823,2019-09-29 08:00:00,2031,2019,KIPLING AVE,BETHRIDGE RD,Major Arterial,Etobicoke York,43.707354,-79.5647,615638.8535,4840370.1069,Non Intersection,No Control,Clear,"Daylight, artificial",Dry,1,West Humber-Clairville,1,West Humber-Clairville (1),Fatal,1,0,1,0,0,0,0,0,0,0,0,0,0,Pedestrian Collisions,"['Pedestrian', 'Driver']",East,"['Automobile, Station Wagon']",['Going Ahead'],['Driving Properly'],['Normal'],['Pedestrian hit at mid-block'],"['Crossing, no Traffic Control']",['Unknown'],[],[],[],D23,True,"['55 to 59', '50 to 54']",4.0
1824,2019-10-04 08:00:00,955,2019,EGLINTON AVE W,HEDDINGTON AVE,Major Arterial,North York,43.703402,-79.413844,627801.4823,4840152.6721,At Intersection,Traffic Signal,Clear,Daylight,Dry,101,Forest Hill South,101,Forest Hill South (101),Non-Fatal Injury,1,0,1,0,0,0,0,0,0,1,0,0,0,Pedestrian Collisions,"['Driver', 'Pedestrian']",North,"['Automobile, Station Wagon']",['Turning Left'],['Failed to Yield Right of Way'],['Normal'],['Vehicle turns left while ped crosses with ROW at inter.'],['Crossing with right of way'],['Normal'],[],[],[],D53,False,"['45 to 49', '40 to 44']",3.0
1825,2019-10-04 08:00:00,2231,2019,BATHURST ST,LAKE SHORE BLVD W,Major Arterial,Toronto and East York,43.636412,-79.399608,629092.0687,4832734.5778,At Intersection,Traffic Signal,Clear,Dark,Dry,163,Fort York-Liberty Village,82,Niagara (82),Non-Fatal Injury,1,0,1,0,0,0,0,0,0,0,0,0,0,Pedestrian Collisions,"['Driver', 'Pedestrian']",North,"['Automobile, Station Wagon']",['Turning Left'],['Improper Turn'],['Normal'],['Vehicle turns left while ped crosses with ROW at inter.'],['Crossing with right of way'],['Normal'],[],[],[],D14,False,"['20 to 24', '30 to 34']",3.0
1826,2019-10-05 08:00:00,1611,2019,DUPONT ST,BEDFORD RD,Minor Arterial,Toronto and East York,43.676299,-79.400508,628934.0767,4837163.1553,At Intersection,No Control,Clear,Daylight,Dry,95,Annex,95,Annex (95),Non-Fatal Injury,0,1,1,0,0,0,0,0,0,0,0,0,0,Cyclist Collisions,"['Driver', 'Cyclist']",East,"['Automobile, Station Wagon', 'Bicycle']","['Turning Left', 'Going Ahead']",['Other'],['Normal'],[],[],[],['Motorist turned left across cyclists path.'],['Driving Properly'],['Normal'],D53,False,"['35 to 39', '60 to 64']",3.0
1827,2019-10-08 08:00:00,1735,2019,COLLEGE ST,BATHURST ST,Major Arterial,Toronto and East York,43.656409,-79.40768,628398.34,4834942.982,At Intersection,Traffic Signal,Clear,Daylight,Dry,78,Kensington-Chinatown,78,Kensington-Chinatown (78),Non-Fatal Injury,1,0,1,0,0,0,0,0,0,0,0,0,0,Pedestrian Collisions,"['Driver', 'Pedestrian']",Unknown,"['Automobile, Station Wagon']",['Going Ahead'],['Driving Properly'],['Normal'],['Pedestrian hit at mid-block'],"['Crossing, no Traffic Control']",['Inattentive'],[],[],[],D14,False,"['20 to 24', '45 to 49']",3.0
1828,2019-10-09 08:00:00,1446,2019,KINGSTON RD,PORT UNION RD,Major Arterial,Scarborough,43.797892,-79.147685,649012.3073,4851092.0003,At/Near Private Drive,No Control,Clear,Daylight,Dry,133,Centennial Scarborough,133,Centennial Scarborough (133),Non-Fatal Injury,0,0,1,0,0,0,0,0,0,1,0,0,0,Turning Movement,['Driver'],South,"['Automobile, Station Wagon', 'Pick Up Truck']","['Turning Left', 'Going Ahead']","['Failed to Yield Right of Way', 'Driving Properly']","['Inattentive', 'Normal']",[],[],[],[],[],[],D42,False,"['80 to 84', '65 to 69']",3.0
1829,2019-10-10 08:00:00,932,2019,LOWER SIMCOE ST,QUEENS QUAY W,Collector,Toronto and East York,43.63943,-79.382686,630450.5277,4833096.2223,Intersection Related,No Control,Clear,Daylight,Dry,165,Harbourfront-CityPlace,77,Waterfront Communities-The Island (77),Non-Fatal Injury,0,0,1,1,0,0,0,0,0,1,0,0,0,Turning Movement,"['Motorcycle Driver', 'Driver']",North,"['Motorcycle', 'Automobile, Station Wagon']","['Going Ahead', 'Turning Left']","['Improper Passing', 'Driving Properly']","['Inattentive', 'Normal']",[],[],[],[],[],[],D52,False,"['50 to 54', '40 to 44']",3.0
1830,2019-10-10 08:00:00,1429,2019,CHRISTIE ST,TYRREL AVE,Minor Arterial,Toronto and East York,43.678145,-79.424236,627017.4633,4837331.5681,At Intersection,Stop Sign,Clear,Daylight,Dry,94,Wychwood,94,Wychwood (94),Non-Fatal Injury,0,1,1,0,0,0,0,0,0,0,0,0,0,Cyclist Collisions,"['Cyclist', 'Driver']",East,"['Bicycle', 'Automobile, Station Wagon']",['Going Ahead'],['Driving Properly'],['Normal'],[],[],[],[],['Failed to Yield Right of Way'],['Normal'],D13,False,"['30 to 34', '45 to 49']",3.0
1831,2019-10-10 08:00:00,1821,2019,LAWRENCE AVE E,CROCKFORD BLVD,Major Arterial,Scarborough,43.746028,-79.291232,637583.1981,4845083.2385,At Intersection,Traffic Signal,Clear,Daylight,Dry,119,Wexford/Maryvale,119,Wexford/Maryvale (119),Non-Fatal Injury,1,0,1,0,0,0,0,0,0,0,0,0,0,Pedestrian Collisions,"['Driver', 'Pedestrian']",North,"['Automobile, Station Wagon']",['Going Ahead'],['Driving Properly'],['Normal'],['Vehicle is going straight thru inter.while ped cross without ROW'],['Crossing without right of way'],['Normal'],[],[],[],D41,False,"['45 to 49', '10 to 14']",3.0
1832,2019-10-10 08:00:00,1918,2019,LESLIE ST,RAVEL RD,Major Arterial,North York,43.791484,-79.36835,631274.4184,4850006.6278,At Intersection,Traffic Signal,Clear,Daylight,Dry,48,Hillcrest Village,48,Hillcrest Village (48),Non-Fatal Injury,1,0,1,0,0,0,0,0,0,0,0,0,0,Pedestrian Collisions,"['Driver', 'Pedestrian']",South,"['Automobile, Station Wagon']",['Going Ahead'],['Driving Properly'],['Normal'],['Vehicle is going straight thru inter.while ped cross without ROW'],['Crossing without right of way'],['Normal'],[],[],[],D33,False,"['65 to 69', '80 to 84']",3.0
1833,2019-10-10 08:00:00,2259,2019,THE QUEENSWAY,STOCK AVE,Major Arterial,Etobicoke York,43.621298,-79.524844,619019.92,4830868.8356,Non Intersection,No Control,Clear,"Dark, artificial",Dry,159,Etobicoke City Centre,14,Islington-City Centre West (14),Non-Fatal Injury,0,0,1,1,0,0,0,0,0,0,0,0,0,Rear End,"['Driver', 'Motorcycle Driver']",West,"['Automobile, Station Wagon', 'Motorcycle']","['Changing Lanes', 'Going Ahead']","['Improper Lane Change', 'Driving Properly']","['Inattentive', 'Normal']",[],[],[],[],[],[],D22,False,['40 to 44'],3.0
1834,2019-10-11 08:00:00,1100,2019,NORTHVIEW AVE,VICTORIA PARK AVE,Local,Toronto and East York,43.683306,-79.283298,638366.3034,4838130.2575,At/Near Private Drive,No Control,Clear,Daylight,Dry,122,Birchcliffe-Cliffside,122,Birchcliffe-Cliffside (122),Non-Fatal Injury,1,0,1,0,0,0,0,0,0,0,0,0,0,Pedestrian Collisions,"['Driver', 'Pedestrian']",East,"['Automobile, Station Wagon']",['Going Ahead'],['Driving Properly'],['Normal'],['Pedestrian hit at mid-block'],"['Crossing, no Traffic Control']",['Inattentive'],[],[],[],D41,False,"['20 to 24', '10 to 14']",3.0
1835,2019-10-11 08:00:00,1320,2019,678 KENNEDY RD,Not Applicable,Major Arterial,Scarborough,43.726782,-79.265651,639687.6484,4842988.4882,At/Near Private Drive,No Control,Clear,Daylight,Dry,124,Kennedy Park,124,Kennedy Park (124),Non-Fatal Injury,0,0,1,0,0,0,0,0,1,1,0,0,0,Turning Movement,['Driver'],North,"['Automobile, Station Wagon']","['Turning Left', 'Going Ahead', 'Stopped']","['Failed to Yield Right of Way', 'Exceeding Speed Limit', 'Driving Properly']","['Inattentive', 'Normal']",[],[],[],[],[],[],D41,False,"['80 to 84', '20 to 24', '85 to 89', '60 to 64']",3.0
1836,2019-10-11 08:00:00,1624,2019,1166 ISLINGTON AVE,Not Applicable,Major Arterial,Etobicoke York,43.641074,-79.521892,619218.9921,4833069.4415,Non Intersection,No Control,Clear,Daylight,Dry,16,Stonegate-Queensway,16,Stonegate-Queensway (16),Fatal,0,0,1,0,1,0,0,0,0,0,0,0,1,SMV Unattended Vehicle,"['Other', 'Driver']",South,"['Truck (other)', 'Automobile, Station Wagon']",['Going Ahead'],['Lost control'],['Medical or Physical Disability'],[],[],[],[],[],[],D22,True,['50 to 54'],4.0
1837,2019-10-11 08:00:00,1900,2019,YONGE ST,WELLESLEY ST E,Major Arterial,Toronto and East York,43.664927,-79.38457,630243.438,4835925.0399,Intersection Related,No Control,Clear,"Dusk, artificial",Dry,167,Church-Wellesley,75,Church-Yonge Corridor (75),Non-Fatal Injury,1,0,1,0,0,0,0,0,0,0,0,0,0,Pedestrian Collisions,"['Driver', 'Pedestrian']",South,"['Automobile, Station Wagon']",['Going Ahead'],['Driving Properly'],['Unknown'],['Pedestrian hit at mid-block'],['Coming From Behind Parked Vehicle'],['Normal'],[],[],[],D51,False,"['45 to 49', '40 to 44']",3.0
1838,2019-10-12 08:00:00,1215,2019,TURNBERRY AVE,OLD WESTON RD,Minor Arterial,Etobicoke York,43.678321,-79.464778,623749.1062,4837289.8288,At Intersection,Traffic Signal,Clear,Daylight,Dry,91,Weston-Pelham Park,91,Weston-Pellam Park (91),Non-Fatal Injury,1,0,1,0,0,0,0,0,0,1,0,0,0,Pedestrian Collisions,"['Driver', 'Pedestrian']",East,"['Automobile, Station Wagon']",['Turning Left'],['Failed to Yield Right of Way'],['Inattentive'],['Vehicle turns left while ped crosses with ROW at inter.'],['Crossing with right of way'],['Normal'],[],[],[],D12,False,"['55 to 59', '0 to 4']",3.0