accident_number,date,time,year,street1,street2,road_class,district,latitude,longitude,x,y,accident_location,traffctl,visibility,light,road_surface_condition,hood_158,neighbourhood_new,hood_140,neighbourhood_old,accident_class,pedestrian,cyclist,automobile,motorcycle,truck,trsn_city_veh,emerg_veh,passenger,speeding,aggressive_driving,redlight,alcohol,disability,impact_type,involvement_type,initial_direction,vehicle_type,manoeuver,driver_action,driver_condition,pedestrian_type,pedestrian_action,pedestrian_condition,cyclist_type,cyclist_action,cyclist_condition,division,injury,involvement_age,injury_severity_score
1839,2019-10-13 08:00:00,1049,2019,ELLESMERE RD,PHARMACY AVE,Major Arterial,Scarborough,43.758959,-79.310153,636030.4368,4846488.1698,At Intersection,Traffic Signal,Clear,Daylight,Dry,119,Wexford/Maryvale,119,Wexford/Maryvale (119),Non-Fatal Injury,1,0,1,0,0,0,0,1,0,0,0,0,0,Pedestrian Collisions,"['Driver', 'Pedestrian', 'Passenger']",Unknown,"['Automobile, Station Wagon']",['Going Ahead'],['Lost control'],['Unknown'],['Pedestrian hit on sidewalk or shoulder'],"['On Sidewalk or Shoulder', 'Other']","['Normal', 'Unknown']",[],[],[],D41,False,"['30 to 34', '35 to 39', '55 to 59', '0 to 4', '40 to 44']",3.0
1840,2019-10-15 08:00:00,442,2019,DUFFERIN ST,FINCH AVE W,Major Arterial,North York,43.768782,-79.466884,623393.4886,4847333.6693,At Intersection,Traffic Signal,Clear,"Dark, artificial",Dry,34,Bathurst Manor,34,Bathurst Manor (34),Non-Fatal Injury,0,0,1,0,1,1,0,1,1,1,0,0,0,Turning Movement,"['Driver', 'Truck Driver', 'Passenger']",North,"['Automobile, Station Wagon', 'Truck - Closed (Blazer, etc)', 'Municipal Transit Bus (TTC)']","['Going Ahead', 'Turning Left']","['Other', 'Driving Properly']",['Normal'],[],[],[],[],[],[],D32,False,"['10 to 14', '30 to 34', '35 to 39']",3.0
1841,2019-10-15 08:00:00,457,2019,LAMBTON AVE,ROCKCLIFFE BLVD,Collector,Etobicoke York,43.682391,-79.491687,621571.8227,4837702.0614,Intersection Related,No Control,Clear,Daylight,Dry,111,Rockcliffe-Smythe,111,Rockcliffe-Smythe (111),Non-Fatal Injury,0,0,1,1,0,0,0,0,1,1,0,0,1,SMV Other,"['Driver', 'Motorcycle Driver']",North,"['Pick Up Truck', 'Automobile, Station Wagon', 'Motorcycle']","['Going Ahead', 'Parked']","['Lost control', 'Driving Properly']","['Medical or Physical Disability', 'Normal']",[],[],[],[],[],[],D12,False,"['35 to 39', 'unknown']",3.0
1842,2019-10-15 08:00:00,1548,2019,MCCOWAN RD,KINGSTON RD,Major Arterial,Scarborough,43.725066,-79.232402,642369.6821,4842854.4876,At Intersection,Traffic Signal,Clear,Daylight,Dry,123,Cliffcrest,123,Cliffcrest (123),Non-Fatal Injury,1,0,1,0,0,0,0,0,0,1,0,0,0,Pedestrian Collisions,"['Driver', 'Pedestrian']",East,"['Automobile, Station Wagon']",['Turning Right'],['Failed to Yield Right of Way'],['Normal'],['Vehicle turns right while ped crosses with ROW at inter.'],['Crossing with right of way'],['Normal'],[],[],[],D43,False,"['50 to 54', '10 to 14']",3.0
1843,2019-10-15 08:00:00,1751,2019,BAYVIEW AVE,SOUDAN AVE,Major Arterial,North York,43.709437,-79.376613,630788.2033,4840881.0118,Non Intersection,Pedestrian Crossover,Clear,Daylight,Dry,56,Leaside-Bennington,56,Leaside-Bennington (56),Non-Fatal Injury,1,0,1,0,0,0,0,0,0,1,0,0,0,Pedestrian Collisions,"['Driver', 'Pedestrian']",North,['Delivery Van'],['Going Ahead'],['Failed to Yield Right of Way'],['Normal'],['Pedestrian hit a PXO/ped. Mid-block signal'],"['Crossing, Pedestrian Crossover']",['Normal'],[],[],[],D53,False,"['25 to 29', '75 to 79']",3.0
1844,2019-10-15 08:00:00,2216,2019,GERRARD ST E,WEMBLEY DR,Minor Arterial,Toronto and East York,43.675856,-79.318065,635580.8278,4837245.4127,At Intersection,No Control,Clear,"Dark, artificial",Dry,64,Woodbine Corridor,64,Woodbine Corridor (64),Non-Fatal Injury,0,1,1,0,0,0,0,0,0,0,0,0,0,Cyclist Collisions,"['Driver', 'Cyclist']",East,"['Automobile, Station Wagon', 'Bicycle']","['Turning Left', 'Going Ahead']",['Improper Turn'],['Inattentive'],[],[],[],['Motorist turned left across cyclists path.'],['Driving Properly'],['Normal'],D55,False,"['55 to 59', '30 to 34']",3.0
1845,2019-10-16 08:00:00,2251,2019,DANFORTH AVE,FERRIER AVE,Major Arterial,Toronto and East York,43.678198,-79.34827,633140.795,4837456.5936,Intersection Related,No Control,Clear,"Dark, artificial",Dry,68,North Riverdale,68,North Riverdale (68),Non-Fatal Injury,0,0,1,1,0,0,0,0,1,1,0,0,0,Turning Movement,"['Motorcycle Driver', 'Driver']",East,"['Motorcycle', 'Automobile, Station Wagon']","['Going Ahead', 'Making U Turn']","['Lost control', 'Driving Properly']",['Normal'],[],[],[],[],[],[],D55,False,"['25 to 29', '35 to 39']",3.0
1846,2019-10-19 08:00:00,248,2019,CABERNET CRCL,MOSELLE DR,Collector,Etobicoke York,43.755912,-79.604396,612349.7886,4845708.5501,Intersection Related,No Control,Clear,"Dark, artificial",Dry,1,West Humber-Clairville,1,West Humber-Clairville (1),Non-Fatal Injury,1,0,1,0,0,0,0,1,0,1,0,1,0,Pedestrian Collisions,"['Driver', 'Passenger', 'Pedestrian']",Unknown,"['Automobile, Station Wagon']",['Going Ahead'],['Lost control'],"['Ability Impaired, Alcohol Over .08']",['Pedestrian hit on sidewalk or shoulder'],['On Sidewalk or Shoulder'],['Other'],[],[],[],D23,False,"['20 to 24', '25 to 29']",3.0
1847,2019-10-22 08:00:00,1756,2019,MIDLAND  AVE,ARTILLERY ST,Major Arterial,Scarborough,43.818503,-79.294002,637194.2807,4853128.1282,Non Intersection,No Control,Clear,Daylight,Dry,130,Milliken,130,Milliken (130),Non-Fatal Injury,1,0,1,0,0,0,0,0,0,0,0,0,0,Pedestrian Collisions,"['Driver', 'Pedestrian']",South,"['Automobile, Station Wagon']",['Going Ahead'],['Driving Properly'],['Normal'],['Pedestrian hit at mid-block'],['Running onto Roadway'],['Normal'],[],[],[],D42,False,"['60 to 64', '80 to 84']",3.0
1848,2019-10-24 08:00:00,1016,2019,DUFFERIN ST,DAVENPORT RD,Major Arterial,Scarborough,43.672919,-79.440952,625680.9347,4836725.6878,At Intersection,Traffic Signal,Clear,Daylight,Dry,171,Junction-Wallace Emerson,93,Dovercourt-Wallace Emerson-Junction (93),Non-Fatal Injury,0,0,1,0,0,0,0,1,0,1,0,0,0,Turning Movement,"['Driver', 'Passenger']",North,"['Automobile, Station Wagon', 'Pick Up Truck']","['Turning Left', 'Going Ahead']","['Failed to Yield Right of Way', 'Driving Properly']",['Normal'],[],[],[],[],[],[],D13,False,"['60 to 64', '20 to 24', '50 to 54', '30 to 34']",3.0
1849,2019-10-24 08:00:00,2120,2019,LAIRD DR,LEA AVE,Major Arterial,North York,43.706046,-79.361781,631990.5988,4840527.9017,At Intersection,No Control,Clear,"Dark, artificial",Dry,55,Thorncliffe Park,55,Thorncliffe Park (55),Non-Fatal Injury,0,0,1,0,0,0,0,1,0,0,0,0,0,SMV Other,"['Driver', 'Passenger']",South,"['Automobile, Station Wagon']",['Changing Lanes'],['Lost control'],['Had Been Drinking'],[],[],[],[],[],[],D53,False,"['20 to 24', '55 to 59']",3.0
1850,2019-10-25 08:00:00,2028,2019,CUMMER AVE,WILLOWDALE AVE,Minor Arterial,North York,43.788592,-79.409877,627939.5032,4849620.4023,At Intersection,Traffic Signal,Clear,"Dark, artificial",Dry,50,Newtonbrook East,50,Newtonbrook East (50),Non-Fatal Injury,0,1,1,0,0,0,0,0,0,1,0,0,0,Cyclist Collisions,"['Driver', 'Cyclist']",East,"['Automobile, Station Wagon', 'Bicycle']","['Turning Left', 'Going Ahead']",['Failed to Yield Right of Way'],['Unknown'],[],[],[],[],['Driving Properly'],['Normal'],D32,False,"['60 to 64', '20 to 24']",3.0
1851,2019-10-26 08:00:00,1145,2019,COMSTOCK RD,WARDEN AVE,Major Arterial,Scarborough,43.721461,-79.284953,638145.2424,4842365.1561,At Intersection,Traffic Signal,Clear,Daylight,Dry,120,Clairlea-Birchmount,120,Clairlea-Birchmount (120),Non-Fatal Injury,0,0,1,0,0,0,0,0,0,0,0,0,1,Rear End,['Driver'],West,"['Automobile, Station Wagon']","['Going Ahead', 'Stopped']","['Lost control', 'Driving Properly']","['Medical or Physical Disability', 'Normal']",[],[],[],[],[],[],D41,False,"['70 to 74', '50 to 54']",3.0
1852,2019-10-27 08:00:00,238,2019,NEILSON DR,JEFF DR,Local,Etobicoke York,43.630858,-79.563861,615853.5229,4831875.4023,Non Intersection,No Control,Rain,Dark,Wet,12,Markland Wood,12,Markland Wood (12),Non-Fatal Injury,0,0,1,0,0,0,0,0,0,0,0,0,0,SMV Other,['Driver'],South,"['Automobile, Station Wagon']",['Going Ahead'],['Lost control'],['Normal'],[],[],[],[],[],[],D22,False,['20 to 24'],3.0
1853,2019-10-27 08:00:00,255,2019,3550 ELLESMERE RD,Not Applicable,Minor Arterial,Scarborough,43.789691,-79.174861,646846.1516,4850132.5702,Non Intersection,No Control,Rain,"Dark, artificial",Wet,134,Highland Creek,134,Highland Creek (134),Non-Fatal Injury,0,0,1,0,0,0,0,1,1,1,0,0,0,SMV Other,"['Driver', 'Passenger']",West,"['Automobile, Station Wagon']",['Going Ahead'],['Lost control'],['Had Been Drinking'],[],[],[],[],[],[],D43,False,['30 to 34'],3.0
1854,2019-10-27 08:00:00,1820,2019,WARDEN AVE,CONTINENTAL PL,Major Arterial,Scarborough,43.763491,-79.301257,636736.2358,4847006.1683,At Intersection,No Control,Clear,Daylight,Dry,119,Wexford/Maryvale,119,Wexford/Maryvale (119),Non-Fatal Injury,0,0,0,1,1,0,0,0,0,0,0,0,0,Turning Movement,"['Truck Driver', 'Motorcycle Driver']",North,"['Truck - Closed (Blazer, etc)', 'Motorcycle']","['Turning Left', 'Going Ahead']","['Improper Turn', 'Driving Properly']","['Inattentive', 'Normal']",[],[],[],[],[],[],D41,False,['45 to 49'],3.0
1855,2019-10-28 08:00:00,629,2019,EGLINTON  AVE E,DON MILLS  RD,Major Arterial,North York,43.720427,-79.338832,633807.5996,4842161.9135,At Intersection,Traffic Signal,Clear,"Dark, artificial",Dry,44,Flemingdon Park,44,Flemingdon Park (44),Fatal,1,0,1,0,0,0,0,0,0,0,0,0,1,Pedestrian Collisions,"['Driver', 'Pedestrian']",North,"['Automobile, Station Wagon']",['Turning Right'],['Lost control'],['Medical or Physical Disability'],['Vehicle turns right while ped crosses without ROW at inter.'],['Crossing without right of way'],['Normal'],[],[],[],D55,True,"['60 to 64', '70 to 74']",4.0
1856,2019-10-28 08:00:00,1005,2019,ST CLAIR  AVE W,CASTLETON  AVE,Major Arterial,Etobicoke York,43.668429,-79.485637,622087.7738,4836160.2815,Intersection Related,Stop Sign,Clear,Daylight,Dry,111,Rockcliffe-Smythe,111,Rockcliffe-Smythe (111),Fatal,1,0,1,0,0,0,0,0,0,0,0,0,0,Pedestrian Collisions,"['Pedestrian', 'Driver']",North,['Delivery Van'],['Turning Left'],['Driving Properly'],['Normal'],['Vehicle turns left while ped crosses without ROW at inter.'],"['Crossing, no Traffic Control']",['Normal'],[],[],[],D11,True,"['80 to 84', '65 to 69', '50 to 54']",4.0
1857,2019-10-29 08:00:00,715,2019,PROGRESS AVE,KENNEDY RD,Major Arterial,Scarborough,43.769351,-79.282222,638254.9279,4847688.6186,At Intersection,Traffic Signal,"Fog, Mist, Smoke, Dust","Dark, artificial",Dry,126,Dorset Park,126,Dorset Park (126),Non-Fatal Injury,1,0,1,0,0,0,0,0,0,0,0,0,0,Pedestrian Collisions,"['Driver', 'Pedestrian']",East,"['Automobile, Station Wagon']",['Turning Left'],['Driving Properly'],['Normal'],['Vehicle turns left while ped crosses without ROW at inter.'],['Other'],['Normal'],[],[],[],D41,False,"['35 to 39', '20 to 24']",3.0
1858,2019-10-30 08:00:00,304,2019,RICHMOND ST E,JARVIS ST,Major Arterial,Toronto and East York,43.652632,-79.372791,631219.9057,4834578.0763,At Intersection,Traffic Signal,Clear,"Dark, artificial",Dry,73,Moss Park,73,Moss Park (73),Non-Fatal Injury,1,0,1,0,0,0,0,0,0,1,0,0,0,Pedestrian Collisions,"['Driver', 'Pedestrian']",South,"['Automobile, Station Wagon']",['Going Ahead'],['Failed to Yield Right of Way'],['Inattentive'],['Unknown'],['Walking on Roadway with Traffic'],['Inattentive'],[],[],[],D51,False,"['55 to 59', '60 to 64']",3.0
1859,2019-10-30 08:00:00,2006,2019,MCNICOLL AVE,MCCOWAN RD,Major Arterial,Scarborough,43.81787,-79.271938,638970.1283,4853094.6508,At Intersection,Traffic Signal,Rain,"Dark, artificial",Wet,130,Milliken,130,Milliken (130),Non-Fatal Injury,1,0,1,0,0,0,0,1,0,0,0,0,0,Pedestrian Collisions,"['Driver', 'Pedestrian', 'Passenger']",North,"['Automobile, Station Wagon']",['Going Ahead'],['Driving Properly'],['Normal'],['Vehicle is going straight thru inter.while ped cross without ROW'],['Crossing without right of way'],['Normal'],[],[],[],D42,False,"['35 to 39', '75 to 79', '5 to 9']",3.0
1860,2019-10-30 08:00:00,2015,2019,39 HOWDEN  RD,Not Applicable,Collector,Scarborough,43.750472,-79.289478,637714.2324,4845579.7266,Non Intersection,No Control,Rain,"Dark, artificial",Wet,119,Wexford/Maryvale,119,Wexford/Maryvale (119),Fatal,1,0,1,0,0,0,0,0,0,0,0,0,0,Pedestrian Collisions,"['Pedestrian', 'Driver']",East,"['Automobile, Station Wagon']",['Going Ahead'],['Driving Properly'],['Normal'],['Pedestrian hit at mid-block'],"['Crossing, no Traffic Control']",['Inattentive'],[],[],[],D41,True,"['55 to 59', '25 to 29']",4.0
1861,2019-11-01 08:00:00,1825,2019,SPADINA RD,MACPHERSON AVE,Minor Arterial,Etobicoke York,43.675864,-79.407459,628374.6828,4837104.0611,At Intersection,Stop Sign,Clear,Dusk,Dry,96,Casa Loma,96,Casa Loma (96),Non-Fatal Injury,1,0,1,0,0,0,0,0,0,1,0,0,0,Pedestrian Collisions,"['Driver', 'Pedestrian']",East,"['Automobile, Station Wagon']",['Going Ahead'],['Disobeyed Traffic Control'],['Normal'],['Vehicle is going straight thru inter.while ped cross with ROW'],['Crossing with right of way'],['Normal'],[],[],[],D53,False,"['25 to 29', '45 to 49']",3.0
1862,2019-11-01 08:00:00,1941,2019,GERRARD ST E,JONES AVE,Minor Arterial,Toronto and East York,43.669177,-79.335567,634184.8597,4836475.1584,At Intersection,Traffic Signal,Clear,"Dark, artificial",Dry,70,South Riverdale,70,South Riverdale (70),Non-Fatal Injury,0,1,1,0,0,0,0,1,0,0,0,0,0,Cyclist Collisions,"['Cyclist', 'Driver', 'Passenger']",East,"['Bicycle', 'Automobile, Station Wagon']",['Going Ahead'],['Driving Properly'],['Unknown'],[],[],[],"['Cyclist without ROW rides into path of motorist at inter, lnwy, dwy-Cyclist not turn.']",['Disobeyed Traffic Control'],['Unknown'],D55,False,"['40 to 44', '35 to 39', '60 to 64', '20 to 24']",3.0
1863,2019-11-03 09:00:00,618,2019,DUFFERIN ST,MARTIN ST,Major Arterial,Toronto and East York,43.689547,-79.447711,625101.4964,4838562.2332,Non Intersection,No Control,Clear,Daylight,Dry,107,Oakwood Village,107,Oakwood Village (107),Non-Fatal Injury,0,0,1,0,0,0,0,0,0,1,0,0,0,SMV Unattended Vehicle,"['Other', 'Driver']",North,"['Pick Up Truck', 'Automobile, Station Wagon']","['Parked', 'Going Ahead']",['Lost control'],['Normal'],[],[],[],[],[],[],D13,False,"['unknown', '70 to 74']",3.0
1864,2019-11-04 10:00:00,720,2019,GLENMOUNT AVE,SHELBORNE AVE,Collector,North York,43.715304,-79.43169,626338.5529,4841447.2006,At Intersection,Stop Sign,Rain,Daylight,Wet,32,Englemount-Lawrence,32,Englemount-Lawrence (32),Non-Fatal Injury,1,0,1,0,0,0,0,0,0,1,0,0,0,Pedestrian Collisions,"['Driver', 'Pedestrian']",East,['Passenger Van'],['Turning Left'],['Failed to Yield Right of Way'],['Other'],['Vehicle turns left while ped crosses with ROW at inter.'],['Crossing with right of way'],['Other'],[],[],[],D13,False,"['65 to 69', '55 to 59']",3.0
1865,2019-11-06 10:00:00,1732,2019,FRONT ST W,WINDSOR ST,Minor Arterial,Toronto and East York,43.64363,-79.389949,629855.6482,4833551.2971,At/Near Private Drive,No Control,Clear,"Dark, artificial",Wet,165,Harbourfront-CityPlace,77,Waterfront Communities-The Island (77),Non-Fatal Injury,0,1,1,0,0,0,0,0,0,1,0,0,0,Cyclist Collisions,"['Driver', 'Cyclist']",South,"['Automobile, Station Wagon', 'Bicycle']","['Turning Left', 'Going Ahead']",['Failed to Yield Right of Way'],['Inattentive'],[],[],[],['Motorist turned left across cyclists path.'],['Driving Properly'],['Normal'],D52,False,"['40 to 44', '50 to 54']",3.0
1866,2019-11-07 10:00:00,710,2019,DON MILLS RD W,GOODVIEW RD,Major Arterial,North York,43.782591,-79.352336,632582.4976,4849044.4442,At/Near Private Drive,No Control,Clear,"Dawn, artificial",Wet,47,Don Valley Village,47,Don Valley Village (47),Non-Fatal Injury,0,1,1,0,0,0,0,0,0,0,0,0,0,Cyclist Collisions,"['Cyclist', 'Driver']",South,"['Bicycle', 'Automobile, Station Wagon']","['Changing Lanes', 'Going Ahead']",['Driving Properly'],['Normal'],[],[],[],['Cyclist and Driver travelling in same direction. One vehicle sideswipes the other.'],['Improper Lane Change'],['Inattentive'],D33,False,"['75 to 79', '35 to 39']",3.0
1867,2019-11-08 10:00:00,558,2019,STEELES AVE E,SILVER STAR BLVD,Major Arterial,Scarborough,43.825247,-79.300037,636693.5557,4853867.1692,At Intersection,Traffic Signal,Clear,"Dark, artificial",Dry,130,Milliken,130,Milliken (130),Non-Fatal Injury,0,0,1,0,0,0,0,1,0,1,1,0,0,Angle,"['Driver', 'Passenger']",West,"['Automobile, Station Wagon', 'Passenger Van']",['Going Ahead'],"['Disobeyed Traffic Control', 'Driving Properly']",['Normal'],[],[],[],[],[],[],D42,False,"['60 to 64', '55 to 59', '50 to 54', '45 to 49']",3.0
1868,2019-11-10 10:00:00,1445,2019,OLD WESTON RD,ROGERS RD,Minor Arterial,Etobicoke York,43.681376,-79.467296,623539.8668,4837625.3739,At/Near Private Drive,No Control,Clear,Daylight,Dry,110,Keelesdale-Eglinton West,110,Keelesdale-Eglinton West (110),Non-Fatal Injury,0,0,1,1,0,0,0,1,0,1,0,0,0,Turning Movement,"['Driver', 'Motorcycle Driver', 'Passenger']",East,"['Passenger Van', 'Motorcycle']","['Turning Left', 'Going Ahead']","['Failed to Yield Right of Way', 'Driving Properly']","['Inattentive', 'Normal']",[],[],[],[],[],[],D12,False,"['40 to 44', '45 to 49', '35 to 39', '5 to 9']",3.0
1869,2019-11-13 10:00:00,943,2019,960 LAWRENCE AVE W,Not Applicable,Major Arterial,North York,43.71337,-79.457622,624253.5237,4841193.2033,Non Intersection,No Control,Clear,Daylight,Dry,31,Yorkdale-Glen Park,31,Yorkdale-Glen Park (31),Fatal,0,0,1,0,0,0,0,0,0,1,0,0,0,Angle,['Driver'],East,"['Automobile, Station Wagon', 'Pick Up Truck']",['Going Ahead'],"['Failed to Yield Right of Way', 'Driving Properly']","['Inattentive', 'Normal']",[],[],[],[],[],[],D13,True,"['65 to 69', '40 to 44']",4.0
1870,2019-11-13 10:00:00,1051,2019,KEELE ST,LAWRENCE AVE W,Major Arterial,Etobicoke York,43.708586,-79.478023,622619.7663,4840631.4943,At Intersection,Traffic Signal,Snow,Daylight,Wet,30,Brookhaven-Amesbury,30,Brookhaven-Amesbury (30),Fatal,1,0,0,0,1,0,0,0,0,1,0,0,0,Pedestrian Collisions,"['Truck Driver', 'Pedestrian']",East,['Truck - Tank'],['Turning Right'],['Failed to Yield Right of Way'],['Inattentive'],['Vehicle turns right while ped crosses with ROW at inter.'],['Crossing with right of way'],['Normal'],[],[],[],D12,True,"['60 to 64', '20 to 24']",4.0
1871,2019-11-16 10:00:00,1515,2019,QUEEN ST W,BAY ST,Major Arterial,North York,43.651965,-79.381076,630553.2324,4834490.9291,Non Intersection,No Control,Clear,Daylight,Dry,170,Yonge-Bay Corridor,76,Bay Street Corridor (76),Non-Fatal Injury,1,0,1,0,0,0,0,0,0,1,0,0,0,Pedestrian Collisions,"['Driver', 'Pedestrian']",Unknown,"['Automobile, Station Wagon']",['Going Ahead'],['Failed to Yield Right of Way'],['Unknown'],['Pedestrian hit at mid-block'],['Person Getting on/off Vehicle'],['Normal'],[],[],[],D52,False,"['unknown', '50 to 54']",3.0
1872,2019-11-18 10:00:00,1830,2019,MIDLAND AVE,DUXBURY DR,Major Arterial,Etobicoke York,43.824183,-79.296489,636981.286,4853754.8638,At Intersection,No Control,Rain,"Dark, artificial",Wet,130,Milliken,130,Milliken (130),Non-Fatal Injury,1,0,1,0,0,0,0,1,0,0,0,0,0,Pedestrian Collisions,"['Driver', 'Pedestrian', 'Passenger']",North,"['Automobile, Station Wagon']",['Going Ahead'],"['Other', 'Driving Properly']","['Unknown', 'Normal']",['Vehicle is going straight thru inter.while ped cross with ROW'],"['Crossing, no Traffic Control']",['Normal'],[],[],[],D42,False,"['unknown', '35 to 39', '45 to 49', '5 to 9', '0 to 4']",3.0
1873,2019-11-20 10:00:00,951,2019,WARDEN AVE,BOEM AVE,Major Arterial,Scarborough,43.748374,-79.29597,637196.3489,4845335.9387,At Intersection,No Control,Clear,Daylight,Dry,119,Wexford/Maryvale,119,Wexford/Maryvale (119),Non-Fatal Injury,0,0,1,0,0,0,0,0,0,1,0,0,0,Turning Movement,['Driver'],North,"['Automobile, Station Wagon']","['Turning Left', 'Going Ahead']","['Failed to Yield Right of Way', 'Driving Properly']",['Normal'],[],[],[],[],[],[],D41,False,"['80 to 84', '20 to 24']",3.0
1874,2019-11-21 10:00:00,1340,2019,MCCOWAN RD,SANDHURST CRCL,Major Arterial,Scarborough,43.811545,-79.269183,639206.3834,4852396.7879,At Intersection,Traffic Signal,Clear,Daylight,Wet,129,Agincourt North,129,Agincourt North (129),Fatal,0,1,1,0,0,0,0,0,0,0,0,0,0,Cyclist Collisions,"['Cyclist', 'Driver']",South,"['Bicycle', 'Automobile, Station Wagon']",['Turning Right'],['Driving Properly'],['Unknown'],[],[],[],"['Cyclist without ROW rides into path of motorist at inter, lnwy, dwy-Cyclist not turn.']",['Disobeyed Traffic Control'],['Normal'],D42,True,"['65 to 69', '80 to 84']",4.0
1875,2019-11-21 10:00:00,1800,2019,EGLINTON AVE W,GUESTVILLE AVE,Major Arterial,Etobicoke York,43.686656,-79.490619,621649.2847,4838177.3131,At Intersection,No Control,Rain,"Dark, artificial",Wet,115,Mount Dennis,115,Mount Dennis (115),Non-Fatal Injury,1,0,1,0,0,0,0,0,0,1,0,0,0,Pedestrian Collisions,"['Driver', 'Pedestrian']",West,"['Automobile, Station Wagon']",['Turning Left'],['Failed to Yield Right of Way'],['Normal'],['Vehicle turns left while ped crosses with ROW at inter.'],['Crossing with right of way'],['Normal'],[],[],[],D12,False,"['35 to 39', '15 to 19']",3.0
1876,2019-11-22 10:00:00,1352,2019,LAWRENCE AVE W,ROSEWELL AVE,Major Arterial,North York,43.722495,-79.414165,627735.0485,4842272.7253,Intersection Related,No Control,Clear,Daylight,Dry,103,Lawrence Park South,103,Lawrence Park South (103),Fatal,1,0,1,0,0,0,0,0,0,0,0,0,0,Pedestrian Collisions,"['Driver', 'Pedestrian']",East,"['Automobile, Station Wagon']",['Going Ahead'],['Driving Properly'],['Normal'],['Vehicle is going straight thru inter.while ped cross without ROW'],"['Crossing, no Traffic Control']",['Inattentive'],[],[],[],D53,True,"['50 to 54', '90 to 94']",4.0
1877,2019-11-22 10:00:00,2135,2019,PHARMACY AVE,SURREY AVE,Minor Arterial,Scarborough,43.737342,-79.302242,636716.4771,4844100.3007,At Intersection,Traffic Signal,Clear,"Dark, artificial",Dry,119,Wexford/Maryvale,119,Wexford/Maryvale (119),Non-Fatal Injury,1,0,1,0,0,0,0,0,0,1,0,0,0,Pedestrian Collisions,"['Driver', 'Pedestrian']",West,"['Automobile, Station Wagon']",['Turning Left'],['Failed to Yield Right of Way'],['Unknown'],['Vehicle turns left while ped crosses with ROW at inter.'],['Crossing with right of way'],['Normal'],[],[],[],D41,False,"['unknown', '35 to 39']",3.0
1878,2019-11-22 10:00:00,2200,2019,STEELES AVE W,JANE ST,Major Arterial,North York,43.775401,-79.521693,618969.0049,4847988.5962,At Intersection,Traffic Signal,Clear,Dark,Dry,24,Black Creek,24,Black Creek (24),Non-Fatal Injury,1,0,1,0,0,0,0,0,0,0,0,0,0,Pedestrian Collisions,"['Driver', 'Pedestrian']",South,"['Automobile, Station Wagon']",['Going Ahead'],['Other'],['Unknown'],['Other / Undefined'],['Other'],['Other'],[],[],[],D31,False,"['65 to 69', '35 to 39']",3.0
1879,2019-11-22 10:00:00,2321,2019,ST CLAIR AVE W,CHRISTIE ST,Major Arterial,Toronto and East York,43.681639,-79.425678,626893.8612,4837717.4168,Intersection Related,Traffic Signal,Clear,"Dark, artificial",Dry,94,Wychwood,94,Wychwood (94),Fatal,1,0,1,0,0,0,0,0,0,0,0,0,0,Pedestrian Collisions,"['Driver', 'Pedestrian']",South,"['Automobile, Station Wagon']",['Going Ahead'],['Driving Properly'],['Unknown'],['Vehicle is going straight thru inter.while ped cross without ROW'],['Crossing without right of way'],['Inattentive'],[],[],[],D13,True,"['unknown', '80 to 84']",4.0
1880,2019-11-23 10:00:00,1245,2019,KENNEDY RD,BRIGSTOCK RD,Major Arterial,Scarborough,43.761225,-79.279422,638499.0402,4846790.78,At Intersection,No Control,Clear,Daylight,Dry,126,Dorset Park,126,Dorset Park (126),Non-Fatal Injury,0,0,1,1,0,0,0,1,0,1,0,0,0,Turning Movement,"['Driver', 'Motorcycle Driver', 'Passenger']",North,"['Automobile, Station Wagon', 'Motorcycle']","['Turning Left', 'Going Ahead']","['Failed to Yield Right of Way', 'Driving Properly']","['Inattentive', 'Normal']",[],[],[],[],[],[],D41,False,"['65 to 69', '20 to 24', '25 to 29']",3.0
1881,2019-11-23 10:00:00,1714,2019,1841 WILSON AVE,Not Applicable,Major Arterial,Etobicoke York,43.71741,-79.524028,618895.8426,4841544.5022,At/Near Private Drive,No Control,Clear,Dusk,Dry,154,Oakdale-Beverley Heights,26,Downsview-Roding-CFB (26),Non-Fatal Injury,0,1,1,0,0,0,0,0,0,1,0,0,0,Cyclist Collisions,"['Driver', 'Cyclist']",East,"['Passenger Van', 'Bicycle']","['Turning Right', 'Going Ahead']",['Failed to Yield Right of Way'],['Unknown'],[],[],[],"['Motorist turns right at non-signal Inter.(stop, yield, no cont.,and dwy) and strikes cyclist.']",['Driving Properly'],['Normal'],D31,False,"['unknown', '30 to 34']",3.0
1882,2019-11-24 10:00:00,257,2019,3207 KINGSTON RD,Not Applicable,Major Arterial,Scarborough,43.729338,-79.227458,642757.748,4843337.4629,Non Intersection,No Control,Clear,"Dark, artificial",Dry,123,Cliffcrest,123,Cliffcrest (123),Property Damage O,0,0,1,0,0,0,0,0,1,1,0,0,0,Rear End,['Driver'],East,"['Automobile, Station Wagon']",['Going Ahead'],"['Speed too Fast For Condition', 'Driving Properly']","['Unknown', 'Normal']",[],[],[],[],[],[],D43,False,"['35 to 39', '45 to 49']",3.0
1883,2019-11-25 10:00:00,1210,2019,DON MILLS RD,GREEN BELT DR,Major Arterial,North York,43.727584,-79.340823,633631.3077,4842953.5898,At Intersection,Traffic Signal,Clear,Daylight,Dry,42,Banbury-Don Mills,42,Banbury-Don Mills (42),Fatal,0,0,1,0,0,0,0,1,0,1,0,0,0,Turning Movement,"['Passenger', 'Driver']",North,"['Automobile, Station Wagon']","['Going Ahead', 'Turning Left']","['Driving Properly', 'Failed to Yield Right of Way']",['Normal'],[],[],[],[],[],[],D33,True,"['15 to 19', '40 to 44']",4.0