accident_number,date,time,year,street1,street2,road_class,district,latitude,longitude,x,y,accident_location,traffctl,visibility,light,road_surface_condition,hood_158,neighbourhood_new,hood_140,neighbourhood_old,accident_class,pedestrian,cyclist,automobile,motorcycle,truck,trsn_city_veh,emerg_veh,passenger,speeding,aggressive_driving,redlight,alcohol,disability,impact_type,involvement_type,initial_direction,vehicle_type,manoeuver,driver_action,driver_condition,pedestrian_type,pedestrian_action,pedestrian_condition,cyclist_type,cyclist_action,cyclist_condition,division,injury,involvement_age,injury_severity_score
1884,2019-11-25 10:00:00,1609,2019,QUEENS QUAY W,ROBERTSON CRES,Minor Arterial,Toronto and East York,43.638842,-79.386562,630139.1605,4833024.8328,Intersection Related,Traffic Signal,Clear,Daylight,Dry,165,Harbourfront-CityPlace,77,Waterfront Communities-The Island (77),Non-Fatal Injury,0,1,1,0,0,0,0,0,0,0,0,0,0,Cyclist Collisions,"['Cyclist', 'Driver']",East,"['Bicycle', 'Pick Up Truck']",['Going Ahead'],['Driving Properly'],['Normal'],[],[],[],"['Cyclist without ROW rides into path of motorist at inter, lnwy, dwy-Cyclist not turn.']",['Disobeyed Traffic Control'],['Normal'],D52,False,"['45 to 49', '25 to 29']",3.0
1885,2019-11-28 10:00:00,623,2019,ISLINGTON AVE,AVIEMORE DR,Major Arterial,Etobicoke York,43.748309,-79.568355,615265.7971,4844913.6439,Non Intersection,No Control,Clear,Dark,Dry,21,Humber Summit,21,Humber Summit (21),Fatal,1,0,0,0,0,0,0,0,0,0,0,0,0,Pedestrian Collisions,"['Pedestrian', 'Driver']",North,[],['Going Ahead'],['Other'],['Unknown'],['Vehicle is going straight thru inter.while ped cross without ROW'],['Crossing without right of way'],['Other'],[],[],[],D31,True,"['75 to 79', 'unknown']",4.0
1886,2019-11-28 10:00:00,1448,2019,YONGE ST,GERRARD ST E,Major Arterial,Toronto and East York,43.659022,-79.382076,630457.3072,4835273.1294,At Intersection,Traffic Signal,Clear,Daylight,Dry,168,Downtown Yonge East,75,Church-Yonge Corridor (75),Non-Fatal Injury,1,0,0,0,1,0,0,0,0,1,0,0,0,Pedestrian Collisions,"['Truck Driver', 'Pedestrian']",West,['Truck - Dump'],['Turning Right'],['Failed to Yield Right of Way'],['Normal'],['Vehicle turns right while ped crosses with ROW at inter.'],['Crossing with right of way'],['Normal'],[],[],[],D51,False,"['55 to 59', '65 to 69']",3.0
1887,2019-12-01 10:00:00,2010,2019,LAWRENCE AVE E,AINSDALE RD,Major Arterial,Scarborough,43.745898,-79.292285,637498.7114,4845067.0517,At Intersection,No Control,Snow,"Dark, artificial",Loose Snow,119,Wexford/Maryvale,119,Wexford/Maryvale (119),Non-Fatal Injury,0,0,1,0,0,0,0,1,1,1,0,0,0,Rear End,"['Driver', 'Passenger']",East,"['Automobile, Station Wagon']",['Going Ahead'],"['Speed too Fast For Condition', 'Driving Properly']","['Had Been Drinking', 'Normal']",[],[],[],[],[],[],D41,False,"['25 to 29', '50 to 54', '20 to 24', '30 to 34', '35 to 39']",3.0
1888,2019-12-03 10:00:00,1030,2019,MARKHAM  RD,FINCH  AVE E,Major Arterial,Scarborough,43.812899,-79.243037,641306.0874,4852591.4955,Intersection Related,Traffic Signal,Clear,Daylight,Wet,145,Malvern West,132,Malvern (132),Non-Fatal Injury,1,0,1,0,0,0,0,0,0,1,0,0,0,Pedestrian Collisions,"['Driver', 'Pedestrian']",East,"['Automobile, Station Wagon']",['Turning Left'],['Failed to Yield Right of Way'],['Normal'],['Vehicle turns left while ped crosses with ROW at inter.'],['Crossing with right of way'],['Normal'],[],[],[],D42,False,"['55 to 59', '70 to 74']",3.0
1889,2019-12-06 10:00:00,1720,2019,3680 KEELE ST,Not Applicable,Major Arterial,North York,43.753894,-79.488605,621675.4266,4845647.9979,Non Intersection,No Control,Clear,Dark,Wet,27,York University Heights,27,York University Heights (27),Fatal,1,0,1,0,0,0,0,0,0,0,0,0,0,Pedestrian Collisions,"['Pedestrian', 'Driver']",East,"['Automobile, Station Wagon']",['Going Ahead'],['Driving Properly'],['Normal'],['Pedestrian hit at mid-block'],"['Crossing, no Traffic Control']",['Inattentive'],[],[],[],D31,True,"['75 to 79', '25 to 29']",4.0
1890,2019-12-06 10:00:00,1800,2019,EGLINTON AVE E,BRENTCLIFFE RD,Major Arterial,North York,43.714533,-79.359782,632133.0076,4841473.6887,At Intersection,Traffic Signal,Snow,"Dark, artificial",Wet,55,Thorncliffe Park,55,Thorncliffe Park (55),Non-Fatal Injury,1,0,1,0,0,0,0,0,0,0,0,0,0,Pedestrian Collisions,"['Driver', 'Pedestrian']",North,"['Automobile, Station Wagon']",['Going Ahead'],['Driving Properly'],['Normal'],['Vehicle is going straight thru inter.while ped cross without ROW'],['Crossing without right of way'],['Medical or Physical Disability'],[],[],[],D53,False,"['45 to 49', '55 to 59']",3.0
1891,2019-12-08 10:00:00,1205,2019,DANFORTH AVE,ST DUNSTAN DR,Major Arterial,Scarborough,43.691786,-79.285472,638171.604,4839068.4557,At Intersection,Stop Sign,Clear,Daylight,Dry,121,Oakridge,121,Oakridge (121),Non-Fatal Injury,0,0,1,1,0,0,0,0,1,1,0,0,0,Turning Movement,"['Driver', 'Motorcycle Driver']",East,"['Automobile, Station Wagon', 'Motorcycle']","['Turning Left', 'Going Ahead']","['Failed to Yield Right of Way', 'Exceeding Speed Limit', 'Driving Properly']","['Inattentive', 'Unknown', 'Normal']",[],[],[],[],[],[],D41,False,"['35 to 39', '40 to 44', '45 to 49']",3.0
1892,2019-12-09 10:00:00,1732,2019,DANFORTH AVE,ARUNDEL AVE,Major Arterial,Toronto and East York,43.677722,-79.350711,632945.0827,4837399.8118,At Intersection,Stop Sign,Clear,"Dark, artificial",Wet,68,North Riverdale,68,North Riverdale (68),Non-Fatal Injury,1,0,1,0,0,0,0,1,0,0,0,0,0,Pedestrian Collisions,"['Driver', 'Pedestrian', 'Passenger']",East,"['Automobile, Station Wagon']",['Turning Left'],['Driving Properly'],['Normal'],['Vehicle turns left while ped crosses without ROW at inter.'],['Crossing without right of way'],['Normal'],[],[],[],D55,False,"['25 to 29', '50 to 54', '20 to 24']",3.0
1893,2019-12-10 10:00:00,1454,2019,SHEPPARD AVE W,SENLAC RD,Major Arterial,North York,43.75894,-79.422542,626983.2257,4846307.5987,At Intersection,Traffic Signal,Clear,Daylight,Dry,38,Lansing-Westgate,38,Lansing-Westgate (38),Fatal,0,0,1,0,0,0,0,1,0,1,1,0,0,Turning Movement,"['Driver', 'Passenger']",East,"['Automobile, Station Wagon']","['Going Ahead', 'Turning Left']","['Disobeyed Traffic Control', 'Speed too Slow']",['Inattentive'],[],[],[],[],[],[],D32,True,"['80 to 84', '45 to 49', '75 to 79']",4.0
1894,2019-12-11 10:00:00,1725,2019,EGLINTON AVE E,VICTORIA PARK AVE,Major Arterial,North York,43.72465,-79.302608,636715.88,4842690.0628,At Intersection,Traffic Signal,Clear,"Dark, artificial",Dry,120,Clairlea-Birchmount,120,Clairlea-Birchmount (120),Non-Fatal Injury,1,0,1,0,0,0,0,0,0,1,0,0,0,Pedestrian Collisions,"['Driver', 'Pedestrian']",East,"['Automobile, Station Wagon']",['Turning Left'],['Failed to Yield Right of Way'],['Inattentive'],['Vehicle turns left while ped crosses with ROW at inter.'],['Crossing with right of way'],['Normal'],[],[],[],D41,False,"['55 to 59', '40 to 44']",3.0
1895,2019-12-11 10:00:00,1843,2019,REXDALE BLVD,QUEENS PLATE DR,Major Arterial,Etobicoke York,43.719103,-79.60345,612494.8493,4841621.6729,At Intersection,Traffic Signal,Clear,"Dark, artificial",Dry,1,West Humber-Clairville,1,West Humber-Clairville (1),Fatal,0,0,1,0,0,0,0,1,0,0,0,0,0,Unknown,"['Driver', 'Passenger']",East,"['Automobile, Station Wagon']","['Turning Left', 'Going Ahead', 'Stopped']","['Improper Turn', 'Driving Properly']",['Normal'],[],[],[],[],[],[],D23,True,"['70 to 74', '25 to 29', '75 to 79']",4.0
1896,2019-12-13 10:00:00,1653,2019,BLOOR ST W,ABERFOYLE CRES,Major Arterial,Etobicoke York,43.645594,-79.518939,619448.2147,4833575.6904,At Intersection,Traffic Signal,Clear,"Dusk, artificial",Dry,16,Stonegate-Queensway,16,Stonegate-Queensway (16),Non-Fatal Injury,0,1,1,0,0,0,0,0,0,1,0,0,0,Cyclist Collisions,"['Driver', 'Cyclist']",East,"['Automobile, Station Wagon', 'Bicycle']","['Turning Right', 'Going Ahead']",['Failed to Yield Right of Way'],['Normal'],[],[],[],['Motorist turning right on red at signalized intersection strikes cyclist.'],['Other'],['Normal'],D22,False,"['40 to 44', '15 to 19']",3.0
1897,2019-12-13 10:00:00,2041,2019,SHEPPARD AVE W,KEELE ST,Major Arterial,North York,43.744704,-79.486408,621870.9481,4844630.5435,At Intersection,Traffic Signal,Clear,"Dark, artificial",Dry,155,Downsview,26,Downsview-Roding-CFB (26),Non-Fatal Injury,1,0,1,0,0,0,0,0,0,1,0,0,0,Pedestrian Collisions,"['Driver', 'Pedestrian']",North,"['Automobile, Station Wagon']",['Turning Left'],['Failed to Yield Right of Way'],['Normal'],['Vehicle turns left while ped crosses with ROW at inter.'],['Crossing with right of way'],['Normal'],[],[],[],D31,False,"['65 to 69', '50 to 54']",3.0
1898,2019-12-14 10:00:00,720,2019,LAWRENCE AVE W,ALLEN X N LAWRENCE RAMP,Major Arterial,North York,43.716246,-79.443179,625411.0586,4841534.3753,At Intersection,Traffic Signal,Rain,Daylight,Wet,32,Englemount-Lawrence,32,Englemount-Lawrence (32),Non-Fatal Injury,0,0,1,0,0,0,0,0,0,1,1,0,0,Turning Movement,['Driver'],North,"['Automobile, Station Wagon']","['Going Ahead', 'Turning Left']","['Disobeyed Traffic Control', 'Driving Properly']",['Normal'],[],[],[],[],[],[],D13,False,"['35 to 39', '45 to 49']",3.0
1899,2019-12-14 10:00:00,1705,2019,YORK MILLS RD,SCARSDALE RD,Major Arterial,North York,43.753421,-79.357456,632234.7673,4845796.4825,At Intersection,Traffic Signal,Rain,"Dark, artificial",Wet,42,Banbury-Don Mills,42,Banbury-Don Mills (42),Non-Fatal Injury,0,1,1,0,0,0,0,0,0,1,0,0,0,Cyclist Collisions,"['Driver', 'Cyclist']",South,"['Automobile, Station Wagon', 'Bicycle']","['Turning Right', 'Going Ahead']",['Failed to Yield Right of Way'],['Normal'],[],[],[],['Motorist turning right on red at signalized intersection strikes cyclist.'],['Driving Properly'],['Normal'],D33,False,"['50 to 54', '40 to 44']",3.0
1900,2019-12-14 10:00:00,1815,2019,20 ANTRIM CRES,Not Applicable,Collector,Scarborough,43.771231,-79.285022,638025.2433,4847892.7504,Non Intersection,No Control,Rain,"Dark, artificial",Wet,126,Dorset Park,126,Dorset Park (126),Non-Fatal Injury,1,0,0,0,0,0,0,0,0,0,0,0,0,Pedestrian Collisions,"['Pedestrian', 'Driver']",North,[],['Going Ahead'],['Other'],['Unknown'],['Pedestrian hit at mid-block'],"['Crossing, no Traffic Control']",['Normal'],[],[],[],D41,False,"['55 to 59', 'unknown']",3.0
1901,2019-12-15 10:00:00,129,2019,LAWRENCE AVE E,BARRYMORE RD,Major Arterial,Scarborough,43.754496,-79.250018,640881.7538,4846093.0177,Non Intersection,No Control,Unknown,Dark,Unknown,157,Bendale South,127,Bendale (127),Fatal,1,0,1,0,0,0,0,0,0,0,0,0,0,Pedestrian Collisions,"['Driver', 'Pedestrian']",East,"['Automobile, Station Wagon']",['Going Ahead'],['Driving Properly'],['Unknown'],['Pedestrian hit at mid-block'],"['Crossing, no Traffic Control']",['Unknown'],[],[],[],D43,True,"['20 to 24', '75 to 79']",4.0
1902,2019-12-15 10:00:00,309,2019,MOUNT PLEASANT RD,SOUDAN AVE,Major Arterial,Toronto and East York,43.706015,-79.389255,629777.0749,4840481.0818,At Intersection,Traffic Signal,Clear,Dark,Dry,99,Mount Pleasant East,99,Mount Pleasant East (99),Non-Fatal Injury,0,0,1,0,0,0,0,1,1,1,0,0,0,Rear End,"['Driver', 'Passenger']",North,"['Automobile, Station Wagon']","['Slowing or Stopping', 'Going Ahead']","['Driving Properly', 'Lost control']","['Normal', 'Inattentive']",[],[],[],[],[],[],D53,False,"['20 to 24', '55 to 59', '30 to 34']",3.0
1903,2019-12-16 10:00:00,1555,2019,4600 DUNDAS ST W,Not Applicable,Major Arterial,Etobicoke York,43.656188,-79.521854,619192.1595,4834748.0981,At/Near Private Drive,No Control,Clear,Daylight,Dry,15,Kingsway South,15,Kingsway South (15),Non-Fatal Injury,0,0,1,0,0,0,0,1,0,0,0,0,0,Approaching,"['Driver', 'Passenger']",East,"['Automobile, Station Wagon']","['Going Ahead', 'Stopped']","['Lost control', 'Driving Properly']","['Had Been Drinking', 'Normal']",[],[],[],[],[],[],D22,False,"['75 to 79', '70 to 74', '65 to 69']",3.0
1904,2019-12-18 10:00:00,1538,2019,MARINE PARADE DR,WATERFRONT DR,Collector,Etobicoke York,43.628398,-79.475986,622947.488,4831728.5734,Non Intersection,No Control,Clear,"Dark, artificial",Dry,161,Humber Bay Shores,17,Mimico (includes Humber Bay Shores) (17),Non-Fatal Injury,0,0,1,0,0,0,0,0,0,1,0,0,1,Rear End,['Driver'],East,"['Automobile, Station Wagon']","['Going Ahead', 'Stopped']","['Failed to Yield Right of Way', 'Driving Properly']","['Medical or Physical Disability', 'Normal']",[],[],[],[],[],[],D22,False,"['70 to 74', '30 to 34']",3.0
1905,2019-12-18 10:00:00,1945,2019,NEWARK RD,SCARBOROUGH GOLF CLUB RD,Local,Scarborough,43.775607,-79.221019,643165.9649,4848487.4601,At Intersection,Stop Sign,Clear,"Dusk, artificial",Dry,135,Morningside,135,Morningside (135),Non-Fatal Injury,0,0,1,0,0,0,0,0,0,0,0,0,0,SMV Other,['Driver'],West,"['Automobile, Station Wagon']",['Going Ahead'],['Lost control'],['Other'],[],[],[],[],[],[],D43,False,['30 to 34'],3.0
1906,2019-12-20 10:00:00,1230,2019,MCCOWAN RD,TOWN CENTRE CRT,Major Arterial,Scarborough,43.774501,-79.2522,640659.1943,4848311.1736,Intersection Related,Traffic Signal,Clear,Daylight,Dry,142,Woburn North,137,Woburn (137),Non-Fatal Injury,0,0,1,0,0,0,0,1,0,1,0,0,0,Rear End,"['Driver', 'Passenger']",South,"['Automobile, Station Wagon']","['Going Ahead', 'Stopped']","['Following too Close', 'Driving Properly']",['Normal'],[],[],[],[],[],[],D43,False,"['75 to 79', '30 to 34', '80 to 84', '40 to 44', '35 to 39']",3.0
1907,2019-12-22 10:00:00,1055,2019,QUEEN ST W,DUNN AVE,Major Arterial,North York,43.640952,-79.434474,626270.1418,4833185.1692,Intersection Related,Traffic Signal,Clear,"Daylight, artificial",Wet,85,South Parkdale,85,South Parkdale (85),Non-Fatal Injury,1,0,0,0,0,1,0,0,0,0,0,0,0,Pedestrian Collisions,"['Driver', 'Pedestrian']",East,['Street Car'],['Going Ahead'],['Driving Properly'],['Normal'],['Pedestrian involved in a collision with transit vehicle anywhere along roadway'],"['Crossing, no Traffic Control']",['Normal'],[],[],[],D14,False,"['50 to 54', '80 to 84']",3.0
1908,2019-12-22 10:00:00,1834,2019,PROGRESS AVE,MARKHAM RD,Major Arterial,Scarborough,43.782126,-79.232982,642187.7601,4849190.8802,Non Intersection,No Control,Clear,"Dark, artificial",Wet,142,Woburn North,137,Woburn (137),Fatal,1,0,1,0,0,0,0,0,0,0,0,1,0,Pedestrian Collisions,"['Pedestrian', 'Driver']",Unknown,"['Automobile, Station Wagon']",['Going Ahead'],['Lost control'],"['Ability Impaired, Alcohol']",['Pedestrian hit on sidewalk or shoulder'],['On Sidewalk or Shoulder'],['Unknown'],[],[],[],D43,True,"['15 to 19', '20 to 24', '40 to 44']",4.0
1909,2019-12-23 10:00:00,657,2019,OLD WESTON RD,TURNBERRY AVE,Minor Arterial,Toronto and East York,43.678321,-79.464778,623749.1062,4837289.8288,At Intersection,Traffic Signal,Clear,Dawn,Wet,91,Weston-Pelham Park,91,Weston-Pellam Park (91),Non-Fatal Injury,1,0,1,0,0,0,0,0,0,1,0,0,0,Pedestrian Collisions,"['Driver', 'Pedestrian']",East,['Delivery Van'],['Turning Right'],['Failed to Yield Right of Way'],['Inattentive'],['Vehicle turns right while ped crosses with ROW at inter.'],['Crossing with right of way'],['Normal'],[],[],[],D12,False,"['55 to 59', '25 to 29']",3.0
1910,2019-12-23 10:00:00,1415,2019,ROYAL YORK RD,LAMBETH RD,Minor Arterial,Etobicoke York,43.660304,-79.517085,619568.5473,4835212.0944,At Intersection,No Control,Clear,Daylight,Dry,9,Edenbridge-Humber Valley,9,Edenbridge-Humber Valley (9),Non-Fatal Injury,0,0,1,0,0,0,0,1,0,1,0,0,0,Turning Movement,"['Driver', 'Passenger']",North,"['Automobile, Station Wagon']","['Making U Turn', 'Going Ahead']","['Improper Turn', 'Driving Properly']","['Inattentive', 'Normal']",[],[],[],[],[],[],D22,False,"['65 to 69', '55 to 59', '15 to 19']",3.0
1911,2019-12-25 10:00:00,850,2019,SHEPPARD AVE E,DON MILLS RD,Major Arterial,North York,43.775035,-79.347003,633028.3881,4848213.7883,At Intersection,Traffic Signal,Clear,Daylight,Wet,53,Henry Farm,53,Henry Farm (53),Non-Fatal Injury,1,0,1,0,0,0,0,0,0,1,0,0,0,Pedestrian Collisions,"['Driver', 'Pedestrian']",North,"['Automobile, Station Wagon']",['Turning Left'],['Failed to Yield Right of Way'],['Inattentive'],['Vehicle turns left while ped crosses with ROW at inter.'],['Crossing with right of way'],['Normal'],[],[],[],D33,False,"['45 to 49', '35 to 39']",3.0
1912,2019-12-25 10:00:00,2118,2019,LAKE SHORE BLVD E,LOWER JARVIS ST,Major Arterial,Toronto and East York,43.645556,-79.369808,631475.8987,4833796.9151,At Intersection,Traffic Signal,Clear,"Dark, artificial",Dry,166,St Lawrence-East Bayfront-The Islands,77,Waterfront Communities-The Island (77),Non-Fatal Injury,0,0,1,0,0,0,0,1,0,0,0,0,0,Turning Movement,"['Driver', 'Passenger']",West,"['Automobile, Station Wagon']","['Turning Left', 'Going Ahead']","['Improper Turn', 'Driving Properly']",['Normal'],[],[],[],[],[],[],D51,False,"['20 to 24', '60 to 64', '45 to 49', '25 to 29', '80 to 84', '30 to 34', '0 to 4']",3.0
1913,2019-12-27 10:00:00,2324,2019,2901 JANE  ST,Not Applicable,Major Arterial,Etobicoke York,43.753241,-79.51665,619418.9347,4845534.6576,Non Intersection,No Control,Clear,"Dark, artificial",Dry,25,Glenfield-Jane Heights,25,Glenfield-Jane Heights (25),Non-Fatal Injury,1,0,1,0,0,0,0,0,0,1,0,0,0,Pedestrian Collisions,"['Driver', 'Pedestrian']",North,"['Automobile, Station Wagon']",['Going Ahead'],['Driving Properly'],['Normal'],['Pedestrian hit at mid-block'],"['Crossing, no Traffic Control']",['Inattentive'],[],[],[],D31,False,"['20 to 24', '10 to 14']",3.0
1914,2019-12-28 10:00:00,215,2019,O CONNOR DR,DONLANDS AVE,Major Arterial,Toronto and East York,43.694651,-79.343074,633523.1225,4839292.2814,At Intersection,Traffic Signal,Clear,"Dark, artificial",Dry,58,Old East York,58,Old East York (58),Non-Fatal Injury,1,0,1,0,0,0,0,0,0,0,0,0,0,Pedestrian Collisions,"['Driver', 'Pedestrian']",South,['Delivery Van'],['Turning Left'],['Driving Properly'],['Unknown'],['Other / Undefined'],['Other'],['Unknown'],[],[],[],D55,False,"['unknown', '20 to 24']",3.0
1915,2019-12-28 10:00:00,1439,2019,1325 ST CLAIR AVE W,Not Applicable,Major Arterial,Etobicoke York,43.676577,-79.448985,625025.7607,4837119.8181,Non Intersection,No Control,Clear,Daylight,Dry,92,Corso Italia-Davenport,92,Corso Italia-Davenport (92),Non-Fatal Injury,1,0,1,0,0,0,0,0,0,0,0,0,0,Pedestrian Collisions,"['Driver', 'Pedestrian']",Unknown,"['Automobile, Station Wagon']",['Reversing'],['Other'],['Normal'],['Vehicle is reversing and hits pedestrian'],['Other'],['Normal'],[],[],[],D13,False,"['40 to 44', '80 to 84']",3.0
1916,2019-12-28 10:00:00,1514,2019,GERRARD ST W,BAY ST,Major Arterial,Toronto and East York,43.658438,-79.384853,630234.6509,4835203.9058,At Intersection,Traffic Signal,Clear,Daylight,Dry,170,Yonge-Bay Corridor,76,Bay Street Corridor (76),Non-Fatal Injury,1,0,1,0,0,0,0,0,0,1,1,0,0,Pedestrian Collisions,"['Driver', 'Pedestrian']",South,"['Automobile, Station Wagon']",['Going Ahead'],"['Disobeyed Traffic Control', 'Driving Properly']","['Inattentive', 'Normal']",['Pedestrian hit on sidewalk or shoulder'],['On Sidewalk or Shoulder'],['Normal'],[],[],[],D52,False,"['50 to 54', '25 to 29']",3.0
1917,2019-12-28 10:00:00,1740,2019,MARTIN GROVE RD,DIXON RD,Major Arterial,Etobicoke York,43.691519,-79.570796,615178.0237,4838602.9307,At Intersection,Traffic Signal,Clear,Dark,Dry,1,West Humber-Clairville,1,West Humber-Clairville (1),Non-Fatal Injury,1,0,1,0,0,0,0,1,0,0,0,0,0,Pedestrian Collisions,"['Driver', 'Passenger', 'Pedestrian']",North,"['Automobile, Station Wagon']",['Turning Left'],['Driving Properly'],['Normal'],['Vehicle turns left while ped crosses without ROW at inter.'],['Crossing without right of way'],['Inattentive'],[],[],[],D23,False,"['20 to 24', '15 to 19', '50 to 54']",3.0
1000002228.0,2021-01-01 10:00:00,1129,2021,KEELE ST,SHEPPARD AVE W,Major Arterial,North York,43.744704,-79.486408,621870.9481,4844630.5435,Non Intersection,Traffic Signal,Clear,Daylight,Dry,155,Downsview,26,Downsview-Roding-CFB (26),Fatal,0,0,1,0,0,0,0,1,1,1,0,0,0,Angle,"['Driver', 'Passenger']",North,"['Automobile, Station Wagon']","['Going Ahead', 'Stopped']","['Exceeding Speed Limit', 'Driving Properly']","['Unknown', 'Normal']",[],[],[],[],[],[],D31,True,"['20 to 24', '40 to 44', '35 to 39', '10 to 14', '5 to 9', '65 to 69']",4.0
1000028.0,2007-11-01 08:00:00,126,2007,OAKWOOD AVE,ROSEMOUNT AVE,Minor Arterial,Toronto and East York,43.677945,-79.43529,626126.8451,4837292.4868,At Intersection,Stop Sign,Rain,Dark,Wet,92,Corso Italia-Davenport,92,Corso Italia-Davenport (92),Non-Fatal Injury,0,0,1,0,0,1,0,1,1,1,0,0,0,Angle,"['Passenger', 'Vehicle Owner', 'Driver']",East,"['Other', 'Automobile, Station Wagon', 'Municipal Transit Bus (TTC)']",['Going Ahead'],"['Disobeyed Traffic Control', 'Driving Properly']",['Normal'],[],[],[],[],[],[],D13,False,"['20 to 24', 'unknown', '40 to 44']",3.0
1000041217.0,2021-01-07 10:00:00,1610,2021,1582 KING ST W,Not Applicable,Major Arterial,Toronto and East York,43.638014,-79.444782,625444.8385,4832843.2365,Non Intersection,No Control,Clear,Daylight,Dry,85,South Parkdale,85,South Parkdale (85),Non-Fatal Injury,1,0,0,0,0,1,0,0,0,0,0,0,0,Pedestrian Collisions,"['Driver', 'Pedestrian']",South,"['Bus (Other) (Go Bus, Gray Coa']",['Going Ahead'],['Driving Properly'],['Normal'],['Pedestrian hit at mid-block'],['Running onto Roadway'],"['Ability Impaired, Drugs']",[],[],[],D14,False,"['50 to 54', '30 to 34']",3.0
1000055.0,2007-10-24 08:00:00,924,2007,DUNDAS ST E,SHERBOURNE ST,Major Arterial,Toronto and East York,43.658445,-79.37029,631408.9111,4835227.6449,Unknown,No Control,Clear,Daylight,Dry,73,Moss Park,73,Moss Park (73),Non-Fatal Injury,1,0,0,0,1,0,0,0,0,0,0,0,0,Pedestrian Collisions,"['Vehicle Owner', 'Truck Driver', 'Pedestrian']",East,"['Other', 'Truck - Open']",['Going Ahead'],['Driving Properly'],['Normal'],['Pedestrian hit on sidewalk or shoulder'],['On Sidewalk or Shoulder'],['Normal'],[],[],[],D51,False,"['unknown', '60 to 64', '30 to 34']",3.0
1000067206.0,2021-01-11 10:00:00,1915,2021,KINGSTON RD,SCARBOROUGH GOLF CLUB RD,Major Arterial,Scarborough,43.745558,-79.209689,644149.9243,4845169.7069,Non Intersection,No Control,Clear,Dark,Dry,139,Scarborough Village,139,Scarborough Village (139),Non-Fatal Injury,0,0,1,0,0,1,0,1,1,1,0,1,0,Rear End,"['Driver', 'Passenger']",East,"['Automobile, Station Wagon', 'Intercity Bus']","['Stopped', 'Going Ahead']","['Speed too Fast For Condition', 'Driving Properly']","['Ability Impaired, Alcohol', 'Normal']",[],[],[],[],[],[],D43,False,"['35 to 39', '55 to 59', '20 to 24', '15 to 19']",3.0
1000073767.0,2021-01-12 10:00:00,1903,2021,FINCH AVE W,KIPLING AVE,Major Arterial,Etobicoke York,43.744063,-79.577297,614553.945,4844429.6613,Non Intersection,No Control,Clear,"Dark, artificial",Wet,3,Thistletown-Beaumond Heights,3,Thistletown-Beaumond Heights (3),Fatal,1,0,1,0,0,0,0,0,0,0,0,0,0,Pedestrian Collisions,"['Pedestrian', 'Driver']",East,"['Automobile, Station Wagon']",['Going Ahead'],['Driving Properly'],['Normal'],['Pedestrian hit at mid-block'],"['Crossing, no Traffic Control']",['Unknown'],[],[],[],D23,True,"['40 to 44', '60 to 64']",4.0
1000078163.0,2021-01-13 10:00:00,1258,2021,MCLEVIN AVE,MARKHAM RD,Minor Arterial,Scarborough,43.798731,-79.239833,641597.2498,4851023.386,Non Intersection,No Control,Clear,Daylight,Wet,145,Malvern West,132,Malvern (132),Non-Fatal Injury,0,0,1,0,0,0,0,0,1,1,0,0,0,SMV Other,['Driver'],West,"['Automobile, Station Wagon']",['Going Ahead'],['Speed too Fast For Condition'],['Normal'],[],[],[],[],[],[],D42,False,['20 to 24'],3.0
1000080.0,2007-10-15 08:00:00,125,2007,BATHURST Stre,CARPENTER Road,Major Arterial,North York,43.789045,-79.44649,624992.6932,4849614.7769,At Intersection,No Control,Clear,Dark,Dry,36,Newtonbrook West,36,Newtonbrook West (36),Non-Fatal Injury,0,0,1,0,0,0,0,1,0,0,0,0,0,SMV Other,"['Passenger', 'Vehicle Owner', 'Driver']",North,"['Other', 'Automobile, Station Wagon']","['Other', 'Going Ahead']",[],[],[],[],[],[],[],[],D32,False,"['unknown', '25 to 29']",3.0
1000091204.0,2021-01-15 10:00:00,1150,2021,EASTERN AVE,MARIGOLD AVE,Minor Arterial,Toronto and East York,43.660819,-79.330257,634631.6344,4835555.4927,At Intersection,No Control,Clear,Daylight,Dry,70,South Riverdale,70,South Riverdale (70),Non-Fatal Injury,0,0,1,0,0,0,0,0,0,0,0,0,1,SMV Other,['Truck Driver'],East,['Tow Truck'],['Pulling Onto Shoulder or towardCurb'],['Lost control'],['Medical or Physical Disability'],[],[],[],[],[],[],D55,False,['60 to 64'],3.0
1000093718.0,2021-01-15 10:00:00,1805,2021,GABIAN WAY,EGLINTON AVE W,Local,Etobicoke York,43.691645,-79.467654,623489.9375,4838765.3522,Intersection Related,No Control,Rain,Dark,Wet,110,Keelesdale-Eglinton West,110,Keelesdale-Eglinton West (110),Non-Fatal Injury,1,0,1,0,0,0,0,0,0,0,0,0,0,Pedestrian Collisions,"['Driver', 'Pedestrian']",East,"['Automobile, Station Wagon']",['Going Ahead'],['Driving Properly'],['Normal'],['Pedestrian hit at mid-block'],"['Crossing, no Traffic Control']",['Inattentive'],[],[],[],D12,False,"['55 to 59', '60 to 64']",3.0