accident_number,date,time,year,street1,street2,road_class,district,latitude,longitude,x,y,accident_location,traffctl,visibility,light,road_surface_condition,hood_158,neighbourhood_new,hood_140,neighbourhood_old,accident_class,pedestrian,cyclist,automobile,motorcycle,truck,trsn_city_veh,emerg_veh,passenger,speeding,aggressive_driving,redlight,alcohol,disability,impact_type,involvement_type,initial_direction,vehicle_type,manoeuver,driver_action,driver_condition,pedestrian_type,pedestrian_action,pedestrian_condition,cyclist_type,cyclist_action,cyclist_condition,division,injury,involvement_age,injury_severity_score
1000113248.0,2021-01-18 10:00:00,2120,2021,LESLIE ST,BANNATYNE DR,Major Arterial,North York,43.759638,-79.361499,631895.6179,4846480.5273,Non Intersection,No Control,Snow,Dark,Wet,40,St.Andrew-Windfields,40,St.Andrew-Windfields (40),Non-Fatal Injury,0,0,1,0,0,0,0,0,0,0,0,0,0,SMV Other,"['Driver', 'Other']",South,"['Automobile, Station Wagon']","['Going Ahead', 'Parked']",['Lost control'],['Normal'],[],[],[],[],[],[],D33,False,"['65 to 69', 'unknown']",3.0
1000123006.0,2021-01-20 10:00:00,1145,2021,FINCH  AVE E,LESLIE ST,Major Arterial,North York,43.789939,-79.36803,631303.5475,4849835.5389,At Intersection,Traffic Signal,Clear,Daylight,Dry,47,Don Valley Village,47,Don Valley Village (47),Non-Fatal Injury,1,0,1,0,0,0,0,0,0,0,0,0,0,Pedestrian Collisions,"['Driver', 'Pedestrian']",North,"['Automobile, Station Wagon']",['Going Ahead'],['Driving Properly'],['Normal'],['Vehicle is going straight thru inter.while ped cross without ROW'],['Crossing without right of way'],['Inattentive'],[],[],[],D33,False,"['25 to 29', '85 to 89']",3.0
1000123041.0,2021-01-20 10:00:00,1157,2021,WOODBINE AVE,O CONNOR DR,Major Arterial,Toronto and East York,43.700083,-79.318996,635451.2343,4839934.6378,Intersection Related,Traffic Signal,Clear,Daylight,Dry,60,Woodbine-Lumsden,60,Woodbine-Lumsden (60),Non-Fatal Injury,0,1,1,0,0,0,0,0,0,1,0,0,0,Cyclist Collisions,"['Driver', 'Cyclist']",North,"['Pick Up Truck', 'Bicycle']",['Turning Right'],['Failed to Yield Right of Way'],['Unknown'],[],[],[],['Motorist turning right on red at signalized intersection strikes cyclist.'],['Failed to Yield Right of Way'],['Unknown'],D55,False,"['35 to 39', '55 to 59']",3.0
1000142323.0,2021-01-23 10:00:00,949,2021,328 BAYVIEW AVE,Not Applicable,Major Arterial,Toronto and East York,43.659552,-79.355396,632607.4397,4835374.2889,Non Intersection,No Control,Clear,Daylight,Dry,72,Regent Park,72,Regent Park (72),Non-Fatal Injury,1,0,1,0,0,0,0,1,0,0,0,0,0,Pedestrian Collisions,"['Driver', 'Pedestrian', 'Passenger']",South,"['Automobile, Station Wagon']",['Going Ahead'],['Driving Properly'],['Normal'],['Pedestrian hit at mid-block'],['Walking on Roadway Against Traffic'],['Inattentive'],[],[],[],D51,False,"['30 to 34', '25 to 29']",3.0
1000153209.0,2021-01-25 10:00:00,653,2021,JANE ST,WILSON AVE,Major Arterial,Etobicoke York,43.721823,-79.508823,620111.8618,4842056.551,Non Intersection,No Control,Clear,"Dark, artificial",Dry,154,Oakdale-Beverley Heights,26,Downsview-Roding-CFB (26),Non-Fatal Injury,1,0,1,0,0,0,0,0,0,0,0,0,0,Pedestrian Collisions,"['Driver', 'Pedestrian']",South,"['Automobile, Station Wagon']",['Going Ahead'],['Driving Properly'],['Normal'],['Pedestrian hit at mid-block'],"['Crossing, no Traffic Control']",['Inattentive'],[],[],[],D31,False,['50 to 54'],3.0
1000167735.0,2021-01-27 10:00:00,905,2021,AVENUE RD,EGLINTON AVE W,Major Arterial,Toronto and East York,43.704528,-79.408473,628231.8438,4840286.0239,At Intersection,Traffic Signal,Clear,Daylight,Wet,100,Yonge-Eglinton,100,Yonge-Eglinton (100),Non-Fatal Injury,0,0,1,0,0,0,0,0,0,1,0,0,0,Turning Movement,['Driver'],North,"['Automobile, Station Wagon']","['Turning Left', 'Going Ahead']","['Improper Turn', 'Driving Properly']",['Normal'],[],[],[],[],[],[],D53,False,"['15 to 19', '30 to 34']",3.0
1000182420.0,2021-01-29 10:00:00,1130,2021,HORNER AVE,KIPLING AVE,Major Arterial,Etobicoke York,43.607131,-79.520709,619381.5749,4829301.3543,At Intersection,Traffic Signal,Clear,Daylight,Dry,160,Mimico-Queensway,17,Mimico (includes Humber Bay Shores) (17),Non-Fatal Injury,0,0,1,0,0,0,0,0,0,1,1,0,0,Angle,['Driver'],North,"['Pick Up Truck', 'Automobile, Station Wagon']",['Going Ahead'],"['Driving Properly', 'Disobeyed Traffic Control']","['Normal', 'Inattentive']",[],[],[],[],[],[],D22,False,"['20 to 24', '65 to 69']",3.0
1000182776.0,2021-01-29 10:00:00,1225,2021,FINCH AVE E,MCCOWAN  RD,Major Arterial,Scarborough,43.807955,-79.266467,639433.1825,4852002.6334,Intersection Related,Traffic Signal,Clear,Daylight,Dry,129,Agincourt North,129,Agincourt North (129),Non-Fatal Injury,0,0,1,0,0,0,0,0,0,1,0,0,0,Rear End,['Driver'],East,"['Automobile, Station Wagon']","['Going Ahead', 'Stopped']","['Following too Close', 'Driving Properly']","['Inattentive', 'Normal']",[],[],[],[],[],[],D42,False,"['65 to 69', '50 to 54']",3.0
1000186475.0,2021-01-29 10:00:00,2235,2021,GREENWOOD AVE,MOUNTJOY AVE,Minor Arterial,Toronto and East York,43.679991,-79.331775,634466.4148,4837682.342,Intersection Related,No Control,Clear,"Dark, artificial",Wet,65,Greenwood-Coxwell,65,Greenwood-Coxwell (65),Non-Fatal Injury,0,0,1,0,0,0,0,1,0,0,0,0,0,Approaching,"['Driver', 'Passenger']",North,"['Automobile, Station Wagon']",['Going Ahead'],"['Lost control', 'Driving Properly']","['Unknown', 'Normal']",[],[],[],[],[],[],D55,False,"['45 to 49', '30 to 34', '25 to 29']",3.0
1000204044.0,2021-02-01 10:00:00,1735,2021,2550 PICKERING TOWN  LINE,Not Applicable,Collector,Scarborough,43.847045,-79.166507,647377.1156,4856517.5437,Non Intersection,No Control,Clear,Dusk,Dry,144,Morningside Heights,131,Rouge (131),Non-Fatal Injury,0,0,1,0,0,0,0,0,0,0,0,1,0,SMV Other,['Driver'],South,['Pick Up Truck'],['Going Ahead'],['Lost control'],"['Ability Impaired, Alcohol Over .08']",[],[],[],[],[],[],D42,False,['20 to 24'],3.0
1000223526.0,2021-02-04 10:00:00,1535,2021,DOWNSVIEW PARK  BLVD,KEELE ST,Major Arterial,North York,43.736876,-79.484515,622039.2725,4843763.9172,At Intersection,Traffic Signal,Clear,"Daylight, artificial",Dry,155,Downsview,26,Downsview-Roding-CFB (26),Non-Fatal Injury,1,0,1,0,0,0,0,0,0,1,0,0,0,Pedestrian Collisions,"['Driver', 'Pedestrian']",East,"['Automobile, Station Wagon']",['Turning Left'],['Failed to Yield Right of Way'],['Inattentive'],['Vehicle turns left while ped crosses with ROW at inter.'],['Crossing with right of way'],['Normal'],[],[],[],D31,False,"['25 to 29', '65 to 69']",3.0
1000224535.0,2021-02-04 10:00:00,1747,2021,2330 KENNEDY RD,Not Applicable,Major Arterial,Scarborough,43.784159,-79.288745,637695.9255,4849322.4073,Non Intersection,No Control,Clear,Dawn,Dry,118,Tam O'Shanter-Sullivan,128,Agincourt South-Malvern West (128),Non-Fatal Injury,1,0,1,0,0,0,0,1,0,0,0,0,0,Pedestrian Collisions,"['Driver', 'Passenger', 'Pedestrian']",South,"['Automobile, Station Wagon']",['Going Ahead'],['Driving Properly'],['Normal'],['Pedestrian hit at mid-block'],"['Crossing, no Traffic Control']",['Had Been Drinking'],[],[],[],D42,False,"['70 to 74', '60 to 64', '55 to 59']",3.0
1000228775.0,2021-02-05 10:00:00,1100,2021,54 THORNCLIFFE PARK  DR,Not Applicable,Collector,North York,43.704459,-79.341594,633620.6001,4840383.9825,At/Near Private Drive,No Control,Clear,Daylight,Dry,55,Thorncliffe Park,55,Thorncliffe Park (55),Non-Fatal Injury,0,0,1,0,0,0,0,1,0,0,0,0,0,Angle,"['Driver', 'Passenger']",South,"['Automobile, Station Wagon']","['Reversing', 'Stopped']",['Other'],['Normal'],[],[],[],[],[],[],D53,False,"['65 to 69', '30 to 34', '55 to 59']",3.0
1000247746.0,2021-02-08 10:00:00,1227,2021,RENFORTH  DR,CONVAIR  DR,Major Arterial,Etobicoke York,43.672118,-79.593257,613404.4486,4836417.2429,At Intersection,Traffic Signal,Clear,Daylight,Dry,NSA,NSA,1,West Humber-Clairville (1),Non-Fatal Injury,0,0,1,0,0,0,0,0,0,1,1,0,0,Angle,['Driver'],North,"['Automobile, Station Wagon']",['Going Ahead'],"['Disobeyed Traffic Control', 'Driving Properly']","['Inattentive', 'Normal']",[],[],[],[],[],[],NSA,False,"['65 to 69', '50 to 54']",3.0
1000256266.0,2021-02-09 10:00:00,1747,2021,DIXON RD,CARLINGVIEW DR,Major Arterial,Etobicoke York,43.686686,-79.595523,613194.3778,4838032.1152,At Intersection,Traffic Signal,Clear,"Dark, artificial",Dry,1,West Humber-Clairville,1,West Humber-Clairville (1),Non-Fatal Injury,0,0,1,0,0,1,0,0,1,1,1,0,0,Angle,['Driver'],South,"['Automobile, Station Wagon', 'Municipal Transit Bus (TTC)']",['Going Ahead'],"['Disobeyed Traffic Control', 'Driving Properly']",['Normal'],[],[],[],[],[],[],D23,False,"['45 to 49', '60 to 64']",3.0
1000266545.0,2021-02-11 10:00:00,945,2021,DUNDAS ST W,EAST MALL  CRES,Major Arterial,Etobicoke York,43.630305,-79.549777,616990.7629,4831833.7357,At Intersection,Traffic Signal,Clear,Daylight,Dry,159,Etobicoke City Centre,14,Islington-City Centre West (14),Non-Fatal Injury,1,0,0,0,0,1,0,0,0,1,1,0,0,Pedestrian Collisions,"['Driver', 'Pedestrian']",East,['Municipal Transit Bus (TTC)'],['Going Ahead'],['Disobeyed Traffic Control'],['Inattentive'],['Vehicle is going straight thru inter.while ped cross without ROW'],['Crossing without right of way'],['Inattentive'],[],[],[],D22,False,"['60 to 64', '45 to 49']",3.0
1000271831.0,2021-02-12 10:00:00,126,2021,65 SHORNCLIFFE RD,LOCKPORT AVE,Minor Arterial,Etobicoke York,43.627532,-79.542835,617556.1901,4831535.5661,Intersection Related,No Control,Clear,"Dark, artificial",Dry,159,Etobicoke City Centre,14,Islington-City Centre West (14),Non-Fatal Injury,0,0,1,0,0,0,0,1,0,0,0,0,0,SMV Other,"['Driver', 'Passenger']",South,"['Automobile, Station Wagon']",['Going Ahead'],['Lost control'],['Inattentive'],[],[],[],[],[],[],D22,False,['20 to 24'],3.0
1000283889.0,2021-02-13 10:00:00,2203,2021,MIDLAND  AVE,BENJAMIN BLVD,Minor Arterial,Scarborough,43.732051,-79.257068,640366.6379,4843588.1935,Intersection Related,No Control,Snow,Dark,Ice,124,Kennedy Park,124,Kennedy Park (124),Non-Fatal Injury,0,0,1,0,0,0,0,1,1,1,0,0,0,SMV Other,"['Driver', 'Passenger']",South,"['Automobile, Station Wagon']",['Going Ahead'],['Speed too Fast For Condition'],['Inattentive'],[],[],[],[],[],[],D41,False,"['35 to 39', '30 to 34', '20 to 24']",3.0
1000289849.0,2021-02-14 10:00:00,2320,2021,STEELES AVE W,DUFFERIN  ST,Major Arterial,North York,43.787211,-79.470042,623101.49,4849375.7889,At Intersection,Traffic Signal,Clear,"Dark, artificial",Dry,34,Bathurst Manor,34,Bathurst Manor (34),Non-Fatal Injury,0,0,1,0,0,1,0,1,1,1,1,0,0,Angle,"['Driver', 'Passenger']",South,"['Automobile, Station Wagon', 'Intercity Bus']",['Going Ahead'],"['Disobeyed Traffic Control', 'Driving Properly']","['Unknown', 'Normal']",[],[],[],[],[],[],D32,False,"['50 to 54', '40 to 44', '60 to 64', '20 to 24']",3.0
1000299624.0,2021-02-16 10:00:00,1434,2021,ST CLAIR AVE E,PHARMACY  AVE,Major Arterial,Scarborough,43.70978,-79.290897,637693.206,4841057.9202,Intersection Related,Traffic Signal,Snow,Daylight,Wet,120,Clairlea-Birchmount,120,Clairlea-Birchmount (120),Non-Fatal Injury,0,0,1,0,0,0,0,0,0,0,0,0,1,Rear End,['Driver'],West,"['Automobile, Station Wagon']","['Going Ahead', 'Stopped']","['Lost control', 'Driving Properly']","['Medical or Physical Disability', 'Normal']",[],[],[],[],[],[],D41,False,"['65 to 69', '40 to 44']",3.0
1000312.0,2007-11-03 08:00:00,200,2007,LAKE SHORE BLVD W,LONG BRANCH AVE,Major Arterial,Etobicoke York,43.594345,-79.53399,618334.8265,4827862.3133,Unknown,Traffic Signal,Clear,Dark,Dry,19,Long Branch,19,Long Branch (19),Non-Fatal Injury,0,0,1,0,0,0,0,0,1,1,0,0,0,SMV Other,"['Driver', 'Other Property Owner']",West,"['Automobile, Station Wagon', 'Other']",['Going Ahead'],['Exceeding Speed Limit'],['Had Been Drinking'],[],[],[],[],[],[],D22,False,"['40 to 44', 'unknown']",3.0
1000339.0,2007-11-03 08:00:00,610,2007,STEELES AVE W,NORTHWEST GT,Major Arterial,Etobicoke York,43.777745,-79.51109,619817.6222,4848264.2223,At Intersection,No Control,Clear,Dark,Dry,NSA,NSA,NSA,NSA,Non-Fatal Injury,1,0,1,0,0,0,0,0,0,0,0,0,0,Pedestrian Collisions,"['Driver', 'Pedestrian']",South,"['Automobile, Station Wagon', 'Other']",['Going Ahead'],['Driving Properly'],['Normal'],['Pedestrian hit at mid-block'],"['Crossing, no Traffic Control']",['Had Been Drinking'],[],[],[],NSA,False,"['55 to 59', '25 to 29']",3.0
1000349866.0,2021-02-24 10:00:00,1125,2021,1260 ST CLAIR AVE W,Not Applicable,Major Arterial,Etobicoke York,43.677119,-79.446529,625222.6108,4837183.7194,Non Intersection,No Control,Clear,Daylight,Wet,92,Corso Italia-Davenport,92,Corso Italia-Davenport (92),Non-Fatal Injury,1,0,1,0,0,0,0,0,0,0,0,0,0,Pedestrian Collisions,"['Driver', 'Pedestrian']",Unknown,"['Automobile, Station Wagon']",['Reversing'],['Other'],['Unknown'],['Vehicle is reversing and hits pedestrian'],['Other'],['Normal'],[],[],[],D13,False,"['80 to 84', '25 to 29', '0 to 4']",3.0
1000367345.0,2021-02-26 10:00:00,2200,2021,BELLAMY RD N,BRAEBURN BLVD,Minor Arterial,Scarborough,43.749388,-79.232257,642323.723,4845556.0612,At Intersection,No Control,Clear,"Dark, artificial",Dry,141,Golfdale-Cedarbrae-Woburn,137,Woburn (137),Non-Fatal Injury,0,0,1,0,0,0,0,1,1,1,0,0,0,Rear End,"['Driver', 'Passenger']",South,"['Automobile, Station Wagon']","['Going Ahead', 'Slowing or Stopping']","['Following too Close', 'Driving Properly']","['Inattentive', 'Normal']",[],[],[],[],[],[],D43,False,"['25 to 29', '35 to 39']",3.0
1000373871.0,2021-02-27 10:00:00,2307,2021,LN N DUNDAS W HURON,HURON ST,Laneway,Toronto and East York,43.653647,-79.396747,629285.8695,4834653.2017,Laneway,No Control,Clear,"Dark, artificial",Wet,78,Kensington-Chinatown,78,Kensington-Chinatown (78),Non-Fatal Injury,0,0,1,0,0,0,0,0,1,1,0,0,1,SMV Other,['Driver'],West,"['Automobile, Station Wagon']",['Going Ahead'],['Lost control'],['Medical or Physical Disability'],[],[],[],[],[],[],D52,False,['50 to 54'],3.0
1000380.0,2007-11-04 09:00:00,1005,2007,JAMESON AVE,KING ST W,Major Arterial,Toronto and East York,43.637145,-79.43599,626155.8321,4832760.048,At Intersection,Traffic Signal,Clear,Daylight,Dry,85,South Parkdale,85,South Parkdale (85),Non-Fatal Injury,1,0,1,0,0,0,0,0,0,0,0,0,0,Pedestrian Collisions,"['Vehicle Owner', 'Driver', 'Pedestrian']",West,"['Other', 'Automobile, Station Wagon']",['Turning Right'],['Driving Properly'],['Normal'],['Vehicle turns right while ped crosses without ROW at inter.'],['Crossing without right of way'],['Normal'],[],[],[],D14,False,"['unknown', '55 to 59', '75 to 79']",3.0
1000403643.0,2021-03-04 10:00:00,1143,2021,QUEEN ST W,DOWLING AVE,Major Arterial,Toronto and East York,43.63988,-79.439822,625841.0236,4833057.9877,Intersection Related,No Control,Clear,Daylight,Dry,85,South Parkdale,85,South Parkdale (85),Non-Fatal Injury,1,0,0,0,0,0,1,1,0,0,0,0,0,Pedestrian Collisions,"['Driver', 'Passenger', 'Pedestrian']",East,['Ambulance'],['Going Ahead'],['Driving Properly'],['Normal'],['Pedestrian hit at mid-block'],"['Crossing, no Traffic Control']",['Normal'],[],[],[],D14,False,"['25 to 29', '20 to 24', '65 to 69', '60 to 64']",3.0
1000423.0,2007-10-10 08:00:00,1955,2007,BATHURST Stre,WOLSELEY Stre,Major Arterial,Toronto and East York,43.648345,-79.40449,628672.7916,4834052.3105,Unknown,No Control,Clear,Dark,Dry,81,Trinity-Bellwoods,81,Trinity-Bellwoods (81),Non-Fatal Injury,0,0,1,0,0,0,0,1,1,1,0,0,0,Approaching,"['Vehicle Owner', 'Driver', 'Passenger', 'Other Property Owner']",North,"['Other', 'Automobile, Station Wagon']","['Changing Lanes', 'Going Ahead']","['Exceeding Speed Limit', 'Driving Properly']","['Unknown', 'Normal']",[],[],[],[],[],[],D14,False,"['unknown', '25 to 29', '50 to 54']",3.0
1000440.0,2007-10-21 08:00:00,1449,2007,STEELES Aven E,BEARE Road,Minor Arterial,Scarborough,43.853145,-79.17999,646278.4177,4857171.1086,Unknown,Stop Sign,Clear,Daylight,Dry,144,Morningside Heights,131,Rouge (131),Non-Fatal Injury,0,0,1,1,0,0,0,0,0,1,0,0,0,Angle,"['Motorcycle Driver', 'Driver']",East,"['Motorcycle', 'Automobile, Station Wagon']",['Going Ahead'],"['Driving Properly', 'Failed to Yield Right of Way']","['Normal', 'Inattentive']",[],[],[],[],[],[],D42,False,"['45 to 49', '55 to 59']",3.0
1000446.0,2007-09-22 08:00:00,726,2007,QUEEN ST E,EASTERN AVE,Major Arterial,Toronto and East York,43.667245,-79.31259,636041.6277,4836298.0075,Unknown,Stop Sign,Clear,Dark,Dry,63,The Beaches,64,Woodbine Corridor (64),Non-Fatal Injury,0,1,1,0,0,0,0,0,0,0,0,0,0,Cyclist Collisions,"['Driver', 'Cyclist']",East,"['Automobile, Station Wagon', 'Bicycle']","['Turning Left', 'Going Ahead']",['Improper Turn'],['Normal'],[],[],[],['Motorist turned left across cyclists path.'],['Driving Properly'],['Normal'],D55,False,"['75 to 79', '25 to 29']",3.0
1000453193.0,2021-03-11 10:00:00,1440,2021,PLAXTON  DR,ST CLAIR  AVE E,Major Arterial,Toronto and East York,43.707598,-79.302608,636754.6655,4840796.1909,At Intersection,Traffic Signal,Clear,Daylight,Dry,54,O'Connor-Parkview,54,O'Connor-Parkview (54),Non-Fatal Injury,1,0,1,0,0,0,0,0,0,1,0,0,0,Pedestrian Collisions,"['Driver', 'Pedestrian']",North,['Pick Up Truck'],['Turning Left'],['Failed to Yield Right of Way'],['Inattentive'],['Vehicle turns left while ped crosses with ROW at inter.'],['Crossing with right of way'],['Normal'],[],[],[],D55,False,"['60 to 64', '55 to 59']",3.0
1000461944.0,2021-03-12 10:00:00,1912,2021,PAPE AVE,GAMBLE AVE,Major Arterial,Toronto and East York,43.690329,-79.349132,633044.4911,4838802.5253,Intersection Related,No Control,Clear,"Dark, artificial",Dry,58,Old East York,58,Old East York (58),Non-Fatal Injury,1,0,1,0,0,0,0,0,1,1,0,0,0,Pedestrian Collisions,"['Driver', 'Pedestrian']",West,"['Automobile, Station Wagon']",['Going Ahead'],['Speed too Fast For Condition'],['Normal'],['Pedestrian hit at mid-block'],"['Crossing, no Traffic Control']",['Normal'],[],[],[],D55,False,"['50 to 54', '80 to 84', '55 to 59']",3.0
1000474155.0,2021-03-14 09:00:00,1804,2021,DUNDAS ST W,BATHURST  ST,Major Arterial,Toronto and East York,43.652239,-79.405978,628544.4806,4834482.4839,At Intersection,Traffic Signal,Clear,Daylight,Dry,78,Kensington-Chinatown,78,Kensington-Chinatown (78),Non-Fatal Injury,0,1,1,0,0,0,0,0,0,1,0,0,0,Cyclist Collisions,"['Driver', 'Cyclist']",West,"['Automobile, Station Wagon', 'Bicycle']",['Going Ahead'],['Improper Passing'],['Normal'],[],[],[],['Cyclist and Driver travelling in same direction. One vehicle sideswipes the other.'],['Driving Properly'],['Normal'],D14,False,"['30 to 34', '40 to 44']",3.0
1000488018.0,2021-03-16 08:00:00,1734,2021,KENNEDY RD,FINCH AVE E,Major Arterial,Scarborough,43.802069,-79.297336,636963.7227,4851297.3427,Non Intersection,No Control,Clear,Daylight,Dry,148,East L'Amoreaux,117,L'Amoreaux (117),Non-Fatal Injury,0,0,1,0,0,0,0,1,1,1,0,0,0,Approaching,"['Driver', 'Passenger']",North,"['Automobile, Station Wagon']",['Going Ahead'],"['Lost control', 'Driving Properly']","['Inattentive', 'Normal']",[],[],[],[],[],[],D42,False,"['15 to 19', '70 to 74']",3.0
1000488865.0,2021-03-16 08:00:00,2014,2021,HIGHWAY 27  N,REXDALE BLVD,Major Arterial,Etobicoke York,43.717196,-79.595577,613132.6278,4841420.5898,At Intersection,Traffic Signal,Clear,"Dark, artificial",Dry,1,West Humber-Clairville,1,West Humber-Clairville (1),Non-Fatal Injury,0,0,1,0,0,0,0,0,0,0,0,0,0,Turning Movement,['Driver'],North,"['Delivery Van', 'Automobile, Station Wagon']","['Turning Left', 'Going Ahead']","['Improper Turn', 'Driving Properly']","['Inattentive', 'Normal']",[],[],[],[],[],[],D23,False,['30 to 34'],3.0
1000498081.0,2021-03-18 08:00:00,715,2021,YONGE  ST,ALEXANDER  ST,Major Arterial,Toronto and East York,43.662947,-79.383746,630314.1575,4835706.4284,Intersection Related,Traffic Signal,Clear,Daylight,Wet,167,Church-Wellesley,75,Church-Yonge Corridor (75),Non-Fatal Injury,1,0,1,0,0,0,0,0,0,1,0,0,0,Pedestrian Collisions,"['Driver', 'Pedestrian']",North,"['Automobile, Station Wagon']",['Turning Right'],['Failed to Yield Right of Way'],['Unknown'],['Vehicle turns right while ped crosses with ROW at inter.'],['Crossing with right of way'],['Normal'],[],[],[],D51,False,"['55 to 59', '40 to 44']",3.0
1000499271.0,2021-03-18 08:00:00,1056,2021,GREENWIN VILLAGE RD,BATHURST ST,Collector,North York,43.790755,-79.444835,625122.2845,4849807.1993,At/Near Private Drive,No Control,Clear,Daylight,Dry,36,Newtonbrook West,36,Newtonbrook West (36),Non-Fatal Injury,1,0,1,0,0,0,0,0,0,1,0,0,0,Pedestrian Collisions,"['Driver', 'Pedestrian']",South,"['Automobile, Station Wagon']",['Turning Left'],['Improper Turn'],['Normal'],['Pedestrian hit at mid-block'],"['Crossing, no Traffic Control']",['Normal'],[],[],[],D32,False,"['55 to 59', '60 to 64']",3.0
1000501047.0,2021-03-18 08:00:00,1515,2021,204 CLEVELAND ST,Not Applicable,Collector,Toronto and East York,43.705317,-79.378703,630628.77,4840420.1321,Non Intersection,No Control,Clear,Daylight,Dry,99,Mount Pleasant East,99,Mount Pleasant East (99),Non-Fatal Injury,1,0,1,0,0,0,0,0,0,0,0,0,0,Pedestrian Collisions,"['Driver', 'Pedestrian']",North,"['Automobile, Station Wagon']",['Going Ahead'],['Driving Properly'],['Normal'],['Pedestrian hit at mid-block'],['Running onto Roadway'],['Normal'],[],[],[],D53,False,"['80 to 84', '5 to 9']",3.0
1000505074.0,2021-03-19 08:00:00,722,2021,FINCH AVE W,HUMBERLINE DR,Major Arterial,Etobicoke York,43.734969,-79.617831,611307.0353,4843364.3955,Intersection Related,No Control,Clear,Daylight,Dry,1,West Humber-Clairville,1,West Humber-Clairville (1),Non-Fatal Injury,1,0,1,0,0,0,0,0,0,0,0,0,0,Pedestrian Collisions,"['Driver', 'Pedestrian']",East,"['Automobile, Station Wagon']",['Going Ahead'],['Driving Properly'],['Normal'],['Pedestrian hit at mid-block'],"['Crossing, no Traffic Control']",['Inattentive'],[],[],[],D23,False,"['50 to 54', '15 to 19']",3.0
1000521213.0,2021-03-21 08:00:00,1515,2021,ORIOLE PKWY,WILBERTON RD,Major Arterial,Toronto and East York,43.694503,-79.402149,628762.8412,4839182.4091,Intersection Related,No Control,Clear,Daylight,Dry,97,Yonge-St.Clair,97,Yonge-St.Clair (97),Non-Fatal Injury,0,0,0,1,0,0,0,0,0,1,0,0,0,SMV Other,['Motorcycle Driver'],North,['Motorcycle'],['Slowing or Stopping'],['Lost control'],['Normal'],[],[],[],[],[],[],D53,False,['50 to 54'],3.0
1000534087.0,2021-03-23 08:00:00,1218,2021,BURNHAMTHORPE RD,MILL RD,Major Arterial,Etobicoke York,43.639132,-79.584323,614187.1671,4832765.9804,At Intersection,Traffic Signal,Clear,Daylight,Dry,12,Markland Wood,12,Markland Wood (12),Non-Fatal Injury,0,0,1,0,0,0,0,1,0,0,0,0,0,Turning Movement,"['Driver', 'Passenger']",East,"['Automobile, Station Wagon']","['Turning Left', 'Going Ahead']","['Improper Turn', 'Driving Properly']",['Normal'],[],[],[],[],[],[],D22,False,"['15 to 19', '30 to 34', '10 to 14']",3.0
1000539353.0,2021-03-24 08:00:00,550,2021,HENLEY CRES,KIPLING  AVE,Major Arterial,Etobicoke York,43.730448,-79.575794,614700.9566,4842919.6013,Intersection Related,Traffic Signal,Clear,"Dark, artificial",Dry,4,Rexdale-Kipling,4,Rexdale-Kipling (4),Non-Fatal Injury,1,0,1,0,0,0,0,0,0,1,0,0,0,Pedestrian Collisions,"['Driver', 'Pedestrian']",West,"['Automobile, Station Wagon']",['Turning Left'],['Failed to Yield Right of Way'],['Inattentive'],['Vehicle turns left while ped crosses with ROW at inter.'],['Crossing with right of way'],['Normal'],[],[],[],D23,False,"['55 to 59', '25 to 29']",3.0
1000552333.0,2021-03-25 08:00:00,2219,2021,LAKE SHORE  BLVD E,DON ROADWAY,Major Arterial,Toronto and East York,43.650523,-79.347614,633254.8931,4834383.9657,Non Intersection,No Control,Clear,Dark,Dry,166,St Lawrence-East Bayfront-The Islands,77,Waterfront Communities-The Island (77),Non-Fatal Injury,0,0,1,0,0,0,0,0,0,0,0,0,0,SMV Other,['Driver'],East,"['Automobile, Station Wagon']",['Going Ahead'],['Lost control'],['Normal'],[],[],[],[],[],[],D51,False,['35 to 39'],3.0
1000552546.0,2021-03-25 08:00:00,2300,2021,VICTORIA PARK AVE,SPARKS AVE,Major Arterial,Scarborough,43.808455,-79.338275,633656.2787,4851939.6666,At/Near Private Drive,No Control,Rain,"Dark, artificial",Wet,116,Steeles,116,Steeles (116),Fatal,1,0,1,0,0,0,0,0,0,0,0,0,0,Pedestrian Collisions,"['Pedestrian', 'Driver']",North,"['Automobile, Station Wagon']",['Going Ahead'],['Driving Properly'],['Normal'],['Pedestrian hit at mid-block'],"['Crossing, no Traffic Control']",['Inattentive'],[],[],[],D42,True,"['30 to 34', '45 to 49']",4.0
1000565882.0,2021-03-27 08:00:00,2235,2021,HUNTINGWOOD  DR,LEAFIELD  DR,Minor Arterial,Scarborough,43.780646,-79.323901,634874.9723,4848874.3555,Intersection Related,No Control,Clear,"Dark, artificial",Dry,147,L'Amoreaux West,117,L'Amoreaux (117),Non-Fatal Injury,0,1,1,0,0,0,0,0,0,0,0,0,0,Cyclist Collisions,"['Driver', 'Cyclist']",East,"['Automobile, Station Wagon', 'Bicycle']","['Turning Left', 'Going Ahead']",['Improper Turn'],['Inattentive'],[],[],[],['Motorist turned left across cyclists path.'],['Driving Properly'],['Normal'],D42,False,"['55 to 59', '15 to 19']",3.0
1000599778.0,2021-04-01 08:00:00,1902,2021,QUEENS QUAY E,SMALL ST,Minor Arterial,Toronto and East York,43.646342,-79.361942,632108.58,4833896.7023,Intersection Related,No Control,Clear,Daylight,Dry,166,St Lawrence-East Bayfront-The Islands,77,Waterfront Communities-The Island (77),Non-Fatal Injury,0,0,0,1,0,0,0,0,0,0,0,0,0,SMV Other,['Motorcycle Driver'],East,['Motorcycle'],['Going Ahead'],['Lost control'],['Unknown'],[],[],[],[],[],[],D51,False,['45 to 49'],3.0