accident_number,date,time,year,street1,street2,road_class,district,latitude,longitude,x,y,accident_location,traffctl,visibility,light,road_surface_condition,hood_158,neighbourhood_new,hood_140,neighbourhood_old,accident_class,pedestrian,cyclist,automobile,motorcycle,truck,trsn_city_veh,emerg_veh,passenger,speeding,aggressive_driving,redlight,alcohol,disability,impact_type,involvement_type,initial_direction,vehicle_type,manoeuver,driver_action,driver_condition,pedestrian_type,pedestrian_action,pedestrian_condition,cyclist_type,cyclist_action,cyclist_condition,division,injury,involvement_age,injury_severity_score
1001388501.0,2021-07-23 08:00:00,2110,2021,2472 KINGSTON RD,Not Applicable,Major Arterial,Scarborough,43.709796,-79.249019,641067.0939,4841130.1152,Non Intersection,Missing Control,Clear,"Dark, artificial",Dry,122,Birchcliffe-Cliffside,122,Birchcliffe-Cliffside (122),Fatal,1,0,1,0,0,0,0,0,1,1,0,0,0,Pedestrian Collisions,"['Pedestrian', 'Driver']",Unknown,"['Automobile, Station Wagon']",['Going Ahead'],['Exceeding Speed Limit'],['Normal'],['Pedestrian hit at mid-block'],"['Crossing, no Traffic Control']",['Inattentive'],[],[],[],D41,True,"['70 to 74', '20 to 24']",4.0
1001390189.0,2021-07-24 08:00:00,440,2021,670 BIRCHMOUNT RD,ANACONDA AVENUE,Unknown,Unknown,43.721084,-79.274189,639013.1535,4842341.2841,At/Near Private Drive,Traffic Signal,Clear,"Dark, artificial",Dry,120,Clairlea-Birchmount,120,Clairlea-Birchmount (120),Non-Fatal Injury,0,0,1,0,0,0,0,1,1,1,0,0,0,SMV Other,"['Driver', 'Passenger']",North,"['Automobile, Station Wagon']",['Going Ahead'],['Lost control'],['Fatigue'],[],[],[],[],[],[],D41,False,"['30 to 34', '10 to 14', '5 to 9']",3.0
1001392111.0,2021-07-24 08:00:00,1311,2021,ROYAL YORK  RD,BLOOR  ST W,Major Arterial,Etobicoke York,43.647292,-79.511325,620058.9097,4833775.2613,At Intersection,Traffic Signal,Rain,Daylight,Wet,16,Stonegate-Queensway,16,Stonegate-Queensway (16),Non-Fatal Injury,1,0,1,0,0,0,0,0,0,1,0,0,0,Pedestrian Collisions,"['Driver', 'Pedestrian']",South,['Pick Up Truck'],['Turning Right'],['Failed to Yield Right of Way'],['Normal'],['Vehicle turns right while ped crosses with ROW at inter.'],['Crossing with right of way'],['Normal'],[],[],[],D22,False,"['45 to 49', '55 to 59']",3.0
1001394967.0,2021-07-24 08:00:00,2137,2021,WILLIAM R ALLEN RD N,WILSON AVE,Expressway,North York,43.733981,-79.449664,624851.8008,4843494.3087,Intersection Related,No Control,Rain,"Dark, artificial",Wet,33,Clanton Park,33,Clanton Park (33),Non-Fatal Injury,0,0,1,0,0,0,0,1,0,1,0,0,0,Rear End,"['Driver', 'Passenger']",North,"['Automobile, Station Wagon']",['Going Ahead'],"['Failed to Yield Right of Way', 'Driving Properly']","['Inattentive', 'Normal']",[],[],[],[],[],[],D32,False,"['20 to 24', '30 to 34', '15 to 19', '35 to 39']",3.0
1001400939.0,2021-07-25 08:00:00,1922,2021,52 HOLLAND AVE,VICTORIA PARK AVE,Local,Toronto and East York,43.715724,-79.299365,636997.4322,4841704.0557,At/Near Private Drive,No Control,Clear,Daylight,Dry,54,O'Connor-Parkview,54,O'Connor-Parkview (54),Non-Fatal Injury,0,0,1,0,0,0,0,0,0,0,0,0,0,Angle,['Driver'],South,"['Automobile, Station Wagon']","['Reversing', 'Stopped']",['Other'],['Normal'],[],[],[],[],[],[],D55,False,"['45 to 49', '60 to 64']",3.0
1001402939.0,2021-07-26 08:00:00,400,2021,OAKWOOD AVE,ROGERS RD,Minor Arterial,Toronto and East York,43.68706,-79.438655,625836.5414,4838299.7196,At Intersection,Traffic Signal,Clear,"Dark, artificial",Dry,107,Oakwood Village,107,Oakwood Village (107),Non-Fatal Injury,0,0,1,0,0,0,0,1,0,1,0,0,0,Turning Movement,"['Driver', 'Passenger']",North,"['Automobile, Station Wagon']","['Making U Turn', 'Going Ahead']","['Improper Turn', 'Driving Properly']","['Unknown', 'Had Been Drinking']",[],[],[],[],[],[],D13,False,"['20 to 24', '25 to 29']",3.0
1001406643.0,2021-07-26 08:00:00,1532,2021,FRONT ST W,SPADINA AVE,Major Arterial,Toronto and East York,43.642672,-79.393901,629538.9627,4833438.723,At Intersection,Traffic Controller,Clear,Daylight,Dry,165,Harbourfront-CityPlace,77,Waterfront Communities-The Island (77),Non-Fatal Injury,1,0,1,0,0,0,0,0,0,0,0,0,0,SMV Other,"['Driver', 'Pedestrian']",South,"['Automobile, Station Wagon']",['Going Ahead'],['Driving Properly'],['Normal'],[],['Crossing without right of way'],['Had Been Drinking'],[],[],[],D14,False,"['65 to 69', '55 to 59']",3.0
1001428194.0,2021-07-29 08:00:00,1522,2021,751 KIPLING AVE,Not Applicable,Major Arterial,Etobicoke York,43.627307,-79.529269,618651.0733,4831529.8753,At/Near Private Drive,No Control,Clear,Daylight,Dry,159,Etobicoke City Centre,14,Islington-City Centre West (14),Fatal,0,0,1,1,0,0,0,0,1,1,0,0,0,Turning Movement,"['Motorcycle Driver', 'Driver']",North,"['Motorcycle', 'Automobile, Station Wagon']","['Going Ahead', 'Turning Left']","['Exceeding Speed Limit', 'Failed to Yield Right of Way']","['Unknown', 'Inattentive']",[],[],[],[],[],[],D22,True,"['35 to 39', '15 to 19']",4.0
1001438929.0,2021-07-31 08:00:00,36,2021,F G GARDINER XY E,LOWER JARVIS ST,Expressway,Toronto and East York,43.645636,-79.370395,631428.3819,4833804.8704,Non Intersection,No Control,Clear,"Dark, artificial",Dry,166,St Lawrence-East Bayfront-The Islands,77,Waterfront Communities-The Island (77),Non-Fatal Injury,0,0,1,1,0,0,0,1,1,1,0,0,0,Rear End,"['Motorcycle Driver', 'Driver', 'Passenger']",East,"['Motorcycle', 'Automobile, Station Wagon']",['Going Ahead'],"['Speed too Fast For Condition', 'Driving Properly']","['Inattentive', 'Normal']",[],[],[],[],[],[],D51,False,"['35 to 39', '50 to 54', '15 to 19']",3.0
1001445870.0,2021-08-01 08:00:00,54,2021,LAKE SHORE BLVD W,BATHURST ST,Major Arterial,Toronto and East York,43.636386,-79.399608,629092.1244,4832731.6901,At Intersection,Traffic Signal,Clear,"Dark, artificial",Dry,163,Fort York-Liberty Village,82,Niagara (82),Non-Fatal Injury,0,0,1,0,0,0,0,1,0,1,1,0,0,Angle,"['Driver', 'Passenger']",North,"['Automobile, Station Wagon']",['Going Ahead'],"['Other', 'Disobeyed Traffic Control']","['Normal', 'Other']",[],[],[],[],[],[],D14,False,"['30 to 34', '40 to 44']",3.0
1001452685.0,2021-08-02 08:00:00,530,2021,WESTON RD,ROGERS RD,Major Arterial ,Toronto and East York,43.681319,-79.476459,622801.4154,4837605.4355,At/Near Private Drive,No Control,Clear,"Dawn, artificial",Dry,111,Rockcliffe-Smythe,111,Rockcliffe-Smythe (111),Non-Fatal Injury,0,0,1,1,0,0,0,0,1,1,0,0,0,Turning Movement,"['Driver', 'Motorcycle Driver']",North,"['Automobile, Station Wagon', 'Motorcycle']","['Turning Left', 'Going Ahead']","['Improper Turn', 'Exceeding Speed Limit']",['Normal'],[],[],[],[],[],[],D12,False,"['70 to 74', '35 to 39']",3.0
1001461087.0,2021-08-03 08:00:00,1230,2021,PHARMACY AVE,DANFORTH AVE,Major Arterial,Scarborough,43.692256,-79.283344,638342.0182,4839124.204,At Intersection,Traffic Signal,Clear,Daylight,Dry,121,Oakridge,121,Oakridge (121),Non-Fatal Injury,1,0,1,0,0,0,0,0,0,0,0,0,0,Pedestrian Collisions,"['Driver', 'Pedestrian']",South,['Passenger Van'],['Turning Left'],['Driving Properly'],['Normal'],['Vehicle turns left while ped crosses without ROW at inter.'],['Crossing without right of way'],['Inattentive'],[],[],[],D41,False,"['60 to 64', '30 to 34']",3.0
1001466029.0,2021-08-04 08:00:00,619,2021,SUMACH ST,WASCANA AVE,Local,Toronto and East York,43.657763,-79.359294,632297.0624,4835169.3739,Non Intersection,No Control,Clear,"Daylight, artificial",Dry,72,Regent Park,72,Regent Park (72),Non-Fatal Injury,0,0,1,0,0,0,0,0,0,0,0,0,1,SMV Other,['Driver'],South,"['Automobile, Station Wagon']",['Going Ahead'],['Lost control'],['Medical or Physical Disability'],[],[],[],[],[],[],D51,False,['60 to 64'],3.0
1001469287.0,2021-08-04 08:00:00,1441,2021,ALLANFORD RD,SHEPPARD AVE E,Major Arterial,Scarborough,43.782046,-79.293422,637324.4253,4849079.9562,At Intersection,Traffic Signal,Clear,Daylight,Dry,118,Tam O'Shanter-Sullivan,118,Tam O'Shanter-Sullivan (118),Non-Fatal Injury,1,0,1,0,0,0,0,0,0,1,0,0,0,Pedestrian Collisions,"['Driver', 'Pedestrian']",North,"['Automobile, Station Wagon']",['Turning Left'],['Failed to Yield Right of Way'],['Inattentive'],['Vehicle turns left while ped crosses with ROW at inter.'],['Crossing with right of way'],['Normal'],[],[],[],D42,False,"['45 to 49', '25 to 29']",3.0
1001479611.0,2021-08-05 08:00:00,2302,2021,DUFFERIN ST,RANEE AVE,Major Arterial,North York,43.721545,-79.456371,624337.3953,4842103.0286,At Intersection,Traffic Signal,Clear,"Dark, artificial",Dry,31,Yorkdale-Glen Park,31,Yorkdale-Glen Park (31),Fatal,0,0,1,1,0,0,0,0,0,1,1,1,0,Turning Movement,"['Motorcycle Driver', 'Driver']",North,"['Motorcycle', 'Automobile, Station Wagon']","['Going Ahead', 'Turning Left']","['Disobeyed Traffic Control', 'Driving Properly']","['Unknown', 'Ability Impaired, Alcohol']",[],[],[],[],[],[],D32,True,"['15 to 19', '25 to 29']",4.0
1001488085.0,2021-08-07 08:00:00,253,2021,401 EB OFF RAMP,KINGSTON RD,Minor Arterial,Scarborough,43.798712,-79.145931,649151.3718,4851186.2346,At Intersection,Traffic Signal,Clear,Dark,Dry,133,Centennial Scarborough,133,Centennial Scarborough (133),Non-Fatal Injury,0,0,0,1,0,0,0,0,0,0,0,0,0,SMV Other,['Motorcycle Driver'],East,['Motorcycle'],['Going Ahead'],['Lost control'],['Normal'],[],[],[],[],[],[],D42,False,['40 to 44'],3.0
1001493213.0,2021-08-07 08:00:00,2150,2021,VEROBEACH BLVD,ST LUCIE DR,Local,North York,43.73746,-79.543926,617253.8359,4843742.9874,Non Intersection,No Control,Clear,Dark,Dry,22,Humbermede,22,Humbermede (22),Non-Fatal Injury,0,0,0,1,0,0,0,0,1,1,0,0,0,SMV Unattended Vehicle,['Motorcycle Driver'],East,['Motorcycle'],['Going Ahead'],['Exceeding Speed Limit'],['Unknown'],[],[],[],[],[],[],D31,False,['45 to 49'],3.0
1001493289.0,2021-08-07 08:00:00,2205,2021,ST CLAIR AV W,CALEDONIA RD,Major Arterial,Toronto and East York,43.675517,-79.453922,624629.9847,4836994.6611,Non Intersection,Traffic Signal,Clear,"Dark, artificial",Dry,92,Corso Italia-Davenport,92,Corso Italia-Davenport (92),Non-Fatal Injury,0,0,1,0,0,0,0,0,0,1,0,0,0,SMV Other,['Driver'],East,"['Automobile, Station Wagon']",['Going Ahead'],['Lost control'],['Inattentive'],[],[],[],[],[],[],D13,False,['40 to 44'],3.0
1001493415.0,2021-08-07 08:00:00,2236,2021,FRONT ST W,SPADINA  AVE,Major Arterial,Toronto and East York,43.642665,-79.393886,629540.1876,4833437.9689,At Intersection,Traffic Signal,Clear,Dark,Dry,165,Harbourfront-CityPlace,77,Waterfront Communities-The Island (77),Non-Fatal Injury,1,0,1,0,0,0,0,0,0,0,0,0,0,Pedestrian Collisions,"['Driver', 'Pedestrian']",North,['Passenger Van'],['Going Ahead'],['Driving Properly'],['Normal'],['Vehicle is going straight thru inter.while ped cross without ROW'],['Crossing without right of way'],['Had Been Drinking'],[],[],[],D52,False,"['35 to 39', '20 to 24']",3.0
1001512252.0,2021-08-10 08:00:00,1525,2021,ST CLAIR  AVE W,ST CLAIR GDNS,Major Arterial,Etobicoke York,43.677432,-79.445026,625343.1145,4837220.7524,Intersection Related,Traffic Signal,Clear,Daylight,Dry,92,Corso Italia-Davenport,92,Corso Italia-Davenport (92),Non-Fatal Injury,1,0,0,0,0,1,0,0,0,0,0,0,0,Pedestrian Collisions,"['Driver', 'Pedestrian']",East,['Street Car'],['Going Ahead'],['Driving Properly'],['Normal'],['Pedestrian involved in a collision with transit vehicle anywhere along roadway'],"['Crossing, no Traffic Control']",['Inattentive'],[],[],[],D13,False,"['45 to 49', '55 to 59']",3.0
1001517326.0,2021-08-11 08:00:00,920,2021,BROCK AVE,SEAFORTH AVE,Collector,Toronto and East York,43.64363,-79.433177,626369.1398,4833484.5695,At Intersection,No Control,Clear,Daylight,Dry,86,Roncesvalles,86,Roncesvalles (86),Non-Fatal Injury,1,0,1,0,0,0,0,0,0,0,0,0,0,Pedestrian Collisions,"['Driver', 'Pedestrian']",South,"['Automobile, Station Wagon']",['Turning Right'],['Improper Turn'],['Inattentive'],['Pedestrian hit on sidewalk or shoulder'],['On Sidewalk or Shoulder'],['Normal'],[],[],[],D11,False,"['40 to 44', '20 to 24']",3.0
1001530843.0,2021-08-13 08:00:00,200,2021,GARDIER XWY,DVP,Major Arterial,Toronto and East York,43.650992,-79.346561,633338.7742,4834437.7458,Non Intersection,No Control,Clear,"Dark, artificial",Dry,70,South Riverdale,70,South Riverdale (70),Non-Fatal Injury,0,0,0,1,0,0,0,0,0,0,0,0,0,SMV Other,['Motorcycle Driver'],East,['Motorcycle'],['Going Ahead'],['Lost control'],['Inattentive'],[],[],[],[],[],[],D55,False,['25 to 29'],3.0
1001537853.0,2021-08-13 08:00:00,2355,2021,800 BATHURST ST,Not Applicable,Major Arterial,Toronto and East York,43.665507,-79.411365,628081.8458,4835947.7396,Non Intersection,No Control,Clear,"Dark, artificial",Dry,95,Annex,95,Annex (95),Non-Fatal Injury,1,0,1,0,0,0,0,0,0,0,0,0,0,Pedestrian Collisions,"['Driver', 'Pedestrian']",East,"['Automobile, Station Wagon']",['Going Ahead'],['Driving Properly'],['Normal'],['Pedestrian hit at mid-block'],"['Crossing, no Traffic Control']",['Inattentive'],[],[],[],D14,False,"['50 to 54', '15 to 19']",3.0
1001538488.0,2021-08-14 08:00:00,243,2021,BLOOR ST W,EAGLE RD,Major Arterial,Etobicoke York,43.645354,-79.520053,619358.8447,4833547.4326,Non Intersection,No Control,Clear,"Dark, artificial",Dry,16,Stonegate-Queensway,16,Stonegate-Queensway (16),Fatal,0,0,1,0,0,0,0,1,1,1,0,0,0,Pedestrian Collisions,"['Passenger', 'Driver']",West,"['Automobile, Station Wagon']",['Going Ahead'],['Speed too Fast For Condition'],['Inattentive'],[],[],[],[],[],[],D22,True,['20 to 24'],4.0
1001545631.0,2021-08-15 08:00:00,550,2021,106 BEECH AVE,Not Applicable,Major Arterial,Toronto and East York,43.673556,-79.287952,638013.539,4837039.6303,At/Near Private Drive,No Control,Clear,"Dark, artificial",Dry,63,The Beaches,63,The Beaches (63),Non-Fatal Injury,0,1,1,0,0,0,0,0,0,0,0,0,0,Cyclist Collisions,"['Driver', 'Cyclist']",South,"['Automobile, Station Wagon', 'Bicycle']","['Reversing', 'Going Ahead']",['Other'],['Normal'],[],[],[],['Motorist reversing struck cyclist.'],['Wrong Way on One Way Road'],['Normal'],D55,False,"['25 to 29', '55 to 59']",3.0
1001547694.0,2021-08-15 08:00:00,1415,2021,DON VALLEY PARKWAY  N,BAYVIEW BLOOR DVP N RAMP,Expressway,Scarborough,43.690997,-79.359271,632225.906,4838860.4984,Non Intersection,No Control,Clear,Daylight,Dry,57,Broadview North,57,Broadview North (57),Fatal,0,0,0,1,1,0,0,1,1,1,0,0,0,Rear End,"['Motorcycle Driver', 'Truck Driver', 'Passenger']",North,"['Motorcycle', 'Truck - Dump']",['Going Ahead'],"['Speed too Fast For Condition', 'Driving Properly']","['Unknown', 'Normal']",[],[],[],[],[],[],D55,True,"['20 to 24', '30 to 34']",4.0
1001551843.0,2021-08-16 08:00:00,631,2021,ISLINGTON AVE,THOROLD GT,Local,Etobicoke York,43.762686,-79.573543,614820.5949,4846503.2135,Intersection Related,Stop Sign,Clear,Daylight,Dry,21,Humber Summit,21,Humber Summit (21),Non-Fatal Injury,0,0,1,1,0,0,0,0,0,1,0,0,0,Turning Movement,"['Driver', 'Motorcycle Driver']",East,"['Automobile, Station Wagon', 'Motorcycle']","['Turning Left', 'Going Ahead']","['Failed to Yield Right of Way', 'Driving Properly']","['Inattentive', 'Normal']",[],[],[],[],[],[],D31,False,"['45 to 49', '60 to 64']",3.0
1001562119.0,2021-08-17 08:00:00,1504,2021,EGLINTON  AVE W,MARTIN GROVE RD,Major Arterial,Etobicoke York,43.674407,-79.563129,615828.8286,4836713.0936,Intersection Related,Traffic Signal,Clear,Daylight,Dry,10,Princess-Rosethorn,10,Princess-Rosethorn (10),Non-Fatal Injury,1,0,1,0,0,0,0,0,0,0,0,0,0,Pedestrian Collisions,"['Driver', 'Pedestrian']",South,"['Automobile, Station Wagon']",['Turning Left'],['Lost control'],['Unknown'],['Pedestrian hit on sidewalk or shoulder'],['On Sidewalk or Shoulder'],['Normal'],[],[],[],D22,False,"['20 to 24', '70 to 74']",3.0
1001563711.0,2021-08-17 08:00:00,1900,2021,CHERRY ST,FRONT ST E,Collector,North York,43.652587,-79.357951,632416.7315,4834596.6527,At Intersection,Traffic Signal,Clear,Daylight,Dry,166,St Lawrence-East Bayfront-The Islands,77,Waterfront Communities-The Island (77),Non-Fatal Injury,1,0,1,0,0,0,0,0,0,1,0,0,0,Pedestrian Collisions,"['Driver', 'Pedestrian']",North,"['Automobile, Station Wagon']",['Turning Left'],['Failed to Yield Right of Way'],['Unknown'],['Vehicle turns left while ped crosses with ROW at inter.'],['Crossing with right of way'],['Normal'],[],[],[],D51,False,"['30 to 34', '25 to 29']",3.0
1001569148.0,2021-08-18 08:00:00,1442,2021,YONGE ST,FINCH AVE E,Major Arterial,North York,43.779765,-79.415546,627502.1421,4848631.2812,At Intersection,Traffic Signal,Clear,Daylight,Dry,151,Yonge-Doris,51,Willowdale East (51),Fatal,1,0,0,0,0,0,0,0,0,0,0,0,0,Pedestrian Collisions,['Pedestrian'],East,[],[],[],[],['Vehicle turns left while ped crosses with ROW at inter.'],['Crossing with right of way'],['Normal'],[],[],[],D32,True,"['80 to 84', '55 to 59']",4.0
1001570554.0,2021-08-18 08:00:00,1810,2021,AVENUE RD,BLOOR ST W,Major Arterial,North York,43.668646,-79.394099,629467.1625,4836323.1689,Non Intersection,No Control,Clear,Daylight,Dry,169,Bay-Cloverhill,76,Bay Street Corridor (76),Fatal,0,1,0,0,1,0,0,0,0,1,0,0,0,Cyclist Collisions,"['Cyclist', 'Truck Driver']",North,"['Bicycle', 'Truck - Tank']",['Going Ahead'],['Improper Passing'],['Inattentive'],[],[],[],['Cyclist and Driver travelling in same direction. One vehicle rear-ended the other.'],['Driving Properly'],['Unknown'],D52,True,"['15 to 19', '50 to 54']",4.0
1001572143.0,2021-08-18 08:00:00,2240,2021,KIPLING  AVE,DIXON RD,Major Arterial,Etobicoke York,43.694178,-79.558605,616155.3573,4838915.2529,At Intersection,Traffic Signal,Clear,"Dark, artificial",Dry,6,Kingsview Village-The Westway,6,Kingsview Village-The Westway (6),Non-Fatal Injury,1,0,1,0,0,0,0,0,0,0,0,0,0,Pedestrian Collisions,"['Driver', 'Pedestrian']",South,"['Automobile, Station Wagon']",['Going Ahead'],['Driving Properly'],['Normal'],['Vehicle is going straight thru inter.while ped cross without ROW'],['Running onto Roadway'],['Normal'],[],[],[],D23,False,['45 to 49'],3.0
1001585997.0,2021-08-20 08:00:00,2020,2021,NEILSON RD,OAKMEADOW BLVD,Minor Arterial,Scarborough,43.79032,-79.212337,643829.3797,4850136.6233,Non Intersection,No Control,Clear,Daylight,Dry,135,Morningside,135,Morningside (135),Fatal,1,0,1,0,0,0,0,0,0,0,0,0,0,Pedestrian Collisions,"['Pedestrian', 'Driver']",South,"['Automobile, Station Wagon']",['Going Ahead'],['Other'],['Normal'],['Pedestrian hit at mid-block'],['Other'],['Medical or Physical Disability'],[],[],[],D43,True,"['30 to 34', '50 to 54']",4.0
1001587761.0,2021-08-21 08:00:00,516,2021,MORNINGSIDE AVE,JOHN STONER DR,Collector,Scarborough,43.813929,-79.20515,644350.7539,4852771.3016,Non Intersection,No Control,Clear,"Dark, artificial",Dry,144,Morningside Heights,131,Rouge (131),Non-Fatal Injury,0,0,1,0,0,0,0,0,0,0,0,1,0,SMV Other,['Driver'],West,"['Automobile, Station Wagon']",['Pulling Onto Shoulder or towardCurb'],['Lost control'],"['Ability Impaired, Alcohol Over .08']",[],[],[],[],[],[],D42,False,['25 to 29'],3.0
1001592099.0,2021-08-21 08:00:00,1916,2021,NANTUCKET BLVD,WICKWARE,Collector,Scarborough,43.754401,-79.273189,639016.5781,4846043.3134,Non Intersection,No Control,Clear,Daylight,Dry,126,Dorset Park,126,Dorset Park (126),Non-Fatal Injury,0,0,0,1,0,0,0,0,1,1,0,0,0,SMV Other,['Motorcycle Driver'],North,['Motorcycle'],['Going Ahead'],['Speed too Fast For Condition'],"['Ability Impaired, Drugs']",[],[],[],[],[],[],D41,False,['25 to 29'],3.0
1001597350.0,2021-08-22 08:00:00,1533,2021,CALEDONIA RD,LOTHERTON PTWY,Minor Arterial,North York,43.705851,-79.465106,623666.0718,4840346.9219,At Intersection,No Control,Clear,Daylight,Dry,31,Yorkdale-Glen Park,31,Yorkdale-Glen Park (31),Fatal,0,0,1,1,0,0,0,0,1,1,0,0,0,Turning Movement,"['Motorcycle Driver', 'Driver']",North,"['Motorcycle', 'Automobile, Station Wagon']","['Going Ahead', 'Turning Left']","['Exceeding Speed Limit', 'Failed to Yield Right of Way']",['Inattentive'],[],[],[],[],[],[],D13,True,"['35 to 39', '60 to 64']",4.0
1001598412.0,2021-08-22 08:00:00,1828,2021,MARTIN GROVE RD,Near TOLLINGTON RD,Major Arterial,Etobicoke York,43.686652,-79.568607,615363.764,4838065.428,Non Intersection,No Control,Clear,Daylight,Dry,7,Willowridge-Martingrove-Richview,7,Willowridge-Martingrove-Richview (7),Non-Fatal Injury,0,0,1,0,0,0,0,1,0,0,0,0,0,Turning Movement,"['Driver', 'Passenger']",North,"['Automobile, Station Wagon']","['Making U Turn', 'Going Ahead']","['Improper Turn', 'Driving Properly']","['Inattentive', 'Normal']",[],[],[],[],[],[],D23,False,"['15 to 19', '30 to 34', '0 to 4']",3.0
1001600132.0,2021-08-23 08:00:00,2,2021,LAKE SHORE BV W,LOWER SIMCOE ST,Expressway,Toronto and East York,43.640597,-79.383136,630411.7061,4833225.1256,At Intersection,Traffic Signal,Clear,"Dark, artificial",Dry,165,Harbourfront-CityPlace,77,Waterfront Communities-The Island (77),Non-Fatal Injury,0,0,1,0,0,0,0,1,1,1,0,0,0,Turning Movement,"['Driver', 'Passenger']",West,"['Automobile, Station Wagon']","['Turning Right', 'Going Ahead']","['Improper Turn', 'Driving Properly']","['Inattentive', 'Normal']",[],[],[],[],[],[],D52,False,"['65 to 69', '20 to 24']",3.0
1001608912.0,2021-08-24 08:00:00,844,2021,5 FAIRVIEW MALL DR,Not Applicable,Minor Arterial,North York,43.779162,-79.34782,632953.4905,4848670.8431,Non Intersection,No Control,Clear,Daylight,Dry,47,Don Valley Village,47,Don Valley Village (47),Fatal,1,0,1,0,0,0,0,0,0,0,0,0,0,Pedestrian Collisions,"['Driver', 'Pedestrian']",North,"['Automobile, Station Wagon']",['Going Ahead'],['Lost control'],['Other'],['Pedestrian hit on sidewalk or shoulder'],['On Sidewalk or Shoulder'],['Normal'],[],[],[],D33,True,"['40 to 44', '85 to 89']",4.0
1001613123.0,2021-08-24 08:00:00,1850,2021,NIPIGON AV,DUMONT ST,Local,North York,43.797778,-79.416728,627368.7586,4850630.0846,Intersection Related,Stop Sign,Clear,Daylight,Dry,50,Newtonbrook East,50,Newtonbrook East (50),Non-Fatal Injury,0,0,1,0,0,0,0,0,0,1,0,0,0,SMV Other,['Driver'],North,['Passenger Van'],['Going Ahead'],['Lost control'],['Normal'],[],[],[],[],[],[],D32,False,['50 to 54'],3.0
1001616611.0,2021-08-25 08:00:00,935,2021,345 ADELAIDE ST W,Not Applicable,Major Arterial,Toronto and East York,43.647055,-79.393703,629545.5108,4833925.8211,At/Near Private Drive,No Control,Clear,Daylight,Dry,164,Wellington Place,77,Waterfront Communities-The Island (77),Non-Fatal Injury,0,1,1,0,0,0,0,0,0,0,0,0,0,Cyclist Collisions,"['Driver', 'Cyclist']",East,"['Delivery Van', 'Bicycle']","['Turning Right', 'Going Ahead']",['Improper Turn'],['Inattentive'],[],[],[],"['Motorist turns right at non-signal Inter.(stop, yield, no cont.,and dwy) and strikes cyclist.']",['Driving Properly'],['Normal'],D52,False,['25 to 29'],3.0
1001622645.0,2021-08-26 08:00:00,330,2021,HARBOUR ST,YORK ST,Major Arterial,Toronto and East York,43.640933,-79.380649,630611.5746,4833266.3535,At Intersection,Traffic Signal,Clear,"Dark, artificial",Dry,166,St Lawrence-East Bayfront-The Islands,77,Waterfront Communities-The Island (77),Fatal,1,0,1,0,0,0,0,0,1,1,0,0,0,Pedestrian Collisions,"['Pedestrian', 'Driver']",East,"['Automobile, Station Wagon']",['Going Ahead'],['Exceeding Speed Limit'],"['Ability Impaired, Drugs']",['Unknown'],['Other'],['Unknown'],[],[],[],D52,True,"['25 to 29', '45 to 49']",4.0
1001633249.0,2021-08-27 08:00:00,1400,2021,QUEENS QUAY WEST,BATHURST ST,Major Arterial,Toronto and East York,43.6356,-79.398326,629197.2196,4832646.3894,At Intersection,Traffic Signal,Clear,Daylight,Dry,163,Fort York-Liberty Village,82,Niagara (82),Fatal,1,0,1,0,0,0,0,0,0,1,0,0,0,Pedestrian Collisions,"['Pedestrian', 'Driver']",North,['Pick Up Truck'],['Turning Right'],['Failed to Yield Right of Way'],['Normal'],['Vehicle turns right while ped crosses with ROW at inter.'],['Crossing with right of way'],['Normal'],[],[],[],D14,True,"['85 to 89', '30 to 34']",4.0
1001637805.0,2021-08-28 08:00:00,300,2021,YORE RD,KEELE ST,Major Arterial,Etobicoke York,43.691775,-79.474246,622958.4257,4838769.9948,Intersection Related,No Control,Clear,"Dark, artificial",Dry,112,Beechborough-Greenbrook,112,Beechborough-Greenbrook (112),Non-Fatal Injury,0,0,0,1,0,0,0,1,1,1,0,0,0,SMV Other,"['Motorcycle Driver', 'Motorcycle Passenger']",West,['Motorcycle'],['Going Ahead'],['Exceeding Speed Limit'],['Unknown'],[],[],[],[],[],[],D12,False,"['15 to 19', 'unknown']",3.0
1001647780.0,2021-08-29 08:00:00,1500,2021,JANE ST,SHEPPARD AVE,Major Arterial,North York,43.739371,-79.513194,619724.8136,4843999.181,At Intersection,Traffic Signal,Clear,Daylight,Dry,25,Glenfield-Jane Heights,25,Glenfield-Jane Heights (25),Non-Fatal Injury,0,0,1,1,0,0,0,1,0,1,0,0,0,Turning Movement,"['Driver', 'Motorcycle Driver', 'Passenger']",South,"['Automobile, Station Wagon', 'Motorcycle']","['Turning Left', 'Going Ahead']","['Failed to Yield Right of Way', 'Driving Properly']","['Inattentive', 'Normal']",[],[],[],[],[],[],D31,False,"['55 to 59', '25 to 29', '50 to 54']",3.0
1001657810.0,2021-08-30 08:00:00,2205,2021,BLOOR ST W,DORVAL RD,Major Arterial,Toronto and East York,43.655696,-79.454929,624589.8069,4834791.7648,Non Intersection,No Control,Clear,"Dusk, artificial",Dry,87,High Park-Swansea,87,High Park-Swansea (87),Fatal,0,0,1,1,0,0,0,0,0,1,0,0,0,Sideswipe,"['Motorcycle Driver', 'Driver']",West,"['Motorcycle', 'Automobile, Station Wagon']","['Going Ahead', 'Pulling Away from Shoulder or Curb']","['Driving Properly', 'Failed to Yield Right of Way']",['Unknown'],[],[],[],[],[],[],D11,True,"['30 to 34', '55 to 59']",4.0