accident_number,date,time,year,street1,street2,road_class,district,latitude,longitude,x,y,accident_location,traffctl,visibility,light,road_surface_condition,hood_158,neighbourhood_new,hood_140,neighbourhood_old,accident_class,pedestrian,cyclist,automobile,motorcycle,truck,trsn_city_veh,emerg_veh,passenger,speeding,aggressive_driving,redlight,alcohol,disability,impact_type,involvement_type,initial_direction,vehicle_type,manoeuver,driver_action,driver_condition,pedestrian_type,pedestrian_action,pedestrian_condition,cyclist_type,cyclist_action,cyclist_condition,division,injury,involvement_age,injury_severity_score
1001660115.0,2021-08-31 08:00:00,910,2021,VICTORIA PARK AV,MUSGRAVE ST,Major Arterial,North York,43.687888,-79.286968,638059.9855,4838633.0361,At Intersection,Traffic Signal,Clear,Daylight,Dry,122,Birchcliffe-Cliffside,122,Birchcliffe-Cliffside (122),Non-Fatal Injury,1,0,1,0,0,0,0,0,0,1,0,0,0,SMV Other,"['Driver', 'Pedestrian']",North,"['Automobile, Station Wagon']","['Turning Right', 'Slowing or Stopping']",['Failed to Yield Right of Way'],['Inattentive'],[],['Crossing with right of way'],['Normal'],[],[],[],D41,False,"['80 to 84', '65 to 69']",3.0
1001660333.0,2021-08-31 08:00:00,948,2021,GRAND AVE,MANITOBA ST,Expressway,Etobicoke York,43.624331,-79.494861,621432.9514,4831249.103,Non Intersection,No Control,Clear,Daylight,Dry,160,Mimico-Queensway,17,Mimico (includes Humber Bay Shores) (17),Non-Fatal Injury,0,0,1,1,1,0,0,0,0,0,0,0,0,Sideswipe,"['Truck Driver', 'Driver', 'Motorcycle Driver']",West,"['Truck-Tractor', 'Pick Up Truck', 'Motorcycle']","['Going Ahead', 'Changing Lanes']","['Driving Properly', 'Improper Lane Change']","['Inattentive', 'Normal']",[],[],[],[],[],[],D22,False,"['unknown', '65 to 69', '25 to 29']",3.0
1001662122.0,2021-08-31 08:00:00,1345,2021,FERN AVE,WESTON RD,Minor Arterial,North York,43.702304,-79.523746,618948.4362,4839867.1764,At Intersection,Traffic Signal,Clear,Daylight,Dry,113,Weston,113,Weston (113),Non-Fatal Injury,1,0,1,0,0,0,0,0,0,1,0,0,0,Pedestrian Collisions,"['Driver', 'Pedestrian']",North,['Pick Up Truck'],['Turning Left'],['Failed to Yield Right of Way'],['Normal'],['Vehicle turns left while ped crosses with ROW at inter.'],['Crossing with right of way'],['Normal'],[],[],[],D12,False,"['60 to 64', '75 to 79']",3.0
1001663013.0,2021-08-31 08:00:00,1553,2021,723 PAPE AVE,Not Applicable,Major Arterial,Toronto and East York,43.679221,-79.344951,633406.0649,4837575.545,Non Intersection,No Control,Clear,Daylight,Dry,66,Danforth,66,Danforth (66),Non-Fatal Injury,0,1,1,0,0,0,0,0,0,1,0,0,0,Cyclist Collisions,"['Driver', 'Cyclist']",North,"['Automobile, Station Wagon', 'Bicycle']","['Other', 'Going Ahead']",['Failed to Yield Right of Way'],['Normal'],[],[],[],['Cyclist struck opened vehicle door'],['Driving Properly'],['Normal'],D55,False,"['30 to 34', '40 to 44']",3.0
1001676258.0,2021-09-02 08:00:00,1117,2021,LAKE SHORE BLVD E,LESLIE ST,Major Arterial,Toronto and East York,43.659159,-79.328403,634784.8389,4835374.1376,At Intersection,Traffic Signal,Clear,Daylight,Dry,70,South Riverdale,70,South Riverdale (70),Non-Fatal Injury,0,1,1,0,0,0,0,0,0,1,0,0,0,Cyclist Collisions,"['Driver', 'Cyclist']",North,"['Automobile, Station Wagon', 'Bicycle']","['Turning Left', 'Going Ahead']",['Failed to Yield Right of Way'],['Inattentive'],[],[],[],['Motorist turned left across cyclists path.'],['Driving Properly'],['Normal'],D55,False,"['75 to 79', '50 to 54']",3.0
1001685952.0,2021-09-03 08:00:00,1735,2021,COLLEGE ST,UNIVERSITY AVE,Major Arterial,Toronto and East York,43.659785,-79.390453,629780.1975,4835344.7333,At Intersection,Traffic Signal,Clear,Daylight,Dry,170,Yonge-Bay Corridor,76,Bay Street Corridor (76),Fatal,0,0,0,1,0,0,1,0,0,1,1,0,0,Turning Movement,"['Motorcycle Driver', 'Driver']",East,"['Motorcycle', 'Police Vehicle']","['Going Ahead', 'Turning Left']","['Disobeyed Traffic Control', 'Improper Turn']",['Inattentive'],[],[],[],[],[],[],D52,True,"['20 to 24', '30 to 34']",4.0
1001691363.0,2021-09-04 08:00:00,1400,2021,LAWRENCE AVE E,BRIMLEY RD,Major Arterial,Scarborough,43.753459,-79.255496,640443.1698,4845968.5395,Intersection Related,Traffic Signal,Clear,Daylight,Dry,157,Bendale South,127,Bendale (127),Non-Fatal Injury,0,0,1,0,0,0,0,0,0,1,1,0,0,Turning Movement,['Driver'],North,"['Automobile, Station Wagon']","['Going Ahead', 'Turning Left']","['Disobeyed Traffic Control', 'Driving Properly']","['Unknown', 'Normal']",[],[],[],[],[],[],D41,False,"['35 to 39', '25 to 29']",3.0
1001708062.0,2021-09-07 08:00:00,630,2021,HORNER AV,ALDERCREST RD,Minor Arterial,Etobicoke York,43.602839,-79.539798,617849.4239,4828797.4151,Non Intersection,No Control,Clear,"Dark, artificial",Dry,20,Alderwood,20,Alderwood (20),Non-Fatal Injury,0,0,1,0,1,0,0,1,0,0,0,0,0,Rear End,"['Driver', 'Truck Driver', 'Passenger']",West,"['Automobile, Station Wagon', 'Truck-Tractor']","['Stopped', 'Going Ahead']","['Lost control', 'Driving Properly']","['Inattentive', 'Normal']",[],[],[],[],[],[],D22,False,"['20 to 24', '70 to 74', '25 to 29']",3.0
1001719723.0,2021-09-01 08:00:00,1124,2021,COXWELL AVE,GERRARD ST E,Minor Arterial,Toronto and East York,43.67525,-79.320316,635400.7355,4837174.431,At Intersection,Traffic Signal,Clear,Daylight,Dry,65,Greenwood-Coxwell,65,Greenwood-Coxwell (65),Fatal,0,0,0,0,0,1,0,1,0,0,0,0,0,Other,"['Passenger', 'Driver']",North,['Municipal Transit Bus (TTC)'],['Going Ahead'],['Driving Properly'],['Normal'],[],[],[],[],[],[],D55,True,"['85 to 89', '60 to 64']",4.0
1001735558.0,2021-09-10 08:00:00,1926,2021,GERRARD ST E,YONGE  ST,Minor Arterial,Toronto and East York,43.659201,-79.381183,630528.9249,4835294.4142,Non Intersection,No Control,Clear,"Dark, artificial",Dry,168,Downtown Yonge East,75,Church-Yonge Corridor (75),Non-Fatal Injury,0,1,1,0,0,0,0,1,0,1,0,0,0,Cyclist Collisions,"['Driver', 'Cyclist', 'Passenger']",West,"['Delivery Van', 'Bicycle']","['Pulling Onto Shoulder or towardCurb', 'Going Ahead']",['Failed to Yield Right of Way'],['Normal'],[],[],[],['Cyclist and Driver travelling in same direction. One vehicle sideswipes the other.'],['Driving Properly'],['Normal'],D51,False,"['25 to 29', '30 to 34', '20 to 24']",3.0
1001747721.0,2021-09-12 08:00:00,1500,2021,BLOOR ST W,CHARLESTON RD,Major Arterial,Etobicoke York,43.63935,-79.546191,617262.458,4832843.355,Intersection Related,Stop Sign,Clear,Daylight,Dry,158,Islington,14,Islington-City Centre West (14),Non-Fatal Injury,0,0,1,0,0,0,0,1,0,1,0,0,0,Turning Movement,"['Driver', 'Passenger']",West,"['Automobile, Station Wagon']","['Turning Right', 'Going Ahead']","['Disobeyed Traffic Control', 'Driving Properly']","['Inattentive', 'Normal']",[],[],[],[],[],[],D22,False,"['90 to 94', '45 to 49', '15 to 19', '10 to 14']",3.0
1001761.0,2007-11-09 10:00:00,1810,2007,JANE ST,FIRGROVE CRES,Major Arterial,Etobicoke York,43.754845,-79.51709,619380.3223,4845712.171,At Intersection,Traffic Signal,Rain,Dark,Wet,25,Glenfield-Jane Heights,25,Glenfield-Jane Heights (25),Fatal,1,0,1,0,0,0,0,0,0,1,0,0,0,Pedestrian Collisions,"['Driver', 'Pedestrian']",East,"['Automobile, Station Wagon', 'Other']",['Turning Left'],['Failed to Yield Right of Way'],['Inattentive'],['Vehicle turns left while ped crosses with ROW at inter.'],['Crossing with right of way'],['Unknown'],[],[],[],D31,True,"['35 to 39', '80 to 84']",4.0
1001762.0,2007-11-09 10:00:00,1853,2007,SANDHURST CRCL,FINCH AVE E,Collector,Scarborough,43.809245,-79.27119,639050.2999,4852137.9606,Unknown,Pedestrian Crossover,Rain,Dark,Wet,129,Agincourt North,129,Agincourt North (129),Non-Fatal Injury,1,0,1,0,0,0,0,1,0,1,0,0,0,Pedestrian Collisions,"['Driver', 'Passenger', 'Vehicle Owner', 'Pedestrian']",West,"['Automobile, Station Wagon', 'Other']",['Going Ahead'],['Failed to Yield Right of Way'],['Normal'],['Pedestrian hit a PXO/ped. Mid-block signal'],"['Crossing, Pedestrian Crossover']",['Normal'],[],[],[],D42,False,"['20 to 24', '30 to 34', 'unknown', '15 to 19', '40 to 44']",3.0
1001791905.0,2021-09-18 08:00:00,1355,2021,LAWRENCE AVE  W,WESTON RD,Major Arterial,Etobicoke York,43.700087,-79.516155,619564.4888,4839631.8669,At Intersection,Traffic Signal,Clear,Daylight,Dry,113,Weston,113,Weston (113),Fatal,0,0,1,1,0,0,0,0,1,1,0,0,0,Turning Movement,"['Driver', 'Motorcycle Driver']",North,"['Delivery Van', 'Motorcycle']","['Turning Left', 'Going Ahead']","['Improper Turn', 'Exceeding Speed Limit']","['Normal', 'Unknown']",[],[],[],[],[],[],D12,True,"['60 to 64', '45 to 49']",4.0
1001794472.0,2021-09-18 08:00:00,2100,2021,SHEPPARD AVE E,NEILSON RD,Major Arterial,Scarborough,43.798037,-79.217922,643361.5685,4850984.0302,Intersection Related,Traffic Signal,Clear,"Dark, artificial",Dry,146,Malvern East,132,Malvern (132),Non-Fatal Injury,0,0,1,1,0,0,0,0,0,1,0,0,0,Turning Movement,"['Driver', 'Motorcycle Driver', 'Other']",South,"['Automobile, Station Wagon', 'Motorcycle']","['Turning Left', 'Going Ahead']","['Failed to Yield Right of Way', 'Driving Properly']","['Inattentive', 'Normal']",[],[],[],[],[],[],D42,False,"['25 to 29', '35 to 39']",3.0
1001795260.0,2021-09-18 08:00:00,2349,2021,MANITOBA  DR,CANADA  BLVD,Local,Toronto and East York,43.636153,-79.410335,628227.341,4832689.1855,Non Intersection,No Control,Clear,"Dark, artificial",Dry,163,Fort York-Liberty Village,82,Niagara (82),Non-Fatal Injury,1,0,1,0,0,0,0,0,0,0,0,0,0,Pedestrian Collisions,"['Driver', 'Pedestrian']",South,"['Automobile, Station Wagon']",['Going Ahead'],['Driving Properly'],['Normal'],['Pedestrian hit at mid-block'],"['Crossing, no Traffic Control']",['Inattentive'],[],[],[],D14,False,"['55 to 59', '25 to 29']",3.0
1001804125.0,2021-09-20 08:00:00,1033,2021,VICTORIA PARK AVE,SHEPPARD AVE E,Major Arterial,North York,43.775172,-79.322978,634961.5619,4848267.8868,At Intersection,Traffic Signal,Clear,Daylight,Dry,118,Tam O'Shanter-Sullivan,118,Tam O'Shanter-Sullivan (118),Fatal,1,0,1,0,0,0,0,0,1,1,0,0,0,Pedestrian Collisions,"['Driver', 'Pedestrian']",East,"['Automobile, Station Wagon']","['Turning Left', 'Going Ahead']","['Driving Properly', 'Speed too Fast For Condition']",['Normal'],['Pedestrian hit on sidewalk or shoulder'],['On Sidewalk or Shoulder'],['Normal'],[],[],[],D42,True,"['35 to 39', '55 to 59', '70 to 74']",4.0
1001822979.0,2021-09-22 08:00:00,2006,2021,DAVENPORT  RD,BELMONT ST,Major Arterial,Toronto and East York,43.674636,-79.392879,629552.6305,4836990.3438,At Intersection,Traffic Signal,Rain,"Dark, artificial",Wet,95,Annex,95,Annex (95),Non-Fatal Injury,1,0,1,0,0,0,0,0,0,1,0,0,0,Pedestrian Collisions,"['Driver', 'Pedestrian']",North,"['Automobile, Station Wagon']",['Turning Left'],['Failed to Yield Right of Way'],['Inattentive'],['Vehicle turns left while ped crosses with ROW at inter.'],['Crossing with right of way'],['Normal'],[],[],[],D53,False,"['75 to 79', '20 to 24']",3.0
1001834169.0,2021-09-24 08:00:00,1129,2021,DUNDAS ST W,PRINCE EDWARD DR N,Major Arterial,Etobicoke York,43.660559,-79.510417,620105.6892,4835250.0461,At Intersection,Traffic Signal,Clear,Daylight,Dry,15,Kingsway South,15,Kingsway South (15),Non-Fatal Injury,1,0,1,0,0,0,0,0,0,0,0,0,0,Pedestrian Collisions,"['Driver', 'Pedestrian']",North,"['Automobile, Station Wagon']",['Going Ahead'],['Driving Properly'],['Normal'],['Vehicle is going straight thru inter.while ped cross without ROW'],['Running onto Roadway'],['Inattentive'],[],[],[],D22,False,"['40 to 44', '10 to 14']",3.0
1001851492.0,2021-09-26 08:00:00,2245,2021,KINGSTON RD,HAREWOOD AVE,Major Arterial,Scarborough,43.722644,-79.235164,642152.9452,4842580.747,Intersection Related,No Control,Clear,"Dark, artificial",Dry,123,Cliffcrest,123,Cliffcrest (123),Non-Fatal Injury,1,0,1,0,0,0,0,0,0,0,0,0,0,Pedestrian Collisions,"['Driver', 'Pedestrian']",North,"['Automobile, Station Wagon']",['Going Ahead'],['Driving Properly'],['Normal'],['Vehicle turns left while ped crosses without ROW at inter.'],['Crossing without right of way'],['Had Been Drinking'],[],[],[],D43,False,"['40 to 44', '35 to 39']",3.0
1001867215.0,2021-09-29 08:00:00,306,2021,LAWRENCE AVE E,ORTON PARK RD,Major Arterial,Scarborough,43.763976,-79.205592,644435.4853,4847222.4482,Intersection Related,Traffic Signal,Clear,Dark,Dry,141,Golfdale-Cedarbrae-Woburn,137,Woburn (137),Non-Fatal Injury,1,0,1,0,0,0,0,0,0,1,0,0,0,Pedestrian Collisions,"['Driver', 'Pedestrian']",North,"['Automobile, Station Wagon']",['Going Ahead'],['Driving Properly'],['Normal'],['Pedestrian hit at mid-block'],['Other'],"['Ability Impaired, Alcohol']",[],[],[],D43,False,"['30 to 34', '50 to 54']",3.0
1001872479.0,2021-09-29 08:00:00,1814,2021,FINCH AVE W,YONGE ST,Major Arterial,North York,43.779452,-79.416644,627414.4493,4848594.8273,Non Intersection,No Control,Clear,Daylight,Dry,37,Willowdale West,37,Willowdale West (37),Non-Fatal Injury,1,0,1,0,0,0,0,0,0,1,0,0,0,Pedestrian Collisions,"['Driver', 'Pedestrian']",South,"['Automobile, Station Wagon']",['Going Ahead'],['Failed to Yield Right of Way'],['Inattentive'],['Pedestrian hit at mid-block'],"['Crossing, no Traffic Control']",['Inattentive'],[],[],[],D32,False,"['30 to 34', '80 to 84', '65 to 69']",3.0
1001877.0,2007-11-10 10:00:00,1050,2007,BLOOR ST W,DURIE ST,Major Arterial,Toronto and East York,43.650745,-79.47819,622724.1779,4834207.2293,At Intersection,No Control,Clear,Daylight,Dry,89,Runnymede-Bloor West Village,89,Runnymede-Bloor West Village (89),Non-Fatal Injury,1,0,1,0,0,0,0,0,0,0,0,0,0,Pedestrian Collisions,"['Driver', 'Pedestrian']",East,"['Automobile, Station Wagon', 'Other']",['Going Ahead'],['Driving Properly'],['Normal'],['Pedestrian hit on sidewalk or shoulder'],['On Sidewalk or Shoulder'],['Normal'],[],[],[],D11,False,"['40 to 44', '70 to 74']",3.0
1001881235.0,2021-09-30 08:00:00,2144,2021,AVENUE RD,EGLINTON AVE W,Major Arterial,North York,43.704535,-79.408565,628224.4162,4840286.6591,At Intersection,Traffic Controller,Clear,"Daylight, artificial",Dry,100,Yonge-Eglinton,100,Yonge-Eglinton (100),Non-Fatal Injury,0,0,1,1,0,0,0,1,0,0,0,0,0,Turning Movement,"['Driver', 'Motorcycle Driver', 'Passenger']",South,"['Automobile, Station Wagon', 'Motorcycle']","['Turning Left', 'Going Ahead']","['Improper Turn', 'Driving Properly']",['Normal'],[],[],[],[],[],[],D53,False,"['20 to 24', '55 to 59']",3.0
1001888393.0,2021-10-01 08:00:00,2039,2021,EGLINTON AVE E,MIDLAND AVE,Major Arterial,Scarborough,43.734458,-79.258067,640280.5624,4843853.8348,At Intersection,Traffic Signal,Clear,Dark,Dry,124,Kennedy Park,124,Kennedy Park (124),Fatal,1,0,1,0,0,0,0,1,0,1,0,0,0,Pedestrian Collisions,"['Pedestrian', 'Driver', 'Passenger']",North,"['Automobile, Station Wagon']",['Turning Left'],['Failed to Yield Right of Way'],['Had Been Drinking'],['Vehicle turns left while ped crosses with ROW at inter.'],['Crossing with right of way'],['Normal'],[],[],[],D41,True,"['45 to 49', '25 to 29', '20 to 24']",4.0
1001896382.0,2021-10-03 08:00:00,132,2021,F G GARDINER XY  E,ISLINGTON AVE,Expressway,Etobicoke York,43.621237,-79.5078,620395.2136,4830886.6333,Non Intersection,No Control,Clear,Dark,Dry,160,Mimico-Queensway,17,Mimico (includes Humber Bay Shores) (17),Fatal,0,0,1,0,0,0,0,1,1,1,0,0,0,Rear End,"['Passenger', 'Driver']",East,"['Automobile, Station Wagon']",['Going Ahead'],"['Driving Properly', 'Exceeding Speed Limit']","['Normal', 'Unknown']",[],[],[],[],[],[],D22,True,"['55 to 59', '60 to 64', '30 to 34']",4.0
1001897187.0,2021-10-03 08:00:00,609,2021,477 DUNDAS ST W,Not Applicable,Major Arterial,Toronto and East York,43.653033,-79.39722,629249.0437,4834584.2721,Non Intersection,No Control,Rain,"Dark, artificial",Wet,78,Kensington-Chinatown,78,Kensington-Chinatown (78),Non-Fatal Injury,1,0,1,0,0,0,0,0,0,0,0,0,0,Pedestrian Collisions,"['Driver', 'Pedestrian']",South,"['Automobile, Station Wagon']",['Going Ahead'],['Driving Properly'],['Normal'],['Pedestrian hit at mid-block'],"['Crossing, no Traffic Control']",['Inattentive'],[],[],[],D52,False,['70 to 74'],3.0
1001904901.0,2021-10-04 08:00:00,1150,2021,BAYVIEW AVE,CUMMER  AVE,Major Arterial,North York,43.792227,-79.393558,629244.6881,4850049.4783,At Intersection,Traffic Signal,Clear,Daylight,Wet,49,Bayview Woods-Steeles,49,Bayview Woods-Steeles (49),Non-Fatal Injury,1,0,1,0,0,0,0,0,0,0,0,0,0,Pedestrian Collisions,"['Driver', 'Pedestrian']",North,"['Automobile, Station Wagon']",['Going Ahead'],['Driving Properly'],['Normal'],['Vehicle is going straight thru inter.while ped cross without ROW'],['Crossing without right of way'],['Normal'],[],[],[],D33,False,"['70 to 74', '75 to 79']",3.0
1001912719.0,2021-10-05 08:00:00,1230,2021,755 OAKDALE ROAD (WESTVIEW CENTENN,OAKDALE ROAD,Minor Arterial,North York,43.752391,-79.526531,618625.1259,4845426.0546,At Intersection,Traffic Signal,Clear,"Daylight, artificial",Dry,25,Glenfield-Jane Heights,25,Glenfield-Jane Heights (25),Non-Fatal Injury,0,0,1,0,0,0,0,0,0,1,0,0,0,Turning Movement,['Driver'],East,"['Automobile, Station Wagon']","['Turning Left', 'Going Ahead']","['Failed to Yield Right of Way', 'Driving Properly']","['Inattentive', 'Normal']",[],[],[],[],[],[],D31,False,"['15 to 19', '70 to 74']",3.0
1001924845.0,2021-10-07 08:00:00,637,2021,DISCO RD,120,Collector,Etobicoke York,43.699618,-79.601978,612649.9171,4839459.5965,At/Near Private Drive,No Control,Clear,Daylight,Dry,1,West Humber-Clairville,1,West Humber-Clairville (1),Non-Fatal Injury,0,0,1,1,0,0,0,0,0,1,0,0,0,Turning Movement,"['Driver', 'Motorcycle Driver']",East,"['Delivery Van', 'Motorcycle']","['Turning Left', 'Going Ahead']","['Failed to Yield Right of Way', 'Driving Properly']","['Inattentive', 'Normal']",[],[],[],[],[],[],D23,False,"['35 to 39', '25 to 29']",3.0
1001924954.0,2021-10-07 08:00:00,702,2021,LAKE SHORE BV E,DON RY,Expressway,Toronto and East York,43.650729,-79.347492,633264.2762,4834407.0406,Non Intersection,No Control,Clear,Daylight,Dry,166,St Lawrence-East Bayfront-The Islands,77,Waterfront Communities-The Island (77),Non-Fatal Injury,0,0,1,0,0,0,0,0,1,1,0,0,0,SMV Other,['Driver'],East,"['Automobile, Station Wagon']",['Pulling Onto Shoulder or towardCurb'],['Lost control'],['Unknown'],[],[],[],[],[],[],D51,False,['45 to 49'],3.0
1001936756.0,2021-10-08 08:00:00,1912,2021,WELLINGTON ST W,UNIVERSITY  AVE,Major Arterial,Toronto and East York,43.646311,-79.384059,630324.9025,4833858.2897,At Intersection,Traffic Signal,Clear,Daylight,Dry,170,Yonge-Bay Corridor,76,Bay Street Corridor (76),Non-Fatal Injury,1,0,1,0,0,0,0,0,0,0,0,0,0,Pedestrian Collisions,"['Driver', 'Pedestrian']",East,"['Automobile, Station Wagon']",['Turning Left'],['Improper Turn'],['Inattentive'],['Vehicle turns left while ped crosses with ROW at inter.'],['Crossing with right of way'],['Normal'],[],[],[],D52,False,"['unknown', '35 to 39']",3.0
1001953329.0,2021-10-11 08:00:00,1358,2021,VALLEY WOODS RD,YORK MILLS RD,Collector,Toronto and East York,43.757868,-79.333652,634141.2166,4846328.6682,Non Intersection,No Control,Clear,Daylight,Dry,150,Fenside-Parkwoods,45,Parkwoods-Donalda (45),Non-Fatal Injury,0,0,0,1,0,0,0,0,1,1,0,0,0,SMV Other,['Motorcycle Driver'],South,['Motorcycle'],['Going Ahead'],['Exceeding Speed Limit'],['Normal'],[],[],[],[],[],[],D33,False,['35 to 39'],3.0
1001955597.0,2021-10-11 08:00:00,2102,2021,Bayview Avenue,Rosedale Valley Road,Unknown,Unknown,43.662887,-79.356792,632487.5406,4835742.455,Non Intersection,No Control,Clear,Dark,Dry,72,Regent Park,72,Regent Park (72),Non-Fatal Injury,0,0,1,1,0,0,0,0,0,1,0,0,0,Approaching,"['Motorcycle Driver', 'Driver']",North,"['Motorcycle', 'Automobile, Station Wagon']",['Going Ahead'],['Other'],['Normal'],[],[],[],[],[],[],D51,False,"['55 to 59', '25 to 29']",3.0
1001960285.0,2021-10-12 08:00:00,1356,2021,LAWRENCE  AVE W,DUPLEX AVE,Major Arterial,North York,43.723941,-79.407329,628282.5901,4842443.8833,Non Intersection,No Control,Clear,Daylight,Dry,103,Lawrence Park South,103,Lawrence Park South (103),Non-Fatal Injury,1,0,0,0,0,1,0,0,0,0,0,0,0,Pedestrian Collisions,"['Driver', 'Pedestrian']",East,"['Bus (Other) (Go Bus, Gray Coa']",['Going Ahead'],['Driving Properly'],['Normal'],['Pedestrian hit on sidewalk or shoulder'],['On Sidewalk or Shoulder'],['Medical or Physical Disability'],[],[],[],D53,False,"['40 to 44', '85 to 89']",3.0
1001961568.0,2021-10-12 08:00:00,1639,2021,PARKSIDE DR,SPRING RD,Major Arterial,Scarborough,43.640914,-79.454616,624645.6178,4833150.5032,Intersection Related,Traffic Signal,Clear,Daylight,Dry,87,High Park-Swansea,87,High Park-Swansea (87),Fatal,0,0,1,0,0,0,0,1,1,1,0,0,0,Rear End,"['Passenger', 'Driver']",South,"['Automobile, Station Wagon']","['Slowing or Stopping', 'Going Ahead']","['Driving Properly', 'Exceeding Speed Limit']","['Normal', 'Unknown']",[],[],[],[],[],[],D11,True,"['70 to 74', '65 to 69', '50 to 54', '35 to 39', '55 to 59']",4.0
1001963083.0,2021-10-12 08:00:00,2035,2021,40 FARNSWORTH DR,FARNSWORTH DR,Local,North York,43.711093,-79.514713,619658.7829,4840856.3154,Non Intersection,No Control,Clear,"Dark, artificial",Dry,23,Pelmo Park-Humberlea,23,Pelmo Park-Humberlea (23),Non-Fatal Injury,0,0,0,0,0,0,0,0,0,0,0,0,0,SMV Other,['Driver'],West,['Off Road - 4 Wheels'],['Turning Right'],['Lost control'],['Normal'],[],[],[],[],[],[],D12,False,['40 to 44'],3.0
1001968469.0,2021-10-13 08:00:00,1520,2021,KINGSTON RD,#4351,Major Arterial,Scarborough,43.764983,-79.192058,645522.4359,4847357.9871,At/Near Private Drive,No Control,Clear,Daylight,Dry,136,West Hill,136,West Hill (136),Non-Fatal Injury,0,0,1,1,0,0,0,0,0,1,0,0,0,Turning Movement,"['Driver', 'Motorcycle Driver']",East,"['Automobile, Station Wagon', 'Motorcycle']","['Turning Left', 'Going Ahead']","['Failed to Yield Right of Way', 'Driving Properly']","['Inattentive', 'Normal']",[],[],[],[],[],[],D43,False,"['65 to 69', '45 to 49']",3.0
1001970214.0,2021-10-13 08:00:00,1927,2021,DON MILLS RD,THE DONWAY  W,Minor Arterial,North York,43.73189,-79.342868,633457.0361,4843428.5383,Non Intersection,No Control,Clear,"Dark, artificial",Dry,42,Banbury-Don Mills,42,Banbury-Don Mills (42),Fatal,1,0,1,0,0,0,0,1,0,0,0,0,0,Pedestrian Collisions,"['Pedestrian', 'Driver', 'Passenger']",South,"['Automobile, Station Wagon']",['Going Ahead'],['Driving Properly'],['Normal'],['Pedestrian hit at mid-block'],"['Crossing, no Traffic Control']",['Inattentive'],[],[],[],D33,True,"['60 to 64', '35 to 39', '5 to 9']",4.0
1001982074.0,2021-10-15 08:00:00,1201,2021,BURNHAMTHORPE RD,SHAVER AVE N,Major Arterial,Etobicoke York,43.648104,-79.551654,616804.8498,4833807.8935,At Intersection,Stop Sign,Clear,Daylight,Dry,158,Islington,14,Islington-City Centre West (14),Fatal,0,0,1,0,0,0,0,0,1,1,0,0,0,Angle,['Driver'],South,"['Automobile, Station Wagon', 'Passenger Van']",['Going Ahead'],"['Disobeyed Traffic Control', 'Speed too Fast For Condition']",['Unknown'],[],[],[],[],[],[],D22,True,"['55 to 59', '20 to 24']",4.0
1001983260.0,2021-10-15 08:00:00,1450,2021,RICHMOND ST W,DUNCAN  ST,Major Arterial,Toronto and East York,43.649382,-79.38914,629908.4974,4834191.3978,At Intersection,Traffic Signal,Clear,Daylight,Dry,164,Wellington Place,77,Waterfront Communities-The Island (77),Non-Fatal Injury,1,0,1,0,0,0,0,0,0,1,0,0,0,Pedestrian Collisions,"['Driver', 'Pedestrian']",East,"['Automobile, Station Wagon']",['Turning Left'],['Failed to Yield Right of Way'],['Normal'],['Vehicle turns left while ped crosses with ROW at inter.'],['Crossing with right of way'],['Normal'],[],[],[],D52,False,"['20 to 24', '55 to 59']",3.0
1001991750.0,2021-10-16 08:00:00,1917,2021,BAY  ST,CUMBERLAND ST,Major Arterial,Toronto and East York,43.670489,-79.389804,629809.4543,4836534.5709,At Intersection,Traffic Signal,Clear,"Dark, artificial",Dry,95,Annex,95,Annex (95),Non-Fatal Injury,1,0,1,0,0,0,0,0,1,1,0,0,0,Pedestrian Collisions,"['Driver', 'Pedestrian']",East,"['Automobile, Station Wagon']",['Going Ahead'],['Exceeding Speed Limit'],['Unknown'],['Vehicle is going straight thru inter.while ped cross without ROW'],['Crossing with right of way'],['Normal'],[],[],[],D53,False,"['unknown', '20 to 24']",3.0
1002002.0,2007-11-08 10:00:00,2154,2007,GERRARD Stre E,PARLIAMENT Stre,Minor Arterial,Toronto and East York,43.661945,-79.36699,631667.353,4835621.5984,At Intersection,Traffic Signal,Rain,Dark,Wet,72,Regent Park,72,Regent Park (72),Non-Fatal Injury,1,0,1,0,0,0,0,0,0,1,1,0,0,Pedestrian Collisions,"['Driver', 'Pedestrian']",South,"['Automobile, Station Wagon', 'Other']",['Going Ahead'],['Disobeyed Traffic Control'],['Unknown'],['Vehicle is going straight thru inter.while ped cross with ROW'],['Crossing with right of way'],['Normal'],[],[],[],D51,False,"['unknown', '40 to 44', '10 to 14', '5 to 9']",3.0
1002003556.0,2021-10-18 08:00:00,1504,2021,MCCOWAN RD,FINCH  AVE E,Major Arterial,Scarborough,43.808722,-79.26675,639408.6353,4852087.3443,Non Intersection,No Control,Clear,Daylight,Dry,129,Agincourt North,129,Agincourt North (129),Non-Fatal Injury,0,0,1,0,0,0,0,0,0,0,0,0,1,Rear End,['Driver'],South,"['Automobile, Station Wagon']",['Slowing or Stopping'],"['Other', 'Driving Properly']","['Medical or Physical Disability', 'Normal']",[],[],[],[],[],[],D42,False,"['60 to 64', '55 to 59']",3.0