accident_number,date,time,year,street1,street2,road_class,district,latitude,longitude,x,y,accident_location,traffctl,visibility,light,road_surface_condition,hood_158,neighbourhood_new,hood_140,neighbourhood_old,accident_class,pedestrian,cyclist,automobile,motorcycle,truck,trsn_city_veh,emerg_veh,passenger,speeding,aggressive_driving,redlight,alcohol,disability,impact_type,involvement_type,initial_direction,vehicle_type,manoeuver,driver_action,driver_condition,pedestrian_type,pedestrian_action,pedestrian_condition,cyclist_type,cyclist_action,cyclist_condition,division,injury,involvement_age,injury_severity_score
1002009493.0,2021-10-19 08:00:00,1140,2021,DANFORTH AVE,BIRCHMOUNT RD,Minor Arterial,Scarborough,43.696921,-79.263965,639892.9055,4839674.8339,At Intersection,Traffic Signal,Clear,Daylight,Dry,122,Birchcliffe-Cliffside,122,Birchcliffe-Cliffside (122),Fatal,1,0,1,0,0,0,0,0,0,1,0,0,0,Pedestrian Collisions,"['Pedestrian', 'Driver']",North,"['Automobile, Station Wagon']",['Turning Left'],['Failed to Yield Right of Way'],['Inattentive'],['Vehicle turns left while ped crosses with ROW at inter.'],['Crossing with right of way'],['Normal'],[],[],[],D41,True,"['15 to 19', '40 to 44']",4.0
1002013655.0,2021-10-19 08:00:00,2136,2021,O CONNOR DR,PEPLER AVE,Major Arterial,Toronto and East York,43.693316,-79.349239,633029.2635,4839134.1016,Non Intersection,No Control,Clear,"Dark, artificial",Dry,58,Old East York,58,Old East York (58),Fatal,1,0,1,0,0,0,0,0,0,0,0,0,0,Pedestrian Collisions,"['Driver', 'Pedestrian']",East,"['Automobile, Station Wagon']",['Going Ahead'],['Driving Properly'],"['Unknown', 'Normal']",['Pedestrian hit at mid-block'],"['Crossing, no Traffic Control']",['Inattentive'],[],[],[],D55,True,"['80 to 84', '40 to 44']",4.0
1002021609.0,2021-10-20 08:00:00,2318,2021,LAWRENCE AVE EAST,GREENHOLM CRCT,Major Arterial,Scarborough,43.760295,-79.222736,643064.2878,4846783.8554,Intersection Related,Traffic Signal,Clear,"Dark, artificial",Dry,141,Golfdale-Cedarbrae-Woburn,137,Woburn (137),Non-Fatal Injury,0,0,1,0,0,0,0,1,0,1,0,0,0,Turning Movement,"['Driver', 'Passenger']",West,"['Automobile, Station Wagon']","['Turning Left', 'Going Ahead']","['Failed to Yield Right of Way', 'Driving Properly']","['Inattentive', 'Normal']",[],[],[],[],[],[],D43,False,"['20 to 24', '25 to 29', '15 to 19']",3.0
1002027.0,2007-10-26 08:00:00,2135,2007,PHARMACY AVE,BOLSTER AVE,Minor Arterial,Scarborough,43.706545,-79.28949,637813.9757,4840700.9651,At Intersection,Pedestrian Crossover,Rain,Dark,Wet,120,Clairlea-Birchmount,120,Clairlea-Birchmount (120),Non-Fatal Injury,1,0,1,0,0,0,0,0,0,1,0,0,0,Pedestrian Collisions,"['Driver', 'Pedestrian']",North,"['Automobile, Station Wagon', 'Other']",['Going Ahead'],['Disobeyed Traffic Control'],['Inattentive'],['Pedestrian hit a PXO/ped. Mid-block signal'],"['Crossing, Pedestrian Crossover']",['Normal'],[],[],[],D41,False,"['50 to 54', '45 to 49']",3.0
1002028747.0,2021-10-21 08:00:00,2222,2021,MCCOWAN RD,EGLINTON AVE E,Major Arterial,Scarborough,43.73878,-79.238323,641860.3897,4844367.4767,At Intersection,Traffic Signal,Rain,"Dark, artificial",Wet,138,Eglinton East,138,Eglinton East (138),Non-Fatal Injury,1,0,1,0,0,0,0,0,0,1,0,0,0,Pedestrian Collisions,"['Driver', 'Pedestrian']",North,"['Automobile, Station Wagon']",['Turning Left'],['Failed to Yield Right of Way'],['Inattentive'],['Vehicle turns left while ped crosses with ROW at inter.'],['Crossing with right of way'],['Normal'],[],[],[],D43,False,"['45 to 49', '20 to 24']",3.0
1002036399.0,2021-10-22 08:00:00,2319,2021,WILSON AV,ALLINGHAM GS,Major Arterial,North York,43.735579,-79.442638,625414.2884,4843682.4006,Intersection Related,Traffic Signal,Clear,"Dark, artificial",Dry,33,Clanton Park,33,Clanton Park (33),Non-Fatal Injury,0,0,1,0,0,1,0,1,1,1,0,0,0,Approaching,"['Driver', 'Passenger']",East,"['Automobile, Station Wagon', 'Municipal Transit Bus (TTC)']",['Going Ahead'],"['Lost control', 'Driving Properly']","['Inattentive', 'Normal']",[],[],[],[],[],[],D32,False,"['20 to 24', '45 to 49', '15 to 19']",3.0
1002048741.0,2021-10-24 08:00:00,2019,2021,2233 BARTOR RD,Not Applicable,Minor Arterial,Etobicoke York,43.73461,-79.526828,618636.3312,4843450.7925,Non Intersection,No Control,Clear,Dark,Dry,154,Oakdale-Beverley Heights,26,Downsview-Roding-CFB (26),Fatal,0,0,1,0,0,0,0,0,0,0,0,0,0,Rear End,['Driver'],South,"['Automobile, Station Wagon']","['Going Ahead', 'Stopped']","['Lost control', 'Other']",['Unknown'],[],[],[],[],[],[],D31,True,"['30 to 34', '45 to 49']",4.0
1002052752.0,2021-10-25 08:00:00,1255,2021,ORIOLE PKWY,EGLINTON AVE W,Minor Arterial,Toronto and East York,43.704482,-79.405879,628440.9467,4840284.9306,Non Intersection,No Control,Rain,Daylight,Wet,100,Yonge-Eglinton,100,Yonge-Eglinton (100),Non-Fatal Injury,1,0,1,0,0,0,0,0,0,0,0,0,0,Pedestrian Collisions,"['Driver', 'Pedestrian']",East,"['Automobile, Station Wagon']",['Going Ahead'],['Driving Properly'],['Normal'],['Pedestrian hit at mid-block'],"['Crossing, Pedestrian Crossover']",['Inattentive'],[],[],[],D53,False,['30 to 34'],3.0
1002054917.0,2021-10-25 08:00:00,1835,2021,LAKE SHORE BLVD W,TWENTY FIRST ST,Major Arterial,Etobicoke York,43.597369,-79.520198,619442.1295,4828217.9028,Non Intersection,No Control,Rain,"Dusk, artificial",Wet,18,New Toronto,18,New Toronto (18),Fatal,1,0,1,0,0,0,0,0,0,0,0,0,0,Pedestrian Collisions,"['Pedestrian', 'Driver']",East,"['Automobile, Station Wagon']",['Going Ahead'],['Driving Properly'],['Normal'],['Pedestrian hit at mid-block'],"['Crossing, no Traffic Control']",['Medical or Physical Disability'],[],[],[],D22,True,"['65 to 69', '40 to 44']",4.0
1002064782.0,2021-10-27 08:00:00,812,2021,DUNCANWOODS DR,NAVENBY  CRES,Collector,Etobicoke York,43.753745,-79.565372,615495.5124,4845521.5454,Intersection Related,No Control,Clear,"Daylight, artificial",Dry,21,Humber Summit,21,Humber Summit (21),Non-Fatal Injury,1,0,1,0,0,0,0,0,0,0,0,0,0,Pedestrian Collisions,"['Driver', 'Pedestrian']",Unknown,"['Automobile, Station Wagon']",['Going Ahead'],['Lost control'],['Fatigue'],['Pedestrian hit on sidewalk or shoulder'],['On Sidewalk or Shoulder'],['Normal'],[],[],[],D31,False,"['20 to 24', '40 to 44', '5 to 9']",3.0
1002078919.0,2021-10-29 08:00:00,248,2021,VICTORIA PARK AV,GERRARD ST E,Major Arterial,Scarborough,43.686831,-79.286548,638096.261,4838516.3408,At Intersection,Traffic Signal,Clear,"Dark, artificial",Dry,62,East End-Danforth,62,East End-Danforth (62),Non-Fatal Injury,0,0,1,0,0,0,0,1,0,0,0,0,0,SMV Other,"['Driver', 'Passenger']",South,"['Automobile, Station Wagon']",['Going Ahead'],['Driving Properly'],['Normal'],[],[],[],[],[],[],D55,False,['30 to 34'],3.0
1002085130.0,2021-10-29 08:00:00,2300,2021,3600 STEELES AVE W,Not Applicable,Major Arterial,Etobicoke York,43.771792,-79.538791,617600.081,4847563.3375,Non Intersection,No Control,Rain,"Dark, artificial",Wet,21,Humber Summit,21,Humber Summit (21),Non-Fatal Injury,1,0,1,0,0,0,0,0,0,0,0,0,0,Pedestrian Collisions,"['Driver', 'Pedestrian']",South,"['Automobile, Station Wagon']",['Going Ahead'],['Driving Properly'],['Normal'],['Pedestrian hit at mid-block'],['Running onto Roadway'],['Inattentive'],[],[],[],D31,False,"['25 to 29', '35 to 39']",3.0
1002090164.0,2021-10-30 08:00:00,1840,2021,KENNEDY RD,LAWRENCE AVE E,Major Arterial,Scarborough,43.750979,-79.275401,638846.413,4845659.5378,Non Intersection,No Control,Rain,"Dark, artificial",Wet,126,Dorset Park,126,Dorset Park (126),Fatal,1,0,1,0,0,0,0,0,0,0,0,0,0,Pedestrian Collisions,"['Pedestrian', 'Driver']",East,"['Automobile, Station Wagon']",['Going Ahead'],['Driving Properly'],['Normal'],['Pedestrian hit at mid-block'],"['Crossing, no Traffic Control']",['Normal'],[],[],[],D41,True,"['65 to 69', '35 to 39']",4.0
1002092719.0,2021-10-31 08:00:00,324,2021,WESTON RD,JUBILEE CRES,Major Arterial,North York,43.726172,-79.535579,617948.1586,4842501.1407,Non Intersection,No Control,Clear,"Dark, artificial",Wet,23,Pelmo Park-Humberlea,23,Pelmo Park-Humberlea (23),Non-Fatal Injury,0,0,1,0,0,0,0,0,0,1,0,0,0,SMV Other,['Driver'],South,"['Automobile, Station Wagon']",['Going Ahead'],['Lost control'],['Had Been Drinking'],[],[],[],[],[],[],D31,False,['20 to 24'],3.0
1002105025.0,2021-11-01 08:00:00,2205,2021,2275 WARDEN AVE,Not Applicable,Major Arterial,Scarborough,43.782305,-79.309589,636022.9025,4849082.0304,At/Near Private Drive,No Control,Clear,"Dark, artificial",Dry,118,Tam O'Shanter-Sullivan,118,Tam O'Shanter-Sullivan (118),Non-Fatal Injury,0,1,1,0,0,0,0,0,0,1,0,0,0,Cyclist Collisions,"['Driver', 'Cyclist']",North,"['Automobile, Station Wagon', 'Bicycle']","['Turning Left', 'Going Ahead']",['Failed to Yield Right of Way'],['Inattentive'],[],[],[],['Motorist turned left across cyclists path.'],['Driving Properly'],['Normal'],D42,False,"['30 to 34', '40 to 44']",3.0
1002132451.0,2021-11-05 08:00:00,1711,2021,THE QUEENSWAY,NORTH QUEEN ST,Major Arterial,Etobicoke York,43.614066,-79.558002,616358.5614,4830018.6395,Non Intersection,No Control,Clear,Daylight,Dry,159,Etobicoke City Centre,14,Islington-City Centre West (14),Non-Fatal Injury,1,0,1,0,0,0,0,0,0,0,0,0,0,Pedestrian Collisions,"['Driver', 'Pedestrian']",South,"['Automobile, Station Wagon']",['Going Ahead'],['Driving Properly'],['Normal'],['Pedestrian hit at mid-block'],['Crossing without right of way'],['Normal'],[],[],[],D22,False,"['30 to 34', '75 to 79']",3.0
1002135282.0,2021-11-06 08:00:00,125,2021,MIDDLEFIELD RD,FINCH  AVE E,Minor Arterial,Scarborough,43.809817,-79.257663,640136.9673,4852224.3125,Intersection Related,Traffic Signal,Clear,"Dark, artificial",Dry,129,Agincourt North,129,Agincourt North (129),Non-Fatal Injury,1,0,1,0,0,0,0,0,0,0,0,0,0,Pedestrian Collisions,"['Driver', 'Pedestrian']",South,"['Automobile, Station Wagon']",['Going Ahead'],['Lost control'],['Unknown'],['Vehicle is going straight thru inter.while ped cross without ROW'],['Other'],['Had Been Drinking'],[],[],[],D42,False,['25 to 29'],3.0
1002145902.0,2021-11-07 09:00:00,1614,2021,DUFFERIN ST,DUPONT ST,Major Arterial,Toronto and East York,43.668429,-79.438876,625857.6752,4836230.1609,Intersection Related,Traffic Signal,Clear,Daylight,Dry,172,Dovercourt Village,93,Dovercourt-Wallace Emerson-Junction (93),Non-Fatal Injury,0,0,1,0,0,0,0,1,1,1,0,0,0,Sideswipe,"['Driver', 'Passenger']",East,"['Automobile, Station Wagon']","['Going Ahead', 'Stopped']","['Lost control', 'Driving Properly']","['Unknown', 'Normal']",[],[],[],[],[],[],D14,False,"['35 to 39', '60 to 64', '65 to 69', '30 to 34', '55 to 59', '50 to 54', '20 to 24', '45 to 49', '5 to 9', '15 to 19']",3.0
1002149.0,2007-11-09 10:00:00,1825,2007,WESTON RD,ST PHILLIPS RD,Major Arterial,Etobicoke York,43.706245,-79.53239,618244.1966,4840292.5134,At Intersection,Traffic Signal,Rain,Dark,Wet,113,Weston,113,Weston (113),Non-Fatal Injury,1,0,1,0,0,0,0,0,0,0,0,0,0,Pedestrian Collisions,"['Pedestrian', 'Driver']",East,"['Automobile, Station Wagon']",['Going Ahead'],['Other'],['Unknown'],['Vehicle is going straight thru inter.while ped cross with ROW'],['Crossing with right of way'],['Normal'],[],[],[],D12,False,"['65 to 69', 'unknown']",3.0
1002157696.0,2021-11-09 10:00:00,1013,2021,BEDFORD RD,DAVENPORT RD,Major Arterial,Toronto and East York,43.6743,-79.399806,628994.9481,4836942.2308,At Intersection,Traffic Signal,Clear,Daylight,Dry,95,Annex,95,Annex (95),Non-Fatal Injury,1,0,1,0,0,0,0,0,0,0,0,0,0,Pedestrian Collisions,"['Driver', 'Pedestrian']",North,"['Automobile, Station Wagon']",['Turning Right'],['Driving Properly'],['Normal'],['Other / Undefined'],['Other'],['Other'],[],[],[],D53,False,"['60 to 64', '85 to 89']",3.0
1002160067.0,2021-11-09 10:00:00,1550,2021,LAWRENCE  AVE W,DUFFLAW  RD,Major Arterial,North York,43.712683,-79.460834,623996.1804,4841112.0925,At Intersection,Traffic Signal,Rain,Daylight,Wet,31,Yorkdale-Glen Park,31,Yorkdale-Glen Park (31),Non-Fatal Injury,1,0,1,0,0,0,0,0,0,1,0,0,0,Pedestrian Collisions,"['Driver', 'Pedestrian']",East,"['Automobile, Station Wagon']",['Turning Left'],['Failed to Yield Right of Way'],['Inattentive'],['Vehicle turns left while ped crosses with ROW at inter.'],['Crossing with right of way'],['Normal'],[],[],[],D13,False,"['60 to 64', '20 to 24']",3.0
1002179415.0,2021-11-10 10:00:00,1900,2021,Aukland Road,Kipling Go station,Major Arterial,Etobicoke York,43.638679,-79.534122,618237.2527,4832785.9529,At/Near Private Drive,No Control,Clear,"Dark, artificial",Dry,159,Etobicoke City Centre,14,Islington-City Centre West (14),Non-Fatal Injury,0,0,0,0,0,1,0,1,0,0,0,0,0,SMV Other,"['Driver', 'Passenger']",South,['Municipal Transit Bus (TTC)'],['Turning Left'],['Driving Properly'],['Unknown'],[],[],[],[],[],[],D22,False,"['unknown', '75 to 79']",3.0
1002183621.0,2021-11-12 10:00:00,2009,2021,650 OLD WESTON RD,Not Applicable,Minor Arterial,Etobicoke York,43.679454,-79.465389,623697.5269,4837414.7522,Non Intersection,No Control,Rain,"Dark, artificial",Wet,91,Weston-Pelham Park,91,Weston-Pellam Park (91),Non-Fatal Injury,1,0,1,0,0,0,0,0,1,1,0,0,0,Pedestrian Collisions,"['Driver', 'Pedestrian']",North,"['Automobile, Station Wagon']",['Going Ahead'],['Exceeding Speed Limit'],['Inattentive'],['Pedestrian hit at mid-block'],['Coming From Behind Parked Vehicle'],['Normal'],[],[],[],D12,False,"['35 to 39', '30 to 34']",3.0
1002183788.0,2021-11-12 10:00:00,2030,2021,DON VALLEY PARKWAY  S,DUNDAS ST E,Expressway,Toronto and East York,43.662001,-79.355159,632621.1574,4835646.6619,Non Intersection,No Control,Clear,"Dark, artificial",Wet,70,South Riverdale,70,South Riverdale (70),Fatal,1,0,1,0,0,0,0,1,0,0,0,0,0,Pedestrian Collisions,"['Pedestrian', 'Driver', 'Passenger']",South,"['Automobile, Station Wagon']",['Going Ahead'],['Driving Properly'],['Normal'],['Pedestrian hit at mid-block'],"['Crossing, no Traffic Control']",['Other'],[],[],[],D55,True,"['30 to 34', '25 to 29']",4.0
1002190393.0,2021-11-13 10:00:00,2012,2021,THE QUEENSWAY,HIGH ST,Major Arterial,Etobicoke York,43.632056,-79.477725,622799.746,4832132.2662,Non Intersection,No Control,Clear,"Dark, artificial",Dry,16,Stonegate-Queensway,16,Stonegate-Queensway (16),Fatal,0,0,1,0,0,0,0,0,0,0,0,0,0,SMV Other,['Driver'],West,"['Automobile, Station Wagon']",['Overtaking'],['Lost control'],['Unknown'],[],[],[],[],[],[],D22,True,['20 to 24'],4.0
1002190676.0,2021-11-13 10:00:00,2100,2021,RENFORTH DR,CENTENNIAL PARK GT,Minor Arterial,Etobicoke York,43.65372,-79.580486,614468.9475,4834391.4463,Non Intersection,No Control,Clear,"Dark, artificial",Dry,11,Eringate-Centennial-West Deane,11,Eringate-Centennial-West Deane (11),Fatal,0,0,1,0,0,0,0,1,0,0,0,0,0,SMV Other,"['Passenger', 'Driver']",South,"['Automobile, Station Wagon']",['Going Ahead'],['Lost control'],['Unknown'],[],[],[],[],[],[],D22,True,"['5 to 9', '30 to 34']",4.0
1002191.0,2007-11-02 08:00:00,1642,2007,PROGRESS AVE,BOROUGH DR,Minor Arterial,Scarborough,43.776945,-79.25449,640469.175,4848578.7301,Unknown,No Control,Clear,Daylight,Dry,156,Bendale-Glen Andrew,127,Bendale (127),Non-Fatal Injury,0,1,1,0,0,0,0,0,0,0,0,0,0,Cyclist Collisions,"['Driver', 'Cyclist']",East,"['Automobile, Station Wagon', 'Bicycle']","['Turning Left', 'Going Ahead']",['Other'],['Normal'],[],[],[],['Motorist turned left across cyclists path.'],[],[],D43,False,"['55 to 59', '45 to 49']",3.0
1002211724.0,2021-11-16 10:00:00,2130,2021,DUNDAS ST W,HIGHWAY 427 C N,Major Arterial,Etobicoke York,43.628394,-79.557079,616405.3883,4831611.2316,Intersection Related,No Control,Clear,"Dark, artificial",Dry,159,Etobicoke City Centre,14,Islington-City Centre West (14),Non-Fatal Injury,0,0,1,0,0,0,0,0,1,1,0,0,0,SMV Other,['Driver'],East,"['Automobile, Station Wagon']",['Going Ahead'],['Lost control'],['Inattentive'],[],[],[],[],[],[],D22,False,['15 to 19'],3.0
1002212268.0,2021-11-16 10:00:00,2330,2021,LAKE SHORE BLVD W,BATHURST ST,Major Arterial,Toronto and East York,43.636412,-79.399608,629092.0687,4832734.5778,At Intersection,Traffic Signal,Clear,"Dark, artificial",Dry,163,Fort York-Liberty Village,82,Niagara (82),Non-Fatal Injury,1,0,1,0,0,0,0,0,0,0,0,0,0,Pedestrian Collisions,"['Driver', 'Pedestrian']",North,"['Automobile, Station Wagon']",['Going Ahead'],['Other'],['Unknown'],['Vehicle is going straight thru inter.while ped cross without ROW'],['Crossing without right of way'],['Normal'],[],[],[],D14,False,"['25 to 29', '35 to 39']",3.0
1002218081.0,2021-11-17 10:00:00,1856,2021,LAKE SHORE BLVD W,SHORE BREEZE DR,Major Arterial,Etobicoke York,43.624072,-79.480487,622593.1668,4831241.4615,Intersection Related,No Control,Rain,Dark,Wet,161,Humber Bay Shores,17,Mimico (includes Humber Bay Shores) (17),Non-Fatal Injury,1,0,1,0,0,0,0,0,0,0,0,0,0,Pedestrian Collisions,"['Driver', 'Pedestrian']",East,"['Automobile, Station Wagon']",['Going Ahead'],['Driving Properly'],['Normal'],['Vehicle is going straight thru inter.while ped cross without ROW'],"['Crossing, no Traffic Control']",['Inattentive'],[],[],[],D22,False,"['15 to 19', '25 to 29']",3.0
1002221731.0,2021-11-18 10:00:00,959,2021,SHERBOURNE ST,DUNDAS ST  E,Major Arterial,Toronto and East York,43.658221,-79.37099,631352.9556,4835201.6583,At Intersection,Traffic Signal,Clear,Daylight,Dry,73,Moss Park,73,Moss Park (73),Fatal,1,0,0,0,1,0,0,0,0,0,0,0,0,Pedestrian Collisions,"['Truck Driver', 'Wheelchair']",South,['Truck (other)'],"['Turning Left', 'Going Ahead']",['Driving Properly'],['Normal'],['Vehicle turns left while ped crosses without ROW at inter.'],['Crossing without right of way'],['Inattentive'],[],[],[],D51,True,['55 to 59'],4.0
1002246954.0,2021-11-21 10:00:00,1923,2021,JANE ST,SHEPPARD AV W,Major Arterial,Etobicoke York,43.739379,-79.513187,619725.3614,4844000.0796,At Intersection,Traffic Signal,Rain,"Dark, artificial",Wet,25,Glenfield-Jane Heights,25,Glenfield-Jane Heights (25),Non-Fatal Injury,0,0,1,0,0,0,0,0,0,0,0,0,0,Turning Movement,['Driver'],North,"['Automobile, Station Wagon', 'Other']","['Turning Left', 'Going Ahead']",['Driving Properly'],['Normal'],[],[],[],[],[],[],D31,False,"['55 to 59', '35 to 39']",3.0
1002268507.0,2021-11-24 10:00:00,1810,2021,24 GRANDVIEW AVE,Not Applicable,Local,Toronto and East York,43.673525,-79.349963,633014.6506,4836934.8768,Non Intersection,No Control,Clear,"Dark, artificial",Dry,68,North Riverdale,68,North Riverdale (68),Non-Fatal Injury,1,0,0,0,1,0,0,0,0,0,0,0,0,Pedestrian Collisions,"['Truck Driver', 'Pedestrian']",East,['Truck - Dump'],['Going Ahead'],['Driving Properly'],['Normal'],['Pedestrian hit at mid-block'],['Coming From Behind Parked Vehicle'],['Inattentive'],[],[],[],D55,False,"['55 to 59', '60 to 64']",3.0
1002303219.0,2021-11-29 10:00:00,1855,2021,BURNHAMTHORPE RD,CORDOVA AV,Major Arterial,Etobicoke York,43.648768,-79.52872,618653.1171,4833914.1728,At Intersection,Traffic Signal,Snow,"Dark, artificial",Wet,158,Islington,14,Islington-City Centre West (14),Non-Fatal Injury,0,0,1,0,0,0,0,0,1,1,1,0,0,Turning Movement,['Driver'],North,"['Automobile, Station Wagon']","['Going Ahead', 'Turning Right']","['Disobeyed Traffic Control', 'Driving Properly']","['Inattentive', 'Normal']",[],[],[],[],[],[],D22,False,"['50 to 54', '20 to 24']",3.0
1002309701.0,2021-11-30 10:00:00,1721,2021,JANE ST,HUMBERVIEW  RD,Major Arterial,North York,43.653937,-79.486369,622058.122,4834549.6789,At Intersection,No Control,Clear,Dark,Wet,89,Runnymede-Bloor West Village,89,Runnymede-Bloor West Village (89),Non-Fatal Injury,1,0,1,0,0,0,0,0,0,1,0,0,0,Pedestrian Collisions,"['Driver', 'Pedestrian']",North,"['Automobile, Station Wagon']",['Turning Left'],['Failed to Yield Right of Way'],['Normal'],['Vehicle turns left while ped crosses with ROW at inter.'],"['Crossing, no Traffic Control']",['Normal'],[],[],[],D11,False,"['55 to 59', '65 to 69']",3.0
1002310021.0,2021-11-30 10:00:00,1700,2021,PLAINS RD,GREENWOOD AVE,Minor Arterial,Toronto and East York,43.693789,-79.338458,633897.0247,4839203.988,At Intersection,Stop Sign,Rain,"Dusk, artificial",Wet,58,Old East York,58,Old East York (58),Non-Fatal Injury,0,1,1,0,0,0,0,0,0,1,0,0,0,Cyclist Collisions,"['Driver', 'Cyclist']",West,"['Automobile, Station Wagon', 'Bicycle']",['Going Ahead'],['Failed to Yield Right of Way'],['Inattentive'],[],[],[],['Cyclist and Driver travelling in same direction. One vehicle rear-ended the other.'],['Driving Properly'],['Normal'],D55,False,"['unknown', '65 to 69']",3.0
1002314690.0,2021-12-01 10:00:00,1130,2021,SEATON ST,SHUTER ST,Local,Toronto and East York,43.657489,-79.368999,631515.0969,4835123.5139,Non Intersection,No Control,Clear,Daylight,Dry,73,Moss Park,73,Moss Park (73),Non-Fatal Injury,0,0,1,0,0,0,0,0,1,1,0,0,0,SMV Unattended Vehicle,['Driver'],North,"['Automobile, Station Wagon']",['Going Ahead'],['Lost control'],['Unknown'],[],[],[],[],[],[],D51,False,['30 to 34'],3.0
1002316.0,2007-11-05 10:00:00,1852,2007,COXWELL AVE,EASTWOOD RD,Minor Arterial,Toronto and East York,43.672945,-79.31929,635488.6304,4836920.1046,At Intersection,Traffic Signal,Rain,Dark,Wet,64,Woodbine Corridor,64,Woodbine Corridor (64),Non-Fatal Injury,1,0,1,0,0,0,0,0,0,1,0,0,0,Pedestrian Collisions,"['Driver', 'Pedestrian']",East,"['Automobile, Station Wagon', 'Other']",['Turning Left'],['Failed to Yield Right of Way'],['Normal'],['Vehicle turns left while ped crosses with ROW at inter.'],['Crossing with right of way'],['Normal'],[],[],[],D55,False,"['45 to 49', '70 to 74']",3.0
1002330287.0,2021-12-03 10:00:00,1325,2021,TOWER DR,BRIAN AVE,Local,Scarborough,43.747439,-79.299724,636896.2318,4845225.882,Intersection Related,Stop Sign,Clear,Daylight,Dry,119,Wexford/Maryvale,119,Wexford/Maryvale (119),Fatal,0,0,1,0,0,0,0,0,0,0,0,0,0,SMV Other,['Driver'],East,"['Automobile, Station Wagon']",['Going Ahead'],['Lost control'],['Unknown'],[],[],[],[],[],[],D41,True,['80 to 84'],4.0
1002332405.0,2021-12-03 10:00:00,1826,2021,REXDALE  BLVD,QUEENS PLATE DR,Major Arterial,Etobicoke York,43.719084,-79.60342,612497.3014,4841619.6034,At Intersection,Traffic Signal,Clear,Dark,Dry,1,West Humber-Clairville,1,West Humber-Clairville (1),Non-Fatal Injury,1,0,0,0,0,0,0,0,0,0,0,0,0,Pedestrian Collisions,['Pedestrian'],North,[],[],[],[],['Vehicle is going straight thru inter.while ped cross with ROW'],['Crossing with right of way'],['Normal'],[],[],[],D23,False,['50 to 54'],3.0
1002360804.0,2021-12-07 10:00:00,1825,2021,DUNDAS ST W,LANSDOWNE AVE,Minor Arterial,Toronto and East York,43.650096,-79.439693,625830.0976,4834192.8015,At Intersection,Traffic Signal,Clear,"Dusk, artificial",Dry,84,Little Portugal,84,Little Portugal (84),Non-Fatal Injury,1,0,1,0,0,0,0,1,0,0,0,0,0,Pedestrian Collisions,"['Driver', 'Pedestrian', 'Passenger']",North,"['Automobile, Station Wagon']",['Going Ahead'],['Driving Properly'],['Normal'],['Vehicle is going straight thru inter.while ped cross without ROW'],['Running onto Roadway'],['Inattentive'],[],[],[],D11,False,"['35 to 39', '20 to 24', 'unknown']",3.0
1002361100.0,2021-12-07 10:00:00,1904,2021,BATHURST ST,ULSTER  ST,Major Arterial,Toronto and East York,43.659735,-79.409045,628281.1878,4835310.2668,At Intersection,Traffic Signal,Clear,"Dark, artificial",Dry,79,University,79,University (79),Non-Fatal Injury,1,0,1,0,0,0,0,0,0,0,0,0,0,Pedestrian Collisions,"['Driver', 'Pedestrian']",East,"['Automobile, Station Wagon']",['Going Ahead'],['Driving Properly'],['Normal'],['Vehicle is going straight thru inter.while ped cross without ROW'],['Running onto Roadway'],['Normal'],[],[],[],D14,False,"['25 to 29', '15 to 19']",3.0
1002368883.0,2021-12-08 10:00:00,2102,2021,AVENUE RD,ST CLAIR AVE W,Major Arterial,Toronto and East York,43.686633,-79.401469,628834.4891,4838309.3933,Intersection Related,Traffic Signal,Clear,"Dark, artificial",Wet,97,Yonge-St.Clair,97,Yonge-St.Clair (97),Non-Fatal Injury,0,0,1,0,0,0,1,1,0,1,0,0,0,Turning Movement,"['Driver', 'Passenger']",East,"['Automobile, Station Wagon', 'Police Vehicle', 'Pick Up Truck']","['Turning Left', 'Going Ahead', 'Stopped']","['Improper Turn', 'Driving Properly']","['Unknown', 'Normal']",[],[],[],[],[],[],D53,False,"['80 to 84', '25 to 29', '60 to 64', '40 to 44', '75 to 79']",3.0
1002384384.0,2021-12-10 10:00:00,2345,2021,LAKE SHORE BLVD E,LOWER JARVIS ST,Major Arterial,Scarborough,43.645503,-79.369815,631475.4498,4833791.0177,Non Intersection,Traffic Signal,Clear,Dark,Dry,166,St Lawrence-East Bayfront-The Islands,77,Waterfront Communities-The Island (77),Fatal,1,0,1,0,0,0,0,0,1,1,0,0,0,Pedestrian Collisions,"['Pedestrian', 'Driver']",East,"['Automobile, Station Wagon']",['Going Ahead'],['Exceeding Speed Limit'],['Unknown'],['Vehicle is going straight thru inter.while ped cross without ROW'],['Other'],['Other'],[],[],[],D51,True,"['35 to 39', 'unknown']",4.0
1002386733.0,2021-12-11 10:00:00,1132,2021,MIDLAND AVE,BROADBENT AVE,Major Arterial,Scarborough,43.738864,-79.259937,640119.689,4844340.0227,At Intersection,Traffic Signal,Clear,Daylight,Wet,138,Eglinton East,138,Eglinton East (138),Fatal,1,0,1,0,0,0,0,0,0,1,1,1,0,Pedestrian Collisions,"['Pedestrian', 'Driver']",North,"['Automobile, Station Wagon']",['Going Ahead'],['Disobeyed Traffic Control'],"['Ability Impaired, Alcohol']",['Vehicle is going straight thru inter.while ped cross with ROW'],['Crossing with right of way'],['Unknown'],[],[],[],D41,True,"['65 to 69', '30 to 34']",4.0