accident_number,date,time,year,street1,street2,road_class,district,latitude,longitude,x,y,accident_location,traffctl,visibility,light,road_surface_condition,hood_158,neighbourhood_new,hood_140,neighbourhood_old,accident_class,pedestrian,cyclist,automobile,motorcycle,truck,trsn_city_veh,emerg_veh,passenger,speeding,aggressive_driving,redlight,alcohol,disability,impact_type,involvement_type,initial_direction,vehicle_type,manoeuver,driver_action,driver_condition,pedestrian_type,pedestrian_action,pedestrian_condition,cyclist_type,cyclist_action,cyclist_condition,division,injury,involvement_age,injury_severity_score
1002396112.0,2021-12-12 10:00:00,1930,2021,3805 SHEPPARD AVE E,Not Applicable,Major Arterial,Scarborough,43.782389,-79.29182,637452.5498,4849120.7105,Non Intersection,No Control,Strong wind,"Dark, artificial",Dry,118,Tam O'Shanter-Sullivan,118,Tam O'Shanter-Sullivan (118),Fatal,1,0,1,0,0,0,0,0,0,0,0,0,0,Pedestrian Collisions,"['Pedestrian', 'Driver']",East,"['Automobile, Station Wagon']",['Going Ahead'],['Other'],['Unknown'],['Pedestrian hit at mid-block'],"['Crossing, no Traffic Control']",['Inattentive'],[],[],[],D42,True,"['80 to 84', '35 to 39']",4.0
1002401336.0,2021-12-13 10:00:00,1430,2021,MARTIN GROVE RD,GIHON SPRING DR,Minor Arterial,Etobicoke York,43.754019,-79.600024,612705.3017,4845504.2445,Intersection Related,Traffic Signal,Clear,Daylight,Dry,2,Mount Olive-Silverstone-Jamestown,2,Mount Olive-Silverstone-Jamestown (2),Non-Fatal Injury,0,1,1,0,0,0,0,0,0,0,0,0,0,Cyclist Collisions,"['Driver', 'Cyclist']",East,"['Automobile, Station Wagon', 'Bicycle']","['Turning Left', 'Going Ahead']",['Other'],['Normal'],[],[],[],['Motorist turned left across cyclists path.'],['Other'],['Normal'],D23,False,"['55 to 59', '75 to 79']",3.0
1002433057.0,2021-12-17 10:00:00,2234,2021,KENNEDY RD,VILLAGE GREEN  SQ,Major Arterial,Scarborough,43.777182,-79.285518,637971.6369,4848552.8749,Intersection Related,Traffic Signal,Clear,"Dark, artificial",Dry,128,Agincourt South-Malvern West,128,Agincourt South-Malvern West (128),Non-Fatal Injury,1,0,1,0,0,0,0,0,0,0,0,0,0,Pedestrian Collisions,"['Driver', 'Pedestrian']",East,"['Automobile, Station Wagon']",['Going Ahead'],['Driving Properly'],['Normal'],['Pedestrian hit at mid-block'],"['Crossing, no Traffic Control']",['Normal'],[],[],[],D42,False,"['30 to 34', '20 to 24']",3.0
1002433478.0,2021-12-18 10:00:00,10,2021,LAWRENCE AVE E,PHARMACY AVE,Major Arterial,Scarborough,43.74317,-79.304607,636512.7807,4844743.6871,At Intersection,Traffic Signal,Clear,"Dark, artificial",Dry,119,Wexford/Maryvale,119,Wexford/Maryvale (119),Fatal,0,0,1,0,0,0,0,1,1,1,0,0,0,Turning Movement,"['Driver', 'Passenger']",East,"['Automobile, Station Wagon']","['Turning Left', 'Going Ahead']","['Driving Properly', 'Exceeding Speed Limit']",['Unknown'],[],[],[],[],[],[],D41,True,"['55 to 59', '15 to 19', '20 to 24']",4.0
1002457803.0,2021-12-21 10:00:00,1908,2021,GARDINER XWY W,ROYAL YORK RD,Expressway,Toronto and East York,43.622889,-79.500896,620948.9415,4831080.1422,Non Intersection,No Control,Clear,"Dark, artificial",Dry,160,Mimico-Queensway,17,Mimico (includes Humber Bay Shores) (17),Non-Fatal Injury,0,0,1,0,0,1,0,0,0,0,0,1,0,Sideswipe,['Driver'],West,"['Automobile, Station Wagon', 'Municipal Transit Bus (TTC)']","['Pulling Away from Shoulder or Curb', 'Going Ahead']","['Improper Lane Change', 'Driving Properly']","['Ability Impaired, Alcohol', 'Normal']",[],[],[],[],[],[],D22,False,"['30 to 34', '55 to 59']",3.0
1002458151.0,2021-12-21 10:00:00,1908,2021,GARDINER EXPRESSWAY W,ROYAL YORK RD,Expressway,Etobicoke York,43.623576,-79.49818,621166.6925,4831160.402,Non Intersection,No Control,Clear,"Dark, artificial",Dry,160,Mimico-Queensway,17,Mimico (includes Humber Bay Shores) (17),Non-Fatal Injury,0,0,1,0,0,0,0,0,0,0,0,1,0,Sideswipe,['Driver'],West,"['Automobile, Station Wagon']","['Changing Lanes', 'Going Ahead']","['Improper Lane Change', 'Driving Properly']","['Ability Impaired, Alcohol', 'Normal']",[],[],[],[],[],[],D22,False,"['30 to 34', '60 to 64']",3.0
1002462552.0,2021-12-22 10:00:00,1353,2021,MCCOWAN RD,ALTON TOWERS CRCL,Major Arterial,Scarborough,43.820834,-79.273273,638855.8955,4853421.6099,Non Intersection,No Control,Snow,Daylight,Wet,130,Milliken,130,Milliken (130),Fatal,0,0,1,0,0,0,0,0,0,0,0,0,0,SMV Other,['Driver'],North,"['Automobile, Station Wagon']",['Going Ahead'],['Lost control'],['Unknown'],[],[],[],[],[],[],D42,True,['65 to 69'],4.0
1002480548.0,2021-12-25 10:00:00,1219,2021,KING ST W,JAMESON AVE,Major Arterial,Toronto and East York,43.637129,-79.435771,626173.5307,4832758.6039,Non Intersection,No Control,Clear,Daylight,Wet,85,South Parkdale,85,South Parkdale (85),Non-Fatal Injury,0,0,0,0,0,1,0,1,0,0,0,0,0,SMV Other,"['Driver', 'Passenger']",East,['Municipal Transit Bus (TTC)'],['Going Ahead'],['Driving Properly'],['Normal'],[],[],[],[],[],[],D14,False,"['25 to 29', '85 to 89']",3.0
1002486085.0,2021-12-26 10:00:00,1402,2021,YONGE ST,RICHMOND ST E,Major Arterial,Toronto and East York,43.651618,-79.378948,630725.5932,4834455.7404,At Intersection,Traffic Signal,Clear,Daylight,Dry,168,Downtown Yonge East,75,Church-Yonge Corridor (75),Fatal,1,0,1,0,0,0,0,0,0,0,0,0,0,Pedestrian Collisions,"['Pedestrian', 'Driver']",Unknown,"['Automobile, Station Wagon']","['Turning Left', 'Going Ahead']","['Improper Turn', 'Driving Properly']",['Normal'],['Pedestrian hit on sidewalk or shoulder'],['On Sidewalk or Shoulder'],['Normal'],[],[],[],D51,True,"['0 to 4', '15 to 19', '45 to 49', '35 to 39', '30 to 34', '20 to 24', '40 to 44']",4.0
1002607.0,2007-09-26 08:00:00,1415,2007,DANFORTH RD,BIRCHMOUNT RD,Minor Arterial,Scarborough,43.706945,-79.26809,639537.2434,4840781.191,At Intersection,Traffic Signal,Clear,Daylight,Wet,120,Clairlea-Birchmount,120,Clairlea-Birchmount (120),Non-Fatal Injury,1,0,1,0,0,0,0,0,0,1,1,0,0,Pedestrian Collisions,"['Driver', 'Vehicle Owner', 'Pedestrian']",North,"['Automobile, Station Wagon', 'Other']",['Going Ahead'],"['Driving Properly', 'Disobeyed Traffic Control']",['Normal'],['Vehicle is going straight thru inter.while ped cross without ROW'],['Crossing without right of way'],['Normal'],[],[],[],D41,False,"['75 to 79', 'unknown', '50 to 54', '30 to 34']",3.0
1002690.0,2007-11-06 10:00:00,635,2007,MARKHAM RD,FINCH AVE E,Major Arterial,Scarborough,43.812945,-79.24309,641301.7163,4852596.514,At Intersection,Traffic Signal,Rain,Dark,Wet,129,Agincourt North,129,Agincourt North (129),Non-Fatal Injury,0,0,1,0,1,0,0,1,0,1,0,0,0,Rear End,"['Vehicle Owner', 'Truck Driver', 'Passenger', 'Driver']",South,"['Other', 'Truck - Open', 'Automobile, Station Wagon']","['Slowing or Stopping', 'Stopped']","['Following too Close', 'Driving Properly']","['Inattentive', 'Normal']",[],[],[],[],[],[],D42,False,"['unknown', '55 to 59', '20 to 24', '25 to 29']",3.0
1003217.0,2007-11-06 10:00:00,1836,2007,BUSHBY DR,MCCOWAN RD,Major Arterial,Scarborough,43.774545,-79.25219,640659.896,4848316.0775,Unknown,Traffic Signal,Rain,Dusk,Wet,142,Woburn North,137,Woburn (137),Non-Fatal Injury,1,0,1,0,0,0,0,0,0,1,0,0,0,Pedestrian Collisions,"['Vehicle Owner', 'Driver', 'Pedestrian']",South,"['Other', 'Automobile, Station Wagon']",['Turning Left'],['Failed to Yield Right of Way'],['Had Been Drinking'],['Vehicle turns left while ped crosses with ROW at inter.'],['Crossing with right of way'],['Normal'],[],[],[],D43,False,"['unknown', '60 to 64', '30 to 34']",3.0
1003332.0,2007-11-08 10:00:00,1945,2007,MIDLAND AVE,NORBURY CRES,Major Arterial,Scarborough,43.756045,-79.26669,639535.9635,4846236.8337,Unknown,No Control,Rain,Dark,Wet,156,Bendale-Glen Andrew,127,Bendale (127),Non-Fatal Injury,1,0,1,0,0,0,0,0,0,0,0,0,0,Pedestrian Collisions,"['Driver', 'Pedestrian']",East,"['Automobile, Station Wagon', 'Other']",['Going Ahead'],['Driving Properly'],['Normal'],['Vehicle is going straight thru inter.while ped cross without ROW'],"['Crossing, no Traffic Control']",['Had Been Drinking'],[],[],[],D41,False,"['50 to 54', '40 to 44']",3.0
1003358.0,2007-11-17 10:00:00,1255,2007,DUFFERIN ST,HOLMESDALE RD,Major Arterial,Toronto and East York,43.688645,-79.44739,625129.2421,4838462.5381,At Intersection,Traffic Signal,Clear,Daylight,Dry,109,Caledonia-Fairbank,109,Caledonia-Fairbank (109),Non-Fatal Injury,1,0,1,0,0,0,0,0,0,1,1,0,0,Pedestrian Collisions,"['Driver', 'Pedestrian']",East,"['Automobile, Station Wagon', 'Other']",['Going Ahead'],['Disobeyed Traffic Control'],['Inattentive'],['Vehicle is going straight thru inter.while ped cross with ROW'],['Crossing with right of way'],['Normal'],[],[],[],D13,False,"['75 to 79', '40 to 44']",3.0
1003447.0,2007-11-08 10:00:00,2014,2007,ST CLAIR AVE W,CHRISTIE ST,Major Arterial,Toronto and East York,43.681745,-79.42569,626892.6705,4837729.1712,Unknown,Traffic Signal,Rain,Dark,Wet,94,Wychwood,94,Wychwood (94),Non-Fatal Injury,0,1,1,0,0,0,0,0,0,0,0,0,0,Cyclist Collisions,"['Driver', 'Vehicle Owner', 'Cyclist']",West,"['Automobile, Station Wagon', 'Other', 'Bicycle']","['Going Ahead', 'Stopped']",['Driving Properly'],['Normal'],[],[],[],['Cyclist and Driver travelling in same direction. One vehicle rear-ended the other.'],['Driving Properly'],['Normal'],D13,False,"['60 to 64', 'unknown', '35 to 39']",3.0
1003525.0,2007-11-09 10:00:00,840,2007,PATRICIA AVE,LACONIA DR,Collector,North York,43.785045,-79.44169,625387.2592,4849177.7745,Unknown,No Control,Clear,"Daylight, artificial",Dry,36,Newtonbrook West,36,Newtonbrook West (36),Non-Fatal Injury,1,0,1,0,0,0,0,0,0,0,0,0,0,Pedestrian Collisions,"['Driver', 'Pedestrian']",South,"['Automobile, Station Wagon', 'Other']",['Going Ahead'],['Driving Properly'],['Normal'],['Pedestrian hit at mid-block'],"['Crossing, no Traffic Control']",['Normal'],[],[],[],D32,False,"['45 to 49', '10 to 14']",3.0
1003569.0,2007-11-11 10:00:00,1551,2007,ST CLARENS AVE,WYNDHAM ST,Local,Toronto and East York,43.647345,-79.43729,626029.6414,4833890.9138,Unknown,No Control,Clear,Daylight,Dry,84,Little Portugal,84,Little Portugal (84),Non-Fatal Injury,1,0,1,0,0,0,0,0,0,0,0,0,0,Pedestrian Collisions,"['Driver', 'Pedestrian']",West,"['Automobile, Station Wagon', 'Other']",['Turning Right'],['Driving Properly'],['Normal'],['Vehicle turns right while ped crosses without ROW at inter.'],['Crossing without right of way'],['Inattentive'],[],[],[],D11,False,"['30 to 34', '70 to 74']",3.0
1003629.0,2007-11-13 10:00:00,635,2007,YONGE ST,UPPER MADISON AVE,Major Arterial,North York,43.765045,-79.41179,627835.7516,4847002.1924,Unknown,No Control,Clear,Dark,Dry,151,Yonge-Doris,51,Willowdale East (51),Non-Fatal Injury,0,0,1,0,0,0,0,0,0,1,0,0,0,Rear End,"['Vehicle Owner', 'Driver']",South,"['Other', 'Automobile, Station Wagon']","['Going Ahead', 'Slowing or Stopping']","['Following too Close', 'Driving Properly']",['Normal'],[],[],[],[],[],[],D32,False,"['unknown', '45 to 49', '55 to 59', '35 to 39']",3.0
1004306.0,2007-11-23 10:00:00,1947,2007,ST CLAIR AVE E,BRIMLEY RD,Minor Arterial,Scarborough,43.720645,-79.24259,641559.501,4842346.017,Unknown,No Control,Clear,Dark,Other,123,Cliffcrest,123,Cliffcrest (123),Fatal,0,0,1,0,0,0,0,1,0,0,0,0,0,SMV Unattended Vehicle,"['Other', 'Passenger', 'Driver']",West,"['Other', 'Automobile, Station Wagon']","['Parked', 'Going Ahead']",['Lost control'],['Inattentive'],[],[],[],[],[],[],D41,True,"['unknown', '20 to 24', '25 to 29']",4.0
1004342.0,2007-11-23 10:00:00,950,2007,DON MILLS RD,OVERLEA BLVD,Major Arterial,North York,43.710945,-79.33479,634154.3454,4841115.3347,Unknown,No Control,Clear,Daylight,Wet,44,Flemingdon Park,44,Flemingdon Park (44),Fatal,1,0,0,0,0,1,0,0,0,0,0,0,0,Pedestrian Collisions,"['Vehicle Owner', 'Driver', 'Pedestrian']",West,"['Other', 'Municipal Transit Bus (TTC)']",['Going Ahead'],['Driving Properly'],['Normal'],['Pedestrian involved in a collision with transit vehicle anywhere along roadway'],"['Crossing, no Traffic Control']",['Unknown'],[],[],[],D55,True,"['unknown', '50 to 54', '85 to 89', '75 to 79']",4.0
1004413.0,2007-11-25 10:00:00,250,2007,KINGSTON RD,HIGHVIEW AVE,Major Arterial,Scarborough,43.703445,-79.25319,640745.9187,4840417.6548,At Intersection,No Control,Clear,Dark,Dry,122,Birchcliffe-Cliffside,122,Birchcliffe-Cliffside (122),Non-Fatal Injury,0,0,1,0,0,0,0,1,1,1,0,0,0,SMV Other,"['Passenger', 'Driver']",West,"['Other', 'Automobile, Station Wagon']",['Going Ahead'],['Lost control'],['Had Been Drinking'],[],[],[],[],[],[],D41,False,"['20 to 24', '30 to 34']",3.0
1004530.0,2007-09-20 08:00:00,1030,2007,MCCOWAN RD,PITFIELD RD,Major Arterial,Scarborough,43.787345,-79.25729,640219.5269,4849729.0673,At Intersection,Traffic Signal,Clear,Daylight,Dry,128,Agincourt South-Malvern West,128,Agincourt South-Malvern West (128),Non-Fatal Injury,0,0,1,0,0,0,0,0,0,1,1,0,0,Rear End,['Driver'],North,"['Automobile, Station Wagon']","['Going Ahead', 'Stopped']","['Disobeyed Traffic Control', 'Driving Properly']",['Normal'],[],[],[],[],[],[],D42,False,"['75 to 79', '50 to 54']",3.0
1004974.0,2007-10-31 08:00:00,1803,2007,5810 SHEPPARD AVE E,Not Applicable,Major Arterial,Scarborough,43.795645,-79.22979,642412.5033,4850697.869,At Intersection,No Control,Clear,Dark,Dry,146,Malvern East,132,Malvern (132),Non-Fatal Injury,1,0,1,0,0,0,0,0,0,1,0,0,0,Pedestrian Collisions,"['Vehicle Owner', 'Driver', 'Other', 'Other Property Owner', 'Pedestrian']",West,"['Other', 'Automobile, Station Wagon']","['Slowing or Stopping', 'Parked', 'Going Ahead']","['Driving Properly', 'Following too Close']",['Normal'],['Pedestrian hit on sidewalk or shoulder'],['On Sidewalk or Shoulder'],['Normal'],[],[],[],D42,False,"['unknown', '45 to 49', '60 to 64', '15 to 19', '35 to 39']",3.0
1005011.0,2007-11-07 10:00:00,2206,2007,WARDEN AVE,HUNTINGWOOD DR,Major Arterial,Scarborough,43.784728,-79.310634,635933.3213,4849349.426,Unknown,No Control,Clear,Dark,Dry,118,Tam O'Shanter-Sullivan,118,Tam O'Shanter-Sullivan (118),Non-Fatal Injury,1,0,1,0,0,0,0,0,0,0,0,0,0,Pedestrian Collisions,"['Vehicle Owner', 'Driver', 'Pedestrian']",Unknown,"['Other', 'Automobile, Station Wagon']",['Going Ahead'],['Other'],['Normal'],['Pedestrian hit at mid-block'],['Other'],['Normal'],[],[],[],D42,False,"['unknown', '40 to 44', '30 to 34']",3.0
1005315.0,2007-11-28 10:00:00,1510,2007,YONGE St,WELLINGTON St E,Major Arterial,Toronto and East York,43.647845,-79.37739,630859.429,4834039.1548,At Intersection,Traffic Signal,Clear,Daylight,Dry,170,Yonge-Bay Corridor,76,Bay Street Corridor (76),Non-Fatal Injury,1,0,1,0,0,0,0,0,0,1,0,0,0,Pedestrian Collisions,"['Driver', 'Pedestrian']",West,"['Automobile, Station Wagon', 'Other']",['Turning Left'],['Failed to Yield Right of Way'],['Normal'],['Vehicle turns left while ped crosses with ROW at inter.'],['Crossing with right of way'],['Normal'],[],[],[],D52,False,"['35 to 39', '70 to 74']",3.0
1005351.0,2007-11-18 10:00:00,735,2007,DON VALLEY PARKWAY  N,DON MILLS Road,Expressway,Toronto and East York,43.700545,-79.33709,633992.2184,4839956.5469,Unknown,No Control,Clear,Daylight,Dry,58,Old East York,58,Old East York (58),Non-Fatal Injury,0,0,1,0,0,0,0,0,0,0,0,0,0,SMV Other,"['Vehicle Owner', 'Driver']",South,"['Other', 'Automobile, Station Wagon']",['Unknown'],[],[],[],[],[],[],[],[],D55,False,"['unknown', '30 to 34']",3.0
1005723.0,2007-11-16 10:00:00,1050,2007,2098 BRIMLEY Rd,Not Applicable,Major Arterial,Scarborough,43.788245,-79.26899,639276.0366,4849809.2731,Unknown,No Control,Clear,Daylight,Dry,128,Agincourt South-Malvern West,128,Agincourt South-Malvern West (128),Non-Fatal Injury,0,0,1,0,0,0,0,0,0,0,0,0,0,Turning Movement,"['Driver', 'Vehicle Owner']",East,"['Automobile, Station Wagon', 'Other']","['Stopped', 'Turning Right']","['Driving Properly', 'Lost control']",['Normal'],[],[],[],[],[],[],D42,False,"['50 to 54', 'unknown', '25 to 29']",3.0
1005733.0,2007-11-17 10:00:00,1650,2007,MARKET ST,THE ESPLANADE,Local,Toronto and East York,43.648745,-79.37199,631292.9693,4834147.6408,At Intersection,No Control,Clear,Dusk,Dry,166,St Lawrence-East Bayfront-The Islands,77,Waterfront Communities-The Island (77),Non-Fatal Injury,1,1,0,0,0,0,0,0,0,0,0,0,0,Pedestrian Collisions,"['Cyclist', 'Pedestrian']",East,"['Bicycle', 'Other']",['Going Ahead'],[],[],['Pedestrian hit at mid-block'],"['Crossing, no Traffic Control']",['Normal'],['Cyclist strikes pedestrian.'],['Failed to Yield Right of Way'],['Unknown'],D51,False,"['unknown', '75 to 79']",3.0
1005767.0,2007-11-30 10:00:00,1814,2007,DON MILLS RD,LAWRENCE AVE E,Major Arterial,North York,43.744045,-79.34529,633235.0161,4844774.6325,Unknown,No Control,Clear,Dark,Dry,42,Banbury-Don Mills,42,Banbury-Don Mills (42),Non-Fatal Injury,0,0,1,0,0,0,0,1,1,1,0,1,0,Rear End,"['Passenger', 'Driver', 'Vehicle Owner']",North,"['Other', 'Automobile, Station Wagon']","['Going Ahead', 'Overtaking']","['Driving Properly', 'Speed too Fast For Condition']","['Normal', 'Ability Impaired, Alcohol']",[],[],[],[],[],[],D33,False,"['45 to 49', '50 to 54', 'unknown']",3.0
1005791.0,2007-11-29 10:00:00,2357,2007,GERRARD ST E,PARLIAMENT ST,Minor Arterial,Toronto and East York,43.661945,-79.36699,631667.353,4835621.5984,At Intersection,Traffic Signal,Clear,Dark,Dry,72,Regent Park,72,Regent Park (72),Non-Fatal Injury,1,0,1,0,0,0,0,0,0,0,0,0,0,Pedestrian Collisions,"['Driver', 'Pedestrian']",East,"['Automobile, Station Wagon', 'Other']",['Going Ahead'],['Driving Properly'],['Unknown'],['Vehicle is going straight thru inter.while ped cross without ROW'],['Crossing without right of way'],['Normal'],[],[],[],D51,False,"['unknown', '60 to 64']",3.0
1006207.0,2007-11-22 10:00:00,2209,2007,KIPLING AVE,MOUNT OLIVE DR,Major Arterial,Etobicoke York,43.746845,-79.58379,614025.8528,4844729.6849,At Intersection,Traffic Controller,Clear,Dark,Other,2,Mount Olive-Silverstone-Jamestown,2,Mount Olive-Silverstone-Jamestown (2),Non-Fatal Injury,0,0,1,0,1,0,0,0,0,1,0,0,0,Turning Movement,"['Truck Driver', 'Driver']",East,"['Truck - Open', 'Automobile, Station Wagon']","['Going Ahead', 'Turning Left']",['Other'],['Normal'],[],[],[],[],[],[],D23,False,"['20 to 24', '25 to 29']",3.0
1006355.0,2007-11-23 10:00:00,1700,2007,LAWRENCE AVE E,GOODERHAM DR,Major Arterial,Scarborough,43.743845,-79.30179,636738.0708,4844823.3019,Unknown,No Control,Clear,Dusk,Dry,119,Wexford/Maryvale,119,Wexford/Maryvale (119),Non-Fatal Injury,1,0,1,0,0,0,0,0,1,1,0,0,0,Pedestrian Collisions,"['Driver', 'Pedestrian']",North,"['Automobile, Station Wagon', 'Other']",['Merging'],['Speed too Fast For Condition'],['Unknown'],['Pedestrian hit at mid-block'],"['Crossing, no Traffic Control']",['Normal'],[],[],[],D41,False,"['45 to 49', '20 to 24']",3.0
1006380.0,2007-11-23 10:00:00,830,2007,NORTH CARSON ST,LANOR AVE,Local,Etobicoke York,43.610545,-79.53779,617996.4187,4829656.1092,At Intersection,Stop Sign,Snow,Daylight,Ice,20,Alderwood,20,Alderwood (20),Non-Fatal Injury,0,0,1,0,0,1,0,1,0,1,0,0,0,Angle,"['Driver', 'Passenger', 'Vehicle Owner']",South,"['Automobile, Station Wagon', 'Other', 'Municipal Transit Bus (TTC)']","['Slowing or Stopping', 'Going Ahead']","['Disobeyed Traffic Control', 'Driving Properly']",['Normal'],[],[],[],[],[],[],D22,False,"['55 to 59', 'unknown']",3.0
1006449.0,2007-11-14 10:00:00,1825,2007,KING ST W,SUDBURY ST,Major Arterial,Toronto and East York,43.640945,-79.41719,627664.2408,4833210.8318,At Intersection,Traffic Signal,Clear,Dark,Dry,162,West Queen West,82,Niagara (82),Non-Fatal Injury,0,1,1,0,0,0,0,0,0,0,0,0,0,Cyclist Collisions,"['Driver', 'Cyclist']",East,"['Automobile, Station Wagon', 'Bicycle']","['Turning Left', 'Going Ahead']",['Improper Turn'],['Inattentive'],[],[],[],['Motorist turned left across cyclists path.'],['Driving Properly'],['Normal'],D14,False,"['75 to 79', '30 to 34']",3.0
1006590.0,2007-12-04 10:00:00,730,2007,ISLINGTON Ave,STANMILLS Rd,Major Arterial,Etobicoke York,43.624645,-79.51519,619792.1922,4831254.4446,At Intersection,Stop Sign,Strong wind,Daylight,Wet,16,Stonegate-Queensway,16,Stonegate-Queensway (16),Non-Fatal Injury,1,0,1,0,0,0,0,0,0,0,0,0,0,Pedestrian Collisions,"['Vehicle Owner', 'Driver', 'Pedestrian']",East,"['Other', 'Automobile, Station Wagon']",['Going Ahead'],['Driving Properly'],['Normal'],['Vehicle is going straight thru inter.while ped cross without ROW'],['Crossing without right of way'],['Inattentive'],[],[],[],D22,False,"['unknown', '50 to 54', '45 to 49']",3.0
1006820.0,2007-11-24 10:00:00,2352,2007,ST CLAIR AVE W,OSLER ST,Major Arterial,Toronto and East York,43.674145,-79.46039,624111.4201,4836832.5842,Unknown,No Control,Clear,Dark,Wet,91,Weston-Pelham Park,91,Weston-Pellam Park (91),Non-Fatal Injury,1,0,1,0,0,0,0,0,0,0,0,0,0,Pedestrian Collisions,"['Driver', 'Pedestrian']",East,"['Automobile, Station Wagon', 'Other']",['Going Ahead'],['Driving Properly'],['Normal'],['Vehicle is going straight thru inter.while ped cross without ROW'],"['Crossing, no Traffic Control']",['Had Been Drinking'],[],[],[],D12,False,"['70 to 74', '65 to 69']",3.0
1006875.0,2007-12-05 10:00:00,1856,2007,OSSINGTON AVE,CHURCHILL AVE,Minor Arterial,Toronto and East York,43.652445,-79.42199,627252.7993,4834480.6837,Unknown,No Control,Clear,Dark,Dry,81,Trinity-Bellwoods,81,Trinity-Bellwoods (81),Fatal,1,0,1,0,0,0,0,0,0,0,0,0,0,Pedestrian Collisions,"['Driver', 'Pedestrian']",North,"['Automobile, Station Wagon', 'Other']",['Going Ahead'],['Driving Properly'],['Normal'],['Vehicle hits the pedestrian walking or running out from between parked vehicles at mid-block'],['Coming From Behind Parked Vehicle'],['Had Been Drinking'],[],[],[],D14,True,"['75 to 79', '45 to 49']",4.0
1007071.0,2007-11-19 10:00:00,1937,2007,DAVENPORT RD,BELMONT ST,Major Arterial,Toronto and East York,43.674745,-79.39289,629551.5093,4837002.4326,At Intersection,Traffic Signal,Rain,Dark,Wet,95,Annex,95,Annex (95),Non-Fatal Injury,1,0,1,0,0,0,0,0,0,1,0,0,0,Pedestrian Collisions,"['Driver', 'Pedestrian']",South,"['Automobile, Station Wagon', 'Other']",['Turning Left'],['Failed to Yield Right of Way'],['Normal'],['Vehicle turns left while ped crosses with ROW at inter.'],['Crossing with right of way'],['Normal'],[],[],[],D53,False,"['25 to 29', 'unknown']",3.0
1007074.0,2007-11-21 10:00:00,1100,2007,KING ST W,TECUMSETH ST,Major Arterial,Toronto and East York,43.643845,-79.40329,628779.1843,4833554.3884,Unknown,No Control,Rain,Daylight,Wet,162,West Queen West,82,Niagara (82),Non-Fatal Injury,0,1,1,0,0,0,0,0,0,0,0,0,0,Cyclist Collisions,"['Vehicle Owner', 'Driver', 'Cyclist']",East,"['Other', 'Automobile, Station Wagon', 'Bicycle']","['Changing Lanes', 'Going Ahead']",['Improper Lane Change'],['Unknown'],[],[],[],['Cyclist and Driver travelling in same direction. One vehicle sideswipes the other.'],['Other'],['Unknown'],D14,False,"['unknown', '45 to 49', '30 to 34']",3.0
1007205.0,2007-12-06 10:00:00,1755,2007,RONCESVALLES Aven,CONSTANCE Stre,Minor Arterial,Toronto and East York,43.649645,-79.45039,624968.371,4834126.548,At Intersection,No Control,Clear,Dark,Dry,87,High Park-Swansea,87,High Park-Swansea (87),Non-Fatal Injury,1,0,1,0,0,0,0,0,0,1,0,0,0,Pedestrian Collisions,"['Driver', 'Pedestrian']",North,"['Automobile, Station Wagon', 'Other']",['Turning Left'],['Failed to Yield Right of Way'],['Inattentive'],['Vehicle turns left while ped crosses with ROW at inter.'],['Crossing with right of way'],['Normal'],[],[],[],D11,False,"['unknown', '70 to 74']",3.0
1007918.0,2007-12-10 10:00:00,1806,2007,MARTIN GROVE Road,ROYALCREST Road,Minor Arterial,Etobicoke York,43.752245,-79.59929,612767.7246,4845308.2151,Unknown,No Control,Clear,Dark,Wet,1,West Humber-Clairville,1,West Humber-Clairville (1),Non-Fatal Injury,1,0,1,0,0,0,0,0,0,0,0,0,0,Pedestrian Collisions,"['Driver', 'Pedestrian']",North,"['Automobile, Station Wagon', 'Other']",['Going Ahead'],['Driving Properly'],['Normal'],['Vehicle is going straight thru inter.while ped cross without ROW'],"['Crossing, no Traffic Control']",['Inattentive'],[],[],[],D23,False,"['35 to 39', '85 to 89']",3.0
1007992.0,2007-11-29 10:00:00,1742,2007,BRIMLEY Road,ST CLAIR Aven E,Minor Arterial,Scarborough,43.720845,-79.24149,641647.6359,4842370.1095,At Intersection,Traffic Signal,Clear,Dark,Dry,123,Cliffcrest,123,Cliffcrest (123),Non-Fatal Injury,1,0,1,0,0,0,0,0,0,1,0,0,0,Pedestrian Collisions,"['Driver', 'Pedestrian']",South,"['Automobile, Station Wagon', 'Other']",['Turning Left'],['Failed to Yield Right of Way'],['Inattentive'],['Vehicle turns left while ped crosses with ROW at inter.'],['Crossing with right of way'],['Normal'],[],[],[],D41,False,"['60 to 64', '55 to 59']",3.0
1008034.0,2007-11-28 10:00:00,805,2007,OAKWOOD AVE,HANSON RD,Minor Arterial,Toronto and East York,43.688945,-79.43939,625773.3638,4838507.9595,Unknown,No Control,Clear,Daylight,Ice,107,Oakwood Village,107,Oakwood Village (107),Non-Fatal Injury,1,0,1,0,0,0,0,0,0,0,0,0,0,Pedestrian Collisions,"['Driver', 'Pedestrian']",South,"['Automobile, Station Wagon', 'Other']",['Going Ahead'],['Lost control'],['Normal'],['Vehicle is going straight thru inter.while ped cross with ROW'],['Crossing with right of way'],['Normal'],[],[],[],D13,False,"['75 to 79', '20 to 24']",3.0