accident_number,date,time,year,street1,street2,road_class,district,latitude,longitude,x,y,accident_location,traffctl,visibility,light,road_surface_condition,hood_158,neighbourhood_new,hood_140,neighbourhood_old,accident_class,pedestrian,cyclist,automobile,motorcycle,truck,trsn_city_veh,emerg_veh,passenger,speeding,aggressive_driving,redlight,alcohol,disability,impact_type,involvement_type,initial_direction,vehicle_type,manoeuver,driver_action,driver_condition,pedestrian_type,pedestrian_action,pedestrian_condition,cyclist_type,cyclist_action,cyclist_condition,division,injury,involvement_age,injury_severity_score
1008261.0,2007-12-03 10:00:00,1250,2007,DON MILLS RD,CLIFFWOOD RD,Major Arterial,North York,43.807645,-79.35749,632112.544,4851818.8445,Unknown,No Control,Clear,Daylight,Wet,48,Hillcrest Village,48,Hillcrest Village (48),Non-Fatal Injury,0,0,1,0,0,0,0,1,0,1,0,0,0,Rear End,"['Driver', 'Passenger']",South,"['Automobile, Station Wagon', 'Other']","['Stopped', 'Going Ahead']","['Driving Properly', 'Following too Close']","['Normal', 'Inattentive']",[],[],[],[],[],[],D33,False,"['45 to 49', '85 to 89', '35 to 39']",3.0
1008556.0,2007-11-07 10:00:00,1130,2007,EGLINTON AVE W,CAMBERWELL RD,Major Arterial,North York,43.700045,-79.42989,626515.6553,4839755.2199,Unknown,No Control,Clear,Daylight,Dry,106,Humewood-Cedarvale,106,Humewood-Cedarvale (106),Non-Fatal Injury,1,0,1,0,0,0,0,0,0,0,0,0,0,Pedestrian Collisions,"['Vehicle Owner', 'Driver', 'Pedestrian']",East,"['Other', 'Automobile, Station Wagon']",['Reversing'],['Other'],['Normal'],['Vehicle is reversing and hits pedestrian'],"['Crossing, no Traffic Control']",['Inattentive'],[],[],[],D13,False,"['unknown', '35 to 39', '65 to 69']",3.0
1008571.0,2007-11-15 10:00:00,724,2007,LAKE SHORE BLVD W,LONG BRANCH AVE,Major Arterial,Etobicoke York,43.594345,-79.53399,618334.8265,4827862.3133,At Intersection,Traffic Signal,Clear,Daylight,Dry,19,Long Branch,19,Long Branch (19),Non-Fatal Injury,1,0,1,0,0,0,0,0,0,0,0,0,0,Pedestrian Collisions,"['Vehicle Owner', 'Driver', 'Pedestrian']",East,"['Other', 'Automobile, Station Wagon']",['Going Ahead'],['Driving Properly'],['Normal'],['Vehicle is going straight thru inter.while ped cross without ROW'],['Crossing marked crosswalk without ROW'],['Inattentive'],[],[],[],D22,False,"['unknown', '40 to 44', '20 to 24']",3.0
1008573.0,2007-11-17 10:00:00,205,2007,ROMAC DR,CAMOR CRT,Local,Scarborough,43.787645,-79.17039,647210.9049,4849913.2712,Unknown,No Control,Clear,Dark,Dry,134,Highland Creek,134,Highland Creek (134),Non-Fatal Injury,1,0,1,0,0,0,0,0,0,0,0,0,0,Pedestrian Collisions,"['Driver', 'Pedestrian']",North,"['Automobile, Station Wagon', 'Other']","['Parked', 'Other']",['Other'],"['Had Been Drinking', 'Unknown']",['Pedestrian hit at mid-block'],['Other'],['Had Been Drinking'],[],[],[],D43,False,"['30 to 34', '25 to 29', 'unknown']",3.0
1008576.0,2007-11-21 10:00:00,1925,2007,283 COXWELL AVE,Not Applicable,Minor Arterial,Toronto and East York,43.673745,-79.31969,635454.5846,4837008.3022,Unknown,No Control,Rain,Dark,Wet,65,Greenwood-Coxwell,65,Greenwood-Coxwell (65),Non-Fatal Injury,1,0,1,0,0,0,0,0,0,0,0,0,0,Pedestrian Collisions,"['Driver', 'Pedestrian']",North,"['Automobile, Station Wagon', 'Other']",['Going Ahead'],['Driving Properly'],['Normal'],['Pedestrian hit at mid-block'],"['Crossing, no Traffic Control']",['Normal'],[],[],[],D55,False,"['50 to 54', '45 to 49']",3.0
1008693.0,2007-12-12 10:00:00,1247,2007,2155 ST CLAIR Aven W,Not Applicable,Major Arterial,Etobicoke York,43.671145,-79.47359,623053.4599,4836479.7289,Unknown,No Control,Clear,Daylight,Dry,90,Junction Area,90,Junction Area (90),Non-Fatal Injury,0,0,1,0,0,0,0,0,0,0,0,0,0,SMV Unattended Vehicle,"['Driver', 'Vehicle Owner']",Unknown,"['Automobile, Station Wagon', 'Other']",['Unknown'],[],[],[],[],[],[],[],[],D11,False,"['70 to 74', 'unknown']",3.0
1008986.0,2007-12-15 10:00:00,1212,2007,LAWRENCE AVE E,MOSSBANK DR,Major Arterial,Scarborough,43.762845,-79.21109,643995.6484,4847087.2578,Unknown,No Control,Snow,Daylight,Loose Snow,141,Golfdale-Cedarbrae-Woburn,137,Woburn (137),Fatal,1,0,1,0,0,0,0,0,0,0,0,0,0,Pedestrian Collisions,"['Vehicle Owner', 'Driver', 'Pedestrian']",North,"['Other', 'Automobile, Station Wagon']",['Going Ahead'],['Driving Properly'],['Normal'],['Pedestrian hit at mid-block'],['Running onto Roadway'],['Normal'],[],[],[],D43,True,"['unknown', '55 to 59', '40 to 44']",4.0
1009018.0,2007-12-16 10:00:00,58,2007,DON VALLEY PARKWAY  S,LAWRENCE AVE E,Expressway,North York,43.743645,-79.33259,634258.5079,4844750.7108,Unknown,No Control,Snow,Dark,Loose Snow,149,Parkwoods-O'Connor Hills,45,Parkwoods-Donalda (45),Non-Fatal Injury,0,0,1,0,0,0,0,0,0,0,0,0,0,SMV Other,"['Vehicle Owner', 'Driver']",South,"['Other', 'Tow Truck', 'Automobile, Station Wagon']",['Going Ahead'],"['Driving Properly', 'Lost control']",['Normal'],[],[],[],[],[],[],D33,False,"['unknown', '40 to 44', '20 to 24']",3.0
1009323.0,2007-12-11 10:00:00,630,2007,ISLINGTON Aven,SUMMITCREST Driv,Major Arterial,Etobicoke York,43.683145,-79.54049,617636.7378,4837715.4249,At Intersection,Traffic Signal,Clear,Dark,Wet,7,Willowridge-Martingrove-Richview,7,Willowridge-Martingrove-Richview (7),Non-Fatal Injury,1,0,1,0,0,0,0,0,0,1,0,0,0,Pedestrian Collisions,"['Driver', 'Pedestrian']",East,"['Automobile, Station Wagon', 'Other']",['Turning Left'],['Failed to Yield Right of Way'],['Inattentive'],['Vehicle turns left while ped crosses with ROW at inter.'],['Crossing with right of way'],['Normal'],[],[],[],D23,False,"['55 to 59', '50 to 54']",3.0
1009774.0,2007-11-28 10:00:00,845,2007,ST CLAIR Aven W,FRENCH Aven,Major Arterial,Etobicoke York,43.667445,-79.49059,621690.4485,4836043.7182,Unknown,No Control,Clear,Daylight,Dry,111,Rockcliffe-Smythe,111,Rockcliffe-Smythe (111),Non-Fatal Injury,1,0,1,0,0,0,0,0,0,0,0,0,0,Pedestrian Collisions,"['Driver', 'Pedestrian']",South,"['Automobile, Station Wagon', 'Other']",['Going Ahead'],['Driving Properly'],['Normal'],['Pedestrian hit at mid-block'],"['Crossing, no Traffic Control']",['Inattentive'],[],[],[],D12,False,"['50 to 54', '5 to 9']",3.0
1009783.0,2007-11-29 10:00:00,144,2007,BAY ST,QUEEN ST W,Major Arterial,Toronto and East York,43.652345,-79.38239,630446.445,4834531.0667,At Intersection,No Control,Rain,Dark,Wet,170,Yonge-Bay Corridor,76,Bay Street Corridor (76),Non-Fatal Injury,0,0,1,0,0,0,0,1,1,1,0,0,0,SMV Other,"['Passenger', 'Driver']",North,"['Other', 'Automobile, Station Wagon']",['Going Ahead'],['Lost control'],['Had Been Drinking'],[],[],[],[],[],[],D52,False,['20 to 24'],3.0
1009854.0,2007-12-02 10:00:00,258,2007,267 DAVENPORT Rd,Not Applicable,Major Arterial,Toronto and East York,43.674345,-79.39819,629125.122,4836949.743,Unknown,No Control,Snow,Dark,Packed Snow,95,Annex,95,Annex (95),Non-Fatal Injury,1,0,1,0,0,0,0,0,1,1,0,1,0,Pedestrian Collisions,"['Driver', 'Other Property Owner', 'Pedestrian']",East,"['Automobile, Station Wagon', 'Other']",['Changing Lanes'],['Speed too Fast For Condition'],"['Ability Impaired, Alcohol']",['Pedestrian hit at mid-block'],['Walking on Roadway Against Traffic'],['Normal'],[],[],[],D53,False,"['35 to 39', 'unknown', '40 to 44']",3.0
1010140.0,2007-12-04 10:00:00,1250,2007,YONGE ST,CHURCH ST,Major Arterial,Toronto and East York,43.672845,-79.38789,629958.672,4836799.2333,At Intersection,Traffic Signal,Clear,Daylight,Dry,95,Annex,95,Annex (95),Non-Fatal Injury,1,0,0,0,1,0,0,0,0,0,0,0,0,Pedestrian Collisions,"['Vehicle Owner', 'Truck Driver', 'Pedestrian']",Unknown,"['Other', 'Truck - Open']",['Turning Right'],['Driving Properly'],['Normal'],['Other / Undefined'],['On Sidewalk or Shoulder'],['Normal'],[],[],[],D53,False,"['unknown', '35 to 39', '15 to 19']",3.0
1010606.0,2020-06-01 08:00:00,1820,2020,BATHURST ST,GLENGROVE AVE,Major Arterial,North York,43.714133,-79.428554,626593.6481,4841321.9293,At Intersection,Stop Sign,Clear,Daylight,Dry,39,Bedford Park-Nortown,39,Bedford Park-Nortown (39),Fatal,0,0,1,1,0,0,0,0,1,1,0,0,0,Turning Movement,"['Motorcycle Driver', 'Driver']",East,"['Motorcycle', 'Automobile, Station Wagon']","['Going Ahead', 'Turning Left']","['Exceeding Speed Limit', 'Driving Properly']","['Unknown', 'Normal']",[],[],[],[],[],[],D53,True,"['25 to 29', '15 to 19']",4.0
1010845.0,2020-06-01 08:00:00,1857,2020,2525 WARDEN AVE,Not Applicable,Major Arterial,Scarborough,43.791255,-79.313541,635684.6399,4850069.5826,Non Intersection,No Control,Clear,Daylight,Dry,147,L'Amoreaux West,117,L'Amoreaux (117),Non-Fatal Injury,0,0,1,0,0,0,0,1,0,0,0,0,0,SMV Other,"['Driver', 'Passenger']",North,"['Automobile, Station Wagon']",['Turning Right'],['Improper Turn'],['Normal'],[],[],[],[],[],[],D42,False,"['15 to 19', '20 to 24']",3.0
1011018.0,2007-12-23 10:00:00,135,2007,3003 DANFORTH AVE,Not Applicable,Major Arterial,Toronto and East York,43.690345,-79.29209,637641.558,4838897.4056,Unknown,Traffic Signal,Clear,Dark,Wet,61,Taylor-Massey,61,Taylor-Massey (61),Non-Fatal Injury,1,0,1,0,0,0,0,0,0,0,0,0,0,Pedestrian Collisions,"['Driver', 'Pedestrian']",Unknown,"['Automobile, Station Wagon', 'Other']","['Unknown', 'Other']",[],[],[],[],[],[],[],[],D55,False,['unknown'],3.0
1011055.0,2007-12-23 10:00:00,1905,2007,JARVIS ST,CARLTON ST,Major Arterial,Toronto and East York,43.662945,-79.37689,630866.9483,4835716.998,Unknown,No Control,Clear,Dark,Dry,71,Cabbagetown-South St.James Town,71,Cabbagetown-South St.James Town (71),Non-Fatal Injury,1,0,1,0,0,0,0,0,0,0,0,0,0,Pedestrian Collisions,"['Driver', 'Pedestrian']",East,"['Automobile, Station Wagon', 'Other']",['Going Ahead'],['Driving Properly'],['Normal'],['Pedestrian hit at mid-block'],"['Crossing, no Traffic Control']",['Had Been Drinking'],[],[],[],D51,False,"['15 to 19', '35 to 39']",3.0
1011231.0,2007-12-24 10:00:00,2135,2007,FINCH AVE E,ALAMOSA DR,Major Arterial,North York,43.789145,-79.37329,630882.0723,4849739.0222,Unknown,Traffic Signal,Clear,Dark,Dry,52,Bayview Village,49,Bayview Woods-Steeles (49),Fatal,1,0,1,0,0,0,0,0,0,0,0,0,0,Pedestrian Collisions,"['Driver', 'Pedestrian']",North,"['Automobile, Station Wagon', 'Other']",['Going Ahead'],['Driving Properly'],['Normal'],['Vehicle is going straight thru inter.while ped cross without ROW'],['Crossing without right of way'],['Inattentive'],[],[],[],D33,True,"['90 to 94', '75 to 79']",4.0
1011331.0,2007-12-14 10:00:00,2057,2007,QUEEN ST W,DUNN AVE,Major Arterial,Toronto and East York,43.641045,-79.43449,626268.6565,4833195.4737,At Intersection,Traffic Signal,Clear,Dark,Dry,86,Roncesvalles,86,Roncesvalles (86),Non-Fatal Injury,1,0,1,0,0,0,0,0,0,0,0,0,0,Pedestrian Collisions,"['Driver', 'Pedestrian']",South,"['Automobile, Station Wagon', 'Other']",['Going Ahead'],['Driving Properly'],['Normal'],['Vehicle is going straight thru inter.while ped cross without ROW'],['Crossing without right of way'],['Normal'],[],[],[],D11,False,"['65 to 69', '45 to 49']",3.0
1011408.0,2007-12-20 10:00:00,846,2007,DANFORTH Aven,CHESTER Aven,Major Arterial,Toronto and East York,43.677545,-79.35199,632842.3751,4837378.1042,At Intersection,Traffic Signal,Clear,Daylight,Wet,68,North Riverdale,68,North Riverdale (68),Non-Fatal Injury,0,0,1,0,0,0,0,0,0,0,0,0,0,Approaching,['Driver'],West,"['Automobile, Station Wagon']",['Going Ahead'],[],[],[],[],[],[],[],[],D55,False,['45 to 49'],3.0
1011434.0,2007-12-27 10:00:00,904,2007,3495 LAWRENCE Aven E,Not Applicable,Major Arterial,Scarborough,43.759045,-79.22839,642612.1225,4846635.2714,Unknown,Traffic Signal,Clear,Daylight,Dry,141,Golfdale-Cedarbrae-Woburn,137,Woburn (137),Non-Fatal Injury,1,0,1,0,0,0,0,0,0,0,0,0,0,Pedestrian Collisions,"['Driver', 'Pedestrian']",East,"['Automobile, Station Wagon', 'Other']","['Going Ahead', 'Other']",[],[],[],[],[],[],[],[],D43,False,"['55 to 59', '80 to 84']",3.0
1011551.0,2007-12-17 10:00:00,1232,2007,MARTIN GROVE RD,401 X W MARTIN GROVE RAMP,Major Arterial,Etobicoke York,43.692845,-79.57149,615119.5577,4838749.2371,Unknown,Traffic Signal,Clear,Daylight,Wet,1,West Humber-Clairville,1,West Humber-Clairville (1),Non-Fatal Injury,0,0,1,0,0,0,0,1,0,1,1,0,0,Angle,"['Passenger', 'Driver']",North,"['Other', 'Automobile, Station Wagon']",['Going Ahead'],"['Disobeyed Traffic Control', 'Driving Properly']",['Normal'],[],[],[],[],[],[],D23,False,"['5 to 9', '35 to 39', '45 to 49']",3.0
1011587.0,2007-11-25 10:00:00,2045,2007,FRONT ST W,SPADINA AVE,Minor Arterial,Toronto and East York,43.643245,-79.39199,629691.8619,4833505.3465,Unknown,No Control,Clear,Dark,Dry,165,Harbourfront-CityPlace,77,Waterfront Communities-The Island (77),Non-Fatal Injury,1,0,1,0,0,0,0,0,0,0,0,0,0,Pedestrian Collisions,"['Driver', 'Pedestrian']",North,"['Automobile, Station Wagon', 'Other']",['Going Ahead'],['Driving Properly'],['Normal'],['Pedestrian hit at mid-block'],"['Crossing, no Traffic Control']",['Had Been Drinking'],[],[],[],D52,False,"['55 to 59', '40 to 44']",3.0
1011634.0,2007-12-16 10:00:00,1800,2007,ISLINGTON AVE,KINGSVIEW BLVD,Major Arterial,Etobicoke York,43.699745,-79.547989,617000.031,4839548.4691,Unknown,Stop Sign,Snow,Dark,Packed Snow,6,Kingsview Village-The Westway,6,Kingsview Village-The Westway (6),Non-Fatal Injury,0,0,1,0,0,0,0,0,0,0,0,0,0,Turning Movement,"['Vehicle Owner', 'Driver']",North,"['Other', 'Pick Up Truck', 'Automobile, Station Wagon']","['Turning Left', 'Going Ahead']","['Improper Turn', 'Driving Properly']",['Normal'],[],[],[],[],[],[],D23,False,"['unknown', '25 to 29', '30 to 34']",3.0
1011635.0,2007-12-16 10:00:00,1222,2007,FINCH AVE W,MARTIN GROVE RD,Major Arterial,Etobicoke York,43.737045,-79.59059,613496.8643,4843631.9179,Unknown,No Control,Snow,Daylight,Packed Snow,2,Mount Olive-Silverstone-Jamestown,2,Mount Olive-Silverstone-Jamestown (2),Non-Fatal Injury,0,0,1,0,0,0,0,0,0,0,0,0,0,Approaching,['Driver'],East,"['Automobile, Station Wagon']","['Pulling Away from Shoulder or Curb', 'Going Ahead']","['Lost control', 'Driving Properly']",['Normal'],[],[],[],[],[],[],D23,False,"['55 to 59', '25 to 29']",3.0
1011703.0,2007-12-28 10:00:00,1455,2007,WESTON RD,GUNNS RD,Major Arterial,Etobicoke York,43.675945,-79.47039,623301.6039,4837017.5846,Unknown,Traffic Signal,Clear,Daylight,Dry,90,Junction Area,90,Junction Area (90),Non-Fatal Injury,0,0,1,0,0,0,0,1,1,1,0,0,0,SMV Other,"['Other Property Owner', 'Passenger', 'Driver']",North,"['Other', 'Automobile, Station Wagon']",['Going Ahead'],['Exceeding Speed Limit'],['Unknown'],[],[],[],[],[],[],D12,False,"['unknown', '35 to 39', '25 to 29']",3.0
1011759.0,2007-12-08 10:00:00,1949,2007,1073 WARDEN AVE,Not Applicable,Major Arterial,Scarborough,43.741545,-79.29319,637435.8045,4844582.0839,Unknown,No Control,Clear,Dark,Wet,119,Wexford/Maryvale,119,Wexford/Maryvale (119),Non-Fatal Injury,0,0,1,0,0,0,0,0,0,0,0,1,0,Rear End,['Driver'],North,"['Automobile, Station Wagon']",['Going Ahead'],"['Lost control', 'Driving Properly']","['Ability Impaired, Alcohol', 'Normal']",[],[],[],[],[],[],D41,False,['60 to 64'],3.0
1012000.0,2007-12-10 10:00:00,1700,2007,CULFORD RD,VANWYCK RD,Collector,Etobicoke York,43.705945,-79.48749,621862.3921,4840324.2149,Unknown,No Control,Clear,Dark,Wet,30,Brookhaven-Amesbury,30,Brookhaven-Amesbury (30),Non-Fatal Injury,0,0,1,0,0,0,0,0,0,1,0,0,0,Approaching,"['Driver', 'Vehicle Owner']",North,"['Automobile, Station Wagon', 'Other']",['Going Ahead'],"['Improper Passing', 'Driving Properly']","['Inattentive', 'Normal']",[],[],[],[],[],[],D12,False,"['25 to 29', 'unknown', '35 to 39']",3.0
1012088.0,2007-12-13 10:00:00,935,2007,VICTORIA PARK Aven,ST CLAIR Aven E,Major Arterial,Toronto and East York,43.709345,-79.29619,637267.7657,4841000.8284,Unknown,No Control,Clear,Daylight,Wet,120,Clairlea-Birchmount,120,Clairlea-Birchmount (120),Non-Fatal Injury,1,0,1,0,0,0,0,0,0,0,0,0,0,Pedestrian Collisions,"['Driver', 'Pedestrian']",East,"['Automobile, Station Wagon', 'Other']",['Making U Turn'],['Improper Turn'],['Normal'],['Other / Undefined'],['Crossing without right of way'],['Normal'],[],[],[],D41,False,"['45 to 49', '25 to 29']",3.0
1012986.0,2008-01-05 10:00:00,1826,2008,EGLINTON AVE E,OSWEGO RD,Major Arterial,Scarborough,43.737645,-79.24369,641430.875,4844232.2417,Unknown,No Control,Rain,Dark,Wet,138,Eglinton East,138,Eglinton East (138),Fatal,1,0,1,0,0,0,0,0,0,0,0,0,0,Pedestrian Collisions,"['Driver', 'Pedestrian']",East,"['Automobile, Station Wagon', 'Other']",['Going Ahead'],['Driving Properly'],['Normal'],['Vehicle is going straight thru inter.while ped cross without ROW'],"['Crossing, no Traffic Control']",['Normal'],[],[],[],D43,True,"['45 to 49', '30 to 34']",4.0
1012988.0,2008-01-05 10:00:00,1935,2008,SANDWELL DR,THE WESTWAY,Local,Etobicoke York,43.684345,-79.56499,615659.7132,4837814.2427,Unknown,No Control,Clear,Dark,Wet,7,Willowridge-Martingrove-Richview,7,Willowridge-Martingrove-Richview (7),Fatal,1,0,1,0,0,0,0,0,0,0,0,0,0,Pedestrian Collisions,"['Driver', 'Pedestrian']",North,"['Automobile, Station Wagon', 'Other']",['Going Ahead'],['Driving Properly'],['Normal'],['Vehicle hits the pedestrian walking or running out from between parked vehicles at mid-block'],['Coming From Behind Parked Vehicle'],['Inattentive'],[],[],[],D23,True,"['80 to 84', '75 to 79']",4.0
1013128.0,2007-12-20 10:00:00,455,2007,YORK ST,BREMNER BLVD,Major Arterial,Toronto and East York,43.644545,-79.38219,630479.4616,4833665.0891,Unknown,No Control,Clear,Dark,Dry,165,Harbourfront-CityPlace,77,Waterfront Communities-The Island (77),Non-Fatal Injury,1,0,1,0,0,0,0,0,0,0,0,0,0,Pedestrian Collisions,"['Driver', 'Pedestrian']",South,"['Automobile, Station Wagon', 'Other']",['Going Ahead'],['Driving Properly'],['Normal'],['Pedestrian hit at mid-block'],"['Crossing, no Traffic Control']",['Unknown'],[],[],[],D52,False,"['40 to 44', '20 to 24']",3.0
1013134.0,2007-12-21 10:00:00,525,2007,WILSON AVE,DUFFERIN ST,Major Arterial,North York,43.732445,-79.45729,624240.8339,4843312.2512,Unknown,No Control,Clear,Dark,Dry,155,Downsview,26,Downsview-Roding-CFB (26),Non-Fatal Injury,0,0,1,0,1,0,0,1,0,0,0,0,0,Turning Movement,"['Passenger', 'Driver', 'Other', 'Other Property Owner', 'Vehicle Owner', 'Truck Driver']",East,"['Other', 'Automobile, Station Wagon', 'Truck - Open']","['Going Ahead', 'Turning Right']","['Driving Properly', 'Improper Turn']",['Normal'],[],[],[],[],[],[],D32,False,"['20 to 24', 'unknown', '60 to 64']",3.0
1013236.0,2008-01-07 10:00:00,1702,2008,AVENUE RD,CARMICHAEL AVE,Major Arterial,North York,43.737545,-79.42059,627185.6667,4843934.3625,At Intersection,Traffic Signal,Clear,Dark,Wet,39,Bedford Park-Nortown,39,Bedford Park-Nortown (39),Fatal,1,0,1,0,0,0,0,0,0,0,0,0,0,Pedestrian Collisions,"['Driver', 'Pedestrian']",East,"['Automobile, Station Wagon', 'Other']",['Turning Left'],['Improper Turn'],['Normal'],['Vehicle turns left while ped crosses with ROW at inter.'],['Crossing with right of way'],['Normal'],[],[],[],D32,True,"['30 to 34', '70 to 74']",4.0
1013495.0,2008-01-08 10:00:00,550,2008,REXDALE BLVD,TIDEMORE AVE,Major Arterial,Etobicoke York,43.714745,-79.58519,613973.9996,4841162.6019,Unknown,No Control,Clear,Dark,Dry,1,West Humber-Clairville,1,West Humber-Clairville (1),Fatal,0,0,1,0,0,0,0,1,0,0,0,0,0,SMV Other,"['Passenger', 'Vehicle Owner', 'Driver']",West,"['Other', 'Automobile, Station Wagon']",['Going Ahead'],['Lost control'],"['Ability Impaired, Drugs']",[],[],[],[],[],[],D23,True,"['25 to 29', 'unknown']",4.0
1013702.0,2007-12-29 10:00:00,2158,2007,DANFORTH AVE,CEDARVALE AVE,Major Arterial,Toronto and East York,43.686145,-79.31069,636152.0575,4838400.2305,Unknown,No Control,Clear,Dark,Dry,62,East End-Danforth,62,East End-Danforth (62),Non-Fatal Injury,1,0,1,0,0,0,0,0,0,0,0,0,0,Pedestrian Collisions,"['Driver', 'Pedestrian']",Unknown,"['Automobile, Station Wagon', 'Other']","['Going Ahead', 'Other']",[],[],[],[],[],[],[],[],D55,False,"['60 to 64', 'unknown']",3.0
1014167.0,2008-01-11 10:00:00,820,2008,LONEY AVE,DALLNER RD,Local,Etobicoke York,43.722345,-79.51489,619622.1322,4842105.7518,At Intersection,Stop Sign,Clear,Daylight,Wet,154,Oakdale-Beverley Heights,26,Downsview-Roding-CFB (26),Non-Fatal Injury,1,0,1,0,0,0,0,0,0,1,0,0,0,Pedestrian Collisions,"['Driver', 'Pedestrian']",East,"['Automobile, Station Wagon', 'Other']",['Turning Left'],['Failed to Yield Right of Way'],['Normal'],['Vehicle turns left while ped crosses with ROW at inter.'],['Crossing with right of way'],['Inattentive'],[],[],[],D31,False,"['65 to 69', '80 to 84']",3.0
1014428.0,2007-12-27 10:00:00,3,2007,VICTORIA PARK AVE,BIGGIN CRT,Major Arterial,North York,43.728845,-79.30439,636562.8143,4843153.0407,Unknown,No Control,Clear,Dark,Dry,43,Victoria Village,43,Victoria Village (43),Non-Fatal Injury,0,0,1,0,0,0,0,1,0,0,0,0,0,Turning Movement,"['Vehicle Owner', 'Driver', 'Passenger']",North,"['Other', 'Automobile, Station Wagon']","['Making U Turn', 'Going Ahead']","['Improper Turn', 'Driving Properly']","['Inattentive', 'Normal']",[],[],[],[],[],[],D33,False,"['unknown', '25 to 29', '20 to 24']",3.0
1014571.0,2007-12-31 10:00:00,647,2007,STEELES AVE W,NORFINCH DR,Major Arterial,Etobicoke York,43.773345,-79.53179,618160.4767,4847745.7882,At Intersection,Traffic Signal,Snow,Dark,Loose Snow,NSA,NSA,NSA,NSA,Non-Fatal Injury,0,0,1,0,0,0,0,0,1,1,0,0,0,Sideswipe,['Driver'],East,"['Automobile, Station Wagon']","['Going Ahead', 'Slowing or Stopping']","['Speed too Fast For Condition', 'Driving Properly']",['Normal'],[],[],[],[],[],[],NSA,False,"['65 to 69', '45 to 49']",3.0
1014650.0,2008-01-14 10:00:00,2232,2008,35 BENDALE BLVD,Not Applicable,Local,Scarborough,43.749845,-79.23979,641716.1435,4845593.9019,Unknown,No Control,Snow,Dark,Wet,157,Bendale South,127,Bendale (127),Non-Fatal Injury,0,0,1,0,0,0,0,1,0,0,0,1,0,SMV Other,"['Passenger', 'Vehicle Owner', 'Driver']",North,"['Other', 'Automobile, Station Wagon']",['Going Ahead'],['Lost control'],"['Ability Impaired, Alcohol Over .08']",[],[],[],[],[],[],D43,False,"['20 to 24', 'unknown']",3.0
1014715.0,2007-12-31 10:00:00,1510,2007,ISLINGTON AVE,SANDHILL DR,Major Arterial,Etobicoke York,43.734045,-79.56389,615652.7494,4843335.6448,Unknown,No Control,Clear,Daylight,Dry,3,Thistletown-Beaumond Heights,3,Thistletown-Beaumond Heights (3),Non-Fatal Injury,0,0,1,0,0,0,0,0,0,1,0,0,0,Rear End,['Driver'],South,"['Automobile, Station Wagon']","['Slowing or Stopping', 'Going Ahead']","['Driving Properly', 'Following too Close']",['Normal'],[],[],[],[],[],[],D23,False,"['55 to 59', '35 to 39']",3.0
1014871.0,2008-01-15 10:00:00,652,2008,ROGERS RD,BICKNELL AVE,Minor Arterial,Etobicoke York,43.682045,-79.47199,623160.1462,4837692.6942,At Intersection,No Control,Snow,"Dusk, artificial",Slush,110,Keelesdale-Eglinton West,110,Keelesdale-Eglinton West (110),Non-Fatal Injury,1,0,1,0,0,0,0,0,0,0,0,0,0,Pedestrian Collisions,"['Driver', 'Pedestrian']",South,"['Automobile, Station Wagon', 'Other']",['Turning Right'],['Driving Properly'],['Normal'],['Pedestrian hit at mid-block'],"['Crossing, no Traffic Control']",['Normal'],[],[],[],D12,False,"['40 to 44', '85 to 89']",3.0
1014978.0,2007-12-29 10:00:00,1303,2007,ARAGON AVE,BIRCHARD ST,Local,Scarborough,43.775645,-79.30289,636577.1225,4848353.3626,Unknown,No Control,Clear,Daylight,Dry,118,Tam O'Shanter-Sullivan,118,Tam O'Shanter-Sullivan (118),Non-Fatal Injury,0,0,1,0,0,0,0,1,0,1,0,0,0,Approaching,"['Driver', 'Passenger']",North,"['Automobile, Station Wagon', 'Other']","['Other', 'Going Ahead']","['Failed to Yield Right of Way', 'Driving Properly']","['Inattentive', 'Normal']",[],[],[],[],[],[],D42,False,"['70 to 74', '25 to 29', '30 to 34']",3.0
1015097.0,2008-01-03 10:00:00,1623,2008,BAYVIEW AVE,EGLINTON AVE E,Major Arterial,North York,43.711045,-79.37719,630738.2205,4841058.6928,Unknown,Traffic Signal,Snow,Daylight,Loose Snow,99,Mount Pleasant East,99,Mount Pleasant East (99),Non-Fatal Injury,0,0,1,0,0,0,0,0,0,0,0,0,0,Rear End,['Driver'],South,"['Automobile, Station Wagon']",['Stopped'],"['Driving Properly', 'Lost control']",['Normal'],[],[],[],[],[],[],D53,False,"['35 to 39', '60 to 64']",3.0
1015121.0,2008-01-04 10:00:00,1540,2008,YORK MILLS RD,UPJOHN RD,Major Arterial,North York,43.755045,-79.35029,632808.0871,4845988.3178,Unknown,No Control,Clear,Daylight,Dry,42,Banbury-Don Mills,42,Banbury-Don Mills (42),Non-Fatal Injury,0,0,1,0,0,0,0,0,0,0,0,0,0,Approaching,['Driver'],East,"['Automobile, Station Wagon']",['Going Ahead'],"['Lost control', 'Driving Properly']","['Fatigue', 'Normal']",[],[],[],[],[],[],D33,False,"['55 to 59', '15 to 19']",3.0
1015222.0,2008-01-16 10:00:00,950,2008,WESTON RD,401 C W WESTON RD RAMP  E,Major Arterial,Etobicoke York,43.714745,-79.53669,617881.082,4841230.4318,Unknown,Traffic Signal,Clear,Daylight,Dry,23,Pelmo Park-Humberlea,23,Pelmo Park-Humberlea (23),Non-Fatal Injury,0,0,1,0,0,0,0,0,0,0,0,0,0,Approaching,['Driver'],North,"['Automobile, Station Wagon']",['Going Ahead'],"['Driving Properly', 'Wrong Way on One Way Road']","['Normal', 'Unknown']",[],[],[],[],[],[],D31,False,"['75 to 79', '65 to 69']",3.0