accident_number,date,time,year,street1,street2,road_class,district,latitude,longitude,x,y,accident_location,traffctl,visibility,light,road_surface_condition,hood_158,neighbourhood_new,hood_140,neighbourhood_old,accident_class,pedestrian,cyclist,automobile,motorcycle,truck,trsn_city_veh,emerg_veh,passenger,speeding,aggressive_driving,redlight,alcohol,disability,impact_type,involvement_type,initial_direction,vehicle_type,manoeuver,driver_action,driver_condition,pedestrian_type,pedestrian_action,pedestrian_condition,cyclist_type,cyclist_action,cyclist_condition,division,injury,involvement_age,injury_severity_score
1015320.0,2008-01-07 10:00:00,1803,2008,ST DENNIS DR,DEAUVILLE LANE,Collector,North York,43.718345,-79.33139,634411.717,4841942.7196,Unknown,Traffic Signal,Rain,Dark,Wet,44,Flemingdon Park,44,Flemingdon Park (44),Non-Fatal Injury,1,0,1,0,0,0,0,0,0,1,0,0,0,Pedestrian Collisions,"['Driver', 'Pedestrian']",East,"['Automobile, Station Wagon', 'Other']",['Turning Left'],['Failed to Yield Right of Way'],['Normal'],['Vehicle turns left while ped crosses with ROW at inter.'],['Crossing with right of way'],['Normal'],[],[],[],D55,False,"['25 to 29', '10 to 14']",3.0
1015331.0,2008-01-07 10:00:00,1730,2008,BELGREEN AVE,TAMORA CRT,Local,Scarborough,43.794945,-79.29049,637530.7709,4850517.4622,At Intersection,Stop Sign,Clear,Dark,Wet,118,Tam O'Shanter-Sullivan,118,Tam O'Shanter-Sullivan (118),Non-Fatal Injury,1,0,1,0,0,0,0,0,0,1,0,0,0,Pedestrian Collisions,"['Driver', 'Pedestrian']",South,"['Automobile, Station Wagon', 'Other']",['Turning Left'],['Failed to Yield Right of Way'],['Normal'],['Vehicle turns left while ped crosses with ROW at inter.'],['Crossing with right of way'],['Normal'],[],[],[],D42,False,"['65 to 69', '10 to 14']",3.0
1015408.0,2008-01-16 10:00:00,1608,2008,KENNEDY Road,HAVENDALE Road,Major Arterial,Scarborough,43.791045,-79.29169,637443.1698,4850082.3118,At Intersection,Traffic Signal,Clear,Daylight,Dry,118,Tam O'Shanter-Sullivan,118,Tam O'Shanter-Sullivan (118),Non-Fatal Injury,0,0,1,0,0,0,0,0,0,1,1,0,1,Turning Movement,['Driver'],North,"['Automobile, Station Wagon']","['Turning Left', 'Going Ahead']","['Driving Properly', 'Disobeyed Traffic Control']","['Normal', 'Medical or Physical Disability']",[],[],[],[],[],[],D42,False,"['45 to 49', '90 to 94']",3.0
1015577.0,2008-01-17 10:00:00,1750,2008,FINCH AVE E,WILFRED AVE,Major Arterial,North York,43.782845,-79.40149,628626.6435,4848995.1062,At Intersection,No Control,Snow,Dark,Wet,152,East Willowdale,50,Newtonbrook East (50),Non-Fatal Injury,1,0,1,0,0,0,0,0,0,0,0,0,0,Pedestrian Collisions,"['Driver', 'Pedestrian']",West,"['Automobile, Station Wagon', 'Other']",['Going Ahead'],['Driving Properly'],['Normal'],['Pedestrian hit at mid-block'],"['Crossing, no Traffic Control']",['Unknown'],[],[],[],D32,False,"['30 to 34', '45 to 49', '70 to 74']",3.0
1015580.0,2008-01-17 10:00:00,1957,2008,DON VALLEY PARKWAY  N,PRINCE EDWARD VIADUCT Stre E,Expressway,Toronto and East York,43.681845,-79.36239,631994.616,4837839.0736,Unknown,No Control,Clear,Dark,Wet,57,Broadview North,57,Broadview North (57),Non-Fatal Injury,0,0,1,0,0,0,0,0,0,1,0,0,0,Sideswipe,['Driver'],North,"['Automobile, Station Wagon']","['Going Ahead', 'Changing Lanes']","['Driving Properly', 'Improper Lane Change']",['Normal'],[],[],[],[],[],[],D55,False,"['50 to 54', '20 to 24', '30 to 34']",3.0
1015680.0,2008-01-11 10:00:00,944,2008,FINCH AVE E,CHEROKEE BLVD,Major Arterial,North York,43.793545,-79.33699,633792.9131,4850285.7501,Unknown,Traffic Signal,Clear,Daylight,Dry,46,Pleasant View,46,Pleasant View (46),Non-Fatal Injury,1,0,1,0,0,0,0,0,0,0,0,0,0,Pedestrian Collisions,"['Driver', 'Pedestrian']",North,"['Automobile, Station Wagon', 'Other']",['Turning Left'],['Improper Turn'],['Normal'],['Vehicle turns left while ped crosses without ROW at inter.'],['Crossing without right of way'],['Normal'],[],[],[],D33,False,"['70 to 74', '40 to 44']",3.0
1015704.0,2008-01-11 10:00:00,1840,2008,MALVERN ST,MAMMOTH HALL TRL,Collector,Scarborough,43.796745,-79.23579,641927.1963,4850809.7344,At Intersection,Stop Sign,Clear,Dark,Dry,145,Malvern West,132,Malvern (132),Non-Fatal Injury,1,0,1,0,0,0,0,0,0,1,0,0,0,Pedestrian Collisions,"['Vehicle Owner', 'Driver', 'Pedestrian']",East,"['Other', 'Automobile, Station Wagon']",['Going Ahead'],['Disobeyed Traffic Control'],['Inattentive'],['Vehicle is going straight thru inter.while ped cross with ROW'],['Crossing with right of way'],['Normal'],[],[],[],D42,False,"['unknown', '35 to 39', '60 to 64']",3.0
1015759.0,2007-12-10 10:00:00,1657,2007,JANE BLACK CR S RAMP ST,JANE ST,Major Arterial,Etobicoke York,43.711045,-79.50599,620361.6334,4840863.6129,Unknown,Traffic Signal,Clear,Daylight,Dry,23,Pelmo Park-Humberlea,23,Pelmo Park-Humberlea (23),Non-Fatal Injury,0,0,1,0,1,0,0,1,0,1,0,0,0,Rear End,"['Vehicle Owner', 'Truck Driver', 'Driver', 'Passenger']",East,"['Other', 'Truck - Open', 'Automobile, Station Wagon']","['Stopped', 'Going Ahead']","['Driving Properly', 'Following too Close']",['Normal'],[],[],[],[],[],[],D12,False,"['unknown', '70 to 74', '45 to 49', '30 to 34', '55 to 59', '60 to 64', '35 to 39']",3.0
1016316.0,2020-06-02 08:00:00,1555,2020,LAKE SHORE BLVD W,LOWER SIMCOE ST,Major Arterial,Toronto and East York,43.640269,-79.383151,630411.2058,4833188.6734,At Intersection,Traffic Signal,Clear,Daylight,Dry,165,Harbourfront-CityPlace,77,Waterfront Communities-The Island (77),Non-Fatal Injury,0,0,1,1,0,0,0,0,1,1,1,0,0,Angle,"['Motorcycle Driver', 'Driver']",East,"['Motorcycle', 'Automobile, Station Wagon']",['Going Ahead'],"['Disobeyed Traffic Control', 'Driving Properly']","['Inattentive', 'Normal']",[],[],[],[],[],[],D52,False,"['30 to 34', '25 to 29']",3.0
1016685.0,2008-01-21 10:00:00,1100,2008,FOXLEY ST,FOXLEY PL W,Local,Toronto and East York,43.647645,-79.42089,627351.6499,4833949.2688,Unknown,No Control,Clear,Daylight,Dry,81,Trinity-Bellwoods,81,Trinity-Bellwoods (81),Non-Fatal Injury,0,0,1,0,0,0,0,0,0,0,0,0,0,SMV Other,"['Vehicle Owner', 'Driver']",North,"['Other', 'Automobile, Station Wagon']",['Turning Right'],['Improper Turn'],['Normal'],[],[],[],[],[],[],D14,False,"['unknown', '25 to 29']",3.0
1016775.0,2008-01-23 10:00:00,645,2008,MARTIN GROVE RD,STEELES AVE W,Major Arterial,Etobicoke York,43.757845,-79.60339,612427.1548,4845924.6029,At Intersection,Traffic Signal,Clear,Dark,Dry,1,West Humber-Clairville,1,West Humber-Clairville (1),Non-Fatal Injury,1,0,1,0,0,0,0,0,0,0,0,0,0,Pedestrian Collisions,"['Driver', 'Pedestrian']",South,"['Automobile, Station Wagon', 'Other']",['Going Ahead'],['Driving Properly'],['Normal'],['Vehicle is going straight thru inter.while ped cross without ROW'],['Crossing marked crosswalk without ROW'],['Inattentive'],[],[],[],D23,False,"['30 to 34', '50 to 54']",3.0
1016912.0,2008-01-17 10:00:00,1810,2008,FINCH AVE E,VICTORIA PARK AVE,Major Arterial,North York,43.793145,-79.33139,634244.346,4850250.3915,Unknown,Traffic Signal,Clear,Dark,Dry,147,L'Amoreaux West,117,L'Amoreaux (117),Non-Fatal Injury,1,0,1,0,0,0,0,0,0,0,0,0,0,Pedestrian Collisions,"['Driver', 'Pedestrian']",East,"['Automobile, Station Wagon', 'Other']",['Going Ahead'],['Driving Properly'],['Normal'],['Vehicle is going straight thru inter.while ped cross without ROW'],['Crossing without right of way'],['Normal'],[],[],[],D42,False,"['35 to 39', '20 to 24']",3.0
1017137.0,2008-01-25 10:00:00,1823,2008,ROGERS RD,KANE AVE,Minor Arterial,Etobicoke York,43.682045,-79.46649,623603.4593,4837700.8762,Unknown,Stop Sign,Clear,Dark,Dry,110,Keelesdale-Eglinton West,110,Keelesdale-Eglinton West (110),Fatal,0,0,1,0,0,0,0,1,1,1,0,0,0,Angle,"['Passenger', 'Driver', 'Vehicle Owner']",East,"['Other', 'Automobile, Station Wagon']",['Going Ahead'],"['Failed to Yield Right of Way', 'Driving Properly']",['Normal'],[],[],[],[],[],[],D12,True,"['55 to 59', '75 to 79', 'unknown', '25 to 29']",4.0
1017235.0,2020-06-02 08:00:00,1856,2020,777 BLOOR ST W,Not Applicable,Major Arterial,Etobicoke York,43.663226,-79.419696,627414.9875,4835681.576,Non Intersection,No Control,Clear,Daylight,Dry,80,Palmerston-Little Italy,80,Palmerston-Little Italy (80),Non-Fatal Injury,0,1,1,0,0,0,0,0,0,0,0,0,0,Cyclist Collisions,"['Driver', 'Cyclist']",East,"['Automobile, Station Wagon', 'Bicycle']","['Turning Left', 'Going Ahead']",['Improper Turn'],['Unknown'],[],[],[],"['Motorist without ROW drives into path of cyclist at inter, lnwy, dwy-Driver not turn.']",['Driving Properly'],['Normal'],D14,False,"['65 to 69', '45 to 49']",3.0
1017587.0,2008-01-28 10:00:00,817,2008,MCNICOLL AVE,LA PEER BLVD,Minor Arterial,Scarborough,43.807545,-79.31549,635491.0036,4851875.6537,Unknown,Stop Sign,Clear,Daylight,Dry,116,Steeles,116,Steeles (116),Non-Fatal Injury,1,0,1,0,0,0,0,0,0,1,0,0,0,Pedestrian Collisions,"['Driver', 'Pedestrian']",North,"['Automobile, Station Wagon', 'Other']",['Turning Left'],['Failed to Yield Right of Way'],['Inattentive'],['Vehicle turns left while ped crosses with ROW at inter.'],['Crossing with right of way'],['Medical or Physical Disability'],[],[],[],D42,False,"['55 to 59', '70 to 74']",3.0
1017679.0,2008-01-21 10:00:00,1940,2008,EVANS AVE,SHERWAY GT,Major Arterial,Etobicoke York,43.608945,-79.55639,616498.5253,4829452.1511,Unknown,Traffic Signal,Clear,Dark,Dry,159,Etobicoke City Centre,14,Islington-City Centre West (14),Non-Fatal Injury,1,0,1,0,0,0,0,0,0,0,0,0,0,Pedestrian Collisions,"['Driver', 'Pedestrian']",North,"['Automobile, Station Wagon', 'Other']",['Turning Left'],['Improper Turn'],['Inattentive'],['Vehicle turns left while ped crosses with ROW at inter.'],['Crossing with right of way'],['Normal'],[],[],[],D22,False,"['65 to 69', '50 to 54']",3.0
1017926.0,2008-01-22 10:00:00,807,2008,BLOOR ST W,QUEBEC AVE,Major Arterial,Toronto and East York,43.653245,-79.46639,623670.6493,4834502.4048,Unknown,No Control,Snow,Daylight,Loose Snow,87,High Park-Swansea,87,High Park-Swansea (87),Non-Fatal Injury,0,0,1,0,0,0,0,0,0,1,0,0,0,Rear End,"['Driver', 'Vehicle Owner']",East,"['Automobile, Station Wagon', 'Other']","['Going Ahead', 'Slowing or Stopping']","['Driving Properly', 'Following too Close']",['Normal'],[],[],[],[],[],[],D11,False,"['50 to 54', '60 to 64', 'unknown', '20 to 24']",3.0
1017943.0,2008-01-29 10:00:00,2355,2008,EGLINTON AVE W,ENNERDALE RD,Major Arterial,North York,43.695045,-79.45319,624648.5404,4839164.6104,Unknown,No Control,Rain,Dark,Wet,109,Caledonia-Fairbank,109,Caledonia-Fairbank (109),Non-Fatal Injury,0,0,1,0,0,0,0,0,0,1,0,0,0,Rear End,"['Driver', 'Vehicle Owner']",East,"['Automobile, Station Wagon', 'Other']","['Parked', 'Going Ahead']","['Driving Properly', 'Following too Close']",['Normal'],[],[],[],[],[],[],D13,False,"['40 to 44', 'unknown', '35 to 39']",3.0
1018105.0,2008-01-15 10:00:00,720,2008,FINCH AVE W,RUMIKE RD,Major Arterial,Etobicoke York,43.750545,-79.54969,616764.2318,4845188.1243,Unknown,No Control,Snow,Daylight,Loose Snow,21,Humber Summit,21,Humber Summit (21),Non-Fatal Injury,1,0,1,0,0,0,0,0,0,1,0,0,0,Pedestrian Collisions,"['Driver', 'Pedestrian']",East,"['Automobile, Station Wagon', 'Other']",['Turning Left'],['Failed to Yield Right of Way'],['Inattentive'],['Pedestrian hit on sidewalk or shoulder'],['On Sidewalk or Shoulder'],['Normal'],[],[],[],D31,False,"['unknown', '40 to 44']",3.0
1018347.0,2008-01-31 10:00:00,1440,2008,DON MILLS RD E,GODSTONE RD,Major Arterial,North York,43.782745,-79.34909,632843.3548,4849066.7521,At Intersection,Traffic Signal,Clear,Daylight,Dry,47,Don Valley Village,47,Don Valley Village (47),Fatal,0,0,1,0,0,0,0,1,0,0,0,0,0,SMV Other,"['Passenger', 'Driver']",West,"['Other', 'Automobile, Station Wagon']",['Turning Left'],['Lost control'],['Inattentive'],[],[],[],[],[],[],D33,True,"['80 to 84', '85 to 89']",4.0
1018638.0,2008-02-02 10:00:00,1249,2008,BELLAMY RD N,BRIMORTON DR,Minor Arterial,Scarborough,43.767445,-79.23919,641722.8895,4847549.6801,At Intersection,Traffic Signal,Clear,Daylight,Wet,142,Woburn North,137,Woburn (137),Non-Fatal Injury,0,0,1,0,0,0,0,0,1,1,0,0,0,Turning Movement,['Driver'],North,"['Automobile, Station Wagon']","['Turning Left', 'Going Ahead']","['Failed to Yield Right of Way', 'Exceeding Speed Limit']",['Normal'],[],[],[],[],[],[],D43,False,"['80 to 84', '20 to 24']",3.0
1018923.0,2008-01-25 10:00:00,900,2008,RONCESVALLES AVE,MARMADUKE ST,Minor Arterial,Toronto and East York,43.650445,-79.45069,624942.5185,4834214.9467,At Intersection,Pedestrian Crossover,Clear,Daylight,Wet,87,High Park-Swansea,87,High Park-Swansea (87),Non-Fatal Injury,0,0,1,0,0,0,0,0,0,1,0,0,0,Approaching,"['Vehicle Owner', 'Driver']",North,"['Other', 'Automobile, Station Wagon']","['Stopped', 'Going Ahead']","['Following too Close', 'Driving Properly']",['Normal'],[],[],[],[],[],[],D11,False,"['unknown', '45 to 49', '35 to 39']",3.0
1019180.0,2008-02-04 10:00:00,1245,2008,O CONNOR DR,WOODBINE AVE,Major Arterial,Toronto and East York,43.700148,-79.319026,635448.6706,4839941.8079,At Intersection,Traffic Signal,Clear,Daylight,Dry,60,Woodbine-Lumsden,60,Woodbine-Lumsden (60),Non-Fatal Injury,0,0,1,0,0,0,0,1,0,0,0,0,0,Other,"['Passenger', 'Vehicle Owner', 'Driver']",West,"['Other', 'Automobile, Station Wagon']",['Slowing or Stopping'],['Driving Properly'],['Normal'],[],[],[],[],[],[],D55,False,"['55 to 59', '85 to 89', 'unknown', '45 to 49']",3.0
1019552.0,2008-01-29 10:00:00,1754,2008,SHUTER ST,MUTUAL ST,Minor Arterial,Toronto and East York,43.655245,-79.37459,631069.1462,4834865.4412,At Intersection,No Control,Clear,Dark,Wet,168,Downtown Yonge East,75,Church-Yonge Corridor (75),Non-Fatal Injury,1,0,1,0,0,0,0,0,0,0,0,0,0,Pedestrian Collisions,"['Driver', 'Pedestrian']",East,"['Automobile, Station Wagon', 'Other']",['Slowing or Stopping'],['Driving Properly'],['Inattentive'],['Pedestrian involved in a collision with transit vehicle anywhere along roadway'],"['Crossing, no Traffic Control']","['Ability Impaired, Alcohol']",[],[],[],D51,False,"['50 to 54', '65 to 69']",3.0
1019756.0,2008-02-08 10:00:00,1749,2008,WILSON AVE,ALLINGHAM GDNS,Major Arterial,North York,43.735545,-79.44269,625410.1718,4843678.5457,At Intersection,Traffic Signal,Rain,Daylight,Wet,33,Clanton Park,33,Clanton Park (33),Fatal,1,0,1,0,0,0,0,1,0,0,0,0,0,Pedestrian Collisions,"['Passenger', 'Vehicle Owner', 'Driver', 'Pedestrian']",South,"['Other', 'Automobile, Station Wagon']",['Going Ahead'],['Driving Properly'],['Normal'],['Vehicle is going straight thru inter.while ped cross without ROW'],['Crossing without right of way'],"['Ability Impaired, Alcohol']",[],[],[],D32,True,"['25 to 29', 'unknown', '20 to 24']",4.0
1019958.0,2008-01-11 10:00:00,328,2008,VAUGHAN RD,KENWOOD AVE,Minor Arterial,Toronto and East York,43.687645,-79.42369,627041.4215,4838387.5085,At Intersection,Traffic Signal,Rain,Dark,Wet,106,Humewood-Cedarvale,106,Humewood-Cedarvale (106),Non-Fatal Injury,0,0,1,0,0,0,0,1,1,1,1,0,0,Angle,"['Passenger', 'Driver', 'Other Property Owner']",North,"['Other', 'Automobile, Station Wagon']",['Going Ahead'],"['Exceeding Speed Limit', 'Disobeyed Traffic Control']","['Normal', 'Unknown']",[],[],[],[],[],[],D13,False,"['15 to 19', '20 to 24', 'unknown']",3.0
1020139.0,2008-01-23 10:00:00,1000,2008,LOCKSLEY AVE,BRIAR HILL AVE,Local,North York,43.703245,-79.44899,624969.9608,4840081.6561,Unknown,Stop Sign,Clear,Daylight,Wet,108,Briar Hill-Belgravia,108,Briar Hill-Belgravia (108),Non-Fatal Injury,1,0,1,0,0,0,0,0,0,1,0,0,0,Pedestrian Collisions,"['Driver', 'Pedestrian']",East,"['Automobile, Station Wagon', 'Other']",['Going Ahead'],['Failed to Yield Right of Way'],['Unknown'],['Vehicle is going straight thru inter.while ped cross with ROW'],['Crossing with right of way'],['Normal'],[],[],[],D13,False,"['unknown', '80 to 84']",3.0
1020344.0,2008-01-29 10:00:00,1955,2008,HAMILTON ST,GERRARD ST E,Minor Arterial,Toronto and East York,43.665245,-79.35349,632748.5776,4836009.621,Unknown,No Control,Rain,Dark,Wet,70,South Riverdale,70,South Riverdale (70),Non-Fatal Injury,1,0,1,0,0,0,0,0,0,1,0,0,0,Pedestrian Collisions,"['Driver', 'Pedestrian']",West,"['Automobile, Station Wagon', 'Other']",['Turning Left'],['Failed to Yield Right of Way'],['Normal'],['Vehicle turns left while ped crosses with ROW at inter.'],['Crossing with right of way'],['Normal'],[],[],[],D55,False,"['20 to 24', '65 to 69']",3.0
1020755.0,2008-02-03 10:00:00,1520,2008,KENNEDY RD,BRIGSTOCK RD,Major Arterial,Scarborough,43.762345,-79.27989,638458.784,4846914.3906,Unknown,No Control,Clear,Daylight,Wet,126,Dorset Park,126,Dorset Park (126),Non-Fatal Injury,0,0,1,0,0,0,0,1,1,1,0,0,0,Approaching,"['Vehicle Owner', 'Driver', 'Passenger']",North,"['Other', 'Automobile, Station Wagon']",['Going Ahead'],"['Driving Properly', 'Speed too Fast For Condition']",['Normal'],[],[],[],[],[],[],D41,False,"['unknown', '50 to 54', '20 to 24']",3.0
1020812.0,2008-02-05 10:00:00,1651,2008,KIPLING AVE,EGLINTON AVE W,Major Arterial,Etobicoke York,43.678645,-79.55159,616750.7969,4837199.9564,Unknown,No Control,Clear,Dusk,Dry,7,Willowridge-Martingrove-Richview,7,Willowridge-Martingrove-Richview (7),Non-Fatal Injury,0,0,1,0,0,0,0,1,0,1,0,0,0,Rear End,"['Driver', 'Passenger']",South,"['Automobile, Station Wagon', 'Other']","['Slowing or Stopping', 'Going Ahead']","['Driving Properly', 'Following too Close']",['Normal'],[],[],[],[],[],[],D23,False,"['70 to 74', '50 to 54', '30 to 34']",3.0
1021038.0,2008-01-30 10:00:00,1049,2008,DUFFERIN ST,SYLVAN AVE,Major Arterial,Toronto and East York,43.655245,-79.43359,626311.4807,4834773.937,Unknown,Traffic Signal,Clear,Daylight,Dry,83,Dufferin Grove,83,Dufferin Grove (83),Non-Fatal Injury,1,0,1,0,0,0,0,0,0,0,0,0,0,Pedestrian Collisions,"['Driver', 'Pedestrian']",North,"['Automobile, Station Wagon', 'Other']",['Going Ahead'],['Driving Properly'],['Normal'],['Vehicle is going straight thru inter.while ped cross without ROW'],['Crossing without right of way'],['Inattentive'],[],[],[],D11,False,['25 to 29'],3.0
1021293.0,2008-02-02 10:00:00,2307,2008,BRIMLEY RD,CHARTLAND BLVD S,Major Arterial,Scarborough,43.804445,-79.27619,638659.2458,4851596.4523,Unknown,No Control,Snow,Dark,Slush,129,Agincourt North,129,Agincourt North (129),Non-Fatal Injury,0,0,1,0,0,0,0,1,1,1,0,0,0,Approaching,"['Passenger', 'Vehicle Owner', 'Driver']",North,"['Other', 'Automobile, Station Wagon']",['Going Ahead'],"['Speed too Fast For Condition', 'Driving Properly']",['Normal'],[],[],[],[],[],[],D42,False,"['20 to 24', 'unknown', '15 to 19']",3.0
1021846.0,2008-02-17 10:00:00,1058,2008,910 MARKHAM Rd,PAINTED POST Driv,Major Arterial,Scarborough,43.769045,-79.22899,642540.0693,4847744.8938,Unknown,No Control,Rain,Daylight,Wet,142,Woburn North,137,Woburn (137),Non-Fatal Injury,0,0,1,0,0,0,0,1,0,0,0,1,0,Approaching,"['Driver', 'Passenger', 'Vehicle Owner']",North,"['Automobile, Station Wagon', 'Other']",['Going Ahead'],"['Driving Properly', 'Lost control']","['Normal', 'Ability Impaired, Alcohol']",[],[],[],[],[],[],D43,False,"['65 to 69', '20 to 24', 'unknown', '25 to 29']",3.0
1021860.0,2008-02-17 10:00:00,215,2008,1601 LAKE SHORE BLVD W,Not Applicable,Major Arterial,Toronto and East York,43.636945,-79.44689,625277.0258,4832721.3268,Unknown,No Control,Clear,Dark,Dry,85,South Parkdale,85,South Parkdale (85),Non-Fatal Injury,1,0,1,0,0,0,0,0,0,0,0,0,0,Pedestrian Collisions,"['Vehicle Owner', 'Driver', 'Other', 'Pedestrian']",East,"['Other', 'Automobile, Station Wagon']","['Going Ahead', 'Parked']",['Lost control'],['Unknown'],['Pedestrian hit on sidewalk or shoulder'],['On Sidewalk or Shoulder'],['Inattentive'],[],[],[],D11,False,"['unknown', '20 to 24', '30 to 34', '25 to 29', '40 to 44']",3.0
1022016.0,2008-01-27 10:00:00,1015,2008,2450 LAWRENCE AVE E,Not Applicable,Major Arterial,Scarborough,43.751045,-79.26719,639507.3299,4845680.6651,At Intersection,Stop Sign,Clear,Daylight,Wet,126,Dorset Park,126,Dorset Park (126),Non-Fatal Injury,1,0,1,0,0,0,0,0,0,1,0,0,0,Pedestrian Collisions,"['Driver', 'Pedestrian']",East,"['Automobile, Station Wagon', 'Other']",['Slowing or Stopping'],['Failed to Yield Right of Way'],['Inattentive'],['Vehicle is going straight thru inter.while ped cross with ROW'],['Crossing with right of way'],['Normal'],[],[],[],D41,False,"['25 to 29', '65 to 69']",3.0
1022763.0,2008-02-05 10:00:00,2337,2008,3559 EGLINTON AVE W,Not Applicable,Major Arterial,Etobicoke York,43.686245,-79.49239,621507.3787,4838129.0697,Unknown,No Control,Freezing Rain,Dark,Slush,115,Mount Dennis,115,Mount Dennis (115),Non-Fatal Injury,0,0,1,0,0,0,0,0,0,1,0,0,0,Turning Movement,"['Vehicle Owner', 'Driver']",East,"['Other', 'Automobile, Station Wagon']","['Going Ahead', 'Turning Left']","['Driving Properly', 'Failed to Yield Right of Way']",['Normal'],[],[],[],[],[],[],D12,False,"['unknown', '40 to 44', '25 to 29']",3.0
1023187.0,2008-02-24 10:00:00,2132,2008,BATHURST ST,CARPENTER RD,Major Arterial,North York,43.788245,-79.44669,624978.2688,4849525.6226,Unknown,No Control,Clear,Dark,Dry,35,Westminster-Branson,35,Westminster-Branson (35),Fatal,0,0,1,0,0,0,0,1,0,0,0,1,0,Approaching,"['Passenger', 'Driver']",North,"['Other', 'Automobile, Station Wagon']",['Going Ahead'],"['Driving Properly', 'Lost control']","['Normal', 'Ability Impaired, Alcohol Over .08']",[],[],[],[],[],[],D32,True,"['60 to 64', '65 to 69', '15 to 19']",4.0
1023204.0,2008-02-03 10:00:00,343,2008,STEELES AVE E,MARKHAM RD,Major Arterial,Scarborough,43.836545,-79.25119,640594.8393,4855203.8827,At Intersection,Traffic Signal,Clear,Dark,Dry,130,Milliken,130,Milliken (130),Non-Fatal Injury,0,0,1,0,0,0,0,1,0,1,1,1,0,Angle,"['Passenger', 'Driver']",South,"['Other', 'Automobile, Station Wagon']",['Going Ahead'],"['Driving Properly', 'Disobeyed Traffic Control']","['Normal', 'Ability Impaired, Alcohol Over .08']",[],[],[],[],[],[],D42,False,"['30 to 34', '35 to 39', '15 to 19']",3.0
1023759.0,2007-12-20 10:00:00,1820,2007,DUFFERIN ST,BRIAR HILL AVE,Major Arterial,North York,43.702345,-79.45209,624722.0477,4839977.0304,At Intersection,Traffic Signal,Clear,Dark,Dry,108,Briar Hill-Belgravia,108,Briar Hill-Belgravia (108),Non-Fatal Injury,1,0,1,0,0,0,0,0,0,0,0,0,0,Pedestrian Collisions,"['Driver', 'Pedestrian']",East,"['Automobile, Station Wagon', 'Other']",['Turning Left'],['Driving Properly'],['Normal'],['Vehicle turns left while ped crosses without ROW at inter.'],['Crossing without right of way'],['Inattentive'],[],[],[],D13,False,"['40 to 44', '50 to 54']",3.0
1024000.0,2008-02-26 10:00:00,1651,2008,JANE ST,BLACK CR N JANE RAMP ST,Major Arterial,Etobicoke York,43.715145,-79.50709,620264.8124,4841317.3784,Unknown,No Control,Snow,Dark,Wet,28,Rustic,28,Rustic (28),Non-Fatal Injury,1,0,1,0,0,0,0,0,0,1,0,0,0,Pedestrian Collisions,"['Vehicle Owner', 'Driver', 'Pedestrian']",South,"['Other', 'Automobile, Station Wagon']",['Going Ahead'],['Failed to Yield Right of Way'],['Inattentive'],['Other / Undefined'],['Person Getting on/off Vehicle'],['Normal'],[],[],[],D12,False,"['unknown', '35 to 39', '0 to 4']",3.0
1024139.0,2008-02-11 10:00:00,1239,2008,OAKWOOD AVE,ST CLAIR AVE W,Minor Arterial,Toronto and East York,43.679945,-79.43579,626082.352,4837513.8536,Unknown,No Control,Clear,Daylight,Wet,94,Wychwood,94,Wychwood (94),Non-Fatal Injury,1,0,1,0,0,0,0,0,0,0,0,0,0,Pedestrian Collisions,"['Driver', 'Pedestrian']",North,"['Automobile, Station Wagon', 'Other']",['Going Ahead'],['Driving Properly'],['Normal'],['Pedestrian hit at mid-block'],['Running onto Roadway'],['Inattentive'],[],[],[],D13,False,"['75 to 79', '40 to 44']",3.0
1024196.0,2008-02-28 10:00:00,600,2008,STEVENSON RD,PAMELA CRT,Local,Etobicoke York,43.743345,-79.59299,613291.7138,4844328.3379,Unknown,No Control,Clear,Dark,Dry,2,Mount Olive-Silverstone-Jamestown,2,Mount Olive-Silverstone-Jamestown (2),Non-Fatal Injury,1,0,1,0,0,0,0,0,0,1,0,0,0,Pedestrian Collisions,"['Driver', 'Pedestrian']",East,"['Automobile, Station Wagon', 'Other']",['Going Ahead'],['Failed to Yield Right of Way'],['Unknown'],['Pedestrian hit at mid-block'],['Walking on Roadway with Traffic'],['Normal'],[],[],[],D23,False,"['unknown', '45 to 49']",3.0
1024249.0,2008-02-11 10:00:00,1509,2008,EGLINTON AVE E,PHARMACY AVE,Major Arterial,Scarborough,43.725645,-79.29749,637125.8419,4842809.0285,At Intersection,Traffic Signal,Clear,Daylight,Wet,120,Clairlea-Birchmount,120,Clairlea-Birchmount (120),Non-Fatal Injury,0,0,1,0,0,0,0,0,0,1,1,0,0,Turning Movement,['Driver'],East,"['Automobile, Station Wagon']","['Turning Left', 'Stopped', 'Going Ahead']","['Driving Properly', 'Disobeyed Traffic Control']",['Normal'],[],[],[],[],[],[],D41,False,"['45 to 49', '50 to 54', '35 to 39']",3.0
1024408.0,2008-02-15 10:00:00,1900,2008,WARDEN AVE,BOWATER DR,Major Arterial,Scarborough,43.780945,-79.30899,636074.1884,4848931.9655,Unknown,No Control,Clear,Dark,Dry,118,Tam O'Shanter-Sullivan,118,Tam O'Shanter-Sullivan (118),Non-Fatal Injury,1,0,1,0,0,0,0,0,0,0,0,0,0,Pedestrian Collisions,"['Driver', 'Pedestrian']",South,"['Automobile, Station Wagon', 'Other']",['Going Ahead'],['Driving Properly'],['Unknown'],['Vehicle is going straight thru inter.while ped cross without ROW'],"['Crossing, no Traffic Control']",['Unknown'],[],[],[],D42,False,"['unknown', '60 to 64']",3.0