accident_number,date,time,year,street1,street2,road_class,district,latitude,longitude,x,y,accident_location,traffctl,visibility,light,road_surface_condition,hood_158,neighbourhood_new,hood_140,neighbourhood_old,accident_class,pedestrian,cyclist,automobile,motorcycle,truck,trsn_city_veh,emerg_veh,passenger,speeding,aggressive_driving,redlight,alcohol,disability,impact_type,involvement_type,initial_direction,vehicle_type,manoeuver,driver_action,driver_condition,pedestrian_type,pedestrian_action,pedestrian_condition,cyclist_type,cyclist_action,cyclist_condition,division,injury,involvement_age,injury_severity_score
1033337.0,2008-04-14 08:00:00,1630,2008,PARLIAMENT ST,WELLESLEY ST E,Minor Arterial,Toronto and East York,43.668145,-79.36959,631444.1837,4836306.0686,At Intersection,Traffic Signal,Clear,Daylight,Dry,71,Cabbagetown-South St.James Town,71,Cabbagetown-South St.James Town (71),Non-Fatal Injury,1,0,0,0,1,0,0,0,0,0,0,0,0,Pedestrian Collisions,"['Vehicle Owner', 'Truck Driver', 'Pedestrian']",North,"['Other', 'Truck - Open']",['Turning Left'],['Driving Properly'],['Normal'],['Vehicle turns left while ped crosses without ROW at inter.'],['Crossing without right of way'],['Had Been Drinking'],[],[],[],D51,False,"['unknown', '40 to 44', '30 to 34']",3.0
1033770.0,2008-04-15 08:00:00,2225,2008,STEELES AVE W,YONGE ST,Major Arterial,North York,43.797945,-79.42009,627097.9409,4850643.4641,At Intersection,Traffic Signal,Clear,Daylight,Dry,36,Newtonbrook West,36,Newtonbrook West (36),Non-Fatal Injury,0,0,1,0,0,0,0,0,0,1,0,0,0,Rear End,['Driver'],East,"['Automobile, Station Wagon']","['Slowing or Stopping', 'Stopped']","['Following too Close', 'Driving Properly']",['Normal'],[],[],[],[],[],[],D32,False,"['20 to 24', '25 to 29']",3.0
1033955.0,2008-03-29 08:00:00,1422,2008,EGLINTON AVE W,PEVERIL HILL  N,Major Arterial,North York,43.700845,-79.42639,626795.9931,4839849.4178,Unknown,No Control,Clear,Daylight,Dry,102,Forest Hill North,102,Forest Hill North (102),Non-Fatal Injury,1,0,1,0,0,0,0,0,0,0,0,0,0,Pedestrian Collisions,"['Driver', 'Pedestrian']",East,"['Automobile, Station Wagon', 'Other']",['Going Ahead'],['Driving Properly'],['Normal'],['Pedestrian hit at mid-block'],['Running onto Roadway'],['Unknown'],[],[],[],D13,False,"['65 to 69', '40 to 44']",3.0
1034287.0,2008-04-11 08:00:00,1849,2008,EGLINTON AVE W,SCARLETT RD,Major Arterial,Etobicoke York,43.683945,-79.51149,619972.5666,4837845.817,At Intersection,Traffic Signal,Clear,Daylight,Dry,9,Edenbridge-Humber Valley,9,Edenbridge-Humber Valley (9),Non-Fatal Injury,0,0,1,0,0,0,0,1,0,1,0,0,0,Rear End,"['Passenger', 'Vehicle Owner', 'Driver']",West,"['Other', 'Automobile, Station Wagon']","['Slowing or Stopping', 'Going Ahead']","['Driving Properly', 'Following too Close']",['Normal'],[],[],[],[],[],[],D22,False,"['35 to 39', 'unknown', '40 to 44', '45 to 49']",3.0
1034552.0,2008-04-14 08:00:00,2321,2008,FINCH AVE W,WESTMORE DR,Major Arterial,Etobicoke York,43.734645,-79.60099,612663.869,4843351.1709,Unknown,Traffic Signal,Clear,Dark,Dry,1,West Humber-Clairville,1,West Humber-Clairville (1),Non-Fatal Injury,0,0,1,0,0,0,0,1,0,1,0,0,0,Rear End,"['Passenger', 'Driver', 'Vehicle Owner']",West,"['Other', 'Automobile, Station Wagon']","['Stopped', 'Going Ahead']","['Driving Properly', 'Following too Close']",['Normal'],[],[],[],[],[],[],D23,False,"['40 to 44', '25 to 29', '30 to 34', '50 to 54', 'unknown', '35 to 39']",3.0
1034570.0,2008-04-22 08:00:00,1111,2008,PORT UNION RD,RAVINE PARK CRES,Minor Arterial,Scarborough,43.788043,-79.140193,649639.6023,4850011.6263,At Intersection,Stop Sign,Clear,Daylight,Dry,143,West Rouge,131,Rouge (131),Non-Fatal Injury,0,0,1,1,0,0,0,0,0,0,0,0,0,Turning Movement,"['Motorcycle Driver', 'Vehicle Owner', 'Driver']",North,"['Motorcycle', 'Automobile, Station Wagon']","['Going Ahead', 'Turning Left']","['Driving Properly', 'Improper Turn']","['Normal', 'Inattentive']",[],[],[],[],[],[],D43,False,"['30 to 34', 'unknown', '25 to 29']",3.0
1034749.0,2008-04-13 08:00:00,1110,2008,LAMBTON AVE,WESTON RD,Minor Arterial,Etobicoke York,43.684245,-79.48399,622188.4516,4837919.2842,At Intersection,Traffic Signal,Clear,Daylight,Dry,115,Mount Dennis,115,Mount Dennis (115),Non-Fatal Injury,0,0,1,0,0,0,0,1,0,1,0,0,0,Rear End,"['Driver', 'Passenger', 'Vehicle Owner']",East,"['Automobile, Station Wagon', 'Other']","['Slowing or Stopping', 'Stopped']","['Following too Close', 'Driving Properly']","['Inattentive', 'Normal']",[],[],[],[],[],[],D12,False,"['20 to 24', '35 to 39', 'unknown', '40 to 44']",3.0
1034751.0,2008-04-13 08:00:00,1430,2008,KENNEDY RD,401 C E KENNEDY N RAMP RD E,Major Arterial,Scarborough,43.773145,-79.28389,638111.9441,4848107.2175,Unknown,Traffic Signal,Clear,Daylight,Dry,126,Dorset Park,126,Dorset Park (126),Non-Fatal Injury,0,0,1,0,0,0,0,1,0,1,1,0,0,Angle,"['Driver', 'Passenger']",East,"['Automobile, Station Wagon', 'Other']",['Going Ahead'],"['Disobeyed Traffic Control', 'Driving Properly']",['Normal'],[],[],[],[],[],[],D41,False,"['50 to 54', '60 to 64']",3.0
1034841.0,2008-04-24 08:00:00,53,2008,FINCH AVE W,TOPCLIFF AVE,Major Arterial,Etobicoke York,43.759045,-79.50879,620040.113,4846190.639,At Intersection,No Control,Clear,Dark,Dry,25,Glenfield-Jane Heights,25,Glenfield-Jane Heights (25),Non-Fatal Injury,0,0,1,0,0,0,0,0,0,0,0,0,0,Approaching,['Driver'],East,"['Automobile, Station Wagon']",['Going Ahead'],"['Driving Properly', 'Lost control']","['Normal', 'Inattentive']",[],[],[],[],[],[],D31,False,"['65 to 69', '45 to 49']",3.0
1035278.0,2008-03-26 08:00:00,2152,2008,YORK MILLS RD,DON MILLS RD,Major Arterial,North York,43.755845,-79.34699,633071.9794,4846082.4667,At Intersection,Traffic Signal,Clear,Dark,Dry,40,St.Andrew-Windfields,40,St.Andrew-Windfields (40),Non-Fatal Injury,1,0,1,0,0,0,0,0,0,0,0,0,0,Pedestrian Collisions,"['Vehicle Owner', 'Driver', 'Pedestrian']",North,"['Other', 'Automobile, Station Wagon']",['Going Ahead'],['Driving Properly'],['Normal'],['Vehicle is going straight thru inter.while ped cross without ROW'],['Crossing without right of way'],['Inattentive'],[],[],[],D33,False,"['unknown', '20 to 24', '40 to 44']",3.0
1035403.0,2008-04-28 08:00:00,1438,2008,FINCH AVE E,SKYMARK DR,Major Arterial,North York,43.793145,-79.35229,632562.8659,4850216.7048,At Intersection,Traffic Signal,Clear,Daylight,Dry,47,Don Valley Village,47,Don Valley Village (47),Non-Fatal Injury,0,0,1,0,0,0,0,1,0,0,0,0,0,Turning Movement,"['Driver', 'Vehicle Owner', 'Passenger']",South,"['Automobile, Station Wagon', 'Other']","['Turning Right', 'Going Ahead']","['Improper Turn', 'Driving Properly']","['Inattentive', 'Normal']",[],[],[],[],[],[],D33,False,"['85 to 89', 'unknown', '60 to 64']",3.0
1035404.0,2008-04-28 08:00:00,2000,2008,EGLINTON Aven E,CREDIT UNION Driv,Major Arterial,North York,43.726145,-79.31829,635449.3949,4842830.352,At Intersection,No Control,Clear,Daylight,Dry,43,Victoria Village,43,Victoria Village (43),Non-Fatal Injury,1,0,1,0,0,0,0,0,0,0,0,0,0,Pedestrian Collisions,"['Vehicle Owner', 'Driver', 'Pedestrian']",East,"['Other', 'Automobile, Station Wagon']",['Going Ahead'],['Driving Properly'],['Normal'],['Pedestrian hit on sidewalk or shoulder'],['On Sidewalk or Shoulder'],['Normal'],[],[],[],D33,False,"['unknown', '35 to 39', '75 to 79']",3.0
1035405.0,2008-04-28 08:00:00,1722,2008,REXDALE Boul,QUEENS PLATE Driv,Major Arterial,Etobicoke York,43.719145,-79.60349,612491.5486,4841626.2832,At Intersection,No Control,Clear,Daylight,Dry,1,West Humber-Clairville,1,West Humber-Clairville (1),Fatal,1,0,1,0,0,0,0,0,0,0,0,0,1,Pedestrian Collisions,"['Vehicle Owner', 'Driver', 'Pedestrian']",East,"['Other', 'Automobile, Station Wagon']","['Going Ahead', 'Other']",['Lost control'],['Medical or Physical Disability'],['Pedestrian hit on sidewalk or shoulder'],['On Sidewalk or Shoulder'],['Normal'],[],[],[],D23,True,"['unknown', '60 to 64', '85 to 89']",4.0
1035924.0,2008-05-01 08:00:00,738,2008,ST CLAIR AVE E,JEANETTE ST,Minor Arterial,Scarborough,43.719645,-79.24709,641199.3704,4842227.2754,At Intersection,Stop Sign,Clear,Daylight,Dry,123,Cliffcrest,123,Cliffcrest (123),Fatal,1,0,0,0,1,0,0,0,0,0,0,0,0,Pedestrian Collisions,"['Vehicle Owner', 'Truck Driver', 'Pedestrian']",North,"['Other', 'Truck - Open']",['Turning Left'],['Improper Turn'],['Normal'],['Vehicle turns left while ped crosses without ROW at inter.'],"['Crossing, no Traffic Control']",['Normal'],[],[],[],D41,True,"['unknown', '35 to 39', '50 to 54']",4.0
1036238.0,2008-05-03 08:00:00,245,2008,HUNTINGDALE BLVD,HEATHERSIDE DR,Collector,Scarborough,43.796545,-79.32309,634904.4599,4850641.5113,Unknown,No Control,"Fog, Mist, Smoke, Dust",Dark,Wet,147,L'Amoreaux West,117,L'Amoreaux (117),Fatal,0,0,1,0,0,0,0,0,0,0,0,1,0,SMV Other,"['Other', 'Driver']",North,"['Other', 'Automobile, Station Wagon']","['Parked', 'Going Ahead']",['Lost control'],"['Ability Impaired, Alcohol']",[],[],[],[],[],[],D42,True,"['unknown', '20 to 24']",4.0
1036361.0,2008-04-18 08:00:00,1405,2008,YONGE ST,CARLTON ST,Major Arterial,Toronto and East York,43.661345,-79.38309,630370.517,4835529.5355,At Intersection,Traffic Signal,Clear,Daylight,Dry,168,Downtown Yonge East,75,Church-Yonge Corridor (75),Non-Fatal Injury,1,0,1,0,0,0,0,0,0,1,0,0,0,Pedestrian Collisions,"['Vehicle Owner', 'Driver', 'Pedestrian']",North,"['Other', 'Automobile, Station Wagon']",['Slowing or Stopping'],['Failed to Yield Right of Way'],['Normal'],['Vehicle is going straight thru inter.while ped cross with ROW'],['Crossing with right of way'],['Normal'],[],[],[],D51,False,"['unknown', '45 to 49', '20 to 24']",3.0
1036453.0,2008-04-10 08:00:00,1646,2008,437 DANFORTH Ave,Not Applicable,Major Arterial,Toronto and East York,43.677745,-79.35039,632970.9072,4837402.8808,Unknown,No Control,Clear,Daylight,Dry,68,North Riverdale,68,North Riverdale (68),Non-Fatal Injury,1,0,1,0,0,0,0,0,0,0,0,0,0,Pedestrian Collisions,"['Driver', 'Pedestrian']",East,"['Automobile, Station Wagon', 'Other']",['Going Ahead'],['Driving Properly'],['Unknown'],['Pedestrian hit at mid-block'],['Running onto Roadway'],['Had Been Drinking'],[],[],[],D55,False,"['60 to 64', '45 to 49']",3.0
1036484.0,2008-04-19 08:00:00,1240,2008,CARLAW AVE,VICTOR AVE,Minor Arterial,Toronto and East York,43.669145,-79.34339,633554.2415,4836458.9798,At Intersection,No Control,Clear,Daylight,Dry,68,North Riverdale,68,North Riverdale (68),Non-Fatal Injury,1,0,1,0,0,0,0,0,0,0,0,0,0,Pedestrian Collisions,"['Driver', 'Pedestrian']",East,"['Automobile, Station Wagon', 'Other']",['Slowing or Stopping'],['Driving Properly'],['Normal'],['Pedestrian involved in a collision with transit vehicle anywhere along roadway'],"['Crossing, no Traffic Control']",['Inattentive'],[],[],[],D55,False,"['45 to 49', '15 to 19']",3.0
1036520.0,2008-05-05 08:00:00,1105,2008,GRANDRAVINE DR,SENTINEL RD,Collector,Etobicoke York,43.751645,-79.49559,621117.6287,4845387.9763,At Intersection,Stop Sign,Clear,Daylight,Dry,27,York University Heights,27,York University Heights (27),Non-Fatal Injury,1,0,1,0,0,0,0,0,0,1,0,0,0,Pedestrian Collisions,"['Driver', 'Vehicle Owner', 'Pedestrian']",East,"['Automobile, Station Wagon', 'Other']","['Stopped', 'Going Ahead']","['Driving Properly', 'Disobeyed Traffic Control']",['Normal'],['Pedestrian hit on sidewalk or shoulder'],['On Sidewalk or Shoulder'],['Normal'],[],[],[],D31,False,"['70 to 74', '55 to 59', 'unknown', '75 to 79']",3.0
1036978.0,2008-04-21 08:00:00,805,2008,BLOOR ST W,OLD MILL TER,Major Arterial,Etobicoke York,43.649645,-79.49539,621339.3114,4834059.7676,Unknown,Traffic Signal,Clear,Daylight,Dry,15,Kingsway South,15,Kingsway South (15),Non-Fatal Injury,0,1,1,0,0,0,0,0,0,0,0,0,0,Cyclist Collisions,"['Driver', 'Cyclist']",East,"['Automobile, Station Wagon', 'Bicycle']","['Turning Right', 'Going Ahead']",['Driving Properly'],['Normal'],[],[],[],['Motorist turning right on green or amber at signalized intersection strikes cyclist.'],['Other'],['Normal'],D22,False,"['35 to 39', '20 to 24']",3.0
1036979.0,2008-05-02 08:00:00,708,2008,MARKHAM Road,STEELES,Major Arterial,Scarborough,43.836645,-79.25119,640594.6045,4855214.9894,Unknown,No Control,Clear,Daylight,Dry,NSA,NSA,NSA,NSA,Non-Fatal Injury,0,0,1,0,0,0,0,0,0,0,0,0,0,Sideswipe,"['Vehicle Owner', 'Driver']",North,"['Other', 'Automobile, Station Wagon']","['Stopped', 'Changing Lanes']","['Driving Properly', 'Improper Lane Change']","['Normal', 'Inattentive']",[],[],[],[],[],[],NSA,False,"['unknown', '35 to 39']",3.0
1036983.0,2008-04-21 08:00:00,845,2008,ISLINGTON AVE,RATHBURN RD,Major Arterial,Etobicoke York,43.662445,-79.53119,618427.0319,4835429.6507,Unknown,Traffic Signal,Clear,Daylight,Dry,9,Edenbridge-Humber Valley,9,Edenbridge-Humber Valley (9),Non-Fatal Injury,0,0,1,0,0,0,0,0,0,0,0,0,0,Turning Movement,['Driver'],South,"['Automobile, Station Wagon']","['Going Ahead', 'Turning Left']","['Driving Properly', 'Improper Turn']",['Normal'],[],[],[],[],[],[],D22,False,"['40 to 44', '75 to 79', '35 to 39']",3.0
1037389.0,2008-05-10 08:00:00,1216,2008,DUFFERIN ST,ROGERS RD,Major Arterial,Toronto and East York,43.685545,-79.44609,625240.4651,4838120.2033,At Intersection,Traffic Signal,Clear,Daylight,Dry,107,Oakwood Village,107,Oakwood Village (107),Non-Fatal Injury,1,0,1,0,0,0,0,0,0,0,0,0,0,Pedestrian Collisions,"['Driver', 'Pedestrian']",North,"['Automobile, Station Wagon', 'Other']",['Going Ahead'],['Driving Properly'],['Normal'],['Vehicle is going straight thru inter.while ped cross without ROW'],['Crossing without right of way'],['Normal'],[],[],[],D13,False,"['60 to 64', '30 to 34']",3.0
1037550.0,2008-04-15 08:00:00,2100,2008,SHEPPARD Aven E,WASHBURN Way,Major Arterial,Scarborough,43.796645,-79.22509,642788.2384,4850817.0336,Unknown,No Control,Clear,Dark,Dry,145,Malvern West,132,Malvern (132),Non-Fatal Injury,1,0,1,0,0,0,0,0,0,0,0,0,0,Pedestrian Collisions,"['Driver', 'Pedestrian']",South,"['Automobile, Station Wagon', 'Other']",['Going Ahead'],['Driving Properly'],['Normal'],['Pedestrian hit at mid-block'],"['Crossing, no Traffic Control']",['Unknown'],[],[],[],D42,False,"['35 to 39', '15 to 19']",3.0
1037585.0,2008-04-19 08:00:00,1307,2008,KINGSTON Road,OLD KINGSTON Road,Minor Arterial,Scarborough,43.784045,-79.16919,647316.3022,4849515.5682,At Intersection,No Control,Clear,Daylight,Dry,133,Centennial Scarborough,133,Centennial Scarborough (133),Non-Fatal Injury,0,0,1,1,0,0,0,0,0,1,0,0,0,Turning Movement,"['Motorcycle Driver', 'Driver']",East,"['Motorcycle', 'Automobile, Station Wagon']","['Going Ahead', 'Turning Left']","['Driving Properly', 'Failed to Yield Right of Way']","['Normal', 'Inattentive']",[],[],[],[],[],[],D43,False,"['50 to 54', '40 to 44']",3.0
1037827.0,2008-04-24 08:00:00,1217,2008,PAPE AVE,WOODVILLE AVE,Major Arterial,Toronto and East York,43.692345,-79.34989,632978.9471,4839025.2143,Unknown,Stop Sign,Clear,Daylight,Dry,58,Old East York,58,Old East York (58),Non-Fatal Injury,0,0,1,1,0,0,0,0,0,0,0,0,0,Angle,"['Motorcycle Driver', 'Driver']",East,"['Motorcycle', 'Automobile, Station Wagon']",['Going Ahead'],['Driving Properly'],['Normal'],[],[],[],[],[],[],D55,False,"['25 to 29', '70 to 74']",3.0
1037840.0,2008-04-28 08:00:00,1700,2008,HAVELOCK Stre,DEWSON Stre,Collector,Toronto and East York,43.655545,-79.43049,626560.8294,4834811.9795,At Intersection,Stop Sign,Clear,Daylight,Dry,83,Dufferin Grove,83,Dufferin Grove (83),Non-Fatal Injury,0,1,1,0,0,0,0,0,0,0,0,0,0,Cyclist Collisions,"['Vehicle Owner', 'Driver', 'Cyclist']",South,"['Other', 'Automobile, Station Wagon', 'Bicycle']","['Turning Left', 'Going Ahead']",['Improper Turn'],['Inattentive'],[],[],[],"['Motorist without ROW drives into path of cyclist at inter, lnwy, dwy-Driver not turn.']",['Driving Properly'],['Normal'],D14,False,"['unknown', '30 to 34', '60 to 64']",3.0
1037905.0,2008-04-26 08:00:00,712,2008,KIPLING Aven,EGLINTON Aven W,Major Arterial,Etobicoke York,43.677145,-79.55089,616810.1321,4837034.3471,At Intersection,Traffic Signal,Clear,Daylight,Dry,10,Princess-Rosethorn,10,Princess-Rosethorn (10),Non-Fatal Injury,0,0,1,0,0,0,0,1,0,1,1,0,0,Angle,"['Driver', 'Passenger']",East,"['Automobile, Station Wagon', 'Other']","['Stopped', 'Going Ahead']","['Driving Properly', 'Disobeyed Traffic Control']",['Normal'],[],[],[],[],[],[],D22,False,"['65 to 69', '45 to 49', '40 to 44', '30 to 34']",3.0
1038269.0,2008-05-14 08:00:00,800,2008,PECKHAM AVE,GREENWIN VILLAGE RD,Collector,North York,43.792745,-79.43679,625765.384,4850040.4122,Unknown,Stop Sign,Clear,Daylight,Dry,36,Newtonbrook West,36,Newtonbrook West (36),Non-Fatal Injury,1,0,1,0,0,0,0,0,0,1,0,0,0,Pedestrian Collisions,"['Driver', 'Pedestrian']",North,"['Automobile, Station Wagon', 'Other']",['Turning Left'],['Failed to Yield Right of Way'],['Inattentive'],['Vehicle turns left while ped crosses with ROW at inter.'],['Crossing with right of way'],['Normal'],[],[],[],D32,False,"['65 to 69', '45 to 49']",3.0
1038340.0,2008-05-13 08:00:00,2030,2008,EGLINTON AVE E,CREDIT UNION DR,Major Arterial,North York,43.725945,-79.31939,635361.2475,4842806.3417,Unknown,No Control,Clear,Dark,Dry,43,Victoria Village,43,Victoria Village (43),Fatal,0,0,1,0,0,0,0,1,1,1,0,0,0,Approaching,"['Vehicle Owner', 'Driver', 'Passenger']",East,"['Other', 'Automobile, Station Wagon']",['Going Ahead'],"['Driving Properly', 'Exceeding Speed Limit']","['Normal', 'Unknown', 'Had Been Drinking']",[],[],[],[],[],[],D33,True,"['unknown', '25 to 29', '55 to 59', '30 to 34', '20 to 24', '15 to 19']",4.0
1038453.0,2008-04-28 08:00:00,1616,2008,BATHURST Stre,DREWRY Aven,Major Arterial,North York,43.781045,-79.44479,625146.1658,4848728.8223,Unknown,No Control,Clear,Daylight,Dry,36,Newtonbrook West,36,Newtonbrook West (36),Non-Fatal Injury,0,0,1,0,0,0,0,0,0,1,0,0,0,Turning Movement,"['Driver', 'Vehicle Owner']",North,"['Automobile, Station Wagon', 'Other']","['Turning Left', 'Going Ahead']","['Failed to Yield Right of Way', 'Driving Properly']",['Normal'],[],[],[],[],[],[],D32,False,"['20 to 24', 'unknown']",3.0
1038469.0,2008-05-02 08:00:00,1550,2008,MCCOWAN RD,CORPORATE DR,Major Arterial,Scarborough,43.784645,-79.25619,640314.352,4849431.0535,Unknown,No Control,Rain,Daylight,Wet,128,Agincourt South-Malvern West,128,Agincourt South-Malvern West (128),Non-Fatal Injury,1,0,1,0,0,0,0,0,0,0,0,0,0,Pedestrian Collisions,"['Driver', 'Pedestrian']",South,"['Automobile, Station Wagon', 'Other']","['Going Ahead', 'Unknown']",['Driving Properly'],['Normal'],['Pedestrian hit at mid-block'],"['Crossing, no Traffic Control']",['Medical or Physical Disability'],[],[],[],D42,False,"['60 to 64', '55 to 59']",3.0
1038512.0,2008-05-15 08:00:00,950,2008,RATHBURN Road,THE EAST MALL,Minor Arterial,Etobicoke York,43.654945,-79.56429,615772.6413,4834549.9666,At Intersection,Traffic Signal,Clear,Daylight,Dry,11,Eringate-Centennial-West Deane,11,Eringate-Centennial-West Deane (11),Non-Fatal Injury,0,0,1,0,0,0,0,0,0,1,1,0,1,Turning Movement,['Driver'],East,"['Automobile, Station Wagon']","['Turning Left', 'Going Ahead']","['Driving Properly', 'Disobeyed Traffic Control']","['Normal', 'Medical or Physical Disability']",[],[],[],[],[],[],D22,False,"['35 to 39', '80 to 84']",3.0
1038516.0,2008-05-15 08:00:00,1428,2008,FINCH AVE W,SENLAC RD,Major Arterial,North York,43.776445,-79.43029,626322.6626,4848239.9431,At Intersection,Traffic Signal,Clear,"Daylight, artificial",Dry,37,Willowdale West,37,Willowdale West (37),Non-Fatal Injury,0,0,1,0,0,0,0,1,0,1,0,0,0,Turning Movement,"['Passenger', 'Driver', 'Vehicle Owner', 'Other Property Owner']",East,"['Other', 'Automobile, Station Wagon']","['Turning Left', 'Going Ahead']","['Failed to Yield Right of Way', 'Driving Properly']",['Normal'],[],[],[],[],[],[],D32,False,"['80 to 84', '90 to 94', '20 to 24', 'unknown', '25 to 29']",3.0
1038517.0,2008-05-15 08:00:00,1403,2008,AVENUE RD,YORKVILLE AVE,Major Arterial,Toronto and East York,43.670345,-79.39479,629407.8025,4836510.7875,At Intersection,Traffic Signal,Clear,Daylight,Dry,95,Annex,95,Annex (95),Non-Fatal Injury,1,0,1,0,0,0,0,0,0,1,0,0,0,Pedestrian Collisions,"['Pedestrian', 'Vehicle Owner', 'Driver']",West,"['Other', 'Automobile, Station Wagon']",['Turning Left'],['Failed to Yield Right of Way'],['Inattentive'],['Vehicle turns left while ped crosses with ROW at inter.'],['Crossing with right of way'],['Normal'],[],[],[],D53,False,"['70 to 74', 'unknown', '35 to 39']",3.0
1039230.0,2008-05-07 08:00:00,1734,2008,COLLEGE ST,RUSHOLME RD,Major Arterial,Toronto and East York,43.653245,-79.42819,626751.1353,4834560.0451,At Intersection,No Control,Rain,Daylight,Wet,83,Dufferin Grove,83,Dufferin Grove (83),Non-Fatal Injury,0,1,1,0,0,0,0,0,0,0,0,0,0,Cyclist Collisions,"['Driver', 'Cyclist']",West,"['Automobile, Station Wagon', 'Bicycle']","['Going Ahead', 'Unknown']",['Other'],['Inattentive'],[],[],[],['Cyclist struck opened vehicle door'],['Driving Properly'],['Unknown'],D14,False,"['unknown', '20 to 24']",3.0
1039417.0,2008-04-24 08:00:00,2020,2008,ST CLAIR AVE W,SILVERTHORN AVE,Major Arterial,Toronto and East York,43.674145,-79.45999,624143.6653,4836833.1828,Unknown,Traffic Signal,Clear,Dark,Dry,91,Weston-Pelham Park,91,Weston-Pellam Park (91),Non-Fatal Injury,0,0,1,1,0,0,0,0,0,0,0,0,0,Sideswipe,"['Motorcycle Driver', 'Vehicle Owner', 'Driver']",West,"['Motorcycle', 'Other', 'Automobile, Station Wagon']","['Going Ahead', 'Changing Lanes']","['Driving Properly', 'Improper Lane Change']","['Normal', 'Inattentive']",[],[],[],[],[],[],D11,False,"['30 to 34', 'unknown', '20 to 24']",3.0
1039584.0,2008-05-22 08:00:00,1310,2008,EGLINTON AVE W,ELMSTHORPE AVE,Major Arterial,North York,43.704245,-79.41029,628086.0465,4840251.7839,Unknown,No Control,Clear,Daylight,Dry,103,Lawrence Park South,103,Lawrence Park South (103),Fatal,0,1,1,0,0,0,0,0,0,0,0,0,0,Cyclist Collisions,"['Driver', 'Vehicle Owner', 'Cyclist']",East,"['Delivery Van', 'Other', 'Automobile, Station Wagon', 'Bicycle']","['Going Ahead', 'Parked']","['Driving Properly', 'Other']","['Normal', 'Inattentive']",[],[],[],['Cyclist struck opened vehicle door'],['Driving Properly'],['Unknown'],D53,True,"['55 to 59', 'unknown', '40 to 44']",4.0
1039861.0,2008-05-24 08:00:00,30,2008,BAYVIEW Aven,BLOOR Ramp,Unknown,Toronto and East York,43.677146,-79.367893,631561.3284,4837308.4419,Unknown,No Control,Clear,Dark,Dry,98,Rosedale-Moore Park,98,Rosedale-Moore Park (98),Fatal,0,0,0,1,0,0,0,0,1,1,0,0,0,SMV Other,['Motorcycle Driver'],North,['Motorcycle'],['Going Ahead'],['Exceeding Speed Limit'],['Unknown'],[],[],[],[],[],[],D53,True,['25 to 29'],4.0
1040088.0,2008-05-26 08:00:00,1440,2008,230 QUEEN ST E,Not Applicable,Major Arterial,Toronto and East York,43.654645,-79.36899,631522.0314,4834807.6643,At Intersection,No Control,Clear,Daylight,Dry,73,Moss Park,73,Moss Park (73),Non-Fatal Injury,0,0,1,0,0,1,0,0,0,0,0,0,1,Approaching,"['Driver', 'Vehicle Owner']",East,"['Automobile, Station Wagon', 'Municipal Transit Bus (TTC)']","['Going Ahead', 'Slowing or Stopping']","['Lost control', 'Driving Properly']","['Medical or Physical Disability', 'Normal']",[],[],[],[],[],[],D51,False,"['60 to 64', 'unknown', '50 to 54']",3.0
1040090.0,2008-05-26 08:00:00,1125,2008,1835 YONGE ST,Not Applicable,Major Arterial,Toronto and East York,43.696639,-79.396304,629229.2769,4839428.735,Unknown,No Control,Clear,Daylight,Dry,174,South Eglinton-Davisville,104,Mount Pleasant West (104),Non-Fatal Injury,0,0,1,0,0,0,0,0,0,0,0,0,1,Approaching,"['Driver', 'Vehicle Owner']",North,"['Automobile, Station Wagon', 'Other']",['Going Ahead'],"['Driving Properly', 'Lost control']","['Normal', 'Medical or Physical Disability']",[],[],[],[],[],[],D53,False,"['45 to 49', 'unknown']",3.0
1040168.0,2008-05-04 08:00:00,2320,2008,DUFFERIN Stre,LAWRENCE Aven W,Major Arterial,North York,43.714545,-79.45479,624479.238,4841327.9527,At Intersection,No Control,Clear,Dark,Dry,31,Yorkdale-Glen Park,31,Yorkdale-Glen Park (31),Non-Fatal Injury,0,0,1,0,0,0,0,0,0,0,0,1,0,Sideswipe,"['Vehicle Owner', 'Driver', 'Other Property Owner']",South,"['Other', 'Automobile, Station Wagon']","['Changing Lanes', 'Going Ahead']","['Other', 'Driving Properly']","['Ability Impaired, Alcohol Over .08', 'Normal']",[],[],[],[],[],[],D32,False,"['unknown', '55 to 59', '20 to 24']",3.0
1040428.0,2008-05-28 08:00:00,810,2008,PARLIAMENT St,LAKE SHORE Blvd E,Minor Arterial,Toronto and East York,43.648645,-79.36149,632139.9839,4834153.2003,At Intersection,No Control,Clear,Daylight,Dry,166,St Lawrence-East Bayfront-The Islands,77,Waterfront Communities-The Island (77),Non-Fatal Injury,0,1,1,0,0,0,0,0,0,0,0,0,0,Cyclist Collisions,"['Driver', 'Cyclist']",North,"['Automobile, Station Wagon', 'Bicycle']","['Going Ahead', 'Changing Lanes']",['Driving Properly'],['Normal'],[],[],[],['Cyclist and Driver travelling in same direction. One vehicle sideswipes the other.'],['Improper Lane Change'],['Inattentive'],D51,False,"['40 to 44', '20 to 24']",3.0
1040690.0,2008-05-18 08:00:00,535,2008,FINCH AVE W,MADELINE RD,Major Arterial,North York,43.778445,-79.42159,627018.5679,4848475.3844,At Intersection,No Control,Clear,Dark,Dry,36,Newtonbrook West,36,Newtonbrook West (36),Non-Fatal Injury,0,0,1,0,0,0,0,0,0,0,0,0,0,SMV Other,"['Driver', 'Other Property Owner']",West,"['Automobile, Station Wagon', 'Other']",['Going Ahead'],['Lost control'],['Had Been Drinking'],[],[],[],[],[],[],D32,False,"['25 to 29', 'unknown']",3.0