accident_number,date,time,year,street1,street2,road_class,district,latitude,longitude,x,y,accident_location,traffctl,visibility,light,road_surface_condition,hood_158,neighbourhood_new,hood_140,neighbourhood_old,accident_class,pedestrian,cyclist,automobile,motorcycle,truck,trsn_city_veh,emerg_veh,passenger,speeding,aggressive_driving,redlight,alcohol,disability,impact_type,involvement_type,initial_direction,vehicle_type,manoeuver,driver_action,driver_condition,pedestrian_type,pedestrian_action,pedestrian_condition,cyclist_type,cyclist_action,cyclist_condition,division,injury,involvement_age,injury_severity_score
1040891.0,2008-05-30 08:00:00,746,2008,BAY ST,YORKVILLE AVE,Major Arterial,Toronto and East York,43.671345,-79.39019,629776.4908,4836629.0372,Unknown,Traffic Signal,Clear,Daylight,Dry,95,Annex,95,Annex (95),Fatal,1,0,1,0,0,0,0,0,0,0,0,0,0,Pedestrian Collisions,"['Vehicle Owner', 'Driver', 'Pedestrian']",East,"['Other', 'Automobile, Station Wagon']",['Turning Left'],['Driving Properly'],['Normal'],['Pedestrian involved in a collision with transit vehicle anywhere along roadway'],['Crossing without right of way'],['Unknown'],[],[],[],D53,True,"['unknown', '40 to 44', '70 to 74']",4.0
1040898.0,2008-05-30 08:00:00,1138,2008,331 TRUDELLE St,Not Applicable,Collector,Scarborough,43.741545,-79.23449,642162.5041,4844681.1424,Unknown,No Control,Rain,Daylight,Wet,138,Eglinton East,138,Eglinton East (138),Non-Fatal Injury,1,0,1,0,0,0,0,0,1,1,0,0,1,Pedestrian Collisions,"['Driver', 'Other', 'Pedestrian']",North,"['Automobile, Station Wagon', 'Other']","['Going Ahead', 'Parked', 'Other']",['Lost control'],['Medical or Physical Disability'],['Pedestrian hit on sidewalk or shoulder'],['On Sidewalk or Shoulder'],['Normal'],[],[],[],D43,False,"['50 to 54', 'unknown', '10 to 14']",3.0
1041105.0,2008-06-01 08:00:00,1838,2008,LAWRENCE Ave W,ROXALINE St,Minor Arterial,Etobicoke York,43.696845,-79.52969,618480.2491,4839252.3694,At Intersection,Stop Sign,Clear,Daylight,Dry,8,Humber Heights-Westmount,8,Humber Heights-Westmount (8),Non-Fatal Injury,0,0,1,0,0,0,0,0,0,1,0,0,0,Angle,['Driver'],South,"['Automobile, Station Wagon']",['Going Ahead'],"['Driving Properly', 'Disobeyed Traffic Control']","['Normal', 'Inattentive']",[],[],[],[],[],[],D23,False,"['50 to 54', '15 to 19']",3.0
1041453.0,2008-06-03 08:00:00,1230,2008,SENLAC RD,SHEPPARD AVE W,Major Arterial,North York,43.758945,-79.42259,626979.3512,4846308.0804,At Intersection,Traffic Signal,Rain,Daylight,Wet,38,Lansing-Westgate,38,Lansing-Westgate (38),Non-Fatal Injury,1,0,1,0,0,0,0,0,0,1,0,0,0,Pedestrian Collisions,"['Pedestrian', 'Driver']",East,"['Other', 'Automobile, Station Wagon']",['Turning Left'],['Failed to Yield Right of Way'],['Inattentive'],['Vehicle turns left while ped crosses with ROW at inter.'],['Crossing with right of way'],['Normal'],[],[],[],D32,False,"['70 to 74', '80 to 84']",3.0
1041588.0,2008-06-04 08:00:00,1838,2008,PORT UNION Road,KINGSTON Road,Minor Arterial,Scarborough,43.798545,-79.14579,649163.1304,4851167.9406,At Intersection,No Control,Clear,Daylight,Dry,133,Centennial Scarborough,133,Centennial Scarborough (133),Non-Fatal Injury,0,0,1,0,0,0,0,0,0,0,0,0,0,Angle,['Driver'],Unknown,"['Automobile, Station Wagon']","['Going Ahead', 'Changing Lanes']",[],[],[],[],[],[],[],[],D42,False,"['60 to 64', '65 to 69']",3.0
1041602.0,2008-05-18 08:00:00,840,2008,LAWSON Rd,MEADOWVALE Rd,Collector,Scarborough,43.784845,-79.16249,647853.4529,4849616.3671,Unknown,No Control,Clear,Daylight,Dry,133,Centennial Scarborough,133,Centennial Scarborough (133),Non-Fatal Injury,0,0,1,0,0,0,0,1,0,0,0,0,0,Approaching,"['Vehicle Owner', 'Driver', 'Passenger']",East,"['Other', 'Automobile, Station Wagon']",['Going Ahead'],"['Driving Properly', 'Lost control']",['Normal'],[],[],[],[],[],[],D43,False,"['unknown', '40 to 44', '65 to 69', '35 to 39']",3.0
1041737.0,2008-05-26 08:00:00,1125,2008,1835 YONGE ST,Not Applicable,Major Arterial,Toronto and East York,43.696645,-79.39629,629230.3922,4839429.4232,Unknown,No Control,Clear,Daylight,Dry,174,South Eglinton-Davisville,104,Mount Pleasant West (104),Non-Fatal Injury,0,0,1,0,0,0,0,0,0,0,0,0,0,Approaching,['Driver'],North,"['Automobile, Station Wagon']","['Going Ahead', 'Other']",[],[],[],[],[],[],[],[],D53,False,"['50 to 54', '45 to 49']",3.0
1041784.0,2008-05-09 08:00:00,1956,2008,ST CLAIR AVE W,BATHURST ST,Major Arterial,Toronto and East York,43.683093,-79.418262,627488.5333,4837890.2764,At Intersection,Traffic Signal,Clear,Daylight,Dry,96,Casa Loma,96,Casa Loma (96),Non-Fatal Injury,1,0,0,0,0,1,0,0,0,1,0,0,0,Pedestrian Collisions,"['Vehicle Owner', 'Driver', 'Pedestrian']",South,['Municipal Transit Bus (TTC)'],['Pulling Away from Shoulder or Curb'],['Failed to Yield Right of Way'],['Inattentive'],['Pedestrian involved in a collision with transit vehicle anywhere along roadway'],['Person Getting on/off Vehicle'],['Normal'],[],[],[],D13,False,"['unknown', '40 to 44', '60 to 64']",3.0
1041835.0,2008-05-23 08:00:00,1244,2008,KIPLING AVE,SNARESBROOK DR,Major Arterial,Etobicoke York,43.721645,-79.57149,615064.4418,4841947.8711,At Intersection,Traffic Signal,Clear,Daylight,Dry,1,West Humber-Clairville,1,West Humber-Clairville (1),Non-Fatal Injury,1,0,1,0,0,0,0,0,0,0,0,0,0,Pedestrian Collisions,"['Vehicle Owner', 'Driver', 'Pedestrian']",North,"['Other', 'Automobile, Station Wagon']",['Going Ahead'],['Driving Properly'],['Normal'],['Vehicle is going straight thru inter.while ped cross without ROW'],['Crossing without right of way'],['Inattentive'],[],[],[],D23,False,"['unknown', '35 to 39', '10 to 14']",3.0
1041888.0,2008-06-06 08:00:00,750,2008,EGLINTON AVE W,RICHARDSON AVE,Major Arterial,Etobicoke York,43.690945,-79.47149,623182.2291,4838681.9023,At Intersection,Traffic Signal,Clear,Daylight,Dry,110,Keelesdale-Eglinton West,110,Keelesdale-Eglinton West (110),Non-Fatal Injury,0,0,1,1,0,0,0,0,0,0,0,0,0,Rear End,"['Motorcycle Driver', 'Driver']",East,"['Motorcycle', 'Automobile, Station Wagon']","['Going Ahead', 'Stopped']","['Lost control', 'Driving Properly']",['Normal'],[],[],[],[],[],[],D12,False,"['25 to 29', '55 to 59', '35 to 39']",3.0
1042071.0,2008-06-08 08:00:00,800,2008,MORNINGSIDE AVE,MCLEVIN AVE,Major Arterial,Scarborough,43.808945,-79.20269,644560.6268,4852222.0416,At Intersection,Traffic Signal,Clear,Daylight,Dry,144,Morningside Heights,131,Rouge (131),Non-Fatal Injury,0,0,1,0,0,0,0,1,1,1,1,0,0,Rear End,"['Vehicle Owner', 'Driver', 'Passenger']",West,"['Other', 'Automobile, Station Wagon']","['Going Ahead', 'Stopped']","['Disobeyed Traffic Control', 'Driving Properly']","['Inattentive', 'Normal']",[],[],[],[],[],[],D42,False,"['unknown', '40 to 44', '45 to 49', '10 to 14', '20 to 24']",3.0
1042100.0,2008-06-08 08:00:00,2120,2008,ALBION RD,MARTIN GROVE RD,Major Arterial,Etobicoke York,43.742045,-79.59479,613149.2267,4844181.4945,Unknown,Missing Control,Other,Dusk,Other,1,West Humber-Clairville,1,West Humber-Clairville (1),Non-Fatal Injury,0,0,1,0,0,0,0,0,0,0,0,0,0,Other,['Driver'],Unknown,"['Automobile, Station Wagon']",['Unknown'],[],[],[],[],[],[],[],[],D23,False,['30 to 34'],3.0
1042256.0,2008-05-24 08:00:00,200,2008,SPADINA AVE,CLARENCE SQ W,Major Arterial,Toronto and East York,43.644845,-79.39479,629462.5924,4833678.6756,Unknown,No Control,Clear,Dark,Dry,164,Wellington Place,77,Waterfront Communities-The Island (77),Non-Fatal Injury,0,0,0,1,0,0,0,1,0,0,0,0,0,SMV Other,"['Motorcycle Passenger', 'Motorcycle Driver']",South,"['Other', 'Motorcycle']",['Turning Left'],['Lost control'],['Normal'],[],[],[],[],[],[],D52,False,['20 to 24'],3.0
1042268.0,2008-05-24 08:00:00,1238,2008,CHRISTIE ST,LAMBERTLODGE AVE,Minor Arterial,Toronto and East York,43.673845,-79.42239,627175.3483,4836856.8237,At Intersection,Stop Sign,Clear,Daylight,Dry,94,Wychwood,94,Wychwood (94),Non-Fatal Injury,0,1,1,0,0,0,0,0,0,1,0,0,0,Cyclist Collisions,"['Driver', 'Cyclist']",South,"['Automobile, Station Wagon', 'Bicycle']","['Turning Right', 'Going Ahead']",['Failed to Yield Right of Way'],['Inattentive'],[],[],[],"['Motorist turns right at non-signal Inter.(stop, yield, no cont.,and dwy) and strikes cyclist.']",['Driving Properly'],['Normal'],D13,False,"['25 to 29', '35 to 39']",3.0
1042286.0,2008-05-15 08:00:00,1920,2008,WOBURN AVE,GREY RD,Collector,North York,43.724845,-79.41979,627276.9879,4842525.0721,At Intersection,Stop Sign,Clear,Daylight,Dry,39,Bedford Park-Nortown,39,Bedford Park-Nortown (39),Non-Fatal Injury,0,1,1,0,0,0,0,0,0,0,0,0,0,Cyclist Collisions,"['Driver', 'Cyclist']",North,"['Automobile, Station Wagon', 'Bicycle']",['Going Ahead'],['Driving Properly'],['Normal'],[],[],[],"['Cyclist without ROW rides into path of motorist at inter, lnwy, dwy-Cyclist not turn.']",['Failed to Yield Right of Way'],['Normal'],D32,False,"['60 to 64', '35 to 39']",3.0
1042295.0,2008-06-09 08:00:00,1223,2008,WARDEN AVE,MANHATTAN DR,Major Arterial,Scarborough,43.752045,-79.29749,637065.5877,4845741.1423,At Intersection,Traffic Signal,Clear,Daylight,Dry,119,Wexford/Maryvale,119,Wexford/Maryvale (119),Non-Fatal Injury,0,0,1,0,0,0,0,1,0,1,1,0,0,Angle,"['Driver', 'Passenger']",East,"['Automobile, Station Wagon', 'Other']",['Going Ahead'],"['Driving Properly', 'Disobeyed Traffic Control']",['Normal'],[],[],[],[],[],[],D41,False,"['75 to 79', '5 to 9', '35 to 39']",3.0
1042297.0,2008-06-08 08:00:00,1720,2008,WESTON Road,FLINDON Road,Major Arterial,Etobicoke York,43.721045,-79.537387,617812.5858,4841929.1437,Unknown,No Control,Clear,Daylight,Dry,23,Pelmo Park-Humberlea,23,Pelmo Park-Humberlea (23),Non-Fatal Injury,0,0,1,0,0,0,0,1,0,0,0,0,1,SMV Other,"['Passenger', 'Driver']",South,"['Other', 'Automobile, Station Wagon']","['Other', 'Going Ahead']",['Lost control'],['Medical or Physical Disability'],[],[],[],[],[],[],D31,False,"['60 to 64', '65 to 69', '75 to 79', '80 to 84']",3.0
1042389.0,2008-05-23 08:00:00,2135,2008,CENTENNIAL PARK Rd,RATHBURN Rd,Minor Arterial,Etobicoke York,43.650745,-79.58149,614393.6326,4834059.6505,Unknown,No Control,Clear,Dark,Dry,11,Eringate-Centennial-West Deane,11,Eringate-Centennial-West Deane (11),Non-Fatal Injury,0,0,1,1,0,0,0,1,0,1,0,0,0,Turning Movement,"['Passenger', 'Motorcycle Driver', 'Driver']",North,"['Other', 'Motorcycle', 'Automobile, Station Wagon']","['Going Ahead', 'Turning Left']","['Lost control', 'Failed to Yield Right of Way']",['Normal'],[],[],[],[],[],[],D22,False,"['25 to 29', '20 to 24']",3.0
1042639.0,2008-05-28 08:00:00,1648,2008,MILLWOOD RD,VILLAGE STATION RD,Major Arterial,North York,43.701869,-79.358073,632298.5419,4840069.8973,At Intersection,Traffic Signal,Clear,Daylight,Dry,56,Leaside-Bennington,56,Leaside-Bennington (56),Non-Fatal Injury,0,0,1,1,0,0,0,0,1,1,0,0,0,Turning Movement,"['Motorcycle Driver', 'Driver']",East,"['Motorcycle', 'Automobile, Station Wagon']","['Going Ahead', 'Turning Left']","['Exceeding Speed Limit', 'Driving Properly']",['Normal'],[],[],[],[],[],[],D53,False,"['45 to 49', '50 to 54']",3.0
1043009.0,2008-06-13 08:00:00,1235,2008,BROWNS LINE Line,HORNER AVE,Major Arterial,Etobicoke York,43.601645,-79.54519,617416.5674,4828657.171,At Intersection,Traffic Signal,Clear,Daylight,Dry,20,Alderwood,20,Alderwood (20),Non-Fatal Injury,0,0,1,0,0,0,0,1,0,1,1,0,0,Angle,"['Passenger', 'Driver']",East,"['Other', 'Automobile, Station Wagon']",['Going Ahead'],"['Driving Properly', 'Disobeyed Traffic Control']",['Normal'],[],[],[],[],[],[],D22,False,"['75 to 79', '50 to 54', '85 to 89', '35 to 39', '40 to 44']",3.0
1043011.0,2008-06-13 08:00:00,2321,2008,DON MILLS RD,HIGHWAY 401 C Boul W,Major Arterial,North York,43.769145,-79.34659,633074.6886,4847560.2768,Unknown,No Control,Rain,Dark,Wet,53,Henry Farm,53,Henry Farm (53),Non-Fatal Injury,1,0,1,0,0,0,0,0,0,0,0,0,0,Pedestrian Collisions,"['Driver', 'Pedestrian']",South,"['Automobile, Station Wagon', 'Other']",['Going Ahead'],['Driving Properly'],['Normal'],['Pedestrian hit at mid-block'],['Walking on Roadway Against Traffic'],"['Ability Impaired, Drugs']",[],[],[],D33,False,['25 to 29'],3.0
1043101.0,2008-06-14 08:00:00,1813,2008,BATHURST ST,SULTANA AVE,Major Arterial,North York,43.728745,-79.43199,626286.142,4842939.5584,At Intersection,No Control,Clear,Daylight,Dry,32,Englemount-Lawrence,32,Englemount-Lawrence (32),Non-Fatal Injury,1,0,1,0,0,1,0,0,0,0,0,0,0,Pedestrian Collisions,"['Driver', 'Vehicle Owner', 'Pedestrian']",South,"['Automobile, Station Wagon', 'Other', 'Municipal Transit Bus (TTC)']","['Changing Lanes', 'Going Ahead']","['Improper Lane Change', 'Driving Properly']",['Normal'],['Pedestrian involved in a collision with transit vehicle anywhere along roadway'],"['Crossing, no Traffic Control']",['Normal'],[],[],[],D32,False,"['75 to 79', 'unknown', '25 to 29', '55 to 59']",3.0
1043273.0,2008-06-11 08:00:00,2010,2008,LAKE SHORE BLVD W,LONG BRANCH AVE,Major Arterial,Etobicoke York,43.594345,-79.53399,618334.8265,4827862.3133,At Intersection,Traffic Signal,Clear,Dusk,Dry,19,Long Branch,19,Long Branch (19),Fatal,1,0,1,0,0,0,0,0,0,1,0,0,0,Pedestrian Collisions,"['Vehicle Owner', 'Driver', 'Pedestrian']",North,"['Other', 'Automobile, Station Wagon']",['Turning Left'],['Failed to Yield Right of Way'],['Unknown'],['Vehicle turns left while ped crosses with ROW at inter.'],['Crossing with right of way'],['Normal'],[],[],[],D22,True,"['unknown', '55 to 59', '60 to 64']",4.0
1043405.0,2008-06-14 08:00:00,5,2008,3440 PHARMACY AVE,Not Applicable,Minor Arterial,Scarborough,43.807745,-79.33239,634131.2165,4851870.3326,Unknown,No Control,Rain,Dark,Wet,116,Steeles,116,Steeles (116),Fatal,1,0,1,0,0,0,0,0,0,1,0,0,0,Pedestrian Collisions,"['Driver', 'Pedestrian']",East,"['Automobile, Station Wagon', 'Other']",['Going Ahead'],['Driving Properly'],['Had Been Drinking'],['Pedestrian hit at mid-block'],"['Crossing, no Traffic Control']",['Unknown'],[],[],[],D42,True,"['45 to 49', '25 to 29']",4.0
1043639.0,2008-06-16 08:00:00,1355,2008,BATHURST ST N,SOUTHBOURNE AVE,Major Arterial,North York,43.738845,-79.43439,626071.6512,4844057.6549,Unknown,No Control,Clear,Daylight,Dry,33,Clanton Park,33,Clanton Park (33),Non-Fatal Injury,1,0,1,0,0,0,0,0,0,0,0,0,0,Pedestrian Collisions,"['Vehicle Owner', 'Driver', 'Pedestrian']",East,"['Other', 'Automobile, Station Wagon']",['Going Ahead'],['Driving Properly'],['Normal'],['Pedestrian hit at mid-block'],"['Crossing, no Traffic Control']",['Inattentive'],[],[],[],D32,False,"['unknown', '20 to 24', '35 to 39', '0 to 4']",3.0
1043747.0,2008-06-18 08:00:00,909,2008,SCARLETT RD,BERNICE CRES,Minor Arterial,Etobicoke York,43.666945,-79.49949,620973.918,4835975.1702,At Intersection,Pedestrian Crossover,Clear,Daylight,Dry,111,Rockcliffe-Smythe,111,Rockcliffe-Smythe (111),Fatal,1,0,1,0,0,0,0,0,0,1,0,0,0,Pedestrian Collisions,"['Pedestrian', 'Vehicle Owner', 'Driver']",East,"['Other', 'Automobile, Station Wagon']",['Going Ahead'],['Failed to Yield Right of Way'],['Inattentive'],['Pedestrian hit a PXO/ped. Mid-block signal'],"['Crossing, Pedestrian Crossover']",['Normal'],[],[],[],D12,True,"['85 to 89', 'unknown', '55 to 59']",4.0
1044158.0,2008-06-01 08:00:00,1031,2008,EGLINTON AVE E,BELLAMY RD N,Major Arterial,Scarborough,43.740245,-79.23209,642358.8407,4844540.8791,At Intersection,Traffic Signal,Clear,Daylight,Dry,138,Eglinton East,138,Eglinton East (138),Non-Fatal Injury,1,0,1,0,0,0,0,1,1,1,1,0,0,Pedestrian Collisions,"['Passenger', 'Driver', 'Pedestrian']",South,"['Other', 'Automobile, Station Wagon']",['Going Ahead'],"['Driving Properly', 'Disobeyed Traffic Control']","['Normal', 'Unknown']",['Vehicle is going straight thru inter.while ped cross with ROW'],['Crossing with right of way'],['Normal'],[],[],[],D43,False,"['20 to 24', '25 to 29', '60 to 64', '35 to 39']",3.0
1044246.0,2008-06-20 08:00:00,1500,2008,PROGRESS AVE,401 C E PROGRESS AV RAMP E,Minor Arterial,Scarborough,43.777745,-79.26099,639944.2179,4848656.5745,Unknown,Traffic Signal,Clear,Daylight,Dry,156,Bendale-Glen Andrew,127,Bendale (127),Non-Fatal Injury,0,0,1,0,0,0,0,0,0,0,0,0,1,SMV Other,"['Vehicle Owner', 'Driver']",East,"['Other', 'Automobile, Station Wagon']",['Going Ahead'],['Lost control'],['Medical or Physical Disability'],[],[],[],[],[],[],D43,False,"['unknown', '50 to 54']",3.0
1044477.0,2008-06-01 08:00:00,1150,2008,DANFORTH AVE,LINNSMORE CRES,Major Arterial,Toronto and East York,43.682045,-79.32979,634621.8224,4837913.6872,Unknown,Traffic Signal,Clear,Daylight,Dry,65,Greenwood-Coxwell,65,Greenwood-Coxwell (65),Non-Fatal Injury,1,0,0,0,0,0,0,0,0,1,0,0,0,Pedestrian Collisions,"['Driver', 'Pedestrian']",North,['Other'],['Turning Left'],['Failed to Yield Right of Way'],['Inattentive'],['Vehicle turns left while ped crosses with ROW at inter.'],['Crossing with right of way'],['Normal'],[],[],[],D55,False,"['40 to 44', '50 to 54']",3.0
1044518.0,2008-06-15 08:00:00,215,2008,DUNDAS ST W,RONCESVALLES AVE,Minor Arterial,Toronto and East York,43.653645,-79.45139,624879.4348,4834569.2945,Unknown,No Control,Clear,Dark,Dry,86,Roncesvalles,86,Roncesvalles (86),Non-Fatal Injury,0,1,1,0,0,0,0,0,0,0,0,0,0,Cyclist Collisions,"['Driver', 'Cyclist']",West,"['Automobile, Station Wagon', 'Bicycle']",['Going Ahead'],['Lost control'],['Normal'],[],[],[],['Motorist loses control and strikes cyclist.'],['Driving Properly'],['Normal'],D11,False,"['unknown', '35 to 39']",3.0
1044584.0,2008-06-02 08:00:00,1146,2008,72 CORDELLA AVE,Not Applicable,Local,Etobicoke York,43.680445,-79.48349,622236.4682,4837497.9799,Unknown,No Control,Clear,Daylight,Dry,111,Rockcliffe-Smythe,111,Rockcliffe-Smythe (111),Non-Fatal Injury,0,0,1,0,0,0,0,0,0,0,0,0,0,SMV Other,"['Vehicle Owner', 'Driver']",West,"['Other', 'Automobile, Station Wagon']",['Going Ahead'],['Lost control'],['Inattentive'],[],[],[],[],[],[],D12,False,"['unknown', '25 to 29']",3.0
1044627.0,2008-06-17 08:00:00,1614,2008,DOVERCOURT Rd,GEARY Ave,Minor Arterial,Toronto and East York,43.670745,-79.43319,626311.2262,4836496.0257,At Intersection,Stop Sign,Clear,Daylight,Dry,171,Junction-Wallace Emerson,93,Dovercourt-Wallace Emerson-Junction (93),Non-Fatal Injury,0,0,1,0,0,0,0,1,0,1,0,0,0,Angle,"['Driver', 'Passenger']",East,"['Automobile, Station Wagon']",['Going Ahead'],"['Disobeyed Traffic Control', 'Driving Properly']",['Normal'],[],[],[],[],[],[],D13,False,"['70 to 74', '50 to 54']",3.0
1044659.0,2008-06-02 08:00:00,1455,2008,FINCH AVE E,BAYVIEW AVE,Major Arterial,North York,43.785045,-79.39209,629378.2904,4849254.0986,At Intersection,Traffic Signal,Clear,Daylight,Dry,49,Bayview Woods-Steeles,49,Bayview Woods-Steeles (49),Non-Fatal Injury,0,0,1,0,0,0,0,1,0,0,0,0,0,Sideswipe,"['Driver', 'Vehicle Owner', 'Passenger', 'Other Property Owner']",East,"['Automobile, Station Wagon', 'Other']","['Stopped', 'Pulling Onto Shoulder or towardCurb', 'Going Ahead']","['Driving Properly', 'Lost control']","['Normal', 'Unknown']",[],[],[],[],[],[],D33,False,"['70 to 74', 'unknown', '60 to 64', '35 to 39', '45 to 49']",3.0
1044675.0,2008-06-03 08:00:00,1517,2008,HILDA AVE,CROSSEN DR,Collector,North York,43.793245,-79.42739,626520.5962,4850110.2709,Unknown,No Control,Clear,Daylight,Dry,36,Newtonbrook West,36,Newtonbrook West (36),Non-Fatal Injury,1,0,1,0,0,0,0,0,0,0,0,0,0,Pedestrian Collisions,"['Driver', 'Pedestrian']",South,"['Automobile, Station Wagon', 'Other']",['Going Ahead'],['Driving Properly'],['Normal'],['Pedestrian hit at mid-block'],['Running onto Roadway'],['Inattentive'],[],[],[],D32,False,"['40 to 44', '15 to 19']",3.0
1044781.0,2008-06-04 08:00:00,1355,2008,FINCH AVE W,MILVAN DR,Major Arterial,Etobicoke York,43.749945,-79.55229,616556.0693,4845117.824,At Intersection,Traffic Signal,Clear,Daylight,Dry,22,Humbermede,21,Humber Summit (21),Non-Fatal Injury,0,0,1,0,0,0,0,0,0,1,1,0,0,Angle,"['Vehicle Owner', 'Driver']",North,"['Other', 'Automobile, Station Wagon']","['Stopped', 'Going Ahead']","['Driving Properly', 'Disobeyed Traffic Control']",['Normal'],[],[],[],[],[],[],D31,False,"['unknown', '50 to 54', '25 to 29', '60 to 64']",3.0
1044815.0,2008-06-24 08:00:00,2226,2008,WILSON AVE,JETHRO RD,Major Arterial,Etobicoke York,43.718745,-79.51839,619347.3607,4841700.8755,At Intersection,Traffic Signal,Clear,Dark,Dry,154,Oakdale-Beverley Heights,26,Downsview-Roding-CFB (26),Fatal,1,0,1,0,0,0,0,0,0,1,0,0,0,Pedestrian Collisions,"['Vehicle Owner', 'Driver', 'Pedestrian']",East,"['Other', 'Automobile, Station Wagon']",['Going Ahead'],['Driving Properly'],['Normal'],['Vehicle is going straight thru inter.while ped cross without ROW'],['Crossing without right of way'],['Unknown'],[],[],[],D31,True,"['unknown', '25 to 29', '75 to 79']",4.0
1044949.0,2008-06-25 08:00:00,2040,2008,136 NEAMES CRES,Not Applicable,Local,Etobicoke York,43.728245,-79.51259,619795.6325,4842764.3525,Unknown,No Control,Clear,Daylight,Dry,154,Oakdale-Beverley Heights,26,Downsview-Roding-CFB (26),Non-Fatal Injury,0,1,1,0,0,0,0,1,0,0,0,0,0,Cyclist Collisions,"['Passenger', 'Driver', 'Cyclist']",North,"['Other', 'Automobile, Station Wagon', 'Bicycle']",['Going Ahead'],['Driving Properly'],['Normal'],[],[],[],['Insufficient information (to determine cyclist crash type).'],['Other'],['Inattentive'],D31,False,"['35 to 39', '5 to 9']",3.0
1045060.0,2020-06-07 08:00:00,15,2020,KEELE ST,CALVINGTON DR,Major Arterial,North York,43.733508,-79.483684,622113.0374,4843391.0767,At Intersection,Traffic Signal,Clear,"Dark, artificial",Dry,155,Downsview,26,Downsview-Roding-CFB (26),Fatal,1,0,1,0,0,0,0,0,1,1,0,0,0,Pedestrian Collisions,"['Pedestrian', 'Driver']",North,"['Automobile, Station Wagon']",['Turning Left'],['Failed to Yield Right of Way'],['Unknown'],['Vehicle turns left while ped crosses with ROW at inter.'],['Crossing with right of way'],['Normal'],[],[],[],D31,True,"['15 to 19', '45 to 49']",4.0
1045157.0,2008-06-26 08:00:00,815,2008,VICTORIA PARK AVE,PEARD RD,Major Arterial,Toronto and East York,43.710645,-79.29679,637216.4593,4841144.2187,At Intersection,No Control,Clear,Daylight,Dry,54,O'Connor-Parkview,54,O'Connor-Parkview (54),Non-Fatal Injury,1,0,1,0,0,0,0,0,0,1,0,0,0,Pedestrian Collisions,"['Driver', 'Pedestrian']",North,"['Automobile, Station Wagon', 'Other']","['Going Ahead', 'Unknown']",['Failed to Yield Right of Way'],['Normal'],['Pedestrian hit on sidewalk or shoulder'],['On Sidewalk or Shoulder'],['Normal'],[],[],[],D55,False,"['15 to 19', '20 to 24', '85 to 89']",3.0
1045205.0,2008-05-20 08:00:00,1840,2008,ST CLAIR AVE W,VAUGHAN RD,Major Arterial,Toronto and East York,43.682745,-79.42019,627333.8707,4837848.6644,At Intersection,Traffic Signal,Clear,Daylight,Dry,94,Wychwood,94,Wychwood (94),Non-Fatal Injury,0,0,1,0,0,0,0,0,0,1,0,0,0,Rear End,"['Driver', 'Vehicle Owner']",East,"['Automobile, Station Wagon', 'Other']","['Stopped', 'Going Ahead']","['Driving Properly', 'Following too Close']","['Normal', 'Inattentive']",[],[],[],[],[],[],D13,False,"['50 to 54', '40 to 44', 'unknown']",3.0
1045221.0,2008-06-27 08:00:00,53,2008,FLEET ST,STADIUM RD,Major Arterial,Toronto and East York,43.636045,-79.40189,628908.7791,4832690.2712,Unknown,No Control,Clear,Dark,Dry,163,Fort York-Liberty Village,82,Niagara (82),Fatal,0,0,1,0,0,1,0,1,1,1,0,1,0,Approaching,"['Vehicle Owner', 'Driver', 'Passenger']",East,"['Other', 'Municipal Transit Bus (TTC)', 'Automobile, Station Wagon']",['Going Ahead'],"['Driving Properly', 'Wrong Way on One Way Road']","['Normal', 'Ability Impaired, Alcohol']",[],[],[],[],[],[],D14,True,"['unknown', '30 to 34', '20 to 24']",4.0
1045558.0,2008-06-30 08:00:00,120,2008,F G GARDINER XY  W,ISLINGTON AVE,Expressway,Etobicoke York,43.621145,-79.50979,620234.8364,4830873.532,Unknown,No Control,Clear,Dark,Dry,160,Mimico-Queensway,16,Stonegate-Queensway (16),Non-Fatal Injury,0,0,1,0,0,0,0,1,0,0,0,1,0,SMV Other,"['Passenger', 'Driver']",West,"['Other', 'Automobile, Station Wagon']",['Going Ahead'],['Lost control'],"['Ability Impaired, Alcohol']",[],[],[],[],[],[],D22,False,"['20 to 24', '25 to 29', '30 to 34']",3.0
1045598.0,2008-06-05 08:00:00,1220,2008,WESTON RD,WESTON ALBION RD RAMP RD,Major Arterial,Etobicoke York,43.718045,-79.53779,617786.0022,4841595.3789,At Intersection,No Control,Clear,Daylight,Dry,23,Pelmo Park-Humberlea,23,Pelmo Park-Humberlea (23),Non-Fatal Injury,0,0,1,1,0,0,0,0,0,0,0,0,0,Sideswipe,"['Motorcycle Driver', 'Vehicle Owner', 'Driver']",South,"['Motorcycle', 'Other', 'Automobile, Station Wagon']","['Changing Lanes', 'Going Ahead']","['Improper Lane Change', 'Driving Properly']",['Normal'],[],[],[],[],[],[],D31,False,"['30 to 34', 'unknown', '60 to 64']",3.0
1045692.0,2008-06-30 08:00:00,1733,2008,YORK MILLS RD,FENN AVE,Major Arterial,North York,43.747045,-79.38899,629709.8368,4845038.4717,At Intersection,Traffic Signal,Clear,Daylight,Dry,40,St.Andrew-Windfields,40,St.Andrew-Windfields (40),Non-Fatal Injury,1,0,1,0,0,0,0,0,0,1,1,0,0,Pedestrian Collisions,"['Vehicle Owner', 'Driver', 'Pedestrian']",East,"['Other', 'Automobile, Station Wagon']","['Going Ahead', 'Unknown']",['Disobeyed Traffic Control'],['Normal'],['Vehicle is going straight thru inter.while ped cross with ROW'],['Crossing with right of way'],['Normal'],[],[],[],D32,False,"['unknown', '25 to 29', '5 to 9', '15 to 19']",3.0