accident_number,date,time,year,street1,street2,road_class,district,latitude,longitude,x,y,accident_location,traffctl,visibility,light,road_surface_condition,hood_158,neighbourhood_new,hood_140,neighbourhood_old,accident_class,pedestrian,cyclist,automobile,motorcycle,truck,trsn_city_veh,emerg_veh,passenger,speeding,aggressive_driving,redlight,alcohol,disability,impact_type,involvement_type,initial_direction,vehicle_type,manoeuver,driver_action,driver_condition,pedestrian_type,pedestrian_action,pedestrian_condition,cyclist_type,cyclist_action,cyclist_condition,division,injury,involvement_age,injury_severity_score
1069209.0,2008-10-21 08:00:00,400,2008,JANE ST,SHEPPARD AVE W,Major Arterial,Etobicoke York,43.739345,-79.51319,619725.1876,4843996.2991,At Intersection,Traffic Signal,Rain,Dark,Wet,25,Glenfield-Jane Heights,25,Glenfield-Jane Heights (25),Non-Fatal Injury,0,0,1,0,0,0,0,0,0,0,0,0,1,SMV Other,"['Vehicle Owner', 'Driver']",South,"['Taxi', 'Other']",['Reversing'],['Lost control'],['Medical or Physical Disability'],[],[],[],[],[],[],D31,False,"['unknown', '60 to 64']",3.0
1069312.0,2008-05-09 08:00:00,2240,2008,31 MOORE PARK AVE,Not Applicable,Local,North York,43.793245,-79.42169,626979.1802,4850118.9997,Unknown,No Control,Clear,Dark,Dry,36,Newtonbrook West,36,Newtonbrook West (36),Non-Fatal Injury,1,0,0,0,0,0,0,0,0,0,0,0,0,Pedestrian Collisions,"['Vehicle Owner', 'Driver', 'Pedestrian']",South,['Other'],['Reversing'],['Other'],['Normal'],['Vehicle is reversing and hits pedestrian'],['Person Getting on/off Vehicle'],['Normal'],[],[],[],D32,False,"['unknown', '50 to 54']",3.0
1069315.0,2008-11-11 10:00:00,720,2008,PHARMACY AVE,STEELES AVE E,Major Arterial,Scarborough,43.816847,-79.336452,633784.1678,4852874.6799,At Intersection,Traffic Signal,Clear,Daylight,Dry,116,Steeles,116,Steeles (116),Fatal,1,0,0,0,0,1,0,0,0,1,0,0,0,Pedestrian Collisions,"['Pedestrian', 'Vehicle Owner', 'Driver']",North,"['Other', 'Municipal Transit Bus (TTC)']",['Turning Right'],['Failed to Yield Right of Way'],['Unknown'],['Vehicle turns right while ped crosses with ROW at inter.'],['Crossing with right of way'],['Unknown'],[],[],[],D42,True,"['55 to 59', 'unknown', '65 to 69']",4.0
1069392.0,2008-10-21 08:00:00,1520,2008,GRENVIEW BLVD S,MEADOWVALE DR,Local,Etobicoke York,43.646445,-79.50729,620386.0197,4833687.0363,Unknown,No Control,Clear,Daylight,Dry,16,Stonegate-Queensway,16,Stonegate-Queensway (16),Non-Fatal Injury,1,0,0,0,1,0,0,0,0,1,0,0,0,Pedestrian Collisions,"['Vehicle Owner', 'Truck Driver', 'Pedestrian']",South,"['Other', 'Truck - Open']",['Going Ahead'],['Failed to Yield Right of Way'],['Normal'],['Pedestrian hit on sidewalk or shoulder'],['On Sidewalk or Shoulder'],['Normal'],[],[],[],D22,False,"['unknown', '35 to 39', '60 to 64']",3.0
1069502.0,2008-10-23 08:00:00,1448,2008,KEELE ST,STEELES AVE W,Major Arterial,Etobicoke York,43.781545,-79.49449,621145.8159,4848710.4269,At Intersection,Traffic Signal,Clear,Daylight,Dry,27,York University Heights,27,York University Heights (27),Non-Fatal Injury,1,0,1,0,0,0,0,0,0,1,0,0,0,Pedestrian Collisions,"['Vehicle Owner', 'Driver', 'Pedestrian']",East,"['Other', 'Automobile, Station Wagon']",['Turning Right'],['Failed to Yield Right of Way'],['Normal'],['Vehicle turns right while ped crosses with ROW at inter.'],['Crossing with right of way'],['Normal'],[],[],[],D31,False,"['unknown', '40 to 44', '25 to 29']",3.0
1069547.0,2008-10-22 08:00:00,1927,2008,COXWELL AVE,COSBURN AVE,Minor Arterial,Toronto and East York,43.694145,-79.32799,634739.811,4839260.4842,At Intersection,Traffic Signal,Clear,Dark,Dry,59,Danforth East York,58,Old East York (58),Non-Fatal Injury,0,1,1,0,0,0,0,0,0,0,0,0,0,Cyclist Collisions,"['Driver', 'Cyclist']",East,"['Automobile, Station Wagon', 'Bicycle']","['Turning Left', 'Going Ahead']",['Improper Turn'],['Normal'],[],[],[],['Motorist turned left across cyclists path.'],['Driving Properly'],['Normal'],D55,False,['25 to 29'],3.0
1069560.0,2008-11-12 10:00:00,1151,2008,EGLINTON AVE W,KEELE ST,Major Arterial,Etobicoke York,43.690445,-79.47389,622989.834,4838622.8081,At Intersection,No Control,Clear,Daylight,Dry,112,Beechborough-Greenbrook,112,Beechborough-Greenbrook (112),Non-Fatal Injury,1,0,1,0,0,0,0,1,0,0,0,0,0,Pedestrian Collisions,"['Driver', 'Passenger', 'Pedestrian']",North,"['Automobile, Station Wagon', 'Other']",['Going Ahead'],['Driving Properly'],['Normal'],['Vehicle is going straight thru inter.while ped cross without ROW'],"['Crossing, no Traffic Control']",['Inattentive'],[],[],[],D12,False,"['40 to 44', '50 to 54', '10 to 14']",3.0
1069861.0,2008-11-14 10:00:00,226,2008,DOVERCOURT RD,ARGYLE ST,Collector,Toronto and East York,43.646145,-79.42349,627145.1283,4833778.6878,Unknown,No Control,Clear,Dark,Dry,84,Little Portugal,84,Little Portugal (84),Non-Fatal Injury,0,1,1,0,0,0,0,0,0,0,0,0,0,Cyclist Collisions,"['Vehicle Owner', 'Driver', 'Cyclist']",North,"['Other', 'Automobile, Station Wagon', 'Bicycle']","['Reversing', 'Stopped']",['Other'],['Unknown'],[],[],[],['Motorist reversing struck cyclist.'],['Driving Properly'],['Unknown'],D14,False,"['unknown', '35 to 39']",3.0
1070099.0,2008-11-15 10:00:00,1620,2008,EGLINTON AVE E,LEBOVIC AVE,Major Arterial,Scarborough,43.726945,-79.29149,637606.1307,4842963.3587,At Intersection,No Control,Rain,Daylight,Wet,120,Clairlea-Birchmount,120,Clairlea-Birchmount (120),Non-Fatal Injury,1,0,0,0,0,0,0,0,0,0,0,0,0,Pedestrian Collisions,['Pedestrian'],Unknown,['Other'],['Other'],[],[],[],[],[],[],[],[],D41,False,['75 to 79'],3.0
1070403.0,2008-11-17 10:00:00,748,2008,RENFORTH Dr,BURNHAMTHORPE Rd,Major Arterial,Etobicoke York,43.643345,-79.57249,615133.5657,4833250.2327,At Intersection,Traffic Signal,Clear,Daylight,Dry,11,Eringate-Centennial-West Deane,11,Eringate-Centennial-West Deane (11),Non-Fatal Injury,0,0,1,0,0,0,0,0,0,0,0,0,1,Approaching,['Driver'],South,"['Automobile, Station Wagon']",['Stopped'],"['Lost control', 'Driving Properly']","['Medical or Physical Disability', 'Unknown', 'Normal']",[],[],[],[],[],[],D22,False,"['50 to 54', '35 to 39', '45 to 49']",3.0
1070690.0,2008-11-18 10:00:00,1915,2008,ELLESMERE RD,DEEP DENE DR,Minor Arterial,Scarborough,43.790845,-79.17029,647211.0941,4850268.8607,At Intersection,Stop Sign,Clear,Dark,Other,134,Highland Creek,134,Highland Creek (134),Non-Fatal Injury,1,0,1,0,0,0,0,0,0,0,0,0,0,Pedestrian Collisions,"['Pedestrian', 'Driver']",East,"['Other', 'Automobile, Station Wagon']",['Going Ahead'],['Driving Properly'],['Normal'],['Vehicle is going straight thru inter.while ped cross without ROW'],['Crossing without right of way'],['Unknown'],[],[],[],D43,False,"['40 to 44', '75 to 79']",3.0
1070741.0,2008-10-07 08:00:00,700,2008,71 MAYBROOK Dr,Not Applicable,Collector,Scarborough,43.824845,-79.26099,639834.2865,4853887.7889,Unknown,No Control,Clear,Daylight,Dry,130,Milliken,130,Milliken (130),Non-Fatal Injury,0,0,1,1,0,0,0,0,0,0,0,0,0,Turning Movement,"['Driver', 'Motorcycle Driver']",North,"['Automobile, Station Wagon', 'Motorcycle']","['Turning Left', 'Going Ahead']","['Improper Turn', 'Driving Properly']","['Inattentive', 'Normal']",[],[],[],[],[],[],D42,False,"['30 to 34', '25 to 29']",3.0
1070817.0,2020-06-10 08:00:00,2115,2020,LAWRENCE AVE W,VARNA DR,Major Arterial,North York,43.717429,-79.43764,625854.7849,4841674.16,At Intersection,Traffic Signal,Rain,"Dark, artificial",Wet,32,Englemount-Lawrence,32,Englemount-Lawrence (32),Non-Fatal Injury,0,1,1,0,0,0,0,1,0,0,0,0,0,Cyclist Collisions,"['Cyclist', 'Driver', 'Passenger']",North,"['Bicycle', 'Automobile, Station Wagon']",['Going Ahead'],['Driving Properly'],['Normal'],[],[],[],"['Cyclist without ROW rides into path of motorist at inter, lnwy, dwy-Cyclist not turn.']",['Disobeyed Traffic Control'],['Inattentive'],D13,False,"['20 to 24', '60 to 64', '55 to 59']",3.0
1071508.0,2008-11-21 10:00:00,840,2008,THE WEST MALL,RATHBURN RD,Minor Arterial,Etobicoke York,43.653045,-79.57249,615115.0355,4834327.5399,At Intersection,Traffic Signal,Clear,Daylight,Dry,11,Eringate-Centennial-West Deane,11,Eringate-Centennial-West Deane (11),Non-Fatal Injury,1,0,1,0,0,0,0,0,0,0,0,0,0,Pedestrian Collisions,"['Driver', 'Pedestrian']",South,"['Automobile, Station Wagon', 'Other']",['Turning Left'],['Improper Turn'],['Normal'],['Vehicle turns left while ped crosses with ROW at inter.'],['Crossing with right of way'],['Normal'],[],[],[],D22,False,"['40 to 44', '70 to 74']",3.0
1071735.0,2008-10-29 08:00:00,900,2008,ELLESMERE RD,NEILSON RD,Major Arterial,Scarborough,43.782245,-79.20619,644343.3888,4849250.4658,Unknown,No Control,Snow,Daylight,Ice,135,Morningside,135,Morningside (135),Non-Fatal Injury,0,0,1,0,0,0,0,0,0,0,0,0,0,Approaching,['Driver'],East,"['Automobile, Station Wagon']",['Going Ahead'],['Lost control'],['Normal'],[],[],[],[],[],[],D43,False,"['60 to 64', '30 to 34']",3.0
1071740.0,2008-11-01 08:00:00,1725,2008,167 CLEARBROOKE CRCL,Not Applicable,Local,Etobicoke York,43.721345,-79.56779,615363.0494,4841919.6953,Unknown,No Control,Clear,Daylight,Dry,4,Rexdale-Kipling,4,Rexdale-Kipling (4),Non-Fatal Injury,0,0,1,0,0,0,0,1,0,0,0,0,0,SMV Unattended Vehicle,"['Other', 'Passenger', 'Vehicle Owner', 'Driver']",West,"['Other', 'Automobile, Station Wagon']","['Parked', 'Going Ahead']",['Driving Properly'],['Inattentive'],[],[],[],[],[],[],D23,False,"['unknown', '60 to 64', '15 to 19', '50 to 54', '30 to 34']",3.0
1071838.0,2020-06-11 08:00:00,219,2020,F G GARDINER XY  E,GARDINER JAMESON AV RAMP,Expressway,Toronto and East York,43.63383,-79.437084,626074.5194,4832390.213,Non Intersection,No Control,Rain,"Dark, artificial",Wet,85,South Parkdale,85,South Parkdale (85),Non-Fatal Injury,0,0,1,0,0,0,0,1,1,1,0,0,0,SMV Other,"['Driver', 'Passenger']",East,"['Automobile, Station Wagon']",['Going Ahead'],['Lost control'],['Inattentive'],[],[],[],[],[],[],D14,False,['20 to 24'],3.0
1072032.0,2008-11-02 09:00:00,50,2008,6931 STEELES AVE W,Not Applicable,Major Arterial,Etobicoke York,43.753145,-79.62429,610753.3636,4845374.4432,Unknown,No Control,Clear,Dark,Dry,1,West Humber-Clairville,1,West Humber-Clairville (1),Non-Fatal Injury,0,0,1,0,0,0,0,1,1,1,0,0,0,Sideswipe,"['Passenger', 'Driver']",East,"['Other', 'Automobile, Station Wagon']","['Changing Lanes', 'Going Ahead']","['Improper Lane Change', 'Exceeding Speed Limit']","['Normal', 'Had Been Drinking']",[],[],[],[],[],[],D23,False,"['55 to 59', '25 to 29', '65 to 69', '15 to 19']",3.0
1072049.0,2008-11-02 09:00:00,1510,2008,61 RICHVIEW RD,Not Applicable,Local,Etobicoke York,43.683845,-79.51969,619311.8468,4837822.8816,Unknown,No Control,Clear,Daylight,Dry,9,Edenbridge-Humber Valley,9,Edenbridge-Humber Valley (9),Non-Fatal Injury,0,0,1,0,0,0,0,1,0,0,0,0,0,Turning Movement,"['Passenger', 'Driver']",East,"['Other', 'Automobile, Station Wagon']","['Going Ahead', 'Making U Turn']","['Driving Properly', 'Improper Turn']",['Normal'],[],[],[],[],[],[],D23,False,"['40 to 44', '20 to 24']",3.0
1072541.0,2008-11-26 10:00:00,1714,2008,WARDEN AVE,FINCH AVE E,Major Arterial,Scarborough,43.794845,-79.31499,635559.9415,4850465.9346,Unknown,No Control,Rain,Dark,Wet,148,East L'Amoreaux,117,L'Amoreaux (117),Fatal,1,0,1,0,0,0,0,1,0,0,0,0,0,Pedestrian Collisions,"['Passenger', 'Driver', 'Pedestrian']",North,"['Other', 'Automobile, Station Wagon']",['Going Ahead'],['Driving Properly'],"['Inattentive', 'Normal']",['Pedestrian hit at mid-block'],"['Crossing, no Traffic Control']",['Unknown'],[],[],[],D42,True,"['65 to 69', '70 to 74', '45 to 49', '55 to 59']",4.0
1072542.0,2008-11-26 10:00:00,1919,2008,KIPLING AVE,JOHN GARLAND BLVD,Major Arterial,Etobicoke York,43.738845,-79.57999,614347.0399,4843846.4078,At Intersection,No Control,Rain,Dark,Wet,2,Mount Olive-Silverstone-Jamestown,2,Mount Olive-Silverstone-Jamestown (2),Non-Fatal Injury,1,0,1,0,0,0,0,0,0,0,0,0,0,Pedestrian Collisions,"['Driver', 'Pedestrian']",North,"['Automobile, Station Wagon', 'Other']",['Merging'],['Driving Properly'],['Inattentive'],['Pedestrian hit at mid-block'],"['Crossing, no Traffic Control']",['Inattentive'],[],[],[],D23,False,"['20 to 24', '30 to 34']",3.0
1072743.0,2008-11-28 10:00:00,1854,2008,BLOOR ST E,PARLIAMENT ST,Major Arterial,Toronto and East York,43.672045,-79.37069,631346.9929,4836737.4739,At Intersection,Yield Sign,Rain,Dark,Wet,98,Rosedale-Moore Park,98,Rosedale-Moore Park (98),Non-Fatal Injury,1,0,1,0,0,0,0,0,0,1,0,1,0,Pedestrian Collisions,"['Driver', 'Pedestrian']",East,"['Automobile, Station Wagon', 'Other']",['Turning Right'],['Failed to Yield Right of Way'],"['Ability Impaired, Alcohol']",['Vehicle turns right while ped crosses with ROW at inter.'],['Crossing with right of way'],['Normal'],[],[],[],D53,False,"['60 to 64', '50 to 54']",3.0
1072989.0,2008-11-06 10:00:00,1310,2008,KENNEDY RD,FINCH AVE E,Major Arterial,Scarborough,43.801245,-79.29659,637025.616,4851207.0593,At Intersection,Traffic Signal,Clear,Daylight,Dry,148,East L'Amoreaux,117,L'Amoreaux (117),Non-Fatal Injury,1,0,1,0,0,0,0,0,0,1,0,0,0,Pedestrian Collisions,"['Driver', 'Pedestrian']",South,"['Automobile, Station Wagon', 'Other']",['Turning Right'],['Failed to Yield Right of Way'],['Unknown'],['Vehicle turns right while ped crosses with ROW at inter.'],['Crossing with right of way'],['Normal'],[],[],[],D42,False,"['15 to 19', '70 to 74']",3.0
1073092.0,2008-11-06 10:00:00,1620,2008,DUPONT ST,WALMER RD,Major Arterial,Toronto and East York,43.674745,-79.40769,628358.4474,4836979.4236,Unknown,No Control,Clear,Daylight,Dry,95,Annex,95,Annex (95),Non-Fatal Injury,0,0,1,0,0,0,0,0,0,0,0,0,0,SMV Other,"['Driver', 'Other Property Owner']",East,"['Automobile, Station Wagon', 'Other']",['Going Ahead'],['Lost control'],['Normal'],[],[],[],[],[],[],D14,False,"['20 to 24', 'unknown']",3.0
1073297.0,2008-11-07 10:00:00,1040,2008,WARDEN AVE,MCNICOLL AVE,Major Arterial,Scarborough,43.806345,-79.32099,635051.3193,4851733.3831,At Intersection,Traffic Signal,Clear,Daylight,Dry,116,Steeles,116,Steeles (116),Non-Fatal Injury,0,0,1,0,0,0,0,0,0,1,1,0,0,Angle,['Driver'],East,"['Automobile, Station Wagon']",['Going Ahead'],"['Disobeyed Traffic Control', 'Driving Properly']","['Inattentive', 'Normal']",[],[],[],[],[],[],D42,False,"['30 to 34', '55 to 59']",3.0
1073449.0,2008-11-08 10:00:00,1820,2008,WARDEN AVE,BERTRAND AVE,Major Arterial,Scarborough,43.733045,-79.28969,637737.1233,4843643.8445,At Intersection,Traffic Signal,Clear,Dark,Wet,119,Wexford/Maryvale,119,Wexford/Maryvale (119),Non-Fatal Injury,0,0,1,0,0,0,0,0,0,1,1,0,0,Turning Movement,"['Vehicle Owner', 'Driver']",North,"['Other', 'Automobile, Station Wagon']","['Turning Right', 'Going Ahead']","['Disobeyed Traffic Control', 'Driving Properly']",['Normal'],[],[],[],[],[],[],D41,False,"['unknown', '45 to 49', '40 to 44']",3.0
1073493.0,2008-11-08 10:00:00,2220,2008,ADELAIDE ST W,JOHN ST,Major Arterial,Toronto and East York,43.647845,-79.39029,629819.0653,4834018.8942,At Intersection,Traffic Signal,Clear,Dark,Dry,164,Wellington Place,77,Waterfront Communities-The Island (77),Non-Fatal Injury,1,0,1,0,0,0,0,0,0,0,0,0,0,Pedestrian Collisions,"['Pedestrian', 'Driver']",East,"['Other', 'Automobile, Station Wagon']",['Going Ahead'],['Driving Properly'],['Normal'],['Vehicle is going straight thru inter.while ped cross without ROW'],['Crossing without right of way'],['Inattentive'],[],[],[],D52,False,['20 to 24'],3.0
1073546.0,2008-12-02 10:00:00,1222,2008,STEELES AVE W,PETROLIA RD,Major Arterial,North York,43.782545,-79.49009,621497.8535,4848827.9402,At Intersection,Traffic Signal,Clear,Daylight,Dry,27,York University Heights,27,York University Heights (27),Non-Fatal Injury,1,0,1,0,0,0,0,0,0,1,0,0,0,Pedestrian Collisions,"['Pedestrian', 'Driver']",North,"['Other', 'Automobile, Station Wagon']",['Turning Left'],['Failed to Yield Right of Way'],['Inattentive'],['Vehicle turns left while ped crosses with ROW at inter.'],['Crossing with right of way'],['Normal'],[],[],[],D31,False,"['40 to 44', '50 to 54']",3.0
1073663.0,2008-11-11 10:00:00,1435,2008,DIXON RD,SKYWAY AVE,Major Arterial,Etobicoke York,43.687945,-79.58679,613895.8395,4838183.9003,At Intersection,Traffic Signal,Clear,Daylight,Dry,1,West Humber-Clairville,1,West Humber-Clairville (1),Non-Fatal Injury,1,0,0,0,0,1,0,0,0,1,0,0,0,Pedestrian Collisions,"['Vehicle Owner', 'Driver', 'Pedestrian']",North,"['Other', 'Municipal Transit Bus (TTC)']",['Turning Left'],['Failed to Yield Right of Way'],['Normal'],['Pedestrian involved in a collision with transit vehicle anywhere along roadway'],['Crossing with right of way'],['Normal'],[],[],[],D23,False,"['unknown', '45 to 49', '30 to 34']",3.0
1073722.0,2008-11-12 10:00:00,1819,2008,CALEDONIA RD,MARCIA AVE,Minor Arterial,North York,43.710445,-79.46639,623553.1803,4840855.2351,At Intersection,Stop Sign,Clear,Dark,Dry,31,Yorkdale-Glen Park,31,Yorkdale-Glen Park (31),Non-Fatal Injury,1,0,1,0,0,0,0,0,0,0,0,0,0,Pedestrian Collisions,"['Driver', 'Pedestrian']",South,"['Automobile, Station Wagon', 'Other']",['Going Ahead'],['Driving Properly'],['Normal'],['Vehicle is going straight thru inter.while ped cross without ROW'],['Crossing without right of way'],['Inattentive'],[],[],[],D13,False,"['30 to 34', '25 to 29']",3.0
1073990.0,2008-11-10 10:00:00,1130,2008,WESTON RD,EGLINTON AVE W,Major Arterial,Etobicoke York,43.686945,-79.48949,621739.6932,4838211.0671,At Intersection,Traffic Signal,Clear,Daylight,Dry,115,Mount Dennis,115,Mount Dennis (115),Non-Fatal Injury,1,0,1,0,0,0,0,0,0,1,1,0,0,Pedestrian Collisions,"['Driver', 'Pedestrian']",East,"['Automobile, Station Wagon', 'Other']",['Going Ahead'],['Disobeyed Traffic Control'],['Inattentive'],['Vehicle is going straight thru inter.while ped cross with ROW'],['Crossing with right of way'],['Normal'],[],[],[],D12,False,"['45 to 49', '35 to 39']",3.0
1073992.0,2008-11-10 10:00:00,1152,2008,DUFFERIN Stre,WHITLEY Aven,Major Arterial,North York,43.729045,-79.45809,624183.4326,4842933.4332,Unknown,No Control,Clear,Daylight,Dry,33,Clanton Park,33,Clanton Park (33),Non-Fatal Injury,0,0,1,0,0,0,0,1,0,1,0,0,0,Rear End,"['Driver', 'Passenger']",South,"['Automobile, Station Wagon', 'Other']","['Going Ahead', 'Stopped']","['Following too Close', 'Driving Properly']","['Unknown', 'Normal']",[],[],[],[],[],[],D32,False,"['85 to 89', '50 to 54', '20 to 24']",3.0
1074035.0,2008-12-04 10:00:00,701,2008,HIGHWAY 27  S,ALBION RD,Major Arterial,Etobicoke York,43.749345,-79.61029,611887.5395,4844971.2123,Unknown,No Control,Clear,Dark,Wet,1,West Humber-Clairville,1,West Humber-Clairville (1),Non-Fatal Injury,1,0,0,0,1,0,0,0,0,0,0,0,0,Pedestrian Collisions,"['Vehicle Owner', 'Truck Driver', 'Pedestrian']",East,"['Other', 'Truck - Open']",['Going Ahead'],['Driving Properly'],['Normal'],['Pedestrian hit at mid-block'],"['Crossing, no Traffic Control']",['Normal'],[],[],[],D23,False,"['unknown', '55 to 59', '15 to 19']",3.0
1074072.0,2008-11-13 10:00:00,1105,2008,VICTORIA PARK AVE,PAGET RD,Major Arterial,North York,43.759945,-79.31619,635542.2346,4846587.7818,Unknown,No Control,Rain,Daylight,Wet,150,Fenside-Parkwoods,45,Parkwoods-Donalda (45),Non-Fatal Injury,1,0,1,0,0,0,0,0,0,0,0,0,0,Pedestrian Collisions,"['Vehicle Owner', 'Driver', 'Pedestrian']",North,"['Other', 'Automobile, Station Wagon']",['Going Ahead'],['Driving Properly'],['Normal'],['Vehicle is going straight thru inter.while ped cross without ROW'],['Running onto Roadway'],['Inattentive'],[],[],[],D33,False,"['unknown', '30 to 34', '15 to 19']",3.0
1074265.0,2008-12-05 10:00:00,1450,2008,KEELE ST,TORO RD W,Major Arterial,Etobicoke York,43.762845,-79.49089,621473.3564,4846638.7848,At Intersection,No Control,Clear,Daylight,Dry,27,York University Heights,27,York University Heights (27),Non-Fatal Injury,1,0,1,0,0,0,0,0,0,1,0,0,0,Pedestrian Collisions,"['Driver', 'Vehicle Owner', 'Pedestrian']",East,"['Automobile, Station Wagon', 'Other']","['Going Ahead', 'Turning Right']","['Driving Properly', 'Failed to Yield Right of Way']",['Normal'],['Pedestrian hit on sidewalk or shoulder'],['On Sidewalk or Shoulder'],['Normal'],[],[],[],D31,False,"['35 to 39', 'unknown', '70 to 74', '40 to 44']",3.0
1074266.0,2008-12-05 10:00:00,1353,2008,SHEPPARD AVE W,YEOMANS RD,Major Arterial,North York,43.754745,-79.44219,625410.3378,4845811.7442,Unknown,No Control,Clear,Daylight,Dry,33,Clanton Park,33,Clanton Park (33),Non-Fatal Injury,1,0,1,0,0,0,0,0,0,0,0,0,0,Pedestrian Collisions,"['Vehicle Owner', 'Driver', 'Pedestrian']",East,"['Other', 'Automobile, Station Wagon']",['Slowing or Stopping'],['Driving Properly'],['Normal'],['Pedestrian hit at mid-block'],"['Crossing, no Traffic Control']",['Inattentive'],[],[],[],D32,False,"['unknown', '40 to 44', '80 to 84']",3.0
1074689.0,2008-12-09 10:00:00,245,2008,F G GARDINER XY Expr W,WICKMAN RD,Unknown,Etobicoke York,43.617245,-79.52979,618628.8288,4830411.6228,Unknown,No Control,Snow,Dark,Loose Snow,160,Mimico-Queensway,14,Islington-City Centre West (14),Non-Fatal Injury,0,0,1,0,0,0,0,1,0,0,0,0,0,SMV Other,"['Passenger', 'Vehicle Owner', 'Driver']",West,"['Other', 'Automobile, Station Wagon']",['Going Ahead'],['Lost control'],['Unknown'],[],[],[],[],[],[],D22,False,"['10 to 14', '45 to 49', 'unknown', '25 to 29']",3.0
1074830.0,2008-11-20 10:00:00,1445,2008,ROGERS Road,SCOTT Road,Minor Arterial,Etobicoke York,43.682345,-79.46909,623393.2781,4837730.3237,Unknown,No Control,Clear,Daylight,Dry,110,Keelesdale-Eglinton West,110,Keelesdale-Eglinton West (110),Non-Fatal Injury,0,0,1,0,0,0,0,0,1,1,0,0,0,SMV Unattended Vehicle,"['Vehicle Owner', 'Driver', 'Other', 'Other Property Owner']",South,"['Other', 'Automobile, Station Wagon']","['Turning Left', 'Parked']",['Lost control'],['Unknown'],[],[],[],[],[],[],D12,False,"['unknown', '45 to 49']",3.0
1075169.0,2008-11-15 10:00:00,1020,2008,DUPONT ST,MADISON AVE,Major Arterial,Toronto and East York,43.675145,-79.40599,628494.6346,4837026.4811,Unknown,No Control,Rain,Daylight,Wet,95,Annex,95,Annex (95),Non-Fatal Injury,0,0,1,0,0,0,0,1,0,1,0,0,0,Rear End,"['Vehicle Owner', 'Driver', 'Passenger']",West,"['Other', 'Automobile, Station Wagon']","['Going Ahead', 'Stopped']","['Following too Close', 'Driving Properly']","['Inattentive', 'Normal']",[],[],[],[],[],[],D53,False,"['unknown', '25 to 29', '50 to 54', '55 to 59']",3.0
1075399.0,2008-11-21 10:00:00,1810,2008,LAWRENCE Aven W,RALPH Stre,Major Arterial,Etobicoke York,43.700945,-79.51279,619833.9249,4839732.0176,Unknown,No Control,Clear,Daylight,Dry,113,Weston,113,Weston (113),Non-Fatal Injury,0,0,1,0,0,0,0,0,0,1,0,0,0,Rear End,"['Vehicle Owner', 'Driver']",East,"['Other', 'Automobile, Station Wagon']","['Going Ahead', 'Stopped']","['Following too Close', 'Driving Properly']","['Inattentive', 'Normal']",[],[],[],[],[],[],D12,False,"['unknown', '80 to 84', '30 to 34']",3.0
1075633.0,2008-12-13 10:00:00,2101,2008,SHEPPARD AVE E,MORNINGSIDE AVE,Major Arterial,Scarborough,43.802245,-79.19869,644898.557,4851484.8935,Unknown,No Control,Clear,Dark,Wet,144,Morningside Heights,131,Rouge (131),Fatal,0,0,1,0,0,0,0,0,0,0,0,0,0,Turning Movement,"['Driver', 'Vehicle Owner']",East,"['Automobile, Station Wagon', 'Other']","['Turning Left', 'Going Ahead']","['Improper Turn', 'Driving Properly']","['Unknown', 'Normal']",[],[],[],[],[],[],D42,True,"['30 to 34', 'unknown', '60 to 64']",4.0
1075796.0,2008-11-19 10:00:00,920,2008,BLOOR ST W,BROCK AVE,Major Arterial,Toronto and East York,43.659245,-79.43869,625891.8659,4835210.4386,Unknown,No Control,Clear,Daylight,Dry,171,Junction-Wallace Emerson,93,Dovercourt-Wallace Emerson-Junction (93),Non-Fatal Injury,1,0,1,0,0,0,0,0,0,0,0,0,0,Pedestrian Collisions,"['Driver', 'Pedestrian']",South,"['Automobile, Station Wagon', 'Other']","['Turning Left', 'Other']",[],[],[],[],[],[],[],[],D11,False,"['30 to 34', 'unknown']",3.0
1075851.0,2008-11-23 10:00:00,1943,2008,NEILSON Rd,MCLEVIN Ave,Minor Arterial,Scarborough,43.809145,-79.22169,643031.9298,4852211.2337,Unknown,Traffic Signal,Clear,Daylight,Dry,145,Malvern West,132,Malvern (132),Non-Fatal Injury,0,0,1,0,0,0,0,0,0,0,0,0,1,SMV Other,"['Driver', 'Other Property Owner']",South,"['Automobile, Station Wagon', 'Other']",['Turning Left'],['Lost control'],['Medical or Physical Disability'],[],[],[],[],[],[],D42,False,"['25 to 29', 'unknown']",3.0
1075854.0,2008-11-23 10:00:00,145,2008,COLLEGE ST,MARKHAM ST,Major Arterial,Toronto and East York,43.656245,-79.40899,628293.055,4834922.7413,At Intersection,Stop Sign,Clear,Dark,Dry,80,Palmerston-Little Italy,80,Palmerston-Little Italy (80),Non-Fatal Injury,1,0,1,0,0,0,0,0,0,1,0,0,0,Pedestrian Collisions,"['Driver', 'Pedestrian']",East,"['Automobile, Station Wagon', 'Other']",['Turning Right'],['Failed to Yield Right of Way'],['Inattentive'],['Vehicle turns right while ped crosses with ROW at inter.'],['Crossing with right of way'],['Normal'],[],[],[],D14,False,"['45 to 49', '30 to 34']",3.0