accident_number,date,time,year,street1,street2,road_class,district,latitude,longitude,x,y,accident_location,traffctl,visibility,light,road_surface_condition,hood_158,neighbourhood_new,hood_140,neighbourhood_old,accident_class,pedestrian,cyclist,automobile,motorcycle,truck,trsn_city_veh,emerg_veh,passenger,speeding,aggressive_driving,redlight,alcohol,disability,impact_type,involvement_type,initial_direction,vehicle_type,manoeuver,driver_action,driver_condition,pedestrian_type,pedestrian_action,pedestrian_condition,cyclist_type,cyclist_action,cyclist_condition,division,injury,involvement_age,injury_severity_score
1103828.0,2009-03-28 08:00:00,1444,2009,DUNDAS ST W,SORAUREN AVE,Minor Arterial,Toronto and East York,43.651145,-79.44529,625376.5436,4834300.8351,Unknown,No Control,Clear,Daylight,Dry,86,Roncesvalles,86,Roncesvalles (86),Non-Fatal Injury,0,1,1,0,0,0,0,0,0,1,0,0,0,Cyclist Collisions,"['Driver', 'Cyclist']",West,"['Automobile, Station Wagon', 'Bicycle']","['Unknown', 'Going Ahead']",['Failed to Yield Right of Way'],['Unknown'],[],[],[],['Cyclist and Driver travelling in same direction. One vehicle sideswipes the other.'],['Driving Properly'],['Normal'],D11,False,"['unknown', '30 to 34']",3.0
1103903.0,2009-05-12 08:00:00,1540,2009,MIDLAND AVE,SOUTH SHIELDS AVE,Major Arterial,Scarborough,43.807045,-79.28879,637639.7486,4851864.1878,At Intersection,Traffic Signal,Clear,Daylight,Dry,129,Agincourt North,129,Agincourt North (129),Non-Fatal Injury,1,0,1,0,0,0,0,0,0,1,0,0,0,Pedestrian Collisions,"['Pedestrian', 'Driver']",North,"['Other', 'Automobile, Station Wagon']","['Other', 'Turning Left']",['Failed to Yield Right of Way'],['Inattentive'],['Vehicle turns left while ped crosses with ROW at inter.'],['Crossing with right of way'],['Normal'],[],[],[],D42,False,"['20 to 24', '60 to 64']",3.0
1104513.0,2009-05-16 08:00:00,928,2009,DAWES RD,BETH ST,Minor Arterial,Toronto and East York,43.705345,-79.29589,637301.0683,4840557.0678,Unknown,No Control,Clear,Daylight,Wet,54,O'Connor-Parkview,54,O'Connor-Parkview (54),Non-Fatal Injury,0,0,1,0,0,0,0,0,0,0,0,0,0,Approaching,"['Vehicle Owner', 'Driver']",North,"['Other', 'Automobile, Station Wagon']",['Going Ahead'],"['Driving Properly', 'Lost control']",['Normal'],[],[],[],[],[],[],D55,False,"['unknown', '75 to 79', '20 to 24']",3.0
1104621.0,2009-05-18 08:00:00,2141,2009,AVENUE Road,LAWRENCE Aven W,Major Arterial,North York,43.722245,-79.41559,627620.798,4842242.7638,At Intersection,Traffic Controller,Clear,Dark,Dry,39,Bedford Park-Nortown,39,Bedford Park-Nortown (39),Non-Fatal Injury,0,0,1,0,0,0,0,0,0,0,0,0,1,Rear End,"['Vehicle Owner', 'Driver']",East,"['Other', 'Automobile, Station Wagon']","['Going Ahead', 'Stopped']","['Lost control', 'Driving Properly']","['Medical or Physical Disability', 'Normal']",[],[],[],[],[],[],D53,False,"['unknown', '40 to 44', '15 to 19']",3.0
1104694.0,2009-04-22 08:00:00,2336,2009,SCARLETT RD,EGLINTON AVE W,Major Arterial,Etobicoke York,43.683945,-79.51149,619972.5666,4837845.817,At Intersection,Traffic Signal,Clear,Dark,Dry,9,Edenbridge-Humber Valley,9,Edenbridge-Humber Valley (9),Non-Fatal Injury,0,0,1,0,0,0,0,0,0,0,0,0,0,Turning Movement,['Driver'],North,"['Automobile, Station Wagon']","['Turning Left', 'Going Ahead']","['Improper Turn', 'Driving Properly']","['Inattentive', 'Normal']",[],[],[],[],[],[],D22,False,"['50 to 54', '40 to 44']",3.0
1105521.0,2009-05-22 08:00:00,1525,2009,KING Stre E,ASHBY Plac,Major Arterial,Toronto and East York,43.655945,-79.35769,632430.3976,4834970.0196,Unknown,No Control,Clear,Daylight,Dry,73,Moss Park,73,Moss Park (73),Non-Fatal Injury,1,0,1,0,0,0,0,0,0,0,0,0,0,Pedestrian Collisions,"['Pedestrian', 'Vehicle Owner', 'Driver']",West,"['Other', 'Automobile, Station Wagon']","['Other', 'Going Ahead']",['Driving Properly'],['Normal'],['Vehicle is going straight thru inter.while ped cross without ROW'],['Walking on Roadway Against Traffic'],['Had Been Drinking'],[],[],[],D51,False,"['45 to 49', 'unknown', '40 to 44']",3.0
1105663.0,2009-03-08 09:00:00,15,2009,DUNDAS ST W,MC CAUL ST,Major Arterial,Toronto and East York,43.654345,-79.39149,629708.2942,4834738.9279,At Intersection,Traffic Signal,Clear,Dark,Wet,78,Kensington-Chinatown,78,Kensington-Chinatown (78),Non-Fatal Injury,0,0,1,0,0,0,0,1,0,1,0,0,0,Rear End,"['Passenger', 'Driver', 'Vehicle Owner']",West,"['Other', 'Automobile, Station Wagon']","['Stopped', 'Slowing or Stopping']","['Driving Properly', 'Following too Close']","['Normal', 'Inattentive']",[],[],[],[],[],[],D52,False,"['20 to 24', 'unknown', '55 to 59']",3.0
1105683.0,2009-04-07 08:00:00,1247,2009,LAKE SHORE BLVD W,BATHURST ST,Major Arterial,Toronto and East York,43.636445,-79.39959,629093.45,4832738.2708,At Intersection,Traffic Signal,Clear,Daylight,Dry,165,Harbourfront-CityPlace,77,Waterfront Communities-The Island (77),Non-Fatal Injury,0,0,1,0,0,0,0,0,0,1,0,0,0,Approaching,['Driver'],East,"['Automobile, Station Wagon']",['Going Ahead'],"['Following too Close', 'Driving Properly']",['Normal'],[],[],[],[],[],[],D14,False,"['30 to 34', '60 to 64']",3.0
1105956.0,2009-04-29 08:00:00,2039,2009,THE QUEENSWAY Stre,NORTH QUEEN ST,Major Arterial,Etobicoke York,43.614345,-79.55519,616584.9317,4830053.5698,Unknown,No Control,Clear,Dark,Dry,159,Etobicoke City Centre,14,Islington-City Centre West (14),Non-Fatal Injury,0,0,1,1,0,0,0,0,1,1,0,0,0,Turning Movement,"['Driver', 'Motorcycle Driver']",South,"['Automobile, Station Wagon', 'Motorcycle']","['Turning Right', 'Going Ahead']","['Improper Turn', 'Exceeding Speed Limit']",['Inattentive'],[],[],[],[],[],[],D22,False,"['20 to 24', '25 to 29']",3.0
1106122.0,2009-04-30 08:00:00,33,2009,SHEPPARD AVE E,MORNINGSIDE AVE,Major Arterial,Scarborough,43.801945,-79.19979,644810.7961,4851449.648,At Intersection,Traffic Signal,Clear,Dark,Dry,146,Malvern East,132,Malvern (132),Non-Fatal Injury,1,0,1,0,0,0,0,0,0,1,0,0,0,Pedestrian Collisions,"['Driver', 'Pedestrian']",North,"['Automobile, Station Wagon', 'Other']",['Turning Left'],['Failed to Yield Right of Way'],['Normal'],['Vehicle turns left while ped crosses with ROW at inter.'],['Crossing with right of way'],['Normal'],[],[],[],D42,False,"['20 to 24', '25 to 29']",3.0
1106184.0,2009-05-26 08:00:00,1915,2009,ROGERS Road,SILVERTHORN Aven,Minor Arterial,Etobicoke York,43.682745,-79.46329,623859.9464,4837783.3946,Unknown,Traffic Signal,Rain,Daylight,Wet,110,Keelesdale-Eglinton West,110,Keelesdale-Eglinton West (110),Non-Fatal Injury,0,1,1,0,0,0,0,0,0,0,0,0,0,Cyclist Collisions,"['Driver', 'Cyclist']",West,"['Automobile, Station Wagon', 'Bicycle']","['Turning Right', 'Going Ahead']",['Improper Turn'],['Inattentive'],[],[],[],['Motorist turning right on red at signalized intersection strikes cyclist.'],['Driving Properly'],['Normal'],D12,False,"['25 to 29', '50 to 54']",3.0
1106309.0,2009-04-30 08:00:00,1540,2009,MCINTOSH ST,NATAL AVE,Collector,Scarborough,43.707945,-79.25189,640840.1256,4840919.6528,At Intersection,Stop Sign,Clear,Daylight,Dry,122,Birchcliffe-Cliffside,122,Birchcliffe-Cliffside (122),Non-Fatal Injury,0,1,1,0,0,0,0,0,1,1,0,0,0,Cyclist Collisions,"['Driver', 'Cyclist']",South,"['Automobile, Station Wagon', 'Bicycle']","['Going Ahead', 'Turning Left']",['Exceeding Speed Limit'],['Normal'],[],[],[],"['Motorist without ROW drives into path of cyclist at inter, lnwy, dwy-Driver not turn.']",['Driving Properly'],['Normal'],D41,False,"['15 to 19', '20 to 24']",3.0
1106355.0,2009-05-02 08:00:00,1052,2009,JAMESON AVE,GARDINER JAMESON AV RAMP,Minor Arterial,Toronto and East York,43.632445,-79.43429,626302.8043,4832240.6385,At Intersection,No Control,Clear,Daylight,Dry,85,South Parkdale,85,South Parkdale (85),Non-Fatal Injury,0,0,1,0,1,0,0,0,0,1,0,0,0,Turning Movement,"['Vehicle Owner', 'Truck Driver', 'Driver', 'Other']",East,"['Other', 'Truck - Open', 'Automobile, Station Wagon']","['Going Ahead', 'Turning Left']","['Driving Properly', 'Failed to Yield Right of Way']",['Normal'],[],[],[],[],[],[],D14,False,"['unknown', '35 to 39', '20 to 24']",3.0
1106370.0,2009-05-15 08:00:00,239,2009,DIXON RD,CARLINGVIEW DR,Major Arterial,Etobicoke York,43.686645,-79.59799,612995.6246,4838024.1974,Unknown,No Control,Clear,Dark,Dry,1,West Humber-Clairville,1,West Humber-Clairville (1),Non-Fatal Injury,1,0,1,0,0,0,0,0,1,1,0,0,0,Pedestrian Collisions,"['Driver', 'Pedestrian']",North,"['Automobile, Station Wagon', 'Other']",['Going Ahead'],['Exceeding Speed Limit'],['Unknown'],['Pedestrian hit at mid-block'],"['Crossing, no Traffic Control']","['Ability Impaired, Alcohol Over .80']",[],[],[],D23,False,"['unknown', '35 to 39']",3.0
1106499.0,2009-05-27 08:00:00,1534,2009,DIXON ROAD,KELFIELD ST,Major Arterial,Etobicoke York,43.690245,-79.57709,614673.2212,4838452.7133,At Intersection,Traffic Signal,Rain,Daylight,Wet,1,West Humber-Clairville,1,West Humber-Clairville (1),Non-Fatal Injury,0,0,1,0,0,0,0,0,0,0,0,0,1,SMV Other,['Driver'],East,"['Automobile, Station Wagon']",['Going Ahead'],['Lost control'],['Medical or Physical Disability'],[],[],[],[],[],[],D23,False,['65 to 69'],3.0
1106578.0,2009-05-04 08:00:00,1100,2009,TRETHEWEY DR,BROOKHAVEN DR,Minor Arterial,Etobicoke York,43.696945,-79.49389,621364.8999,4839315.2534,At Intersection,No Control,Clear,Daylight,Dry,30,Brookhaven-Amesbury,30,Brookhaven-Amesbury (30),Non-Fatal Injury,0,0,1,0,0,0,0,1,0,0,0,0,0,Turning Movement,"['Vehicle Owner', 'Driver', 'Passenger']",East,"['Other', 'Automobile, Station Wagon']","['Turning Left', 'Going Ahead']","['Improper Turn', 'Driving Properly']","['Inattentive', 'Normal']",[],[],[],[],[],[],D12,False,"['unknown', '45 to 49', '50 to 54', '55 to 59']",3.0
1106697.0,2009-05-28 08:00:00,1252,2009,JOHN GARLAND Blvd,COLLINGDALE Rd,Collector,Etobicoke York,43.732845,-79.58319,614100.7509,4843175.6114,Unknown,No Control,Rain,Daylight,Wet,2,Mount Olive-Silverstone-Jamestown,2,Mount Olive-Silverstone-Jamestown (2),Non-Fatal Injury,0,0,1,0,0,0,0,1,0,0,0,0,0,SMV Other,"['Passenger', 'Vehicle Owner', 'Driver']",East,"['Other', 'Automobile, Station Wagon']",['Going Ahead'],['Lost control'],['Unknown'],[],[],[],[],[],[],D23,False,"['10 to 14', '5 to 9', 'unknown', '40 to 44']",3.0
1106823.0,2009-05-06 08:00:00,1909,2009,1472 AVENUE RD,Not Applicable,Major Arterial,North York,43.720445,-79.41509,627664.8954,4842043.6182,Unknown,No Control,Clear,Daylight,Dry,39,Bedford Park-Nortown,39,Bedford Park-Nortown (39),Non-Fatal Injury,1,0,1,0,0,0,0,0,0,0,0,0,0,Pedestrian Collisions,"['Vehicle Owner', 'Driver', 'Pedestrian']",South,"['Other', 'Automobile, Station Wagon']",['Going Ahead'],['Driving Properly'],['Normal'],['Pedestrian hit at mid-block'],['Running onto Roadway'],['Had Been Drinking'],[],[],[],D53,False,"['unknown', '40 to 44', '25 to 29']",3.0
1107035.0,2009-05-31 08:00:00,423,2009,WESTON RD,EGLINTON AVE W,Major Arterial,Etobicoke York,43.686945,-79.48949,621739.6932,4838211.0671,At Intersection,Traffic Signal,Clear,Dark,Dry,115,Mount Dennis,115,Mount Dennis (115),Non-Fatal Injury,0,0,1,0,0,0,0,1,0,0,0,1,0,SMV Other,"['Passenger', 'Driver']",Unknown,"['Other', 'Automobile, Station Wagon']","['Other', 'Going Ahead']",[],"['Ability Impaired, Alcohol Over .08']",[],[],[],[],[],[],D12,False,"['unknown', '20 to 24']",3.0
1107097.0,2009-05-07 08:00:00,553,2009,ANNETTE ST,KEELE ST,Major Arterial,Toronto and East York,43.663645,-79.46379,623858.9308,4835661.3387,At Intersection,Traffic Signal,Rain,Dawn,Wet,90,Junction Area,90,Junction Area (90),Non-Fatal Injury,0,0,1,0,0,0,0,0,0,1,1,1,0,Angle,"['Driver', 'Vehicle Owner', 'Other Property Owner']",South,"['Automobile, Station Wagon', 'Other']",['Going Ahead'],"['Driving Properly', 'Disobeyed Traffic Control']","['Normal', 'Ability Impaired, Alcohol Over .08']",[],[],[],[],[],[],D11,False,"['45 to 49', 'unknown', '25 to 29']",3.0
1107143.0,2009-05-09 08:00:00,1340,2009,QUEEN ST W,BAY ST,Major Arterial,Toronto and East York,43.651845,-79.38169,630503.9776,4834476.6357,At Intersection,Traffic Signal,Rain,Daylight,Wet,170,Yonge-Bay Corridor,76,Bay Street Corridor (76),Non-Fatal Injury,1,0,1,0,0,0,0,0,0,0,0,0,0,Pedestrian Collisions,"['Driver', 'Pedestrian']",East,"['Automobile, Station Wagon', 'Other']",['Going Ahead'],['Driving Properly'],['Normal'],['Vehicle is going straight thru inter.while ped cross without ROW'],['Crossing without right of way'],['Inattentive'],[],[],[],D52,False,['60 to 64'],3.0
1107460.0,2009-06-22 08:00:00,0,2009,F G GARDINER XY  E,KIPLING AVE,Expressway,Etobicoke York,43.618045,-79.52479,619030.6955,4830507.6277,Unknown,No Control,Clear,Daylight,Dry,160,Mimico-Queensway,17,Mimico (includes Humber Bay Shores) (17),Non-Fatal Injury,0,0,1,1,0,0,0,0,1,1,0,0,0,Sideswipe,"['Motorcycle Driver', 'Driver']",East,"['Motorcycle', 'Automobile, Station Wagon']","['Going Ahead', 'Changing Lanes']","['Driving Properly', 'Improper Lane Change']",['Normal'],[],[],[],[],[],[],D22,False,"['25 to 29', '40 to 44']",3.0
1107544.0,2009-06-02 08:00:00,2013,2009,QUEEN St W,UNIVERSITY Ave,Major Arterial,Toronto and East York,43.650845,-79.38659,630110.9864,4834357.8781,At Intersection,Traffic Signal,Clear,Dark,Dry,170,Yonge-Bay Corridor,76,Bay Street Corridor (76),Non-Fatal Injury,1,0,1,0,0,0,0,1,0,1,1,0,0,Pedestrian Collisions,"['Driver', 'Passenger', 'Vehicle Owner', 'Pedestrian']",South,"['Automobile, Station Wagon', 'Other']","['Slowing or Stopping', 'Going Ahead']","['Driving Properly', 'Disobeyed Traffic Control']","['Normal', 'Unknown']",['Pedestrian hit on sidewalk or shoulder'],['On Sidewalk or Shoulder'],['Normal'],[],[],[],D52,False,"['55 to 59', '60 to 64', '15 to 19', 'unknown', '20 to 24', '30 to 34', '25 to 29']",3.0
1107567.0,2009-05-08 08:00:00,1743,2009,WOODBINE AVE,DANFORTH AVE,Major Arterial,Toronto and East York,43.685645,-79.31279,635983.9332,4838341.2529,At Intersection,Traffic Signal,Clear,Daylight,Dry,64,Woodbine Corridor,64,Woodbine Corridor (64),Non-Fatal Injury,0,0,1,0,0,0,0,1,0,1,0,0,0,SMV Other,"['Passenger', 'Driver', 'Other Property Owner']",West,"['Other', 'Automobile, Station Wagon']","['Other', 'Going Ahead']",['Lost control'],['Normal'],[],[],[],[],[],[],D55,False,"['15 to 19', '20 to 24', 'unknown']",3.0
1107709.0,2009-05-13 08:00:00,1729,2009,610 VAUGHAN RD,Not Applicable,Minor Arterial,Toronto and East York,43.691845,-79.43949,625759.2434,4838829.8926,Unknown,No Control,Clear,Daylight,Dry,107,Oakwood Village,107,Oakwood Village (107),Non-Fatal Injury,1,0,1,0,0,0,0,0,0,0,0,0,0,Pedestrian Collisions,"['Vehicle Owner', 'Driver', 'Pedestrian']",North,"['Other', 'Automobile, Station Wagon']",['Going Ahead'],['Driving Properly'],['Normal'],['Pedestrian hit at mid-block'],"['Crossing, no Traffic Control']",['Had Been Drinking'],[],[],[],D13,False,"['unknown', '35 to 39']",3.0
1107752.0,2009-06-03 08:00:00,1646,2009,WILLIAM R ALLEN RD N,LAWRENCE W ALLEN X N RAMP W,Expressway,North York,43.718145,-79.44519,625245.1029,4841742.2454,Unknown,No Control,Clear,Daylight,Dry,31,Yorkdale-Glen Park,31,Yorkdale-Glen Park (31),Non-Fatal Injury,0,0,1,0,0,0,0,1,0,1,0,0,0,Rear End,"['Driver', 'Passenger']",South,"['Automobile, Station Wagon']","['Slowing or Stopping', 'Stopped']","['Following too Close', 'Driving Properly']",['Normal'],[],[],[],[],[],[],D32,False,"['30 to 34', '60 to 64', '65 to 69']",3.0
1107892.0,2009-06-04 08:00:00,1400,2009,DON VALLEY PARKWAY  S,BEECHWOOD DR,Local,Toronto and East York,43.695998,-79.354053,632635.4023,4839424.2631,Non Intersection,No Control,Clear,Daylight,Dry,57,Broadview North,57,Broadview North (57),Non-Fatal Injury,0,0,1,0,0,0,0,1,0,0,0,0,0,SMV Other,"['Passenger', 'Driver']",South,"['Automobile, Station Wagon']",['Slowing or Stopping'],"['Lost control', 'Driving Properly']","['Inattentive', 'Normal']",[],[],[],[],[],[],D55,False,"['25 to 29', '30 to 34', '40 to 44']",3.0
1108048.0,2009-05-15 08:00:00,1100,2009,4175 LAWRENCE AVE E,Not Applicable,Major Arterial,Scarborough,43.768045,-79.18769,645866.5802,4847705.756,Unknown,No Control,Clear,Daylight,Dry,136,West Hill,136,West Hill (136),Non-Fatal Injury,1,0,1,0,0,0,0,0,0,0,0,0,0,Pedestrian Collisions,"['Pedestrian', 'Driver']",South,"['Other', 'Automobile, Station Wagon']",['Going Ahead'],['Driving Properly'],['Normal'],['Pedestrian hit at mid-block'],"['Crossing, no Traffic Control']",['Had Been Drinking'],[],[],[],D43,False,"['60 to 64', '80 to 84']",3.0
1108100.0,2009-06-03 08:00:00,1750,2009,EVANS Ave,ISLINGTON Ave,Major Arterial,Etobicoke York,43.618345,-79.51129,620119.386,4830560.3868,At Intersection,Traffic Signal,Clear,Daylight,Dry,160,Mimico-Queensway,17,Mimico (includes Humber Bay Shores) (17),Non-Fatal Injury,0,0,1,0,0,0,0,1,1,1,1,0,0,Angle,"['Vehicle Owner', 'Driver', 'Passenger']",East,"['Other', 'Automobile, Station Wagon']",['Going Ahead'],"['Disobeyed Traffic Control', 'Driving Properly']","['Unknown', 'Normal']",[],[],[],[],[],[],D22,False,"['unknown', '30 to 34', '0 to 4', '35 to 39', '40 to 44']",3.0
1108193.0,2009-06-05 08:00:00,1547,2009,FINCH AVE W,HALESIA DR,Major Arterial,Etobicoke York,43.733745,-79.60669,612206.5193,4843243.4789,At Intersection,Traffic Signal,Clear,Daylight,Dry,1,West Humber-Clairville,1,West Humber-Clairville (1),Fatal,0,0,1,1,0,0,0,0,0,1,0,0,0,Turning Movement,"['Motorcycle Driver', 'Driver']",East,"['Motorcycle', 'Automobile, Station Wagon']","['Slowing or Stopping', 'Turning Left']","['Lost control', 'Failed to Yield Right of Way']","['Unknown', 'Inattentive']",[],[],[],[],[],[],D23,True,['35 to 39'],4.0
1108205.0,2009-06-04 08:00:00,2128,2009,PARKSIDE DR,CONSTANCE ST,Major Arterial,Toronto and East York,43.648245,-79.45769,624382.5463,4833960.0929,Unknown,No Control,Clear,Dark,Dry,87,High Park-Swansea,87,High Park-Swansea (87),Non-Fatal Injury,1,0,1,0,0,0,0,1,0,0,0,0,0,Pedestrian Collisions,"['Passenger', 'Driver', 'Pedestrian']",North,"['Other', 'Automobile, Station Wagon']","['Slowing or Stopping', 'Turning Left']","['Driving Properly', 'Lost control']",['Normal'],['Pedestrian hit on sidewalk or shoulder'],['On Sidewalk or Shoulder'],['Normal'],[],[],[],D11,False,"['5 to 9', '35 to 39', '30 to 34', '25 to 29']",3.0
1108321.0,2009-05-29 08:00:00,2110,2009,DANFORTH Road,ST CLAIR Aven E,Major Arterial,Scarborough,43.716845,-79.25989,640174.8292,4841894.5658,At Intersection,Traffic Signal,Rain,Dark,Wet,120,Clairlea-Birchmount,120,Clairlea-Birchmount (120),Non-Fatal Injury,1,0,1,0,0,0,0,0,0,1,0,0,0,Pedestrian Collisions,"['Driver', 'Pedestrian']",North,"['Automobile, Station Wagon', 'Other']",['Turning Left'],['Failed to Yield Right of Way'],['Normal'],['Vehicle turns left while ped crosses with ROW at inter.'],['Crossing with right of way'],['Had Been Drinking'],[],[],[],D41,False,"['45 to 49', '55 to 59']",3.0
1108349.0,2009-05-17 08:00:00,1623,2009,YORK MILLS Road,CHIPSTEAD Road,Major Arterial,North York,43.751445,-79.37049,631189.7582,4845556.2917,At Intersection,Traffic Signal,Clear,Daylight,Dry,42,Banbury-Don Mills,40,St.Andrew-Windfields (40),Non-Fatal Injury,0,0,1,0,0,0,0,1,0,0,0,0,0,Turning Movement,"['Passenger', 'Driver', 'Vehicle Owner']",East,"['Other', 'Automobile, Station Wagon']","['Going Ahead', 'Turning Left']","['Driving Properly', 'Improper Turn']","['Normal', 'Inattentive']",[],[],[],[],[],[],D33,False,"['10 to 14', '80 to 84', 'unknown', '15 to 19']",3.0
1108724.0,2009-06-10 08:00:00,1546,2009,EGLINTON AVE W,OLD PARK RD,Major Arterial,North York,43.699845,-79.43099,626427.4395,4839731.3292,Unknown,Traffic Signal,Clear,Daylight,Dry,102,Forest Hill North,102,Forest Hill North (102),Non-Fatal Injury,1,0,1,0,0,0,0,0,0,0,0,0,0,Pedestrian Collisions,"['Vehicle Owner', 'Driver', 'Pedestrian']",West,"['Other', 'Automobile, Station Wagon']",['Going Ahead'],['Driving Properly'],['Normal'],['Vehicle is going straight thru inter.while ped cross without ROW'],['Running onto Roadway'],[],[],[],[],D13,False,"['unknown', '50 to 54', '40 to 44']",3.0
1109010.0,2009-05-19 08:00:00,1646,2009,KINGSTON Road,OLD KINGSTON Road,Minor Arterial,Scarborough,43.784545,-79.16879,647347.2601,4849571.8132,At Intersection,Traffic Signal,Clear,Daylight,Dry,134,Highland Creek,134,Highland Creek (134),Non-Fatal Injury,0,0,1,0,0,0,0,1,0,0,0,0,0,Turning Movement,"['Driver', 'Passenger']",East,"['Automobile, Station Wagon', 'Other']","['Turning Left', 'Going Ahead']","['Improper Turn', 'Driving Properly']",['Normal'],[],[],[],[],[],[],D43,False,"['35 to 39', '20 to 24']",3.0
1109028.0,2009-06-11 08:00:00,1030,2009,SOUTH KINGSWAY,THE QUEENSWAY,Minor Arterial,Toronto and East York,43.634945,-79.47299,623175.813,4832460.1412,Unknown,No Control,Clear,Daylight,Dry,87,High Park-Swansea,87,High Park-Swansea (87),Non-Fatal Injury,0,0,1,0,0,0,0,1,0,0,0,0,0,Rear End,"['Passenger', 'Driver', 'Vehicle Owner']",South,"['Other', 'Automobile, Station Wagon']","['Slowing or Stopping', 'Stopped']","['Lost control', 'Driving Properly']",['Normal'],[],[],[],[],[],[],D11,False,"['55 to 59', 'unknown', '50 to 54']",3.0
1109154.0,2009-06-13 08:00:00,852,2009,WILLIAM R ALLEN RD S,ELM RIDGE DR,Unknown,North York,43.703345,-79.43799,625856.0657,4840109.4025,Unknown,No Control,Clear,Daylight,Dry,102,Forest Hill North,102,Forest Hill North (102),Non-Fatal Injury,0,0,1,0,0,0,0,1,0,1,0,0,0,Rear End,"['Driver', 'Passenger']",South,"['Automobile, Station Wagon', 'Other']","['Slowing or Stopping', 'Stopped', 'Unknown']","['Driving Properly', 'Following too Close']","['Normal', 'Inattentive']",[],[],[],[],[],[],D13,False,"['45 to 49', '40 to 44', '15 to 19', '65 to 69']",3.0
1109235.0,2009-06-09 08:00:00,1613,2009,CUMMER Aven,BAYVIEW Aven,Major Arterial,North York,43.792245,-79.39359,629242.0747,4850051.4275,At Intersection,Traffic Signal,Clear,Daylight,Dry,50,Newtonbrook East,50,Newtonbrook East (50),Non-Fatal Injury,1,0,1,0,0,0,0,0,0,0,0,0,0,Pedestrian Collisions,"['Pedestrian', 'Vehicle Owner', 'Driver']",North,"['Other', 'Automobile, Station Wagon']",['Going Ahead'],['Driving Properly'],['Normal'],['Vehicle is going straight thru inter.while ped cross without ROW'],['Crossing without right of way'],['Inattentive'],[],[],[],D32,False,"['60 to 64', 'unknown', '20 to 24']",3.0
1109297.0,2009-06-14 08:00:00,2206,2009,THE QUEENSWAY,STEPHEN DR,Major Arterial,Etobicoke York,43.630445,-79.48349,622337.9559,4831944.8327,Unknown,No Control,Clear,Dark,Dry,16,Stonegate-Queensway,16,Stonegate-Queensway (16),Non-Fatal Injury,0,0,1,0,0,0,0,1,0,0,0,1,0,SMV Other,"['Passenger', 'Driver']",East,"['Other', 'Automobile, Station Wagon']",['Going Ahead'],['Lost control'],"['Ability Impaired, Alcohol']",[],[],[],[],[],[],D22,False,['30 to 34'],3.0
1109447.0,2009-05-11 08:00:00,722,2009,FRONT ST W,SPADINA AVE,Minor Arterial,Toronto and East York,43.642245,-79.39569,629395.5871,4833388.5084,Unknown,No Control,Clear,Daylight,Dry,165,Harbourfront-CityPlace,77,Waterfront Communities-The Island (77),Non-Fatal Injury,1,0,0,0,1,0,0,0,0,0,0,0,0,Pedestrian Collisions,"['Vehicle Owner', 'Truck Driver', 'Pedestrian']",West,"['Other', 'Truck - Open']",['Going Ahead'],['Driving Properly'],['Normal'],['Pedestrian hit at mid-block'],['Running onto Roadway'],['Other'],[],[],[],D14,False,"['unknown', '50 to 54', '30 to 34']",3.0
1109820.0,2009-06-17 08:00:00,1708,2009,KEELE ST,DUNDAS ST W,Major Arterial,Toronto and East York,43.664945,-79.46439,623807.8822,4835804.8252,Unknown,No Control,Rain,Daylight,Wet,90,Junction Area,90,Junction Area (90),Fatal,1,0,0,0,1,0,0,0,0,0,0,0,0,Pedestrian Collisions,"['Vehicle Owner', 'Truck Driver', 'Pedestrian']",North,"['Other', 'Truck - Open']",['Going Ahead'],['Driving Properly'],['Normal'],['Pedestrian hit at mid-block'],['Other'],['Normal'],[],[],[],D11,True,"['unknown', '60 to 64', '85 to 89']",4.0
1109990.0,2020-06-16 08:00:00,2107,2020,DUNDAS ST W,ROYAL YORK RD,Major Arterial,Etobicoke York,43.658034,-79.51675,619600.0656,4834960.4644,Overpass or Bridge,No Control,Clear,Dark,Dry,15,Kingsway South,15,Kingsway South (15),Non-Fatal Injury,0,0,1,0,0,0,0,0,0,0,0,0,1,Rear End,['Driver'],West,"['Automobile, Station Wagon']","['Reversing', 'Going Ahead']",['Other'],"['Medical or Physical Disability', 'Normal']",[],[],[],[],[],[],D22,False,"['25 to 29', '50 to 54']",3.0
1110013.0,2009-06-18 08:00:00,2213,2009,EGLINTON AVE W,MARTIN GROVE RD,Major Arterial,Etobicoke York,43.674445,-79.56319,615823.8381,4836717.2289,Unknown,Traffic Controller,Clear,Dark,Dry,11,Eringate-Centennial-West Deane,11,Eringate-Centennial-West Deane (11),Non-Fatal Injury,0,0,1,0,0,0,0,0,0,1,0,0,0,Turning Movement,['Driver'],East,"['Automobile, Station Wagon']","['Turning Left', 'Going Ahead']","['Failed to Yield Right of Way', 'Driving Properly']",['Normal'],[],[],[],[],[],[],D22,False,"['40 to 44', '20 to 24']",3.0
1110059.0,2009-05-21 08:00:00,2159,2009,KING ST W,SHAW ST,Major Arterial,Toronto and East York,43.641345,-79.41519,627824.7076,4833258.3352,Unknown,No Control,Clear,Dark,Dry,162,West Queen West,82,Niagara (82),Non-Fatal Injury,0,0,1,0,0,0,0,0,0,0,0,0,1,SMV Unattended Vehicle,"['Driver', 'Other']",West,"['Automobile, Station Wagon', 'Other']","['Going Ahead', 'Parked']",['Lost control'],['Medical or Physical Disability'],[],[],[],[],[],[],D14,False,"['40 to 44', 'unknown']",3.0