accident_number,date,time,year,street1,street2,road_class,district,latitude,longitude,x,y,accident_location,traffctl,visibility,light,road_surface_condition,hood_158,neighbourhood_new,hood_140,neighbourhood_old,accident_class,pedestrian,cyclist,automobile,motorcycle,truck,trsn_city_veh,emerg_veh,passenger,speeding,aggressive_driving,redlight,alcohol,disability,impact_type,involvement_type,initial_direction,vehicle_type,manoeuver,driver_action,driver_condition,pedestrian_type,pedestrian_action,pedestrian_condition,cyclist_type,cyclist_action,cyclist_condition,division,injury,involvement_age,injury_severity_score
1122431.0,2009-09-02 08:00:00,1715,2009,BATHURST ST,BANNOCKBURN AVE,Major Arterial,North York,43.731245,-79.43249,626240.6198,4843216.4575,At Intersection,No Control,Clear,Daylight,Dry,39,Bedford Park-Nortown,39,Bedford Park-Nortown (39),Non-Fatal Injury,1,0,1,0,0,0,0,0,0,0,0,0,0,Pedestrian Collisions,"['Driver', 'Pedestrian']",South,"['Automobile, Station Wagon', 'Other']",['Going Ahead'],['Driving Properly'],['Normal'],['Vehicle is going straight thru inter.while ped cross without ROW'],"['Crossing, no Traffic Control']",['Normal'],[],[],[],D32,False,"['35 to 39', '10 to 14']",3.0
1122468.0,2009-07-28 08:00:00,1230,2009,WINCOTT DR,SHEFFLEY CRES,Collector,Etobicoke York,43.686445,-79.54919,616929.0997,4838069.6309,Unknown,No Control,Clear,Daylight,Dry,7,Willowridge-Martingrove-Richview,7,Willowridge-Martingrove-Richview (7),Non-Fatal Injury,0,1,1,0,0,0,0,0,0,0,0,0,0,Cyclist Collisions,"['Driver', 'Cyclist']",North,"['Automobile, Station Wagon', 'Bicycle']","['Going Ahead', 'Other']",['Driving Properly'],['Normal'],[],[],[],"['Cyclist loses control and strikes object (pole, ttc track)']",['Lost control'],['Normal'],D23,False,"['30 to 34', '35 to 39']",3.0
1122545.0,2009-07-31 08:00:00,812,2009,KINGSTON RD,MAIN ST,Major Arterial,Toronto and East York,43.678845,-79.29799,637192.2809,4837610.3935,At Intersection,Traffic Signal,Clear,Daylight,Dry,63,The Beaches,63,The Beaches (63),Non-Fatal Injury,1,0,1,0,0,0,0,0,0,0,0,0,0,Pedestrian Collisions,"['Vehicle Owner', 'Driver', 'Pedestrian']",South,"['Other', 'Automobile, Station Wagon']",['Going Ahead'],['Driving Properly'],['Normal'],['Vehicle is going straight thru inter.while ped cross without ROW'],['Crossing without right of way'],['Normal'],[],[],[],D55,False,"['unknown', '35 to 39', '40 to 44']",3.0
1122576.0,2009-07-30 08:00:00,725,2009,JOHN ST,WELLINGTON ST W,Minor Arterial,Toronto and East York,43.645245,-79.38919,629913.3833,4833731.8517,At Intersection,Traffic Signal,Clear,Daylight,Dry,164,Wellington Place,77,Waterfront Communities-The Island (77),Non-Fatal Injury,0,0,1,0,0,0,0,0,0,1,1,0,0,Angle,"['Vehicle Owner', 'Driver']",North,"['Other', 'Automobile, Station Wagon']",['Going Ahead'],"['Disobeyed Traffic Control', 'Driving Properly']","['Inattentive', 'Normal']",[],[],[],[],[],[],D52,False,"['unknown', '35 to 39', '30 to 34']",3.0
1122728.0,2009-08-01 08:00:00,636,2009,ISLINGTON AVE,THE WESTWAY,Major Arterial,Etobicoke York,43.688645,-79.54289,617432.5637,4838322.8721,At Intersection,Traffic Signal,Clear,Daylight,Dry,6,Kingsview Village-The Westway,6,Kingsview Village-The Westway (6),Non-Fatal Injury,0,0,1,0,0,0,0,1,0,1,1,0,0,Angle,"['Passenger', 'Driver']",East,"['Other', 'Automobile, Station Wagon']",['Going Ahead'],"['Disobeyed Traffic Control', 'Driving Properly']",['Normal'],[],[],[],[],[],[],D23,False,"['50 to 54', '45 to 49', '40 to 44']",3.0
1122738.0,2009-08-01 08:00:00,1310,2009,JANE ST,FALSTAFF AVE,Major Arterial,Etobicoke York,43.715445,-79.50719,620256.1566,4841350.5525,At Intersection,Traffic Signal,Clear,Daylight,Dry,28,Rustic,28,Rustic (28),Non-Fatal Injury,1,0,1,0,0,0,0,0,0,1,0,0,0,Pedestrian Collisions,"['Driver', 'Pedestrian']",East,"['Automobile, Station Wagon', 'Other']",['Turning Left'],['Failed to Yield Right of Way'],['Normal'],['Vehicle turns left while ped crosses with ROW at inter.'],['Crossing with right of way'],['Normal'],[],[],[],D12,False,"['55 to 59', '70 to 74']",3.0
1122739.0,2009-08-01 08:00:00,703,2009,QUEEN ST E,EASTERN AVE,Major Arterial,Toronto and East York,43.667245,-79.31259,636041.6277,4836298.0075,At Intersection,Traffic Signal,Clear,Daylight,Dry,63,The Beaches,64,Woodbine Corridor (64),Non-Fatal Injury,0,0,1,0,0,0,0,0,1,1,0,1,0,SMV Other,['Driver'],East,"['Automobile, Station Wagon']",['Going Ahead'],['Exceeding Speed Limit'],"['Ability Impaired, Alcohol']",[],[],[],[],[],[],D55,False,['25 to 29'],3.0
1122772.0,2009-08-05 08:00:00,1230,2009,BAYVIEW AVE,401 C W BAYVIEW RAMP,Major Arterial,North York,43.764545,-79.38749,629792.7694,4846984.4589,At Intersection,Traffic Signal,Clear,Daylight,Dry,52,Bayview Village,52,Bayview Village (52),Non-Fatal Injury,1,0,1,0,0,0,0,0,0,1,0,0,0,Pedestrian Collisions,"['Driver', 'Pedestrian']",South,"['Automobile, Station Wagon', 'Other']",['Turning Right'],['Failed to Yield Right of Way'],['Normal'],['Vehicle turns right while ped crosses with ROW at inter.'],['Crossing with right of way'],['Normal'],[],[],[],D33,False,"['30 to 34', '40 to 44']",3.0
1122775.0,2009-08-01 08:00:00,740,2009,MERTON ST,PAILTON CRES,Collector,Toronto and East York,43.697645,-79.38879,629832.6061,4839552.204,Unknown,No Control,Clear,Daylight,Dry,174,South Eglinton-Davisville,104,Mount Pleasant West (104),Non-Fatal Injury,0,0,1,0,0,0,0,0,0,1,0,0,0,SMV Unattended Vehicle,"['Driver', 'Other']",East,"['Automobile, Station Wagon', 'Other']","['Going Ahead', 'Parked']",['Following too Close'],['Inattentive'],[],[],[],[],[],[],D53,False,"['60 to 64', 'unknown']",3.0
1123169.0,2009-09-07 08:00:00,430,2009,48 ISABELLA ST,Not Applicable,Collector,Toronto and East York,43.667945,-79.38349,630323.9823,4836261.9253,Unknown,No Control,Clear,Dark,Dry,167,Church-Wellesley,75,Church-Yonge Corridor (75),Non-Fatal Injury,1,0,1,0,0,0,0,0,0,0,0,0,0,Pedestrian Collisions,"['Driver', 'Pedestrian']",East,"['Automobile, Station Wagon', 'Other']",['Going Ahead'],['Driving Properly'],['Unknown'],['Pedestrian hit at mid-block'],"['Crossing, no Traffic Control']",['Unknown'],[],[],[],D51,False,"['unknown', '35 to 39']",3.0
1123411.0,2009-08-07 08:00:00,1540,2009,HOVE ST,SHEPPARD AVE W,Local,North York,43.755345,-79.44159,625457.3869,4845879.2918,Unknown,No Control,Clear,Daylight,Dry,34,Bathurst Manor,34,Bathurst Manor (34),Non-Fatal Injury,1,0,1,0,0,0,0,0,0,1,0,0,0,Pedestrian Collisions,"['Driver', 'Pedestrian']",East,"['Automobile, Station Wagon', 'Other']",['Turning Right'],['Failed to Yield Right of Way'],['Normal'],['Pedestrian hit at mid-block'],"['Crossing, no Traffic Control']",['Unknown'],[],[],[],D32,False,"['80 to 84', '60 to 64']",3.0
1123704.0,2009-09-09 08:00:00,1452,2009,KINGSTON Rd,LEE Ave,Major Arterial,Toronto and East York,43.678145,-79.30119,636935.9309,4837527.3605,At Intersection,Pedestrian Crossover,Clear,Daylight,Dry,62,East End-Danforth,62,East End-Danforth (62),Non-Fatal Injury,1,0,1,0,0,0,0,0,0,1,0,0,0,Pedestrian Collisions,"['Wheelchair', 'Vehicle Owner', 'Driver']",South,"['Other', 'Automobile, Station Wagon']",['Going Ahead'],['Failed to Yield Right of Way'],['Inattentive'],['Pedestrian hit a PXO/ped. Mid-block signal'],"['Crossing, Pedestrian Crossover']",['Normal'],[],[],[],D55,False,"['80 to 84', 'unknown', '60 to 64']",3.0
1123824.0,2009-08-11 08:00:00,856,2009,EASTERN AVE,BOOTH AVE,Major Arterial,Toronto and East York,43.657645,-79.34249,633652.3169,4835183.1994,At Intersection,Stop Sign,Clear,Daylight,Dry,70,South Riverdale,70,South Riverdale (70),Non-Fatal Injury,1,0,1,0,0,0,0,0,0,0,0,0,0,Pedestrian Collisions,"['Vehicle Owner', 'Driver', 'Pedestrian']",West,"['Other', 'Automobile, Station Wagon']",['Going Ahead'],['Driving Properly'],['Normal'],['Vehicle is going straight thru inter.while ped cross without ROW'],['Crossing without right of way'],['Inattentive'],[],[],[],D55,False,"['unknown', '45 to 49', '20 to 24']",3.0
1123907.0,2009-08-11 08:00:00,2242,2009,SHEPPARD Aven E,MEADOWVALE Road,Major Arterial,Scarborough,43.808345,-79.17079,647127.9019,4852211.6322,At Intersection,Traffic Signal,Clear,Dark,Dry,143,West Rouge,131,Rouge (131),Non-Fatal Injury,0,0,1,0,0,0,0,1,0,1,1,0,0,Angle,"['Passenger', 'Driver', 'Other Property Owner']",South,"['Other', 'Automobile, Station Wagon']",['Going Ahead'],"['Driving Properly', 'Disobeyed Traffic Control']",['Normal'],[],[],[],[],[],[],D42,False,"['35 to 39', '40 to 44', '20 to 24', 'unknown']",3.0
1124210.0,2009-08-17 08:00:00,745,2009,YONGE ST,MILL ST,Major Arterial,North York,43.740345,-79.40589,628363.446,4844268.0143,At Intersection,Traffic Signal,Clear,Daylight,Dry,41,Bridle Path-Sunnybrook-York Mills,41,Bridle Path-Sunnybrook-York Mills (41),Non-Fatal Injury,0,1,0,0,0,0,0,0,0,0,0,0,0,SMV Other,['Moped Driver'],North,['Moped'],['Going Ahead'],['Lost control'],['Normal'],[],[],[],[],[],[],D32,False,['55 to 59'],3.0
1124219.0,2009-09-11 08:00:00,1253,2009,SHEPPARD Ave W,WELBECK Rd,Major Arterial,North York,43.759545,-79.41979,627203.4779,4846379.0161,Unknown,No Control,Clear,Daylight,Dry,38,Lansing-Westgate,38,Lansing-Westgate (38),Non-Fatal Injury,1,0,1,0,0,0,0,0,0,0,0,0,1,Pedestrian Collisions,"['Driver', 'Vehicle Owner', 'Pedestrian']",West,"['Automobile, Station Wagon', 'Other']",['Going Ahead'],"['Lost control', 'Driving Properly']","['Medical or Physical Disability', 'Normal']",['Pedestrian hit on sidewalk or shoulder'],['On Sidewalk or Shoulder'],['Normal'],[],[],[],D32,False,"['45 to 49', 'unknown', '50 to 54', '55 to 59']",3.0
1124221.0,2009-09-11 08:00:00,2009,2009,VICTORIA PARK AVE,ARNCLIFFE CRES,Major Arterial,North York,43.731845,-79.30559,636459.3529,4843484.258,At Intersection,Traffic Signal,Clear,Dark,Dry,119,Wexford/Maryvale,119,Wexford/Maryvale (119),Fatal,1,0,1,0,0,0,0,0,0,0,0,0,0,Pedestrian Collisions,"['Driver', 'Pedestrian']",East,"['Automobile, Station Wagon', 'Other']",['Going Ahead'],['Driving Properly'],['Normal'],['Vehicle is going straight thru inter.while ped cross without ROW'],['Crossing without right of way'],['Inattentive'],[],[],[],D41,True,"['35 to 39', '15 to 19']",4.0
1124459.0,2009-08-10 08:00:00,10,2009,FINCH Aven E,DON MILLS Road,Major Arterial,North York,43.792645,-79.35469,632370.8812,4850157.3308,At Intersection,Traffic Signal,Clear,Dark,Wet,47,Don Valley Village,47,Don Valley Village (47),Non-Fatal Injury,0,1,1,0,0,0,0,0,0,0,0,0,0,Cyclist Collisions,"['Vehicle Owner', 'Driver', 'Cyclist']",East,"['Other', 'Automobile, Station Wagon', 'Bicycle']",['Going Ahead'],['Driving Properly'],['Normal'],[],[],[],"['Cyclist without ROW rides into path of motorist at inter, lnwy, dwy-Cyclist not turn.']",['Disobeyed Traffic Control'],['Had Been Drinking'],D33,False,"['unknown', '45 to 49', '25 to 29']",3.0
1124595.0,2009-09-14 08:00:00,2103,2009,KINGSTON RD,CLIFFSIDE DR,Major Arterial,Scarborough,43.703945,-79.25279,640776.9779,4840473.8662,At Intersection,Traffic Signal,Clear,Dark,Dry,122,Birchcliffe-Cliffside,122,Birchcliffe-Cliffside (122),Non-Fatal Injury,0,1,1,0,0,0,0,1,0,0,0,0,0,Cyclist Collisions,"['Driver', 'Passenger', 'Cyclist']",West,"['Automobile, Station Wagon', 'Other', 'Bicycle']","['Going Ahead', 'Other']",['Driving Properly'],['Normal'],[],[],[],"['Cyclist without ROW rides into path of motorist at inter, lnwy, dwy-Cyclist not turn.']",['Disobeyed Traffic Control'],"['Ability Impaired, Alcohol Over .80']",D41,False,"['30 to 34', '50 to 54', '45 to 49']",3.0
1124647.0,2009-08-14 08:00:00,1800,2009,164 STERLING Road,Not Applicable,Local,Toronto and East York,43.655145,-79.44549,625352.0926,4834744.785,Unknown,No Control,Clear,Daylight,Dry,83,Dufferin Grove,83,Dufferin Grove (83),Non-Fatal Injury,0,0,1,0,0,0,0,1,0,0,0,0,0,SMV Other,"['Passenger', 'Driver', 'Other Property Owner']",North,"['Other', 'Automobile, Station Wagon']",['Turning Left'],['Lost control'],['Normal'],[],[],[],[],[],[],D11,False,"['20 to 24', 'unknown']",3.0
1124865.0,2009-09-15 08:00:00,1400,2009,KIPLING AVE,ALBION RD,Major Arterial,Etobicoke York,43.738945,-79.57999,614346.8495,4843857.5142,Unknown,No Control,Clear,Daylight,Dry,3,Thistletown-Beaumond Heights,3,Thistletown-Beaumond Heights (3),Fatal,1,0,1,0,0,0,0,0,0,0,0,0,0,Pedestrian Collisions,"['Driver', 'Pedestrian']",East,"['Automobile, Station Wagon', 'Other']",['Going Ahead'],['Driving Properly'],['Normal'],['Pedestrian hit at mid-block'],"['Crossing, no Traffic Control']",['Inattentive'],[],[],[],D23,True,"['40 to 44', '75 to 79']",4.0
1124992.0,2009-08-17 08:00:00,1826,2009,SOUTH KINGSWAY,RIPLEY AVE,Minor Arterial,Toronto and East York,43.636745,-79.47529,622986.6105,4832656.6435,At Intersection,Stop Sign,Clear,Daylight,Dry,87,High Park-Swansea,87,High Park-Swansea (87),Non-Fatal Injury,0,0,1,1,0,0,0,0,0,1,0,0,0,Turning Movement,"['Motorcycle Driver', 'Driver']",North,"['Motorcycle', 'Automobile, Station Wagon']","['Going Ahead', 'Turning Left']","['Driving Properly', 'Failed to Yield Right of Way']",['Normal'],[],[],[],[],[],[],D11,False,"['50 to 54', '55 to 59']",3.0
1125153.0,2009-08-17 08:00:00,1350,2009,YONGE ST,STEELES AVE E,Major Arterial,North York,43.797945,-79.42009,627097.9409,4850643.4641,At Intersection,Traffic Signal,Clear,Daylight,Dry,36,Newtonbrook West,36,Newtonbrook West (36),Non-Fatal Injury,1,0,1,0,0,0,0,0,0,1,0,0,0,Pedestrian Collisions,"['Vehicle Owner', 'Driver', 'Pedestrian']",East,"['Other', 'Automobile, Station Wagon']",['Turning Right'],['Failed to Yield Right of Way'],['Inattentive'],['Vehicle turns right while ped crosses with ROW at inter.'],['Crossing with right of way'],['Normal'],[],[],[],D32,False,"['unknown', '20 to 24', '50 to 54']",3.0
1125395.0,2009-09-16 08:00:00,833,2009,2680 KEELE ST,Not Applicable,Major Arterial,North York,43.724445,-79.48159,622300.118,4842387.5892,At Intersection,No Control,Clear,Daylight,Dry,154,Oakdale-Beverley Heights,26,Downsview-Roding-CFB (26),Non-Fatal Injury,0,0,1,0,1,0,0,0,0,0,0,0,0,Turning Movement,"['Vehicle Owner', 'Truck Driver', 'Driver', 'Other']",North,"['Other', 'Truck - Open', 'Automobile, Station Wagon']","['Going Ahead', 'Turning Left']","['Driving Properly', 'Improper Turn']","['Normal', 'Inattentive']",[],[],[],[],[],[],D31,False,"['unknown', '50 to 54', '85 to 89']",3.0
1125430.0,2009-09-17 08:00:00,1349,2009,KEELE ST,MURRAY ROSS PKWY,Major Arterial,Etobicoke York,43.767345,-79.49199,621375.712,4847136.9641,At Intersection,Traffic Signal,Clear,Daylight,Dry,27,York University Heights,27,York University Heights (27),Non-Fatal Injury,0,0,1,0,0,0,0,0,0,0,0,0,1,SMV Other,"['Vehicle Owner', 'Driver']",North,"['Other', 'Automobile, Station Wagon']",['Going Ahead'],['Lost control'],['Medical or Physical Disability'],[],[],[],[],[],[],D31,False,"['unknown', '45 to 49']",3.0
1125601.0,2009-09-17 08:00:00,1520,2009,MARKHAM Road,TUXEDO Cour,Major Arterial,Scarborough,43.779545,-79.23299,642193.2352,4848904.2056,Unknown,Traffic Signal,Clear,Daylight,Dry,142,Woburn North,137,Woburn (137),Non-Fatal Injury,1,0,1,0,0,0,0,0,0,0,0,0,0,Pedestrian Collisions,"['Driver', 'Pedestrian']",South,"['Automobile, Station Wagon', 'Other']",['Going Ahead'],['Driving Properly'],['Normal'],['Vehicle is going straight thru inter.while ped cross without ROW'],['Crossing without right of way'],['Normal'],[],[],[],D43,False,"['35 to 39', '75 to 79']",3.0
1125793.0,2009-09-20 08:00:00,244,2009,DUNDAS ST W,DOVERCOURT RD,Minor Arterial,Toronto and East York,43.649445,-79.42469,627041.3906,4834143.3578,At Intersection,Traffic Signal,Clear,Dark,Dry,81,Trinity-Bellwoods,81,Trinity-Bellwoods (81),Non-Fatal Injury,0,0,1,0,0,0,0,0,1,1,0,1,0,Rear End,['Driver'],East,"['Automobile, Station Wagon']",['Going Ahead'],"['Driving Properly', 'Exceeding Speed Limit']","['Normal', 'Ability Impaired, Alcohol Over .08']",[],[],[],[],[],[],D14,False,"['45 to 49', '65 to 69', '15 to 19']",3.0
1125794.0,2009-09-20 08:00:00,244,2009,DUNDAS ST W,COOLMINE RD,Minor Arterial,Toronto and East York,43.649445,-79.42559,626968.8091,4834141.9804,At Intersection,No Control,Clear,Dark,Dry,84,Little Portugal,84,Little Portugal (84),Non-Fatal Injury,0,0,1,0,0,0,0,0,1,1,0,1,0,Rear End,['Driver'],West,"['Automobile, Station Wagon']",['Going Ahead'],"['Exceeding Speed Limit', 'Driving Properly']","['Ability Impaired, Alcohol Over .08', 'Normal']",[],[],[],[],[],[],D14,False,"['65 to 69', '40 to 44', '30 to 34']",3.0
1125870.0,2009-08-19 08:00:00,29,2009,QUEEN ST E,KINGSTON RD,Major Arterial,Toronto and East York,43.667245,-79.31259,636041.6277,4836298.0075,At Intersection,Traffic Signal,Clear,Dark,Dry,63,The Beaches,64,Woodbine Corridor (64),Non-Fatal Injury,0,0,1,0,0,0,0,0,0,1,0,0,0,Turning Movement,"['Vehicle Owner', 'Driver']",East,"['Other', 'Automobile, Station Wagon']","['Turning Left', 'Going Ahead']","['Failed to Yield Right of Way', 'Driving Properly']",['Normal'],[],[],[],[],[],[],D55,False,"['unknown', '30 to 34', '60 to 64']",3.0
1125917.0,2009-08-19 08:00:00,1057,2009,3150 PHARMACY AVE,Not Applicable,Minor Arterial,Scarborough,43.798709,-79.328235,634485.6945,4850873.4841,Unknown,Pedestrian Crossover,Clear,Daylight,Dry,147,L'Amoreaux West,117,L'Amoreaux (117),Non-Fatal Injury,1,0,1,0,0,0,0,0,0,1,0,0,0,Pedestrian Collisions,"['Driver', 'Pedestrian']",East,"['Automobile, Station Wagon', 'Other']",['Going Ahead'],['Failed to Yield Right of Way'],['Normal'],['Pedestrian hit a PXO/ped. Mid-block signal'],"['Crossing, Pedestrian Crossover']",['Normal'],[],[],[],D42,False,"['45 to 49', '55 to 59']",3.0
1126015.0,2009-09-22 08:00:00,52,2009,MURRAY ROSS PKWY,LEITCH AVE,Collector,Etobicoke York,43.765945,-79.49609,621048.5351,4846975.4719,Unknown,No Control,Clear,Dark,Wet,27,York University Heights,27,York University Heights (27),Non-Fatal Injury,1,0,1,0,0,0,0,1,1,1,0,0,0,Pedestrian Collisions,"['Passenger', 'Driver', 'Pedestrian']",West,"['Other', 'Automobile, Station Wagon']",['Going Ahead'],['Exceeding Speed Limit'],['Unknown'],['Pedestrian hit on sidewalk or shoulder'],['On Sidewalk or Shoulder'],['Normal'],[],[],[],D31,False,"['20 to 24', '25 to 29']",3.0
1126056.0,2009-08-20 08:00:00,2034,2009,VICTORIA PARK AVE,MCNICOLL AVE,Major Arterial,North York,43.804045,-79.33629,633825.7862,4851453.0737,Unknown,Traffic Signal,Rain,Dark,Wet,116,Steeles,116,Steeles (116),Non-Fatal Injury,0,0,1,0,0,0,0,0,0,1,0,0,0,Angle,['Driver'],East,"['Automobile, Station Wagon']",['Going Ahead'],"['Failed to Yield Right of Way', 'Driving Properly']",['Normal'],[],[],[],[],[],[],D42,False,"['45 to 49', '40 to 44']",3.0
1126214.0,2009-09-22 08:00:00,2220,2009,YONGE Stre,GROSVENOR Stre,Major Arterial,Toronto and East York,43.663045,-79.38379,630310.3978,4835717.2435,At Intersection,Traffic Signal,Clear,Dark,Dry,167,Church-Wellesley,75,Church-Yonge Corridor (75),Non-Fatal Injury,1,0,1,0,0,0,0,0,0,0,0,0,0,Pedestrian Collisions,"['Driver', 'Vehicle Owner', 'Pedestrian']",South,"['Automobile, Station Wagon', 'Other']",['Going Ahead'],['Driving Properly'],['Normal'],['Vehicle is going straight thru inter.while ped cross without ROW'],['Other'],['Unknown'],[],[],[],D51,False,"['40 to 44', 'unknown', '20 to 24', '30 to 34']",3.0
1126375.0,2009-09-19 08:00:00,2315,2009,DON MILLS RD,HAVENBROOK BLVD,Major Arterial,North York,43.769545,-79.34649,633081.85,4847604.8637,At Intersection,Traffic Signal,Clear,Dark,Dry,53,Henry Farm,53,Henry Farm (53),Non-Fatal Injury,1,0,1,0,0,0,0,0,0,1,0,0,0,Pedestrian Collisions,"['Driver', 'Pedestrian']",South,"['Automobile, Station Wagon', 'Other']",['Going Ahead'],['Failed to Yield Right of Way'],['Unknown'],['Vehicle is going straight thru inter.while ped cross with ROW'],['Crossing with right of way'],['Normal'],[],[],[],D33,False,"['unknown', '15 to 19']",3.0
1126613.0,2009-08-25 08:00:00,1806,2009,LAWRENCE AVE E,WEST HILL DR,Minor Arterial,Scarborough,43.769845,-79.17989,646489.9887,4847919.4451,Unknown,No Control,Clear,Daylight,Dry,136,West Hill,136,West Hill (136),Non-Fatal Injury,0,0,1,1,0,0,0,0,0,1,0,0,0,Rear End,"['Motorcycle Driver', 'Driver']",East,"['Motorcycle', 'Automobile, Station Wagon']",['Going Ahead'],"['Following too Close', 'Driving Properly']",['Normal'],[],[],[],[],[],[],D43,False,"['40 to 44', '30 to 34']",3.0
1126624.0,2009-08-16 08:00:00,2040,2009,4660 KINGSTON Road,Not Applicable,Major Arterial,Scarborough,43.775445,-79.17509,646862.6083,4848549.9175,Unknown,No Control,Clear,Dark,Dry,136,West Hill,136,West Hill (136),Non-Fatal Injury,0,1,1,0,0,0,0,0,0,1,0,0,0,Cyclist Collisions,"['Driver', 'Cyclist']",East,"['Automobile, Station Wagon', 'Bicycle']",['Going Ahead'],['Failed to Yield Right of Way'],['Unknown'],[],[],[],"['Motorist without ROW drives into path of cyclist at inter, lnwy, dwy-Driver not turn.']",['Driving Properly'],['Unknown'],D43,False,"['unknown', '55 to 59']",3.0
1126950.0,2009-09-25 08:00:00,1340,2009,80 AUTO MALL DR,Not Applicable,Local,Scarborough,43.802344,-79.191989,645437.3562,4851507.6449,Unknown,No Control,Clear,Daylight,Dry,144,Morningside Heights,131,Rouge (131),Non-Fatal Injury,0,0,1,1,0,0,0,0,0,1,0,0,0,Sideswipe,"['Driver', 'Motorcycle Driver']",North,"['Passenger Van', 'Motorcycle']","['Turning Left', 'Overtaking']","['Driving Properly', 'Improper Passing']","['Normal', 'Inattentive']",[],[],[],[],[],[],D42,False,"['50 to 54', '30 to 34']",3.0
1127178.0,2009-08-26 08:00:00,715,2009,ELLESMERE RD,BRIMLEY RD,Major Arterial,Scarborough,43.770045,-79.26129,639938.0352,4847800.862,At Intersection,Traffic Signal,Rain,Daylight,Wet,156,Bendale-Glen Andrew,127,Bendale (127),Non-Fatal Injury,0,0,1,0,0,0,0,0,0,0,0,0,0,Turning Movement,['Driver'],South,"['Automobile, Station Wagon']","['Turning Left', 'Stopped']","['Lost control', 'Driving Properly']","['Unknown', 'Normal']",[],[],[],[],[],[],D43,False,"['50 to 54', '40 to 44']",3.0
1127576.0,2009-09-29 08:00:00,1122,2009,JANE ST,WILSON AVE,Major Arterial,Etobicoke York,43.720945,-79.50859,620132.3845,4841959.3745,At Intersection,Traffic Signal,Rain,Daylight,Wet,154,Oakdale-Beverley Heights,26,Downsview-Roding-CFB (26),Fatal,1,0,0,0,1,0,0,0,0,0,0,0,0,Pedestrian Collisions,"['Truck Driver', 'Vehicle Owner', 'Pedestrian']",East,"['Truck - Open', 'Other']",['Turning Right'],['Improper Turn'],['Inattentive'],['Pedestrian hit on sidewalk or shoulder'],['On Sidewalk or Shoulder'],['Medical or Physical Disability'],[],[],[],D31,True,"['45 to 49', 'unknown', '85 to 89']",4.0
1127732.0,2009-08-29 08:00:00,1800,2009,SHEPPARD AVE E,MEADOWVALE RD,Major Arterial,Scarborough,43.808345,-79.17079,647127.9019,4852211.6322,At Intersection,Traffic Signal,Clear,Daylight,Dry,143,West Rouge,131,Rouge (131),Non-Fatal Injury,0,0,1,1,0,0,0,0,0,1,1,0,0,Turning Movement,"['Motorcycle Driver', 'Vehicle Owner', 'Driver']",East,"['Motorcycle', 'Other', 'Automobile, Station Wagon']","['Turning Left', 'Going Ahead']","['Disobeyed Traffic Control', 'Driving Properly']",['Normal'],[],[],[],[],[],[],D42,False,"['60 to 64', 'unknown', '25 to 29']",3.0
1127797.0,2009-08-29 08:00:00,2111,2009,OVERLEA Boul,THORNCLIFFE PARK Driv,Major Arterial,North York,43.707645,-79.34289,633509.1047,4840735.745,Unknown,No Control,Clear,Dark,Dry,55,Thorncliffe Park,55,Thorncliffe Park (55),Non-Fatal Injury,1,0,1,0,0,0,0,0,0,0,0,0,0,Pedestrian Collisions,"['Vehicle Owner', 'Driver', 'Pedestrian']",East,"['Other', 'Automobile, Station Wagon']",['Going Ahead'],['Driving Properly'],['Normal'],['Pedestrian hit at mid-block'],['Running onto Roadway'],['Inattentive'],[],[],[],D53,False,"['unknown', '50 to 54', '45 to 49']",3.0
1128059.0,2009-09-02 08:00:00,2203,2009,FINCH AVE W,JAYZEL DR,Major Arterial,Etobicoke York,43.751745,-79.54409,617212.7477,4845329.3106,Unknown,No Control,Clear,Dark,Dry,22,Humbermede,21,Humber Summit (21),Non-Fatal Injury,1,0,1,0,0,0,0,0,1,1,0,1,0,Pedestrian Collisions,"['Driver', 'Pedestrian']",East,"['Automobile, Station Wagon', 'Other']",['Going Ahead'],['Exceeding Speed Limit'],"['Ability Impaired, Alcohol Over .08']",['Pedestrian hit at mid-block'],['Person Getting on/off Vehicle'],['Normal'],[],[],[],D31,False,['25 to 29'],3.0
1128125.0,2009-09-01 08:00:00,1440,2009,UNIVERSITY AVE,COLLEGE ST,Major Arterial,Toronto and East York,43.659845,-79.39049,629777.0849,4835351.3392,At Intersection,Traffic Signal,Clear,Daylight,Dry,78,Kensington-Chinatown,78,Kensington-Chinatown (78),Non-Fatal Injury,0,1,1,0,0,0,0,0,0,0,0,0,0,Cyclist Collisions,"['Driver', 'Cyclist']",East,"['Automobile, Station Wagon', 'Bicycle']",['Going Ahead'],['Driving Properly'],['Normal'],[],[],[],"['Cyclist without ROW rides into path of motorist at inter, lnwy, dwy-Cyclist not turn.']",['Disobeyed Traffic Control'],['Inattentive'],D52,False,"['25 to 29', '45 to 49']",3.0
1128166.0,2009-09-04 08:00:00,1142,2009,741 KENNEDY RD,Not Applicable,Major Arterial,Scarborough,43.731145,-79.26759,639521.3449,4843469.7972,Unknown,No Control,Clear,Daylight,Dry,125,Ionview,125,Ionview (125),Non-Fatal Injury,1,0,0,0,1,0,0,0,0,1,0,0,0,Pedestrian Collisions,"['Truck Driver', 'Pedestrian']",South,"['Truck - Open', 'Other']",['Turning Right'],['Failed to Yield Right of Way'],['Inattentive'],['Pedestrian hit at private driveway'],['On Sidewalk or Shoulder'],['Normal'],[],[],[],D41,False,['20 to 24'],3.0