accident_number,date,time,year,street1,street2,road_class,district,latitude,longitude,x,y,accident_location,traffctl,visibility,light,road_surface_condition,hood_158,neighbourhood_new,hood_140,neighbourhood_old,accident_class,pedestrian,cyclist,automobile,motorcycle,truck,trsn_city_veh,emerg_veh,passenger,speeding,aggressive_driving,redlight,alcohol,disability,impact_type,involvement_type,initial_direction,vehicle_type,manoeuver,driver_action,driver_condition,pedestrian_type,pedestrian_action,pedestrian_condition,cyclist_type,cyclist_action,cyclist_condition,division,injury,involvement_age,injury_severity_score
1128196.0,2009-09-01 08:00:00,2020,2009,4777 YONGE ST,Not Applicable,Major Arterial,North York,43.760345,-79.41069,627934.3098,4846481.8852,Unknown,No Control,Clear,Dark,Dry,38,Lansing-Westgate,38,Lansing-Westgate (38),Non-Fatal Injury,1,0,1,0,0,0,0,0,0,1,0,0,0,Pedestrian Collisions,"['Vehicle Owner', 'Driver', 'Pedestrian']",North,"['Other', 'Automobile, Station Wagon']",['Going Ahead'],['Failed to Yield Right of Way'],['Inattentive'],['Pedestrian hit on sidewalk or shoulder'],['On Sidewalk or Shoulder'],['Normal'],[],[],[],D32,False,"['unknown', '55 to 59', '25 to 29']",3.0
1128218.0,2009-10-01 08:00:00,1039,2009,HORNER AVE,BROWNS LINE Line,Major Arterial,Etobicoke York,43.602245,-79.54549,617391.1875,4828723.384,At Intersection,No Control,Clear,Daylight,Dry,20,Alderwood,20,Alderwood (20),Non-Fatal Injury,1,0,1,0,0,0,0,0,0,1,0,0,0,Pedestrian Collisions,"['Driver', 'Wheelchair']",East,"['Automobile, Station Wagon', 'Other']","['Turning Right', 'Disabled']",['Failed to Yield Right of Way'],['Normal'],['Pedestrian hit on sidewalk or shoulder'],['On Sidewalk or Shoulder'],['Normal'],[],[],[],D22,False,"['80 to 84', '70 to 74']",3.0
1128346.0,2009-09-08 08:00:00,1501,2009,QUEEN ST E,MUNRO PARK AVE,Minor Arterial,Toronto and East York,43.673445,-79.283489,638373.5749,4837034.7379,At Intersection,No Control,Clear,Daylight,Dry,63,The Beaches,63,The Beaches (63),Non-Fatal Injury,0,0,1,1,0,0,0,0,0,0,0,0,0,Turning Movement,"['Motorcycle Driver', 'Driver']",East,"['Motorcycle', 'Automobile, Station Wagon']","['Going Ahead', 'Making U Turn']","['Driving Properly', 'Improper Turn']","['Normal', 'Had Been Drinking']",[],[],[],[],[],[],D55,False,"['45 to 49', '30 to 34']",3.0
1128465.0,2009-10-02 08:00:00,2057,2009,EGLINTON AVE W,MARLEE AVE,Major Arterial,North York,43.698045,-79.43939,625754.3422,4839518.6396,At Intersection,Traffic Signal,Rain,Dark,Wet,102,Forest Hill North,108,Briar Hill-Belgravia (108),Non-Fatal Injury,1,0,1,0,0,0,0,0,0,0,0,0,0,Pedestrian Collisions,"['Driver', 'Pedestrian']",East,"['Automobile, Station Wagon', 'Other']",['Going Ahead'],['Driving Properly'],['Normal'],['Vehicle is going straight thru inter.while ped cross without ROW'],['Crossing without right of way'],['Inattentive'],[],[],[],D13,False,"['50 to 54', '90 to 94']",3.0
1128816.0,2009-09-23 08:00:00,1230,2009,LAKE SHORE BLVD E,LOWER JARVIS ST,Major Arterial,Toronto and East York,43.645945,-79.36809,631613.6083,4833842.8418,Unknown,No Control,Clear,Daylight,Dry,166,St Lawrence-East Bayfront-The Islands,77,Waterfront Communities-The Island (77),Non-Fatal Injury,0,0,1,0,0,0,0,1,0,0,0,0,0,Sideswipe,"['Driver', 'Passenger']",West,"['Automobile, Station Wagon', 'Other']","['Changing Lanes', 'Going Ahead']","['Improper Lane Change', 'Driving Properly']",['Normal'],[],[],[],[],[],[],D51,False,"['25 to 29', '50 to 54']",3.0
1128823.0,2009-09-11 08:00:00,1132,2009,CASTLEFIELD AVE,WOODBOROUGH AVE,Collector,Etobicoke York,43.696345,-79.46869,623396.8069,4839285.8093,At Intersection,No Control,Clear,Daylight,Dry,112,Beechborough-Greenbrook,112,Beechborough-Greenbrook (112),Non-Fatal Injury,0,1,1,0,0,0,0,0,0,0,0,0,0,Cyclist Collisions,"['Driver', 'Cyclist']",East,"['Automobile, Station Wagon', 'Bicycle']","['Turning Left', 'Going Ahead']",['Improper Turn'],['Inattentive'],[],[],[],['Motorist turned left across cyclists path.'],['Driving Properly'],['Normal'],D12,False,"['75 to 79', '55 to 59']",3.0
1129154.0,2009-10-06 08:00:00,935,2009,CENTRE AVE,WILLOWDALE AVE,Minor Arterial,North York,43.793045,-79.41189,627768.049,4850111.8679,At Intersection,Stop Sign,Clear,Daylight,Dry,50,Newtonbrook East,50,Newtonbrook East (50),Non-Fatal Injury,1,0,1,0,0,0,0,0,0,1,0,0,0,Pedestrian Collisions,"['Driver', 'Pedestrian']",East,"['Automobile, Station Wagon', 'Other']",['Turning Left'],['Failed to Yield Right of Way'],['Normal'],['Vehicle turns left while ped crosses with ROW at inter.'],['Crossing with right of way'],['Normal'],[],[],[],D32,False,"['55 to 59', '85 to 89']",3.0
1129211.0,2009-09-09 08:00:00,1400,2009,GERRARD ST E,BERKELEY ST,Minor Arterial,Toronto and East York,43.662045,-79.36849,631546.1903,4835630.3253,Unknown,No Control,Clear,Daylight,Dry,73,Moss Park,73,Moss Park (73),Non-Fatal Injury,0,0,1,1,0,0,0,0,0,0,0,0,0,Turning Movement,"['Motorcycle Driver', 'Vehicle Owner', 'Driver']",West,"['Motorcycle', 'Other', 'Automobile, Station Wagon']","['Going Ahead', 'Making U Turn']","['Driving Properly', 'Improper Turn']","['Normal', 'Inattentive']",[],[],[],[],[],[],D51,False,"['25 to 29', 'unknown', '20 to 24']",3.0
1129232.0,2009-08-05 08:00:00,1216,2009,230 ISLAND Rd,Not Applicable,Local,Scarborough,43.799345,-79.13299,650190.8437,4851279.9458,Unknown,No Control,Clear,Daylight,Dry,143,West Rouge,131,Rouge (131),Non-Fatal Injury,0,0,1,0,0,0,0,0,0,0,0,0,1,SMV Other,"['Driver', 'Other Property Owner']",East,"['Automobile, Station Wagon', 'Other']",['Going Ahead'],['Lost control'],['Medical or Physical Disability'],[],[],[],[],[],[],D43,False,"['75 to 79', 'unknown']",3.0
1129305.0,2009-09-08 08:00:00,1941,2009,KING ST W,BATHURST ST,Major Arterial,Toronto and East York,43.644045,-79.40199,628883.6064,4833578.6189,Unknown,No Control,Clear,Dark,Dry,164,Wellington Place,77,Waterfront Communities-The Island (77),Non-Fatal Injury,0,0,1,1,0,0,0,1,0,1,0,0,0,Sideswipe,"['Passenger', 'Motorcycle Driver', 'Driver']",East,"['Other', 'Motorcycle', 'Automobile, Station Wagon']","['Going Ahead', 'Turning Right']","['Improper Passing', 'Failed to Yield Right of Way']",['Normal'],[],[],[],[],[],[],D14,False,"['20 to 24', '30 to 34', '40 to 44']",3.0
1129523.0,2009-09-14 08:00:00,1413,2009,150 GRAYDON HALL DR,Not Applicable,Collector,North York,43.764945,-79.34349,633333.5262,4847098.7893,Unknown,No Control,Clear,Daylight,Dry,150,Fenside-Parkwoods,45,Parkwoods-Donalda (45),Non-Fatal Injury,0,0,1,1,0,0,0,0,1,1,0,0,0,Turning Movement,"['Motorcycle Driver', 'Driver']",East,"['Motorcycle', 'Automobile, Station Wagon']","['Going Ahead', 'Turning Left']","['Exceeding Speed Limit', 'Driving Properly']","['Had Been Drinking', 'Normal']",[],[],[],[],[],[],D33,False,"['30 to 34', '20 to 24']",3.0
1130210.0,2009-09-16 08:00:00,950,2009,BAY ST,ST JOSEPH ST,Major Arterial,Toronto and East York,43.665645,-79.38769,629990.3368,4835999.89,At Intersection,Traffic Signal,Clear,Daylight,Dry,169,Bay-Cloverhill,76,Bay Street Corridor (76),Non-Fatal Injury,0,0,1,1,0,0,0,0,1,1,0,0,0,Rear End,"['Motorcycle Driver', 'Driver']",South,"['Motorcycle', 'Automobile, Station Wagon']","['Slowing or Stopping', 'Stopped']","['Following too Close', 'Driving Properly']","['Inattentive', 'Normal']",[],[],[],[],[],[],D52,False,"['25 to 29', '50 to 54']",3.0
1130310.0,2009-09-16 08:00:00,2320,2009,QUEENS PARK CRES E,GROSVENOR ST,Major Arterial,Toronto and East York,43.661745,-79.38989,629821.3691,4835563.2981,Unknown,No Control,Clear,Dark,Dry,169,Bay-Cloverhill,76,Bay Street Corridor (76),Non-Fatal Injury,0,0,0,1,0,0,0,0,1,1,0,0,0,SMV Other,['Motorcycle Driver'],North,['Motorcycle'],['Going Ahead'],['Lost control'],['Inattentive'],[],[],[],[],[],[],D52,False,['20 to 24'],3.0
1130393.0,2009-10-13 08:00:00,656,2009,KENNEDY RD,ELLESMERE RD,Major Arterial,Scarborough,43.765745,-79.28109,638354.3515,4847290.0073,Unknown,Traffic Signal,Rain,Dawn,Wet,126,Dorset Park,126,Dorset Park (126),Fatal,0,0,1,0,0,0,0,1,0,0,0,0,0,SMV Other,"['Passenger', 'Vehicle Owner', 'Driver', 'Other Property Owner']",South,"['Other', 'Automobile, Station Wagon']",['Going Ahead'],['Lost control'],['Unknown'],[],[],[],[],[],[],D41,True,"['35 to 39', 'unknown', '25 to 29']",4.0
1130411.0,2009-09-19 08:00:00,1418,2009,ELLESMERE RD,DEWEY DR,Major Arterial,Scarborough,43.760345,-79.30449,636483.1542,4846651.4235,At Intersection,Stop Sign,Clear,Daylight,Dry,119,Wexford/Maryvale,119,Wexford/Maryvale (119),Fatal,0,0,1,0,0,0,0,0,0,1,0,0,0,Turning Movement,['Driver'],East,"['Automobile, Station Wagon']","['Going Ahead', 'Turning Left']","['Driving Properly', 'Failed to Yield Right of Way']","['Normal', 'Inattentive']",[],[],[],[],[],[],D41,True,"['30 to 34', '85 to 89']",4.0
1130482.0,2009-09-18 08:00:00,45,2009,KINGSTON Rd,BIRCHCLIFF Ave,Major Arterial,Scarborough,43.691245,-79.26519,639807.3813,4839042.3672,Unknown,No Control,Clear,Dark,Dry,122,Birchcliffe-Cliffside,122,Birchcliffe-Cliffside (122),Non-Fatal Injury,1,0,1,0,0,0,0,0,0,0,0,0,0,Pedestrian Collisions,"['Driver', 'Pedestrian']",East,"['Automobile, Station Wagon', 'Other']",['Going Ahead'],['Driving Properly'],['Normal'],['Pedestrian hit at mid-block'],['Running onto Roadway'],"['Ability Impaired, Alcohol']",[],[],[],D41,False,"['40 to 44', '15 to 19']",3.0
1130499.0,2009-09-18 08:00:00,2302,2009,DON MILLS RD,OVERLEA BLVD,Major Arterial,North York,43.709945,-79.33439,634188.8026,4841004.9178,At Intersection,Traffic Signal,Clear,Dark,Dry,44,Flemingdon Park,44,Flemingdon Park (44),Non-Fatal Injury,1,0,1,0,0,0,0,0,0,0,0,0,0,Pedestrian Collisions,"['Driver', 'Pedestrian']",West,"['Automobile, Station Wagon', 'Other']",['Turning Left'],['Driving Properly'],['Normal'],['Vehicle turns left while ped crosses with ROW at inter.'],['Crossing with right of way'],['Inattentive'],[],[],[],D55,False,"['50 to 54', '25 to 29']",3.0
1130539.0,2009-10-09 08:00:00,2145,2009,ISLINGTON AVE,ALBION RD,Major Arterial,Etobicoke York,43.737245,-79.56529,615533.8501,4843689.0973,Unknown,Traffic Signal,Rain,"Dark, artificial",Wet,3,Thistletown-Beaumond Heights,3,Thistletown-Beaumond Heights (3),Non-Fatal Injury,1,0,1,0,0,0,0,0,0,1,0,0,0,Pedestrian Collisions,"['Pedestrian', 'Driver']",North,"['Other', 'Automobile, Station Wagon']",['Turning Left'],['Failed to Yield Right of Way'],['Unknown'],['Vehicle turns left while ped crosses with ROW at inter.'],['Crossing with right of way'],['Normal'],[],[],[],D23,False,"['20 to 24', 'unknown']",3.0
1130772.0,2009-09-19 08:00:00,2047,2009,DANFORTH Aven,DAWES Road,Major Arterial,Toronto and East York,43.689245,-79.29679,637265.2869,4838767.4443,At Intersection,Traffic Signal,Clear,Dark,Dry,62,East End-Danforth,62,East End-Danforth (62),Non-Fatal Injury,1,0,1,0,0,0,0,0,1,1,0,0,0,Pedestrian Collisions,"['Driver', 'Pedestrian']",North,"['Automobile, Station Wagon', 'Other']",['Turning Left'],['Failed to Yield Right of Way'],['Normal'],['Vehicle turns left while ped crosses with ROW at inter.'],['Crossing with right of way'],['Normal'],[],[],[],D55,False,"['20 to 24', '55 to 59']",3.0
1131025.0,2009-10-16 08:00:00,220,2009,225 QUEEN ST W,QUEEN Stre W,Major Arterial,Toronto and East York,43.650545,-79.38799,629998.7315,4834322.365,At Intersection,No Control,Clear,Dark,Dry,164,Wellington Place,77,Waterfront Communities-The Island (77),Non-Fatal Injury,1,0,1,0,0,0,0,0,1,1,0,1,0,Pedestrian Collisions,"['Vehicle Owner', 'Driver', 'Pedestrian']",East,"['Automobile, Station Wagon', 'Other']","['Going Ahead', 'Stopped']","['Exceeding Speed Limit', 'Driving Properly']","['Ability Impaired, Alcohol Over .08', 'Normal']",['Pedestrian hit at mid-block'],['Person Getting on/off Vehicle'],['Had Been Drinking'],[],[],[],D52,False,"['unknown', '15 to 19', '35 to 39', '45 to 49']",3.0
1131172.0,2009-10-16 08:00:00,1301,2009,STEELES AVE W,TANGREEN CRT,Major Arterial,North York,43.796645,-79.42629,626601.9149,4850489.576,Unknown,No Control,Clear,Daylight,Dry,NSA,NSA,NSA,NSA,Fatal,1,0,1,0,0,0,0,0,0,0,0,0,0,Pedestrian Collisions,"['Vehicle Owner', 'Driver', 'Pedestrian']",South,"['Other', 'Automobile, Station Wagon']",['Going Ahead'],['Driving Properly'],['Normal'],['Vehicle is going straight thru inter.while ped cross without ROW'],"['Crossing, no Traffic Control']",['Inattentive'],[],[],[],D32,True,"['unknown', '50 to 54', '80 to 84']",4.0
1131255.0,2009-10-17 08:00:00,207,2009,BATHURST ST,DUPONT ST,Major Arterial,Toronto and East York,43.673145,-79.41439,627821.7421,4836791.3758,At Intersection,Traffic Signal,Clear,Dark,Dry,95,Annex,95,Annex (95),Non-Fatal Injury,1,0,1,0,0,0,0,0,0,0,0,0,0,Pedestrian Collisions,"['Driver', 'Pedestrian']",South,"['Automobile, Station Wagon', 'Other']",['Going Ahead'],['Driving Properly'],['Normal'],['Vehicle is going straight thru inter.while ped cross without ROW'],['Crossing without right of way'],['Normal'],[],[],[],D14,False,"['30 to 34', '25 to 29']",3.0
1131264.0,2009-10-17 08:00:00,2352,2009,FINCH AVE W,TOBERMORY DR,Major Arterial,Etobicoke York,43.759245,-79.50789,620112.162,4846214.1568,At Intersection,Traffic Signal,Clear,Dark,Dry,25,Glenfield-Jane Heights,25,Glenfield-Jane Heights (25),Fatal,0,0,1,0,0,0,0,1,1,1,0,1,0,Turning Movement,"['Passenger', 'Driver']",East,"['Other', 'Automobile, Station Wagon']","['Turning Left', 'Going Ahead']","['Driving Properly', 'Exceeding Speed Limit']","['Normal', 'Ability Impaired, Alcohol']",[],[],[],[],[],[],D31,True,"['60 to 64', '35 to 39', '40 to 44', '20 to 24']",4.0
1131365.0,2009-10-18 08:00:00,306,2009,ADELAIDE ST E,VICTORIA ST,Major Arterial,Toronto and East York,43.650645,-79.37729,630861.413,4834350.2892,Unknown,Traffic Signal,Clear,Dark,Dry,168,Downtown Yonge East,75,Church-Yonge Corridor (75),Non-Fatal Injury,1,0,0,0,0,0,0,0,0,0,0,0,0,Pedestrian Collisions,['Pedestrian'],Unknown,['Other'],['Other'],[],[],['Unknown'],['Other'],['Normal'],[],[],[],D51,False,['25 to 29'],3.0
1131662.0,2009-09-22 08:00:00,1320,2009,SUNNYSIDE Aven,MARION Stre,Collector,Toronto and East York,43.639945,-79.44889,625109.4738,4833051.4984,Unknown,No Control,Clear,Daylight,Dry,87,High Park-Swansea,87,High Park-Swansea (87),Non-Fatal Injury,1,0,1,0,0,0,0,0,0,0,0,0,0,Pedestrian Collisions,"['Vehicle Owner', 'Driver', 'Pedestrian']",North,"['Other', 'Automobile, Station Wagon']",['Going Ahead'],['Driving Properly'],['Normal'],['Vehicle hits the pedestrian walking or running out from between parked vehicles at mid-block'],['Coming From Behind Parked Vehicle'],['Normal'],[],[],[],D11,False,"['unknown', '65 to 69', '40 to 44']",3.0
1131878.0,2009-10-05 08:00:00,1203,2009,WILLIAM R ALLEN RD,SHEPPARD AVE W,Major Arterial,North York,43.750245,-79.46339,623712.9046,4845280.0721,Unknown,Traffic Signal,Clear,Daylight,Dry,155,Downsview,27,York University Heights (27),Non-Fatal Injury,0,0,1,0,0,0,0,1,0,1,0,0,0,Turning Movement,"['Driver', 'Passenger', 'Vehicle Owner']",East,"['Automobile, Station Wagon', 'Other']","['Turning Left', 'Stopped', 'Going Ahead']","['Failed to Yield Right of Way', 'Driving Properly']",['Normal'],[],[],[],[],[],[],D32,False,"['70 to 74', '25 to 29', '45 to 49', '30 to 34', 'unknown', '40 to 44']",3.0
1131978.0,2009-09-24 08:00:00,1730,2009,DUPONT ST,OSLER ST,Major Arterial,Toronto and East York,43.664545,-79.45659,624437.586,4835772.0696,Unknown,No Control,Clear,Daylight,Dry,171,Junction-Wallace Emerson,93,Dovercourt-Wallace Emerson-Junction (93),Non-Fatal Injury,0,1,1,0,0,0,0,0,0,0,0,0,0,Cyclist Collisions,"['Driver', 'Cyclist']",East,"['Automobile, Station Wagon', 'Bicycle']","['Turning Left', 'Going Ahead']",['Improper Turn'],['Normal'],[],[],[],['Motorist turned left across cyclists path.'],['Driving Properly'],['Normal'],D11,False,"['35 to 39', '30 to 34']",3.0
1132051.0,2009-09-24 08:00:00,1010,2009,CHURCH ST,GOULD ST,Minor Arterial,Toronto and East York,43.658745,-79.37809,630779.3132,4835248.6399,Unknown,No Control,Clear,Daylight,Dry,168,Downtown Yonge East,75,Church-Yonge Corridor (75),Non-Fatal Injury,0,1,1,0,0,0,0,0,0,0,0,0,0,Cyclist Collisions,"['Driver', 'Cyclist']",South,"['Automobile, Station Wagon', 'Bicycle']","['Parked', 'Slowing or Stopping']",['Other'],['Inattentive'],[],[],[],['Cyclist struck opened vehicle door'],['Driving Properly'],['Normal'],D51,False,"['unknown', '20 to 24']",3.0
1132060.0,2009-09-25 08:00:00,2315,2009,LAWRENCE AVE E,BIRCHMOUNT RD,Major Arterial,Scarborough,43.747645,-79.28399,638162.5813,4845274.8846,Unknown,No Control,Clear,Dark,Dry,126,Dorset Park,126,Dorset Park (126),Non-Fatal Injury,1,0,0,0,0,1,0,0,0,0,0,0,0,Pedestrian Collisions,"['Pedestrian', 'Vehicle Owner', 'Driver']",East,"['Other', 'Municipal Transit Bus (TTC)']",['Pulling Away from Shoulder or Curb'],['Driving Properly'],['Normal'],['Pedestrian involved in a collision with transit vehicle anywhere along roadway'],['Running onto Roadway'],['Had Been Drinking'],[],[],[],D41,False,"['50 to 54', 'unknown']",3.0
1132092.0,2009-09-25 08:00:00,1700,2009,O CONNOR DR,COXWELL AVE,Major Arterial,Toronto and East York,43.697745,-79.32949,634610.8758,4839657.8784,Unknown,Traffic Signal,Clear,Daylight,Dry,58,Old East York,58,Old East York (58),Non-Fatal Injury,0,0,1,0,0,0,0,1,0,1,0,0,0,Turning Movement,"['Driver', 'Passenger']",East,"['Automobile, Station Wagon', 'Other']","['Going Ahead', 'Turning Left']","['Driving Properly', 'Failed to Yield Right of Way']",['Normal'],[],[],[],[],[],[],D55,False,"['30 to 34', '25 to 29', '20 to 24']",3.0
1132126.0,2009-10-21 08:00:00,2023,2009,1549 ALBION RD,Not Applicable,Major Arterial,Etobicoke York,43.740745,-79.58679,613795.8634,4844048.0677,Unknown,No Control,Clear,Dark,Dry,2,Mount Olive-Silverstone-Jamestown,2,Mount Olive-Silverstone-Jamestown (2),Non-Fatal Injury,1,0,0,0,0,1,0,0,0,0,0,0,0,Pedestrian Collisions,"['Vehicle Owner', 'Driver', 'Pedestrian']",East,"['Other', 'Municipal Transit Bus (TTC)']",['Going Ahead'],['Driving Properly'],['Normal'],['Pedestrian involved in a collision with transit vehicle anywhere along roadway'],"['Crossing, no Traffic Control']",['Had Been Drinking'],[],[],[],D23,False,"['unknown', '25 to 29', '40 to 44']",3.0
1132127.0,2009-10-21 08:00:00,1255,2009,WESTON RD,FENMAR DR,Major Arterial,Etobicoke York,43.756345,-79.54349,617252.0694,4845841.057,At Intersection,No Control,Rain,Daylight,Wet,21,Humber Summit,21,Humber Summit (21),Fatal,1,0,0,0,1,0,0,0,0,0,0,0,0,Pedestrian Collisions,"['Other', 'Vehicle Owner', 'Truck Driver', 'Pedestrian']",South,"['Other', 'Truck - Open']","['Parked', 'Slowing or Stopping']",['Other'],['Normal'],['Other / Undefined'],['Pushing/Working on Vehicle'],['Unknown'],[],[],[],D31,True,"['unknown', '20 to 24', '50 to 54']",4.0
1132218.0,2009-09-26 08:00:00,535,2009,HIGHWAY 27  N,STEELES AVE W,Major Arterial,Etobicoke York,43.755445,-79.61409,611570.2592,4845643.5798,At Intersection,Traffic Signal,Clear,Dark,Dry,1,West Humber-Clairville,1,West Humber-Clairville (1),Non-Fatal Injury,0,0,1,0,0,0,0,1,0,1,1,0,0,Angle,"['Driver', 'Passenger']",South,"['Automobile, Station Wagon', 'Other']","['Going Ahead', 'Slowing or Stopping']","['Driving Properly', 'Disobeyed Traffic Control']",['Normal'],[],[],[],[],[],[],D23,False,"['50 to 54', '30 to 34', '25 to 29', '20 to 24']",3.0
1132426.0,2009-09-20 08:00:00,1220,2009,BLOOR ST W,RENFORTH DR,Major Arterial,Etobicoke York,43.635345,-79.56369,615858.6955,4832373.9777,At Intersection,Stop Sign,Clear,Daylight,Dry,12,Markland Wood,12,Markland Wood (12),Non-Fatal Injury,0,0,1,0,0,0,0,1,0,1,0,0,0,Turning Movement,"['Driver', 'Passenger']",East,"['Automobile, Station Wagon', 'Other']","['Turning Left', 'Going Ahead']","['Disobeyed Traffic Control', 'Driving Properly']",['Normal'],[],[],[],[],[],[],D22,False,['40 to 44'],3.0
1132522.0,2009-09-27 08:00:00,1530,2009,ST CLAIR AVE W,ARLINGTON AVE,Major Arterial,Toronto and East York,43.681045,-79.42889,626636.2141,4837646.5357,At Intersection,Traffic Signal,Clear,Daylight,Dry,94,Wychwood,94,Wychwood (94),Non-Fatal Injury,0,0,1,0,0,0,0,1,0,1,0,0,0,Rear End,"['Passenger', 'Driver', 'Vehicle Owner']",East,"['Other', 'Automobile, Station Wagon']","['Stopped', 'Going Ahead']","['Driving Properly', 'Following too Close']",['Normal'],[],[],[],[],[],[],D13,False,"['55 to 59', 'unknown', '20 to 24', '25 to 29']",3.0
1132676.0,2009-10-23 08:00:00,715,2009,FINCH AVE E,BLACKBIRD GT,Minor Arterial,Scarborough,43.816945,-79.22429,642804.2121,4853073.0604,At Intersection,No Control,Rain,Dark,Wet,144,Morningside Heights,132,Malvern (132),Fatal,1,0,1,0,0,0,0,0,0,0,0,0,0,Pedestrian Collisions,"['Driver', 'Pedestrian']",North,"['Automobile, Station Wagon', 'Other']",['Going Ahead'],['Driving Properly'],['Normal'],['Vehicle is going straight thru inter.while ped cross without ROW'],"['Crossing, no Traffic Control']",['Inattentive'],[],[],[],D42,True,"['45 to 49', '60 to 64']",4.0
1132677.0,2009-10-23 08:00:00,755,2009,1251 KENNEDY Rd,Not Applicable,Major Arterial,Scarborough,43.756345,-79.27739,638673.8828,4846252.1816,Unknown,No Control,Rain,Daylight,Wet,126,Dorset Park,126,Dorset Park (126),Non-Fatal Injury,0,0,1,0,0,0,0,0,0,0,0,0,0,SMV Other,['Driver'],North,"['Automobile, Station Wagon']",['Going Ahead'],['Lost control'],['Unknown'],[],[],[],[],[],[],D41,False,['30 to 34'],3.0
1132688.0,2009-10-23 08:00:00,1708,2009,STEELES AVE W,TURBINE DR,Major Arterial,Etobicoke York,43.767945,-79.55779,616078.4466,4847109.2638,At Intersection,No Control,Rain,Daylight,Wet,21,Humber Summit,21,Humber Summit (21),Non-Fatal Injury,1,0,1,0,0,0,0,0,0,0,0,0,0,Pedestrian Collisions,"['Vehicle Owner', 'Driver', 'Pedestrian']",South,"['Other', 'Automobile, Station Wagon']",['Going Ahead'],['Driving Properly'],['Normal'],['Vehicle is going straight thru inter.while ped cross without ROW'],"['Crossing, no Traffic Control']",['Normal'],[],[],[],D31,False,"['unknown', '40 to 44', '35 to 39']",3.0
1132715.0,2009-10-23 08:00:00,2015,2009,BAY ST,WELLESLEY ST W,Major Arterial,Toronto and East York,43.664345,-79.38719,630033.4559,4835856.2911,At Intersection,Traffic Signal,Rain,Dark,Wet,169,Bay-Cloverhill,76,Bay Street Corridor (76),Non-Fatal Injury,1,0,1,0,0,0,0,0,0,1,0,0,0,Pedestrian Collisions,"['Driver', 'Pedestrian']",East,"['Automobile, Station Wagon', 'Other']",['Turning Left'],['Failed to Yield Right of Way'],['Normal'],['Vehicle turns left while ped crosses with ROW at inter.'],['Crossing with right of way'],['Normal'],[],[],[],D52,False,"['20 to 24', '35 to 39']",3.0
1132987.0,2009-09-30 08:00:00,1527,2009,MARKHAM RD,ELLESMERE RD,Major Arterial,Scarborough,43.777245,-79.23199,642279.1627,4848650.4724,Unknown,No Control,Clear,Daylight,Dry,142,Woburn North,137,Woburn (137),Non-Fatal Injury,1,0,1,0,0,0,0,0,0,0,0,0,0,Pedestrian Collisions,"['Vehicle Owner', 'Driver', 'Pedestrian']",West,"['Other', 'Automobile, Station Wagon']",['Turning Left'],['Improper Turn'],['Normal'],['Pedestrian hit at mid-block'],"['Crossing, no Traffic Control']",['Normal'],[],[],[],D43,False,"['unknown', '25 to 29', '55 to 59']",3.0
1133034.0,2009-10-02 08:00:00,1400,2009,BLOOR ST E,SHERBOURNE ST N,Major Arterial,Toronto and East York,43.672345,-79.37689,630846.5221,4836760.9943,Unknown,Traffic Signal,Rain,Daylight,Wet,74,North St.James Town,98,Rosedale-Moore Park (98),Fatal,1,0,1,0,0,0,0,0,0,0,0,0,0,Pedestrian Collisions,"['Driver', 'Pedestrian']",North,"['Automobile, Station Wagon', 'Other']",['Turning Left'],['Driving Properly'],['Normal'],['Pedestrian hit at mid-block'],"['Crossing, no Traffic Control']",['Inattentive'],[],[],[],D51,True,"['60 to 64', '40 to 44']",4.0
1133302.0,2009-09-24 08:00:00,2115,2009,MARTIN GROVE Road,EGLINTON Aven W,Major Arterial,Etobicoke York,43.674445,-79.56319,615823.8381,4836717.2289,At Intersection,Traffic Signal,Clear,Dark,Dry,11,Eringate-Centennial-West Deane,11,Eringate-Centennial-West Deane (11),Non-Fatal Injury,0,0,1,1,0,0,0,1,0,0,0,0,0,Turning Movement,"['Driver', 'Passenger', 'Motorcycle Driver']",North,"['Automobile, Station Wagon', 'Other', 'Motorcycle']","['Going Ahead', 'Turning Left']","['Driving Properly', 'Improper Turn']","['Normal', 'Inattentive']",[],[],[],[],[],[],D22,False,"['25 to 29', '30 to 34']",3.0
1133393.0,2009-10-02 08:00:00,1240,2009,1255 THE QUEENSWAY,Not Applicable,Major Arterial,Etobicoke York,43.621345,-79.52509,618999.9791,4830873.7029,Unknown,Stop Sign,Rain,Daylight,Wet,159,Etobicoke City Centre,14,Islington-City Centre West (14),Non-Fatal Injury,0,0,1,0,0,0,0,0,0,0,0,0,0,Turning Movement,['Driver'],East,"['Automobile, Station Wagon']","['Turning Left', 'Going Ahead']","['Improper Turn', 'Driving Properly']",['Normal'],[],[],[],[],[],[],D22,False,"['55 to 59', '25 to 29']",3.0
1133411.0,2009-10-03 08:00:00,1710,2009,MCNICOLL Ave,BIRCHMOUNT Rd,Major Arterial,Scarborough,43.808627,-79.31116,635836.8313,4852002.9266,At Intersection,Traffic Signal,Clear,Daylight,Dry,116,Steeles,116,Steeles (116),Non-Fatal Injury,0,0,1,0,0,0,0,0,0,0,0,0,0,Turning Movement,['Driver'],West,"['Automobile, Station Wagon']","['Stopped', 'Turning Left', 'Going Ahead']","['Driving Properly', 'Improper Turn']",['Normal'],[],[],[],[],[],[],D42,False,"['40 to 44', '50 to 54', '35 to 39']",3.0