accident_number,date,time,year,street1,street2,road_class,district,latitude,longitude,x,y,accident_location,traffctl,visibility,light,road_surface_condition,hood_158,neighbourhood_new,hood_140,neighbourhood_old,accident_class,pedestrian,cyclist,automobile,motorcycle,truck,trsn_city_veh,emerg_veh,passenger,speeding,aggressive_driving,redlight,alcohol,disability,impact_type,involvement_type,initial_direction,vehicle_type,manoeuver,driver_action,driver_condition,pedestrian_type,pedestrian_action,pedestrian_condition,cyclist_type,cyclist_action,cyclist_condition,division,injury,involvement_age,injury_severity_score
1150609.0,2010-01-29 10:00:00,1635,2010,OLD KINGSTON RD,MANSE RD,Collector,Scarborough,43.776645,-79.18059,646417.0521,4848673.4545,Unknown,No Control,Clear,Dusk,Dry,136,West Hill,136,West Hill (136),Non-Fatal Injury,0,0,1,0,0,0,0,0,0,0,0,0,0,Rear End,['Driver'],South,"['Automobile, Station Wagon']","['Slowing or Stopping', 'Going Ahead']","['Driving Properly', 'Lost control']",['Normal'],[],[],[],[],[],[],D43,False,"['60 to 64', '80 to 84']",3.0
1150610.0,2010-01-29 10:00:00,1636,2010,OLD KINGSTON RD,MANSE RD,Collector,Scarborough,43.776545,-79.18069,646409.2486,4848662.1711,Unknown,No Control,Clear,Dusk,Dry,136,West Hill,136,West Hill (136),Non-Fatal Injury,0,0,1,0,0,0,0,0,0,0,0,0,0,Rear End,['Driver'],South,"['Automobile, Station Wagon']","['Other', 'Stopped']","['Lost control', 'Driving Properly']",['Normal'],[],[],[],[],[],[],D43,False,"['80 to 84', '45 to 49']",3.0
1150809.0,2010-01-30 10:00:00,1629,2010,EUCLID AVE,BLOOR ST W,Major Arterial,Toronto and East York,43.664345,-79.41489,627800.1097,4835813.2479,At Intersection,Stop Sign,Clear,Daylight,Dry,95,Annex,95,Annex (95),Non-Fatal Injury,1,0,1,0,0,0,0,0,0,0,0,0,0,Pedestrian Collisions,"['Driver', 'Pedestrian']",North,"['Automobile, Station Wagon', 'Other']",['Turning Right'],['Driving Properly'],['Unknown'],['Vehicle turns right while ped crosses without ROW at inter.'],['Running onto Roadway'],['Normal'],[],[],[],D14,False,"['unknown', '65 to 69']",3.0
1150854.0,2010-01-06 10:00:00,257,2010,665 LAWRENCE AVE W,Not Applicable,Major Arterial,North York,43.716245,-79.44369,625369.8963,4841533.4912,Unknown,No Control,Clear,Dark,Dry,32,Englemount-Lawrence,32,Englemount-Lawrence (32),Non-Fatal Injury,1,0,0,0,0,0,0,0,0,0,0,0,0,Pedestrian Collisions,['Pedestrian'],Unknown,['Other'],[],[],[],['Pedestrian hit at mid-block'],['Playing or Working on Highway'],"['Normal', 'Inattentive']",[],[],[],D32,False,"['50 to 54', '40 to 44']",3.0
1150954.0,2010-01-08 10:00:00,302,2010,UNIVERSITY Ave,DUNDAS St W,Major Arterial,Toronto and East York,43.654745,-79.38829,629965.4782,4834788.3603,Unknown,No Control,Clear,Dark,Wet,170,Yonge-Bay Corridor,76,Bay Street Corridor (76),Non-Fatal Injury,1,0,1,0,0,0,0,0,0,0,0,0,0,Pedestrian Collisions,"['Driver', 'Pedestrian']",East,"['Automobile, Station Wagon', 'Other']",['Going Ahead'],['Driving Properly'],['Normal'],['Vehicle is going straight thru inter.while ped cross without ROW'],"['Crossing, no Traffic Control']",['Inattentive'],[],[],[],D52,False,"['30 to 34', '60 to 64']",3.0
1151467.0,2010-01-10 10:00:00,933,2010,SENTINEL Road,STILECROFT Driv,Collector,North York,43.750445,-79.49419,621232.7641,4845256.7468,At Intersection,Stop Sign,Clear,Daylight,Dry,27,York University Heights,27,York University Heights (27),Non-Fatal Injury,1,0,0,0,1,0,0,0,0,1,0,0,0,Pedestrian Collisions,"['Truck Driver', 'Pedestrian']",East,"['Truck - Open', 'Other']",['Going Ahead'],['Failed to Yield Right of Way'],['Inattentive'],['Vehicle is going straight thru inter.while ped cross with ROW'],['Crossing with right of way'],['Normal'],[],[],[],D31,False,"['35 to 39', '65 to 69']",3.0
1151614.0,2010-01-12 10:00:00,1153,2010,EGLINTON Aven E,CEDAR Driv,Major Arterial,Scarborough,43.743945,-79.21559,643678.6484,4844980.3066,At Intersection,Traffic Signal,Clear,Daylight,Dry,139,Scarborough Village,139,Scarborough Village (139),Non-Fatal Injury,1,0,1,0,0,0,0,1,0,1,0,0,0,Pedestrian Collisions,"['Passenger', 'Driver', 'Other Property Owner', 'Pedestrian']",West,"['Other', 'Automobile, Station Wagon']","['Going Ahead', 'Turning Left']","['Driving Properly', 'Failed to Yield Right of Way']","['Normal', 'Inattentive']",['Vehicle turns left while ped crosses with ROW at inter.'],['Crossing with right of way'],['Normal'],[],[],[],D43,False,"['20 to 24', '50 to 54', 'unknown', '60 to 64']",3.0
1151934.0,2010-01-12 10:00:00,1401,2010,JANE Stre,HARDING Aven,Major Arterial,Etobicoke York,43.699545,-79.50289,620634.4447,4839590.8849,At Intersection,Traffic Signal,Clear,Daylight,Dry,30,Brookhaven-Amesbury,30,Brookhaven-Amesbury (30),Non-Fatal Injury,1,0,1,0,0,0,0,0,0,1,0,0,0,Pedestrian Collisions,"['Vehicle Owner', 'Driver', 'Pedestrian']",East,"['Other', 'Automobile, Station Wagon']",['Turning Left'],['Failed to Yield Right of Way'],['Inattentive'],['Vehicle turns left while ped crosses with ROW at inter.'],['Crossing with right of way'],['Normal'],[],[],[],D12,False,"['unknown', '45 to 49', '50 to 54']",3.0
1152152.0,2010-01-14 10:00:00,2150,2010,DON MILLS RD,SHEPPARD AVE E,Major Arterial,North York,43.775145,-79.34699,633029.1904,4848226.0264,At Intersection,Traffic Signal,Clear,Dark,Wet,47,Don Valley Village,47,Don Valley Village (47),Non-Fatal Injury,0,0,1,0,0,0,0,1,1,1,0,0,0,Angle,"['Driver', 'Passenger', 'Vehicle Owner']",East,"['Automobile, Station Wagon', 'Other']",['Going Ahead'],"['Driving Properly', 'Failed to Yield Right of Way']","['Normal', 'Inattentive']",[],[],[],[],[],[],D33,False,"['50 to 54', '20 to 24', 'unknown', '25 to 29']",3.0
1152191.0,2010-01-14 10:00:00,1743,2010,PASSMORE AVE,SILVER STAR BLVD,Collector,Scarborough,43.819945,-79.29809,636862.2305,4853281.5145,At Intersection,Traffic Signal,Clear,Dark,Wet,130,Milliken,130,Milliken (130),Non-Fatal Injury,1,0,1,0,0,0,0,0,0,1,0,0,0,Pedestrian Collisions,"['Vehicle Owner', 'Driver', 'Pedestrian']",East,"['Other', 'Automobile, Station Wagon']",['Turning Left'],['Failed to Yield Right of Way'],['Inattentive'],['Vehicle turns left while ped crosses with ROW at inter.'],['Crossing with right of way'],['Normal'],[],[],[],D42,False,"['unknown', '25 to 29']",3.0
1152788.0,2010-02-12 10:00:00,2303,2010,ADDINGTON AVE,SHEPPARD AVE W,Major Arterial,North York,43.758445,-79.42459,626819.4088,4846249.4835,At Intersection,No Control,Clear,Dark,Dry,38,Lansing-Westgate,38,Lansing-Westgate (38),Non-Fatal Injury,1,0,1,0,0,0,0,0,0,1,0,0,0,Pedestrian Collisions,"['Vehicle Owner', 'Driver', 'Pedestrian']",East,"['Other', 'Automobile, Station Wagon']",['Turning Left'],['Failed to Yield Right of Way'],['Unknown'],['Vehicle turns left while ped crosses with ROW at inter.'],['Crossing with right of way'],['Had Been Drinking'],[],[],[],D32,False,"['unknown', '70 to 74', '55 to 59']",3.0
1152926.0,2010-02-13 10:00:00,144,2010,BLOOR ST W,LAUREL AVE,Major Arterial,Etobicoke York,43.638145,-79.55149,616837.3791,4832702.0523,Unknown,Stop Sign,Clear,Dark,Dry,158,Islington,14,Islington-City Centre West (14),Non-Fatal Injury,0,0,1,1,0,0,0,0,0,1,0,0,0,Angle,"['Vehicle Owner', 'Driver', 'Motorcycle Driver']",South,"['Other', 'Taxi', 'Motorcycle']",['Going Ahead'],"['Driving Properly', 'Disobeyed Traffic Control']","['Normal', 'Had Been Drinking']",[],[],[],[],[],[],D22,False,"['unknown', '40 to 44', '15 to 19']",3.0
1153073.0,2010-02-15 10:00:00,9,2010,LAWRENCE AVE E,PHARMACY AVE,Major Arterial,Scarborough,43.743245,-79.30459,636513.9791,4844752.045,Unknown,Traffic Signal,Clear,Dark,Dry,119,Wexford/Maryvale,119,Wexford/Maryvale (119),Fatal,0,0,1,0,0,0,0,1,0,0,0,0,0,Turning Movement,"['Vehicle Owner', 'Driver', 'Passenger']",West,"['Other', 'Automobile, Station Wagon']","['Going Ahead', 'Turning Left']","['Other', 'Driving Properly']","['Unknown', 'Normal']",[],[],[],[],[],[],D41,True,"['unknown', '40 to 44', '15 to 19', '45 to 49', '30 to 34', '35 to 39', '25 to 29']",4.0
1153216.0,2010-01-25 10:00:00,1845,2010,GRACEDALE BLVD,FINCH AVE W,Major Arterial,Etobicoke York,43.748545,-79.55879,616035.4516,4844953.2085,At Intersection,No Control,Clear,Dusk,Wet,22,Humbermede,22,Humbermede (22),Non-Fatal Injury,1,0,1,0,0,0,0,0,0,1,0,0,0,Pedestrian Collisions,"['Driver', 'Pedestrian']",East,"['Automobile, Station Wagon', 'Other']",['Turning Left'],['Failed to Yield Right of Way'],['Unknown'],['Vehicle turns left while ped crosses with ROW at inter.'],['Crossing with right of way'],['Normal'],[],[],[],D31,False,"['unknown', '50 to 54']",3.0
1153227.0,2020-06-23 08:00:00,611,2020,LAWRENCE AVE W,DUPLEX AVE,Major Arterial,North York,43.724314,-79.405566,628423.7962,4842488.0409,At Intersection,Traffic Signal,Clear,Daylight,Dry,103,Lawrence Park South,103,Lawrence Park South (103),Non-Fatal Injury,0,1,1,0,0,0,0,0,0,0,0,0,0,Cyclist Collisions,"['Cyclist', 'Driver']",East,"['Bicycle', 'Automobile, Station Wagon']",['Going Ahead'],['Driving Properly'],['Normal'],[],[],[],"['Cyclist without ROW rides into path of motorist at inter, lnwy, dwy-Cyclist not turn.']",['Disobeyed Traffic Control'],['Normal'],D53,False,"['20 to 24', '35 to 39']",3.0
1153339.0,2010-02-17 10:00:00,833,2010,BAYVIEW AVE,EGLINTON AVE E,Major Arterial,North York,43.711045,-79.37719,630738.2205,4841058.6928,At Intersection,Traffic Signal,Snow,Daylight,Wet,99,Mount Pleasant East,99,Mount Pleasant East (99),Non-Fatal Injury,1,0,1,0,0,0,0,0,0,1,1,0,0,Pedestrian Collisions,"['Driver', 'Pedestrian']",South,"['Automobile, Station Wagon', 'Other']",['Going Ahead'],['Disobeyed Traffic Control'],['Inattentive'],['Vehicle is going straight thru inter.while ped cross with ROW'],['Crossing with right of way'],['Normal'],[],[],[],D53,False,"['40 to 44', '50 to 54', '60 to 64']",3.0
1153473.0,2010-02-18 10:00:00,18,2010,PHARMACY AVE,ST BEDES RD,Minor Arterial,Scarborough,43.704645,-79.28869,637882.7879,4840491.2731,At Intersection,No Control,Clear,Dark,Wet,120,Clairlea-Birchmount,120,Clairlea-Birchmount (120),Fatal,0,0,1,0,0,0,0,1,1,1,0,0,0,SMV Other,"['Vehicle Owner', 'Passenger', 'Driver', 'Other Property Owner']",South,"['Other', 'Automobile, Station Wagon']",['Going Ahead'],['Exceeding Speed Limit'],['Unknown'],[],[],[],[],[],[],D41,True,"['unknown', '15 to 19']",4.0
1153514.0,2010-02-18 10:00:00,1108,2010,JETHRO RD,MINNIE AVE,Local,Etobicoke York,43.723545,-79.52129,619104.2453,4842229.8112,Unknown,No Control,Clear,Daylight,Dry,154,Oakdale-Beverley Heights,26,Downsview-Roding-CFB (26),Non-Fatal Injury,0,0,1,0,0,0,0,0,0,0,0,0,0,SMV Other,"['Driver', 'Other Property Owner']",North,"['Automobile, Station Wagon', 'Other']",['Going Ahead'],['Lost control'],['Unknown'],[],[],[],[],[],[],D31,False,"['75 to 79', 'unknown']",3.0
1153608.0,2020-06-23 08:00:00,752,2020,COLLEGE ST,DUFFERIN ST,Minor Arterial,North York,43.652495,-79.432521,626403.4525,4834470.1415,At Intersection,Traffic Signal,Clear,Daylight,Dry,84,Little Portugal,84,Little Portugal (84),Non-Fatal Injury,0,0,1,0,1,0,0,1,0,0,0,0,0,Angle,"['Driver', 'Truck Driver', 'Passenger']",East,"['Automobile, Station Wagon', 'Truck - Closed (Blazer, etc)']",['Going Ahead'],['Driving Properly'],['Normal'],[],[],[],[],[],[],D14,False,"['30 to 34', '35 to 39']",3.0
1153821.0,2010-02-04 10:00:00,1546,2010,SHEPPARD AVE W,LAURA RD,Major Arterial,Etobicoke York,43.739045,-79.51449,619621.1018,4843961.102,At Intersection,No Control,Clear,Daylight,Dry,154,Oakdale-Beverley Heights,26,Downsview-Roding-CFB (26),Non-Fatal Injury,1,0,1,0,0,0,0,0,0,1,0,0,0,Pedestrian Collisions,"['Pedestrian', 'Driver']",South,"['Other', 'Automobile, Station Wagon']",['Going Ahead'],['Failed to Yield Right of Way'],['Normal'],['Pedestrian hit at mid-block'],"['Crossing, no Traffic Control']",['Normal'],[],[],[],D31,False,"['70 to 74', '65 to 69']",3.0
1154258.0,2010-01-15 10:00:00,1810,2010,DIXON RD,ST PHILLIPS RD,Major Arterial,Etobicoke York,43.699845,-79.53429,618103.68,4839578.9975,Unknown,Traffic Signal,Clear,Dark,Dry,6,Kingsview Village-The Westway,6,Kingsview Village-The Westway (6),Non-Fatal Injury,0,0,1,0,0,0,0,0,0,1,0,0,0,Turning Movement,['Driver'],East,"['Automobile, Station Wagon']","['Going Ahead', 'Turning Left']","['Failed to Yield Right of Way', 'Driving Properly']",['Normal'],[],[],[],[],[],[],D23,False,['25 to 29'],3.0
1154355.0,2009-06-02 08:00:00,820,2009,MANOR RD E,MOUNT PLEASANT RD,Major Arterial,North York,43.704245,-79.38859,629834.4753,4840285.5397,Unknown,Traffic Signal,Clear,Daylight,Dry,174,South Eglinton-Davisville,104,Mount Pleasant West (104),Non-Fatal Injury,0,1,1,0,0,0,0,0,0,0,0,0,0,Cyclist Collisions,"['Driver', 'Cyclist']",West,"['Automobile, Station Wagon', 'Bicycle']","['Stopped', 'Going Ahead']",['Driving Properly'],['Inattentive'],[],[],[],['Cyclist struck opened vehicle door'],['Driving Properly'],['Normal'],D53,False,"['45 to 49', '20 to 24']",3.0
1154795.0,2010-02-27 10:00:00,2320,2010,THE QUEENSWAY,HIGH ST,Major Arterial,Etobicoke York,43.630845,-79.48209,622450.0837,4831991.3217,Unknown,Traffic Signal,Clear,Dark,Dry,16,Stonegate-Queensway,16,Stonegate-Queensway (16),Non-Fatal Injury,1,0,1,0,0,0,0,0,0,0,0,0,0,Pedestrian Collisions,"['Pedestrian', 'Driver']",South,"['Other', 'Automobile, Station Wagon']",['Going Ahead'],['Driving Properly'],['Normal'],['Vehicle is going straight thru inter.while ped cross without ROW'],['Crossing without right of way'],['Inattentive'],[],[],[],D22,False,"['50 to 54', '20 to 24']",3.0
1154990.0,2010-02-28 10:00:00,2300,2010,VILLIERS ST,MUNITION ST,Local,Toronto and East York,43.648545,-79.34989,633075.7138,4834160.6304,Unknown,No Control,Clear,Dark,Dry,70,South Riverdale,70,South Riverdale (70),Fatal,0,0,1,0,0,0,0,0,1,1,0,0,0,SMV Unattended Vehicle,"['Other', 'Driver']",East,"['Other', 'Automobile, Station Wagon']","['Parked', 'Going Ahead']",['Exceeding Speed Limit'],['Other'],[],[],[],[],[],[],D51,True,"['unknown', '50 to 54']",4.0
1155029.0,2010-02-10 10:00:00,1522,2010,DAVENPORT RD,PERTH AVE,Minor Arterial,Toronto and East York,43.670545,-79.45449,624594.486,4836441.6009,Unknown,No Control,Clear,Daylight,Dry,91,Weston-Pelham Park,91,Weston-Pellam Park (91),Non-Fatal Injury,0,0,1,0,0,0,0,1,0,1,0,0,0,Sideswipe,"['Passenger', 'Vehicle Owner', 'Driver']",West,"['Other', 'Automobile, Station Wagon']","['Pulling Away from Shoulder or Curb', 'Going Ahead']","['Failed to Yield Right of Way', 'Driving Properly']","['Inattentive', 'Normal']",[],[],[],[],[],[],D11,False,"['90 to 94', 'unknown', '55 to 59', '75 to 79']",3.0
1155324.0,2010-01-22 10:00:00,1520,2010,BATHGATE DR,FEAGAN DR,Local,Scarborough,43.779445,-79.15099,648792.1981,4849037.2163,Unknown,Stop Sign,Clear,Daylight,Dry,133,Centennial Scarborough,133,Centennial Scarborough (133),Non-Fatal Injury,0,0,1,0,0,0,0,0,0,0,0,0,0,SMV Other,"['Driver', 'Other Property Owner']",West,"['Automobile, Station Wagon', 'Other']",['Going Ahead'],['Lost control'],['Inattentive'],[],[],[],[],[],[],D43,False,"['75 to 79', 'unknown']",3.0
1155407.0,2010-03-02 10:00:00,1605,2010,HORNER AVE,EDILOU DR,Minor Arterial,Etobicoke York,43.604745,-79.53139,618524.2764,4829021.063,Unknown,No Control,Clear,Daylight,Dry,20,Alderwood,20,Alderwood (20),Fatal,1,0,0,0,1,0,0,0,0,0,0,0,0,Pedestrian Collisions,"['Vehicle Owner', 'Truck Driver', 'Pedestrian']",South,"['Other', 'Truck - Open']",['Going Ahead'],['Driving Properly'],['Normal'],['Pedestrian hit at mid-block'],"['Crossing, no Traffic Control']",['Unknown'],[],[],[],D22,True,"['unknown', '45 to 49', '55 to 59']",4.0
1155645.0,2010-01-24 10:00:00,2031,2010,MCCOWAN RD,SANDHURST CRCL,Major Arterial,Scarborough,43.811645,-79.26919,639205.588,4852407.8828,At Intersection,Traffic Signal,Rain,Daylight,Wet,129,Agincourt North,129,Agincourt North (129),Non-Fatal Injury,0,0,1,0,0,0,0,1,0,1,1,0,0,Angle,"['Passenger', 'Driver', 'Vehicle Owner']",North,"['Other', 'Automobile, Station Wagon']","['Slowing or Stopping', 'Going Ahead']","['Driving Properly', 'Disobeyed Traffic Control']","['Normal', 'Unknown']",[],[],[],[],[],[],D42,False,"['35 to 39', '30 to 34', 'unknown', '20 to 24', '40 to 44']",3.0
1155651.0,2010-01-24 10:00:00,242,2010,COLLEGE ST,BORDEN ST,Major Arterial,Toronto and East York,43.656945,-79.40539,628581.8543,4835006.058,Unknown,Traffic Signal,Clear,Dark,Wet,78,Kensington-Chinatown,79,University (79),Non-Fatal Injury,1,0,1,0,0,0,0,0,0,0,0,0,0,Pedestrian Collisions,"['Vehicle Owner', 'Driver', 'Pedestrian']",East,"['Other', 'Automobile, Station Wagon']",['Going Ahead'],['Driving Properly'],['Normal'],['Vehicle hits the pedestrian walking or running out from between parked vehicles at mid-block'],['Crossing without right of way'],['Had Been Drinking'],[],[],[],D14,False,"['unknown', '30 to 34', '15 to 19']",3.0
1155683.0,2010-01-23 10:00:00,834,2010,SHEPPARD AVE W,ARLETA AVE,Major Arterial,Etobicoke York,43.741445,-79.50149,620663.1175,4844246.5079,At Intersection,Traffic Signal,Clear,Daylight,Dry,25,Glenfield-Jane Heights,25,Glenfield-Jane Heights (25),Non-Fatal Injury,1,0,1,0,0,0,0,0,0,1,0,0,0,Pedestrian Collisions,"['Driver', 'Pedestrian']",North,"['Automobile, Station Wagon', 'Other']",['Turning Left'],['Failed to Yield Right of Way'],['Normal'],['Vehicle turns left while ped crosses with ROW at inter.'],['Crossing with right of way'],['Normal'],[],[],[],D31,False,"['45 to 49', '60 to 64']",3.0
1155869.0,2010-03-04 10:00:00,1308,2010,SHEPPARD Ave E,BROWNSPRING Rd,Major Arterial,Scarborough,43.788845,-79.26249,639797.6298,4849886.8704,At Intersection,No Control,Clear,Daylight,Dry,128,Agincourt South-Malvern West,128,Agincourt South-Malvern West (128),Non-Fatal Injury,0,0,1,1,0,0,0,0,0,1,0,0,0,Turning Movement,"['Motorcycle Driver', 'Vehicle Owner', 'Driver']",East,"['Motorcycle', 'Other', 'Automobile, Station Wagon']","['Going Ahead', 'Unknown', 'Turning Left']","['Driving Properly', 'Improper Turn']",['Normal'],[],[],[],[],[],[],D42,False,"['20 to 24', 'unknown', '50 to 54']",3.0
1155951.0,2010-01-27 10:00:00,1030,2010,DVP S EASTERN AV W RAMP S,EASTERN DIVERSION AVE E,Pending,Toronto and East York,43.656745,-79.35349,632767.3122,4835065.5822,Unknown,No Control,Snow,Daylight,Packed Snow,73,Moss Park,73,Moss Park (73),Non-Fatal Injury,0,0,1,0,0,0,0,0,0,0,0,0,0,SMV Other,['Driver'],South,"['Automobile, Station Wagon']",['Going Ahead'],['Lost control'],['Normal'],[],[],[],[],[],[],D51,False,['40 to 44'],3.0
1156323.0,2010-01-19 10:00:00,115,2010,QUEENS PARK CRES E,ST JOSEPH ST,Major Arterial,Toronto and East York,43.665745,-79.39159,629675.686,4836004.8928,Unknown,No Control,Clear,Dark,Wet,169,Bay-Cloverhill,76,Bay Street Corridor (76),Non-Fatal Injury,0,0,1,0,0,0,0,0,1,1,0,0,0,SMV Other,['Driver'],North,"['Automobile, Station Wagon']",['Going Ahead'],['Speed too Fast For Condition'],['Had Been Drinking'],[],[],[],[],[],[],D52,False,['40 to 44'],3.0
1156458.0,2010-03-08 10:00:00,1353,2010,YONGE ST,MAITLAND ST,Major Arterial,Toronto and East York,43.663845,-79.38419,630276.4162,4835805.466,Unknown,No Control,Clear,Daylight,Dry,169,Bay-Cloverhill,76,Bay Street Corridor (76),Non-Fatal Injury,1,0,1,0,0,0,0,0,0,1,0,0,0,Pedestrian Collisions,"['Vehicle Owner', 'Driver', 'Pedestrian']",East,"['Other', 'Automobile, Station Wagon']",['Turning Left'],['Failed to Yield Right of Way'],['Inattentive'],['Vehicle turns left while ped crosses with ROW at inter.'],['Crossing with right of way'],['Normal'],[],[],[],D52,False,"['unknown', '45 to 49', '75 to 79']",3.0
1156513.0,2010-01-28 10:00:00,1541,2010,SECORD AVE,EASTDALE AVE,Collector,Toronto and East York,43.693145,-79.30009,636990.4501,4839195.1367,Unknown,No Control,Clear,Daylight,Dry,61,Taylor-Massey,61,Taylor-Massey (61),Non-Fatal Injury,1,0,1,0,0,0,0,0,0,0,0,0,0,Pedestrian Collisions,"['Driver', 'Pedestrian']",North,"['Automobile, Station Wagon', 'Other']",['Going Ahead'],['Driving Properly'],['Normal'],['Vehicle is going straight thru inter.while ped cross without ROW'],"['Crossing, no Traffic Control']",['Inattentive'],[],[],[],D55,False,"['20 to 24', '50 to 54']",3.0
1156744.0,2010-03-09 10:00:00,1504,2010,STEELES AVE W,GIHON SPRING DR,Major Arterial,Etobicoke York,43.759545,-79.59529,613076.007,4846124.4393,Unknown,No Control,Clear,Daylight,Dry,2,Mount Olive-Silverstone-Jamestown,2,Mount Olive-Silverstone-Jamestown (2),Fatal,0,0,1,0,1,0,0,0,0,0,0,0,0,Approaching,"['Vehicle Owner', 'Truck Driver', 'Driver', 'Other']",East,"['Other', 'Truck - Open', 'Automobile, Station Wagon']",['Going Ahead'],"['Driving Properly', 'Lost control']","['Normal', 'Unknown']",[],[],[],[],[],[],D23,True,"['unknown', '40 to 44', '45 to 49']",4.0
1156841.0,2010-01-31 10:00:00,1620,2010,25 THE WEST MALL,Not Applicable,Minor Arterial,Etobicoke York,43.610745,-79.56149,616083.4922,4829644.9213,Unknown,No Control,Clear,Daylight,Dry,159,Etobicoke City Centre,14,Islington-City Centre West (14),Non-Fatal Injury,1,0,1,0,0,0,0,0,0,0,0,0,0,Pedestrian Collisions,"['Driver', 'Pedestrian']",East,"['Automobile, Station Wagon', 'Other']",['Going Ahead'],['Driving Properly'],['Normal'],['Pedestrian hit at mid-block'],"['Crossing, no Traffic Control']",['Normal'],[],[],[],D22,False,"['70 to 74', '35 to 39']",3.0
1157271.0,2010-02-04 10:00:00,1848,2010,O CONNOR Driv,BEECHWOOD Cres,Minor Arterial,Toronto and East York,43.692345,-79.35449,632608.2386,4839017.8475,Unknown,No Control,Clear,Dark,Dry,57,Broadview North,57,Broadview North (57),Non-Fatal Injury,0,1,0,0,0,0,0,0,0,0,0,0,0,Cyclist Collisions,"['Other', 'Cyclist']",West,"['Other', 'Bicycle']","['Parked', 'Going Ahead']",[],[],[],[],[],['Cyclist strikes a parked vehicle.'],['Lost control'],['Normal'],D55,False,"['unknown', '50 to 54']",3.0
1157272.0,2010-03-12 10:00:00,523,2010,ROYAL DR,DON VALLEY PARKWAY  N,Major Arterial,Toronto and East York,43.672745,-79.35879,632304.7848,4836834.1302,Unknown,No Control,Clear,Dark,Dry,68,North Riverdale,68,North Riverdale (68),Fatal,0,0,0,0,1,0,0,1,1,1,0,0,0,SMV Other,"['Passenger', 'Vehicle Owner', 'Truck Driver', 'Other Property Owner']",South,"['Other', 'Truck - Open']",['Going Ahead'],['Speed too Fast For Condition'],['Normal'],[],[],[],[],[],[],D55,True,"['45 to 49', 'unknown', '30 to 34']",4.0
1157528.0,2010-02-06 10:00:00,2020,2010,HILLBORN AVE,SYMES RD,Local,Etobicoke York,43.674545,-79.48089,622458.0408,4836846.5413,Unknown,No Control,Clear,Dark,Dry,111,Rockcliffe-Smythe,111,Rockcliffe-Smythe (111),Non-Fatal Injury,0,0,1,0,0,0,0,1,1,1,0,0,0,SMV Unattended Vehicle,"['Passenger', 'Vehicle Owner', 'Driver', 'Other']",East,"['Other', 'Automobile, Station Wagon']","['Going Ahead', 'Parked']",['Lost control'],['Normal'],[],[],[],[],[],[],D12,False,"['20 to 24', 'unknown', '35 to 39']",3.0
1157556.0,2010-02-03 10:00:00,1915,2010,BATHURST Stre,VAUGHAN Road,Major Arterial,Toronto and East York,43.681045,-79.41749,627555.0974,4837664.0052,Unknown,No Control,Other,Dark,Other,94,Wychwood,94,Wychwood (94),Non-Fatal Injury,1,0,0,0,0,0,0,0,0,0,0,0,0,Pedestrian Collisions,"['Driver', 'Pedestrian']",Unknown,['Other'],['Unknown'],['Other'],['Unknown'],['Unknown'],['Other'],['Unknown'],[],[],[],D13,False,"['55 to 59', 'unknown']",3.0
1157957.0,2010-02-08 10:00:00,1942,2010,QUEEN Stre W,BATHURST Stre,Major Arterial,Toronto and East York,43.647145,-79.40399,628715.6785,4833919.8102,At Intersection,Traffic Signal,Clear,Dark,Dry,164,Wellington Place,77,Waterfront Communities-The Island (77),Non-Fatal Injury,1,0,1,0,0,0,0,0,0,0,0,0,0,Pedestrian Collisions,"['Driver', 'Pedestrian']",East,"['Automobile, Station Wagon', 'Other']",['Going Ahead'],['Driving Properly'],['Normal'],['Vehicle is going straight thru inter.while ped cross without ROW'],['Crossing without right of way'],['Inattentive'],[],[],[],D14,False,"['45 to 49', '25 to 29']",3.0
1158000.0,2010-03-17 08:00:00,955,2010,FAYWOOD Boul,BAINBRIDGE Aven,Collector,North York,43.748045,-79.44969,624820.4778,4845056.2818,Unknown,Pedestrian Crossover,Clear,Daylight,Dry,33,Clanton Park,33,Clanton Park (33),Non-Fatal Injury,1,0,1,0,0,0,0,0,0,1,0,0,0,Pedestrian Collisions,"['Vehicle Owner', 'Driver', 'Pedestrian']",East,"['Other', 'Automobile, Station Wagon']",['Going Ahead'],['Failed to Yield Right of Way'],['Inattentive'],['Pedestrian hit a PXO/ped. Mid-block signal'],"['Crossing, Pedestrian Crossover']",['Normal'],[],[],[],D32,False,"['unknown', '55 to 59', '80 to 84']",3.0
1158031.0,2010-03-17 08:00:00,1546,2010,LAWRENCE AVE E,WEST HILL DR,Minor Arterial,Scarborough,43.770045,-79.17879,646578.0338,4847943.605,Unknown,No Control,Clear,Daylight,Dry,136,West Hill,136,West Hill (136),Non-Fatal Injury,0,0,1,0,0,0,0,0,0,0,0,0,0,SMV Unattended Vehicle,"['Driver', 'Vehicle Owner']",East,"['Automobile, Station Wagon', 'Other']",['Going Ahead'],['Lost control'],['Unknown'],[],[],[],[],[],[],D43,False,"['80 to 84', 'unknown']",3.0
1158263.0,2010-02-11 10:00:00,1305,2010,BLOOR Stre W,GRACE Stre,Major Arterial,Toronto and East York,43.663445,-79.41889,627479.5099,4835707.137,At Intersection,Traffic Signal,Clear,Daylight,Dry,80,Palmerston-Little Italy,80,Palmerston-Little Italy (80),Non-Fatal Injury,1,0,1,0,0,0,0,0,0,1,0,0,0,Pedestrian Collisions,"['Vehicle Owner', 'Driver', 'Pedestrian']",South,"['Other', 'Automobile, Station Wagon']",['Turning Left'],['Failed to Yield Right of Way'],['Normal'],['Vehicle turns left while ped crosses with ROW at inter.'],['Crossing with right of way'],['Normal'],[],[],[],D14,False,"['unknown', '40 to 44', '65 to 69']",3.0