accident_number,date,time,year,street1,street2,road_class,district,latitude,longitude,x,y,accident_location,traffctl,visibility,light,road_surface_condition,hood_158,neighbourhood_new,hood_140,neighbourhood_old,accident_class,pedestrian,cyclist,automobile,motorcycle,truck,trsn_city_veh,emerg_veh,passenger,speeding,aggressive_driving,redlight,alcohol,disability,impact_type,involvement_type,initial_direction,vehicle_type,manoeuver,driver_action,driver_condition,pedestrian_type,pedestrian_action,pedestrian_condition,cyclist_type,cyclist_action,cyclist_condition,division,injury,involvement_age,injury_severity_score
1158315.0,2010-03-19 08:00:00,400,2010,DON VALLEY PARKWAY  N,LEASIDE BDGE,Major Arterial,Toronto and East York,43.697845,-79.34939,633007.0812,4839636.8683,Unknown,No Control,Clear,Dark,Dry,58,Old East York,58,Old East York (58),Non-Fatal Injury,1,0,1,0,0,0,0,1,0,0,0,0,0,Pedestrian Collisions,"['Passenger', 'Driver', 'Pedestrian']",North,"['Other', 'Automobile, Station Wagon']",['Going Ahead'],['Driving Properly'],['Normal'],['Other / Undefined'],['Other'],['Other'],[],[],[],D55,False,"['10 to 14', '25 to 29', '30 to 34']",3.0
1158316.0,2010-03-19 08:00:00,402,2010,DON VALLEY PARKWAY  N,LEASIDE BDGE,Major Arterial,Toronto and East York,43.698045,-79.34969,632982.4647,4839658.5999,Unknown,No Control,Clear,Dark,Dry,58,Old East York,58,Old East York (58),Non-Fatal Injury,1,0,1,0,0,0,0,1,0,0,0,0,0,Pedestrian Collisions,"['Passenger', 'Vehicle Owner', 'Driver', 'Pedestrian']",North,"['Other', 'Automobile, Station Wagon']",['Going Ahead'],['Driving Properly'],['Normal'],['Pedestrian hit at mid-block'],['Other'],['Other'],[],[],[],D55,False,"['40 to 44', 'unknown', '25 to 29', '30 to 34']",3.0
1158873.0,2010-03-24 08:00:00,0,2010,SHEPPARD Aven E,TWYN RIVERS Driv,Minor Arterial,Scarborough,43.809045,-79.16769,647375.524,4852294.896,Unknown,No Control,Clear,Dark,Wet,143,West Rouge,131,Rouge (131),Non-Fatal Injury,0,0,0,1,0,0,0,0,0,0,0,0,0,SMV Other,"['Vehicle Owner', 'Motorcycle Driver', 'Other Property Owner']",West,"['Other', 'Motorcycle']",['Going Ahead'],['Lost control'],['Had Been Drinking'],[],[],[],[],[],[],D42,False,"['unknown', '55 to 59']",3.0
1158874.0,2010-03-24 08:00:00,42,2010,GERRARD ST E,DON VALLEY PARKWAY Stre S,Minor Arterial,Toronto and East York,43.664645,-79.35589,632556.3979,4835939.1453,Unknown,No Control,Clear,Dark,Dry,68,North Riverdale,68,North Riverdale (68),Non-Fatal Injury,1,0,1,0,0,1,0,0,0,1,0,0,0,Pedestrian Collisions,"['Vehicle Owner', 'Pedestrian', 'Driver']",West,"['Other', 'Automobile, Station Wagon', 'Municipal Transit Bus (TTC)']","['Stopped', 'Going Ahead']","['Driving Properly', 'Following too Close']",['Normal'],['Pedestrian involved in a collision with transit vehicle anywhere along roadway'],['Playing or Working on Highway'],['Normal'],[],[],[],D55,False,"['unknown', '40 to 44', '55 to 59', '60 to 64']",3.0
1159036.0,2010-03-24 08:00:00,1720,2010,DON VALLEY PARKWAY  N,EGLINTON Aven E,Expressway,North York,43.723645,-79.33019,634496.5217,4842533.3084,Unknown,No Control,Clear,Daylight,Dry,42,Banbury-Don Mills,42,Banbury-Don Mills (42),Non-Fatal Injury,0,0,1,0,0,0,0,1,0,1,0,0,0,Rear End,"['Vehicle Owner', 'Driver', 'Passenger']",North,"['Other', 'Automobile, Station Wagon']","['Going Ahead', 'Stopped']","['Following too Close', 'Driving Properly']",['Normal'],[],[],[],[],[],[],D33,False,"['unknown', '40 to 44', '25 to 29', '20 to 24']",3.0
1159418.0,2010-02-20 10:00:00,1625,2010,STEELES Aven E,BIRCHMOUNT Road,Major Arterial,Scarborough,43.821345,-79.31689,635347.2148,4853406.076,At Intersection,Traffic Signal,Clear,Daylight,Dry,116,Steeles,116,Steeles (116),Non-Fatal Injury,0,0,1,0,0,0,0,1,0,0,0,0,0,Turning Movement,"['Driver', 'Passenger', 'Vehicle Owner']",East,"['Automobile, Station Wagon', 'Other']","['Turning Left', 'Going Ahead']","['Improper Turn', 'Driving Properly']","['Inattentive', 'Normal']",[],[],[],[],[],[],D42,False,"['15 to 19', 'unknown', '55 to 59']",3.0
1160348.0,2010-02-24 10:00:00,1605,2010,LAKE SHORE Boul W,JAMESON Aven,Major Arterial,Toronto and East York,43.632045,-79.43439,626295.5752,4832196.0613,Unknown,No Control,Clear,Daylight,Dry,85,South Parkdale,85,South Parkdale (85),Non-Fatal Injury,0,0,1,0,0,0,0,1,0,0,0,0,0,Turning Movement,"['Driver', 'Passenger']",East,"['Automobile, Station Wagon', 'Other']","['Going Ahead', 'Making U Turn']","['Driving Properly', 'Improper Lane Change']","['Normal', 'Inattentive']",[],[],[],[],[],[],D14,False,"['50 to 54', '35 to 39', '30 to 34']",3.0
1160642.0,2010-04-04 08:00:00,1620,2010,LAWRENCE AVE E,CROCKFORD BLVD,Major Arterial,Scarborough,43.746045,-79.29129,637578.4891,4845085.0303,At Intersection,Traffic Signal,Clear,Daylight,Dry,119,Wexford/Maryvale,119,Wexford/Maryvale (119),Non-Fatal Injury,0,0,1,0,0,0,0,0,0,0,0,0,0,Approaching,"['Driver', 'Vehicle Owner']",East,"['Automobile, Station Wagon', 'Other']",['Going Ahead'],"['Driving Properly', 'Lost control']","['Normal', 'Other']",[],[],[],[],[],[],D41,False,"['35 to 39', 'unknown', '50 to 54']",3.0
1160766.0,2010-04-03 08:00:00,159,2010,ALBION Rd,HIGHWAY 27  N,Major Arterial,Etobicoke York,43.744245,-79.60749,612122.4939,4844408.5699,At Intersection,Traffic Signal,Clear,Dark,Dry,1,West Humber-Clairville,1,West Humber-Clairville (1),Non-Fatal Injury,0,0,1,0,0,0,0,1,1,1,0,1,0,Rear End,"['Passenger', 'Driver', 'Vehicle Owner']",West,"['Other', 'Automobile, Station Wagon']","['Stopped', 'Going Ahead']","['Driving Properly', 'Exceeding Speed Limit']","['Normal', 'Ability Impaired, Alcohol Over .08']",[],[],[],[],[],[],D23,False,"['5 to 9', '45 to 49', '20 to 24', 'unknown', '25 to 29']",3.0
1160789.0,2010-02-27 10:00:00,515,2010,FINCH Aven W,EDITHVALE Driv,Major Arterial,North York,43.777245,-79.42709,626578.4974,4848333.6826,At Intersection,Traffic Signal,Snow,Dark,Slush,36,Newtonbrook West,36,Newtonbrook West (36),Non-Fatal Injury,0,0,1,0,0,0,0,0,1,1,0,1,0,SMV Other,"['Driver', 'Other Property Owner']",East,"['Automobile, Station Wagon', 'Other']",['Going Ahead'],['Speed too Fast For Condition'],"['Ability Impaired, Alcohol Over .08']",[],[],[],[],[],[],D32,False,"['30 to 34', 'unknown']",3.0
1161050.0,2010-03-01 10:00:00,2004,2010,QUEEN Stre E,LOCKWOOD Road,Minor Arterial,Toronto and East York,43.668045,-79.30869,636354.244,4836393.2615,Unknown,No Control,Clear,Dark,Dry,63,The Beaches,63,The Beaches (63),Non-Fatal Injury,0,0,1,0,0,0,0,0,0,1,0,1,0,Rear End,['Driver'],West,"['Automobile, Station Wagon']","['Going Ahead', 'Stopped']","['Following too Close', 'Driving Properly']","['Ability Impaired, Alcohol Over .08', 'Unknown', 'Normal']",[],[],[],[],[],[],D55,False,"['50 to 54', '25 to 29', '55 to 59']",3.0
1161062.0,2010-03-01 10:00:00,746,2010,WOODBINE Aven,KINGSTON Road,Major Arterial,Toronto and East York,43.673945,-79.30789,636405.3742,4837049.8525,At Intersection,Traffic Signal,Clear,Daylight,Dry,63,The Beaches,63,The Beaches (63),Non-Fatal Injury,0,0,1,0,1,0,0,1,0,1,1,0,0,Angle,"['Passenger', 'Vehicle Owner', 'Truck Driver', 'Driver']",East,"['Other', 'Truck - Open', 'Automobile, Station Wagon']",['Going Ahead'],"['Driving Properly', 'Disobeyed Traffic Control']","['Normal', 'Inattentive']",[],[],[],[],[],[],D55,False,"['40 to 44', 'unknown', '35 to 39', '55 to 59']",3.0
1161157.0,2010-04-07 08:00:00,1545,2010,DUNDAS St W,BLOOR St W,Minor Arterial,Toronto and East York,43.655145,-79.45209,624819.8789,4834734.8358,At Intersection,No Control,Rain,Daylight,Wet,86,Roncesvalles,86,Roncesvalles (86),Non-Fatal Injury,1,0,1,0,0,0,0,0,0,0,0,0,0,Pedestrian Collisions,"['Driver', 'Pedestrian']",East,"['Automobile, Station Wagon', 'Other']",['Going Ahead'],['Driving Properly'],['Normal'],['Pedestrian hit at mid-block'],"['Crossing, no Traffic Control']",['Inattentive'],[],[],[],D11,False,"['40 to 44', '70 to 74']",3.0
1161266.0,2010-03-01 10:00:00,1700,2010,KINGSTON RD,SHEPPARD AVE E,Major Arterial,Scarborough,43.798911,-79.14622,649127.6277,4851207.8159,At Intersection,Traffic Signal,Clear,Daylight,Dry,133,Centennial Scarborough,133,Centennial Scarborough (133),Non-Fatal Injury,0,0,1,0,0,0,0,1,0,1,0,0,0,Turning Movement,"['Vehicle Owner', 'Passenger', 'Driver', 'Other Property Owner']",East,"['Other', 'Automobile, Station Wagon']","['Turning Left', 'Going Ahead']","['Failed to Yield Right of Way', 'Driving Properly']","['Inattentive', 'Normal']",[],[],[],[],[],[],D42,False,"['unknown', '70 to 74', '20 to 24', '55 to 59']",3.0
1161474.0,2010-03-05 10:00:00,2210,2010,DUFFERIN Stre,EGLINTON Aven W,Major Arterial,North York,43.695645,-79.45029,624880.9914,4839235.6123,Unknown,No Control,Clear,Dark,Dry,109,Caledonia-Fairbank,109,Caledonia-Fairbank (109),Non-Fatal Injury,1,0,1,0,0,0,0,0,0,0,0,0,0,Pedestrian Collisions,"['Driver', 'Pedestrian']",East,"['Automobile, Station Wagon', 'Other']",['Going Ahead'],['Driving Properly'],['Normal'],['Vehicle is going straight thru inter.while ped cross without ROW'],['Running onto Roadway'],"['Ability Impaired, Alcohol']",[],[],[],D13,False,"['20 to 24', '45 to 49']",3.0
1161585.0,2010-03-08 10:00:00,733,2010,MILNER Aven,MCCOWAN Road,Major Arterial,Scarborough,43.785345,-79.25649,640288.5749,4849508.2911,At Intersection,Traffic Signal,Clear,Daylight,Dry,128,Agincourt South-Malvern West,128,Agincourt South-Malvern West (128),Non-Fatal Injury,1,0,1,0,0,0,0,0,0,1,0,0,0,Pedestrian Collisions,"['Driver', 'Pedestrian']",North,"['Automobile, Station Wagon', 'Other']",['Turning Left'],['Failed to Yield Right of Way'],['Normal'],['Vehicle turns left while ped crosses with ROW at inter.'],['Crossing with right of way'],['Normal'],[],[],[],D42,False,['55 to 59'],3.0
1161689.0,2020-06-24 08:00:00,1130,2020,ST CLAIR AVE W,OLD WESTON RD,Major Arterial,Etobicoke York,43.673464,-79.463008,623901.7768,4836753.0363,At Intersection,Traffic Signal,Clear,Daylight,Dry,91,Weston-Pelham Park,91,Weston-Pellam Park (91),Non-Fatal Injury,1,0,0,0,0,1,0,0,0,0,0,0,0,Pedestrian Collisions,"['Driver', 'Pedestrian']",Unknown,['Street Car'],['Going Ahead'],['Driving Properly'],['Normal'],['Vehicle is going straight thru inter.while ped cross without ROW'],['Crossing without right of way'],['Inattentive'],[],[],[],D11,False,"['45 to 49', '55 to 59']",3.0
1161998.0,2010-03-12 10:00:00,1937,2010,MARKHAM Rd,BRIMORTON Dr,Major Arterial,Scarborough,43.773445,-79.23069,642392.7999,4848230.6576,At Intersection,Traffic Signal,Rain,Dark,Wet,142,Woburn North,137,Woburn (137),Non-Fatal Injury,1,0,1,0,0,0,0,0,0,1,0,0,0,Pedestrian Collisions,"['Driver', 'Pedestrian']",South,"['Automobile, Station Wagon', 'Other']",['Turning Left'],['Failed to Yield Right of Way'],['Normal'],['Vehicle turns left while ped crosses with ROW at inter.'],['Crossing with right of way'],['Normal'],[],[],[],D43,False,"['50 to 54', '25 to 29']",3.0
1162012.0,2010-04-13 08:00:00,559,2010,STEELES AVE E,BIRCHMOUNT RD,Major Arterial,Scarborough,43.821345,-79.31689,635347.2148,4853406.076,At Intersection,Traffic Signal,Clear,Dawn,Dry,116,Steeles,116,Steeles (116),Fatal,0,0,1,0,0,0,0,1,0,1,1,0,1,Angle,"['Passenger', 'Driver']",South,"['Other', 'Automobile, Station Wagon']",['Going Ahead'],"['Driving Properly', 'Disobeyed Traffic Control']","['Normal', 'Medical or Physical Disability']",[],[],[],[],[],[],D42,True,"['40 to 44', '70 to 74', '35 to 39']",4.0
1162426.0,2010-04-09 08:00:00,1500,2010,MARTIN GROVE RD,BETHRIDGE RD,Major Arterial,Etobicoke York,43.707545,-79.57819,614551.6235,4840372.5916,At Intersection,Traffic Signal,Clear,Daylight,Dry,1,West Humber-Clairville,1,West Humber-Clairville (1),Non-Fatal Injury,0,0,1,0,0,0,0,0,0,0,0,0,1,Angle,"['Vehicle Owner', 'Driver']",East,"['Other', 'Automobile, Station Wagon']","['Stopped', 'Going Ahead']","['Driving Properly', 'Lost control']","['Normal', 'Medical or Physical Disability']",[],[],[],[],[],[],D23,False,"['unknown', '55 to 59']",3.0
1162482.0,2010-04-14 08:00:00,2358,2010,DON VALLEY PARKWAY  N,LAWRENCE AVE E,Expressway,North York,43.740245,-79.33209,634306.3706,4844373.9006,Unknown,No Control,Clear,Dark,Dry,42,Banbury-Don Mills,42,Banbury-Don Mills (42),Non-Fatal Injury,0,0,1,0,0,0,0,1,0,1,0,0,0,Other,"['Passenger', 'Driver', 'Vehicle Owner']",North,"['Other', 'Automobile, Station Wagon']","['Other', 'Slowing or Stopping', 'Changing Lanes', 'Stopped']","['Driving Properly', 'Following too Close']",['Normal'],[],[],[],[],[],[],D33,False,"['15 to 19', '50 to 54', '40 to 44', 'unknown']",3.0
1162587.0,2010-03-16 08:00:00,838,2010,FINCH Aven E,BRIDLETOWNE Circ,Major Arterial,Scarborough,43.797445,-79.31229,635771.2714,4850759.1319,At Intersection,Traffic Signal,Clear,Daylight,Dry,148,East L'Amoreaux,117,L'Amoreaux (117),Non-Fatal Injury,1,0,1,0,0,0,0,0,0,1,0,0,0,Pedestrian Collisions,"['Driver', 'Pedestrian']",North,"['Automobile, Station Wagon', 'Other']",['Turning Left'],['Failed to Yield Right of Way'],['Normal'],['Vehicle turns left while ped crosses with ROW at inter.'],['Crossing with right of way'],['Normal'],[],[],[],D42,False,['50 to 54'],3.0
1162641.0,2020-06-24 08:00:00,1357,2020,KEELE ST,WEST TORONTO ST,Major Arterial,Etobicoke York,43.669963,-79.466464,623630.3633,4836359.0474,At Intersection,Traffic Signal,Clear,Daylight,Dry,90,Junction Area,90,Junction Area (90),Non-Fatal Injury,1,0,1,0,0,0,0,0,0,1,0,0,0,Pedestrian Collisions,"['Driver', 'Pedestrian']",East,['Pick Up Truck'],['Turning Left'],['Failed to Yield Right of Way'],['Inattentive'],['Vehicle turns left while ped crosses with ROW at inter.'],['Crossing with right of way'],['Normal'],[],[],[],D11,False,"['40 to 44', '65 to 69']",3.0
1162673.0,2010-03-15 08:00:00,2030,2010,BURNHAMTHORPE RD,MARTIN GROVE RD,Major Arterial,Etobicoke York,43.648845,-79.54899,617018.2564,4833893.9438,At Intersection,Traffic Signal,Clear,Dark,Dry,158,Islington,14,Islington-City Centre West (14),Non-Fatal Injury,0,0,1,0,0,0,0,0,0,0,0,0,0,Turning Movement,"['Driver', 'Other Property Owner']",East,"['Automobile, Station Wagon', 'Other']","['Turning Left', 'Going Ahead']","['Improper Turn', 'Driving Properly']",['Normal'],[],[],[],[],[],[],D22,False,"['55 to 59', '25 to 29', 'unknown']",3.0
1163084.0,2010-04-16 08:00:00,1643,2010,LAKE SHORE BLVD W,BUDAPEST LANE,Major Arterial,Toronto and East York,43.637045,-79.44769,625212.2878,4832731.226,Unknown,Traffic Signal,Clear,Daylight,Dry,85,South Parkdale,85,South Parkdale (85),Non-Fatal Injury,1,0,0,0,0,1,0,0,0,0,0,0,0,Pedestrian Collisions,"['Vehicle Owner', 'Driver', 'Pedestrian']",East,"['Other', 'Municipal Transit Bus (TTC)']",['Going Ahead'],['Driving Properly'],['Normal'],['Pedestrian involved in a collision with transit vehicle anywhere along roadway'],['Running onto Roadway'],['Unknown'],[],[],[],D11,False,"['unknown', '35 to 39', '55 to 59']",3.0
1163175.0,2010-04-18 08:00:00,1059,2010,BATHURST ST,DANBY AVE,Major Arterial,North York,43.749145,-79.43689,625848.751,4845197.8198,At Intersection,No Control,Clear,Daylight,Dry,38,Lansing-Westgate,38,Lansing-Westgate (38),Non-Fatal Injury,1,0,0,0,0,1,0,0,0,0,0,0,0,Pedestrian Collisions,"['Vehicle Owner', 'Driver', 'Pedestrian']",East,"['Other', 'Municipal Transit Bus (TTC)']",['Overtaking'],['Driving Properly'],['Normal'],['Pedestrian involved in a collision with transit vehicle anywhere along roadway'],['Coming From Behind Parked Vehicle'],['Unknown'],[],[],[],D32,False,"['unknown', '35 to 39', '10 to 14']",3.0
1163368.0,2010-04-15 08:00:00,805,2010,CARLINGVIEW Driv,INTERNATIONAL Boul,Minor Arterial,Etobicoke York,43.675845,-79.59059,613612.4172,4836834.8242,Unknown,No Control,Clear,Daylight,Dry,1,West Humber-Clairville,1,West Humber-Clairville (1),Non-Fatal Injury,0,0,1,0,0,0,0,0,0,1,0,0,0,Rear End,"['Driver', 'Vehicle Owner']",South,"['Automobile, Station Wagon', 'Other']","['Going Ahead', 'Unknown', 'Stopped']","['Following too Close', 'Other', 'Driving Properly']","['Normal', 'Unknown']",[],[],[],[],[],[],D23,False,"['20 to 24', 'unknown', '45 to 49']",3.0
1163442.0,2010-03-21 08:00:00,845,2010,ROYAL YORK Road,NEWCASTLE Stre,Minor Arterial,Etobicoke York,43.617445,-79.49889,621121.7193,4830478.4433,At Intersection,Traffic Signal,Clear,Daylight,Dry,160,Mimico-Queensway,17,Mimico (includes Humber Bay Shores) (17),Non-Fatal Injury,1,0,1,0,0,0,0,0,0,1,0,0,0,Pedestrian Collisions,"['Driver', 'Pedestrian']",East,"['Automobile, Station Wagon', 'Other']",['Going Ahead'],['Failed to Yield Right of Way'],['Normal'],['Vehicle is going straight thru inter.while ped cross with ROW'],['Crossing with right of way'],['Normal'],[],[],[],D22,False,"['75 to 79', '85 to 89']",3.0
1163512.0,2010-03-22 08:00:00,2000,2010,CARLINGVIEW Driv,DIXON Road,Major Arterial,Etobicoke York,43.686745,-79.59559,613188.8669,4838038.5765,At Intersection,Traffic Signal,Rain,Dark,Wet,1,West Humber-Clairville,1,West Humber-Clairville (1),Non-Fatal Injury,1,0,1,0,0,0,0,0,0,0,0,0,0,Pedestrian Collisions,"['Driver', 'Pedestrian']",West,"['Automobile, Station Wagon', 'Other']",['Going Ahead'],['Driving Properly'],['Normal'],['Vehicle is going straight thru inter.while ped cross without ROW'],['Crossing without right of way'],['Unknown'],[],[],[],D23,False,"['45 to 49', '35 to 39']",3.0
1163538.0,2010-03-23 08:00:00,2000,2010,RICHVIEW Road,SCARLETT Road,Major Arterial,Etobicoke York,43.685545,-79.51249,619888.7796,4838022.0724,At Intersection,Stop Sign,Rain,Dark,Wet,8,Humber Heights-Westmount,8,Humber Heights-Westmount (8),Non-Fatal Injury,1,0,1,0,0,0,0,0,0,0,0,0,0,Pedestrian Collisions,"['Driver', 'Pedestrian']",North,"['Automobile, Station Wagon', 'Other']",['Turning Left'],['Improper Turn'],['Unknown'],['Vehicle turns left while ped crosses with ROW at inter.'],['Crossing with right of way'],['Normal'],[],[],[],D23,False,"['unknown', '45 to 49']",3.0
1163874.0,2010-03-27 08:00:00,2039,2010,QUEEN Stre E,SACKVILLE Stre,Major Arterial,Toronto and East York,43.656245,-79.36149,632123.317,4834997.2807,At Intersection,No Control,Clear,Dark,Dry,73,Moss Park,73,Moss Park (73),Non-Fatal Injury,1,0,1,0,0,0,0,0,0,0,0,0,0,Pedestrian Collisions,"['Driver', 'Pedestrian']",South,"['Automobile, Station Wagon', 'Other']",['Going Ahead'],['Driving Properly'],['Normal'],['Vehicle is going straight thru inter.while ped cross without ROW'],['Running onto Roadway'],['Inattentive'],[],[],[],D51,False,"['25 to 29', '5 to 9']",3.0
1163934.0,2010-04-22 08:00:00,21,2010,1181 FINCH AVE W,Not Applicable,Major Arterial,North York,43.765245,-79.48289,622112.4254,4846917.106,At Intersection,Traffic Signal,Clear,Dark,Dry,27,York University Heights,27,York University Heights (27),Non-Fatal Injury,0,0,1,0,0,0,0,1,1,1,0,1,0,SMV Other,"['Passenger', 'Driver']",East,"['Other', 'Automobile, Station Wagon']",['Going Ahead'],['Exceeding Speed Limit'],"['Ability Impaired, Alcohol']",[],[],[],[],[],[],D31,False,['25 to 29'],3.0
1164773.0,2010-04-07 08:00:00,1455,2010,2559 BLOOR St W,Not Applicable,Major Arterial,Toronto and East York,43.648045,-79.49079,621713.5134,4833888.8032,Unknown,No Control,Rain,Daylight,Wet,114,Lambton Baby Point,114,Lambton Baby Point (114),Non-Fatal Injury,0,0,1,0,0,0,0,1,0,1,0,0,0,Rear End,"['Driver', 'Vehicle Owner', 'Passenger']",East,"['Automobile, Station Wagon', 'Other']","['Stopped', 'Going Ahead']","['Driving Properly', 'Following too Close']",['Normal'],[],[],[],[],[],[],D11,False,"['35 to 39', 'unknown', '45 to 49', '50 to 54', '15 to 19']",3.0
1164945.0,2010-04-27 08:00:00,52,2010,SPADINA Aven,BALDWIN Stre,Major Arterial,Toronto and East York,43.654845,-79.39879,629118.5534,4834783.0743,Unknown,No Control,Clear,Dark,Dry,78,Kensington-Chinatown,78,Kensington-Chinatown (78),Non-Fatal Injury,1,0,0,0,0,1,0,1,0,0,0,0,0,Pedestrian Collisions,"['Passenger', 'Pedestrian', 'Driver']",North,"['Other', 'Municipal Transit Bus (TTC)']",['Going Ahead'],['Driving Properly'],['Normal'],['Pedestrian involved in a collision with transit vehicle anywhere along roadway'],['Running onto Roadway'],['Unknown'],[],[],[],D52,False,"['25 to 29', '15 to 19', '40 to 44']",3.0
1165188.0,2010-04-10 08:00:00,1635,2010,DUNDAS St W,YONGE St,Major Arterial,Toronto and East York,43.656345,-79.38089,630558.7401,4834977.6785,Unknown,Streetcar (Stop for),Clear,Daylight,Dry,168,Downtown Yonge East,75,Church-Yonge Corridor (75),Non-Fatal Injury,1,0,1,0,0,0,0,0,0,1,0,0,0,Pedestrian Collisions,"['Vehicle Owner', 'Driver', 'Pedestrian']",East,"['Other', 'Automobile, Station Wagon']",['Going Ahead'],['Disobeyed Traffic Control'],['Unknown'],['Vehicle is going straight thru inter.while ped cross with ROW'],['Person Getting on/off Vehicle'],['Inattentive'],[],[],[],D51,False,"['unknown', '15 to 19', '20 to 24']",3.0
1165190.0,2010-04-10 08:00:00,929,2010,QUEEN Stre E,BEECH Aven,Minor Arterial,Toronto and East York,43.672545,-79.28799,638012.7932,4836927.2816,At Intersection,No Control,Clear,Daylight,Dry,63,The Beaches,63,The Beaches (63),Non-Fatal Injury,1,0,1,0,0,0,0,0,0,0,0,0,0,Pedestrian Collisions,"['Driver', 'Pedestrian']",East,"['Automobile, Station Wagon', 'Other']",['Reversing'],['Driving Properly'],['Normal'],['Vehicle is reversing and hits pedestrian'],"['Crossing, no Traffic Control']",['Inattentive'],[],[],[],D55,False,"['60 to 64', '30 to 34']",3.0
1165384.0,2010-04-12 08:00:00,1455,2010,UNIVERSITY Aven,PEARL Stre,Major Arterial,Toronto and East York,43.648545,-79.38539,630212.7296,4834104.3152,Unknown,No Control,Clear,Daylight,Dry,170,Yonge-Bay Corridor,76,Bay Street Corridor (76),Non-Fatal Injury,1,0,1,0,0,0,0,0,0,0,0,0,0,Pedestrian Collisions,"['Vehicle Owner', 'Driver', 'Pedestrian']",South,"['Other', 'Automobile, Station Wagon']",['Changing Lanes'],['Improper Lane Change'],['Unknown'],['Pedestrian hit at mid-block'],['Playing or Working on Highway'],['Normal'],[],[],[],D52,False,"['unknown', '50 to 54', '25 to 29']",3.0
1165411.0,2010-04-28 08:00:00,630,2010,F G GARDINER XY Expr E,DOWLING AVE,Major Arterial,Toronto and East York,43.634145,-79.43759,626033.0434,4832424.4294,Unknown,No Control,Clear,Daylight,Spilled liquid,85,South Parkdale,85,South Parkdale (85),Non-Fatal Injury,0,0,0,1,0,0,0,0,0,0,0,0,0,Other,['Motorcycle Driver'],East,['Motorcycle'],['Going Ahead'],['Driving Properly'],['Normal'],[],[],[],[],[],[],D14,False,['50 to 54'],3.0
1165628.0,2010-04-15 08:00:00,1619,2010,RUNNYMEDE Rd,ST JOHNS Rd,Minor Arterial,Toronto and East York,43.663845,-79.48139,622439.4886,4835657.427,At Intersection,Traffic Signal,Clear,Daylight,Dry,90,Junction Area,90,Junction Area (90),Non-Fatal Injury,0,0,1,0,0,0,0,0,0,1,1,0,0,Angle,['Driver'],East,"['Automobile, Station Wagon']",['Going Ahead'],"['Driving Properly', 'Disobeyed Traffic Control']",['Normal'],[],[],[],[],[],[],D11,False,"['55 to 59', '30 to 34']",3.0
1165679.0,2010-04-29 08:00:00,916,2010,SANDHURST CRCL,MCCOWAN RD,Major Arterial,Scarborough,43.811645,-79.26919,639205.588,4852407.8828,At Intersection,Traffic Signal,Clear,Daylight,Dry,129,Agincourt North,129,Agincourt North (129),Non-Fatal Injury,0,1,1,0,0,0,0,0,0,1,0,0,0,Cyclist Collisions,"['Driver', 'Cyclist']",South,"['Automobile, Station Wagon', 'Bicycle']","['Turning Right', 'Going Ahead']",['Failed to Yield Right of Way'],['Normal'],[],[],[],['Motorist turning right on red at signalized intersection strikes cyclist.'],['Other'],['Normal'],D42,False,"['60 to 64', '50 to 54']",3.0
1165924.0,2010-05-01 08:00:00,752,2010,MAPLE LEAF DR,CIRILLO CRT,Collector,Etobicoke York,43.713545,-79.48479,622064.5036,4841172.2732,Unknown,No Control,Clear,Daylight,Dry,29,Maple Leaf,29,Maple Leaf (29),Non-Fatal Injury,0,0,1,0,0,0,0,0,0,0,0,0,1,SMV Other,['Driver'],West,"['Automobile, Station Wagon']",['Going Ahead'],['Lost control'],['Medical or Physical Disability'],[],[],[],[],[],[],D12,False,['75 to 79'],3.0
1166313.0,2010-04-20 08:00:00,2030,2010,EGLINTON Ave W,BLACKTHORN Ave,Major Arterial,Etobicoke York,43.691745,-79.46659,623575.4793,4838778.0437,At Intersection,No Control,Clear,Dark,Dry,110,Keelesdale-Eglinton West,110,Keelesdale-Eglinton West (110),Non-Fatal Injury,0,0,1,0,0,0,0,0,0,0,0,0,0,Rear End,"['Vehicle Owner', 'Driver']",East,"['Other', 'Automobile, Station Wagon']","['Going Ahead', 'Stopped']","['Lost control', 'Driving Properly']","['Inattentive', 'Normal']",[],[],[],[],[],[],D12,False,"['unknown', '55 to 59', '25 to 29']",3.0
1167046.0,2010-04-25 08:00:00,2103,2010,WILLOWDALE AVE,ELMWOOD AVE,Minor Arterial,North York,43.768845,-79.40169,628640.5667,4847439.881,At Intersection,No Control,Clear,Dark,Dry,152,East Willowdale,51,Willowdale East (51),Non-Fatal Injury,0,0,1,0,0,0,0,1,0,0,0,0,0,Turning Movement,"['Passenger', 'Driver']",North,"['Other', 'Automobile, Station Wagon']","['Going Ahead', 'Turning Left']",['Driving Properly'],"['Inattentive', 'Normal']",[],[],[],[],[],[],D32,False,"['30 to 34', '40 to 44', '50 to 54', '20 to 24', '35 to 39']",3.0