accident_number,date,time,year,street1,street2,road_class,district,latitude,longitude,x,y,accident_location,traffctl,visibility,light,road_surface_condition,hood_158,neighbourhood_new,hood_140,neighbourhood_old,accident_class,pedestrian,cyclist,automobile,motorcycle,truck,trsn_city_veh,emerg_veh,passenger,speeding,aggressive_driving,redlight,alcohol,disability,impact_type,involvement_type,initial_direction,vehicle_type,manoeuver,driver_action,driver_condition,pedestrian_type,pedestrian_action,pedestrian_condition,cyclist_type,cyclist_action,cyclist_condition,division,injury,involvement_age,injury_severity_score
1167187.0,2010-05-06 08:00:00,1630,2010,WELLINGTON ST W,SIMCOE ST,Minor Arterial,Toronto and East York,43.645845,-79.38629,630145.9779,4833803.0332,Unknown,No Control,Clear,Daylight,Dry,164,Wellington Place,77,Waterfront Communities-The Island (77),Fatal,0,0,1,0,0,0,0,1,0,1,0,0,0,Angle,"['Driver', 'Passenger', 'Other Property Owner']",East,"['Automobile, Station Wagon', 'Other']",['Going Ahead'],"['Driving Properly', 'Failed to Yield Right of Way']","['Normal', 'Inattentive']",[],[],[],[],[],[],D52,True,"['40 to 44', '80 to 84', '75 to 79', 'unknown']",4.0
1167297.0,2010-04-24 08:00:00,2302,2010,DUNDAS Stre W,COLLEGE Stre,Minor Arterial,Toronto and East York,43.650345,-79.44159,625676.5943,4834217.5815,Unknown,No Control,Clear,Dark,Dry,84,Little Portugal,84,Little Portugal (84),Non-Fatal Injury,0,1,1,0,0,0,0,0,1,1,0,0,0,Cyclist Collisions,"['Driver', 'Cyclist']",East,"['Automobile, Station Wagon', 'Bicycle']","['Going Ahead', 'Stopped']",['Exceeding Speed Limit'],['Inattentive'],[],[],[],['Cyclist and Driver travelling in same direction. One vehicle rear-ended the other.'],['Driving Properly'],['Normal'],D11,False,"['80 to 84', '25 to 29']",3.0
1167934.0,2010-04-21 08:00:00,705,2010,STEELES AVE E,NINTH LINE,Minor Arterial,Scarborough,43.842545,-79.22589,642614.5481,4855913.6076,Unknown,No Control,Clear,Daylight,Dry,NSA,NSA,NSA,NSA,Non-Fatal Injury,0,0,1,0,0,0,0,0,0,1,0,0,0,Rear End,['Driver'],West,"['Automobile, Station Wagon']","['Going Ahead', 'Stopped']","['Following too Close', 'Driving Properly']",['Normal'],[],[],[],[],[],[],NSA,False,"['55 to 59', '25 to 29']",3.0
1168069.0,2010-04-29 08:00:00,1720,2010,ROGERS RD,KANE AVE,Minor Arterial,Etobicoke York,43.682045,-79.46649,623603.4593,4837700.8762,Unknown,No Control,Clear,Daylight,Dry,110,Keelesdale-Eglinton West,110,Keelesdale-Eglinton West (110),Non-Fatal Injury,0,0,1,1,0,0,0,0,0,1,0,0,0,Sideswipe,"['Motorcycle Driver', 'Driver']",West,"['Motorcycle', 'Automobile, Station Wagon']","['Overtaking', 'Slowing or Stopping']","['Improper Passing', 'Driving Properly']","['Inattentive', 'Normal']",[],[],[],[],[],[],D12,False,"['30 to 34', '40 to 44']",3.0
1168213.0,2010-05-12 08:00:00,1415,2010,F G GARDINER XY Expr W,KIPLING AVE,Major Arterial,Etobicoke York,43.620345,-79.51379,619913.6913,4830778.8978,Unknown,No Control,Clear,Daylight,Dry,160,Mimico-Queensway,17,Mimico (includes Humber Bay Shores) (17),Non-Fatal Injury,0,0,1,0,0,0,0,0,0,1,0,0,0,Sideswipe,"['Vehicle Owner', 'Driver']",West,"['Other', 'Automobile, Station Wagon']","['Going Ahead', 'Changing Lanes']","['Driving Properly', 'Lost control']","['Normal', 'Had Been Drinking']",[],[],[],[],[],[],D22,False,"['unknown', '15 to 19', '35 to 39']",3.0
1168396.0,2010-05-13 08:00:00,1136,2010,DUNDAS ST W,COLLEGE ST,Minor Arterial,Toronto and East York,43.650445,-79.44189,625652.1923,4834228.2335,Unknown,No Control,Clear,Daylight,Dry,83,Dufferin Grove,83,Dufferin Grove (83),Fatal,1,0,1,0,0,0,0,0,0,0,0,0,0,Pedestrian Collisions,"['Vehicle Owner', 'Driver', 'Pedestrian']",North,"['Other', 'Automobile, Station Wagon']",['Going Ahead'],['Driving Properly'],['Normal'],['Pedestrian hit at mid-block'],"['Crossing, no Traffic Control']",['Normal'],[],[],[],D11,True,"['unknown', '25 to 29', '65 to 69']",4.0
1168399.0,2010-05-11 08:00:00,2240,2010,DUPONT ST,LANSDOWNE AVE,Major Arterial,Toronto and East York,43.666745,-79.44649,625247.3318,4836031.6072,At Intersection,Traffic Signal,Rain,Dark,Wet,171,Junction-Wallace Emerson,93,Dovercourt-Wallace Emerson-Junction (93),Non-Fatal Injury,1,0,1,0,0,0,0,0,0,1,0,0,0,Pedestrian Collisions,"['Driver', 'Pedestrian']",South,"['Automobile, Station Wagon', 'Other']",['Turning Left'],['Failed to Yield Right of Way'],['Normal'],['Vehicle turns left while ped crosses with ROW at inter.'],['Crossing with right of way'],['Normal'],[],[],[],D11,False,"['40 to 44', '55 to 59']",3.0
1168520.0,2010-05-14 08:00:00,1312,2010,EVANS AVE,CREMORNE AVE,Minor Arterial,Etobicoke York,43.620845,-79.50099,620945.4559,4830852.9939,Unknown,No Control,Clear,Daylight,Dry,160,Mimico-Queensway,17,Mimico (includes Humber Bay Shores) (17),Non-Fatal Injury,1,0,1,0,0,0,0,0,0,0,0,0,0,Pedestrian Collisions,"['Driver', 'Pedestrian']",North,"['Automobile, Station Wagon', 'Other']",['Going Ahead'],['Driving Properly'],['Normal'],['Pedestrian hit at mid-block'],['Running onto Roadway'],['Inattentive'],[],[],[],D22,False,"['75 to 79', '65 to 69']",3.0
1169356.0,2010-05-20 08:00:00,2105,2010,TWYN RIVERS DR,SHEPPARD AVE E,Collector,Scarborough,43.810045,-79.16279,647767.1773,4852414.7023,Unknown,No Control,Clear,Dark,Dry,144,Morningside Heights,131,Rouge (131),Non-Fatal Injury,0,0,0,1,0,0,0,0,0,0,0,0,0,SMV Other,"['Motorcycle Driver', 'Other Property Owner']",East,"['Motorcycle', 'Other']",['Going Ahead'],['Lost control'],['Inattentive'],[],[],[],[],[],[],D42,False,"['20 to 24', 'unknown']",3.0
1169755.0,2010-04-26 08:00:00,1008,2010,ELLESMERE Road,BRIMLEY Road,Major Arterial,Scarborough,43.770045,-79.26129,639938.0352,4847800.862,At Intersection,Traffic Controller,Clear,Daylight,Dry,156,Bendale-Glen Andrew,127,Bendale (127),Non-Fatal Injury,0,0,1,0,0,0,0,1,0,1,0,0,0,Turning Movement,"['Passenger', 'Driver']",South,"['Other', 'Automobile, Station Wagon', 'Pick Up Truck']","['Turning Left', 'Going Ahead']",['Failed to Yield Right of Way'],['Inattentive'],[],[],[],[],[],[],D43,False,"['80 to 84', '35 to 39']",3.0
1169790.0,2010-05-25 08:00:00,1028,2010,ORTON PARK RD,AMBOY RD,Minor Arterial,Scarborough,43.767545,-79.20709,644306.324,4847616.2296,Unknown,No Control,Clear,Daylight,Dry,135,Morningside,135,Morningside (135),Fatal,0,0,1,1,0,0,0,0,0,0,0,0,0,Approaching,"['Motorcycle Driver', 'Driver']",North,"['Motorcycle', 'Automobile, Station Wagon']",['Going Ahead'],"['Driving Properly', 'Lost control']","['Unknown', 'Inattentive']",[],[],[],[],[],[],D43,True,"['50 to 54', '40 to 44']",4.0
1169892.0,2010-04-21 08:00:00,1013,2010,MOUNT PLEASANT Road,ELM Aven,Major Arterial,Toronto and East York,43.674545,-79.38019,630575.7194,4837000.1339,At Intersection,Traffic Signal,Clear,Daylight,Dry,98,Rosedale-Moore Park,98,Rosedale-Moore Park (98),Non-Fatal Injury,0,0,1,1,0,0,0,0,0,0,0,0,0,Rear End,"['Motorcycle Driver', 'Driver']",South,"['Motorcycle', 'Automobile, Station Wagon']","['Changing Lanes', 'Stopped']","['Lost control', 'Driving Properly']","['Inattentive', 'Normal']",[],[],[],[],[],[],D53,False,"['20 to 24', '55 to 59']",3.0
1169909.0,2010-05-02 08:00:00,1704,2010,KENHATCH BLVD,MARRAKESH DR,Collector,Scarborough,43.802745,-79.26219,639789.3507,4851431.1948,Unknown,No Control,Clear,Daylight,Dry,129,Agincourt North,129,Agincourt North (129),Non-Fatal Injury,0,0,1,0,0,0,0,0,0,0,0,0,1,SMV Other,['Driver'],North,"['Automobile, Station Wagon']",['Going Ahead'],['Lost control'],['Medical or Physical Disability'],[],[],[],[],[],[],D42,False,['50 to 54'],3.0
1170095.0,2010-05-05 08:00:00,1700,2010,DANFORTH Ave,SIBLEY Ave,Major Arterial,Toronto and East York,43.690045,-79.29319,637553.5931,4838862.2611,Unknown,No Control,Rain,Daylight,Wet,61,Taylor-Massey,61,Taylor-Massey (61),Non-Fatal Injury,0,0,1,0,0,0,0,1,0,0,0,0,0,Sideswipe,"['Driver', 'Passenger']",West,"['Automobile, Station Wagon', 'Other']","['Going Ahead', 'Changing Lanes']","['Driving Properly', 'Improper Lane Change']",['Normal'],[],[],[],[],[],[],D55,False,"['45 to 49', '40 to 44']",3.0
1170181.0,2010-05-27 08:00:00,1538,2010,PORT UNION Rd,HIGHWAY 401 C  E,Minor Arterial,Scarborough,43.797045,-79.14409,649303.6261,4851004.4068,Unknown,No Control,Clear,Daylight,Dry,143,West Rouge,131,Rouge (131),Non-Fatal Injury,0,1,0,0,0,0,0,0,0,0,0,0,0,Cyclist Collisions,"['Other', 'Cyclist']",North,"['Other', 'Bicycle']","['Parked', 'Going Ahead']",[],[],[],[],[],['Cyclist and Driver travelling in same direction. One vehicle rear-ended the other.'],['Other'],"['Ability Impaired, Drugs']",D43,False,"['unknown', '35 to 39']",3.0
1171250.0,2010-06-03 08:00:00,120,2010,DUFFERIN ST,ST CLAIR AVE W,Major Arterial,Toronto and East York,43.677945,-79.44309,625498.1033,4837280.6554,At Intersection,Traffic Signal,Rain,Dark,Wet,92,Corso Italia-Davenport,92,Corso Italia-Davenport (92),Fatal,1,0,1,0,0,0,0,0,0,0,0,0,0,Pedestrian Collisions,"['Driver', 'Pedestrian']",North,"['Automobile, Station Wagon', 'Other']",['Going Ahead'],['Driving Properly'],['Normal'],['Vehicle is going straight thru inter.while ped cross without ROW'],['Crossing without right of way'],['Unknown'],[],[],[],D13,True,"['45 to 49', '50 to 54']",4.0
1171252.0,2010-06-02 08:00:00,2145,2010,UNIVERSITY AVE,GERRARD ST W,Major Arterial,Toronto and East York,43.657545,-79.38949,629862.6754,4835097.4584,At Intersection,Traffic Signal,Rain,Dark,Wet,170,Yonge-Bay Corridor,76,Bay Street Corridor (76),Non-Fatal Injury,1,0,1,0,0,0,0,0,0,0,0,0,0,Pedestrian Collisions,"['Driver', 'Pedestrian']",South,"['Automobile, Station Wagon', 'Other']",['Going Ahead'],['Driving Properly'],['Normal'],['Vehicle is going straight thru inter.while ped cross without ROW'],['Crossing without right of way'],['Had Been Drinking'],[],[],[],D52,False,['30 to 34'],3.0
1171570.0,2010-04-05 08:00:00,730,2010,BALDWIN ST,SPADINA AVE,Major Arterial,Toronto and East York,43.654945,-79.39879,629118.3391,4834794.1806,At Intersection,Stop Sign,Clear,Dawn,Dry,78,Kensington-Chinatown,78,Kensington-Chinatown (78),Non-Fatal Injury,0,1,1,0,0,0,0,0,0,0,0,0,0,Cyclist Collisions,"['Driver', 'Cyclist']",South,"['Automobile, Station Wagon', 'Bicycle']",['Going Ahead'],['Driving Properly'],['Normal'],[],[],[],"['Cyclist without ROW rides into path of motorist at inter, lnwy, dwy-Cyclist not turn.']",['Failed to Yield Right of Way'],['Normal'],D52,False,"['55 to 59', '65 to 69']",3.0
1171639.0,2010-06-04 08:00:00,310,2010,KING ST W,JOE SHUSTER WAY,Major Arterial,Toronto and East York,43.639745,-79.42359,627150.564,4833067.7322,At Intersection,Traffic Signal,Clear,Dark,Dry,85,South Parkdale,85,South Parkdale (85),Non-Fatal Injury,0,1,1,0,0,0,0,0,0,0,0,0,0,Rear End,"['Driver', 'Moped Driver']",West,"['Automobile, Station Wagon']",['Going Ahead'],['Other'],"['Normal', 'Had Been Drinking']",[],[],[],[],[],[],D14,False,"['30 to 34', '35 to 39']",3.0
1171688.0,2010-04-30 08:00:00,1705,2010,DAWES RD,DENTONIA PARK AVE,Minor Arterial,Toronto and East York,43.692145,-79.29709,637234.4945,4839089.0335,At Intersection,Pedestrian Crossover,Clear,Daylight,Dry,61,Taylor-Massey,61,Taylor-Massey (61),Non-Fatal Injury,0,0,1,0,0,0,0,1,0,1,0,0,0,Rear End,"['Driver', 'Passenger']",South,"['Automobile, Station Wagon', 'Other']","['Going Ahead', 'Slowing or Stopping']","['Following too Close', 'Driving Properly']","['Unknown', 'Normal']",[],[],[],[],[],[],D55,False,"['65 to 69', '80 to 84', '75 to 79']",3.0
1171795.0,2010-05-13 08:00:00,2100,2010,DONLANDS AVE,O CONNOR DR,Major Arterial,Toronto and East York,43.694745,-79.34309,633521.6246,4839302.6957,At Intersection,Traffic Signal,Rain,Dark,Wet,58,Old East York,58,Old East York (58),Non-Fatal Injury,1,0,1,0,0,0,0,0,0,1,0,0,0,Pedestrian Collisions,"['Driver', 'Pedestrian']",North,"['Automobile, Station Wagon', 'Other']",['Turning Right'],['Failed to Yield Right of Way'],['Unknown'],['Vehicle turns right while ped crosses with ROW at inter.'],['Crossing with right of way'],['Normal'],[],[],[],D55,False,"['75 to 79', '40 to 44']",3.0
1171865.0,2010-06-05 08:00:00,345,2010,EGLINTON AVE W,LOCKSLEY AVE,Major Arterial,North York,43.696345,-79.44729,625121.2882,4839317.8796,At Intersection,No Control,"Fog, Mist, Smoke, Dust",Dark,Dry,107,Oakwood Village,107,Oakwood Village (107),Non-Fatal Injury,1,0,1,0,0,0,0,0,0,1,0,0,0,Pedestrian Collisions,"['Vehicle Owner', 'Driver', 'Pedestrian']",East,"['Other', 'Automobile, Station Wagon']",['Going Ahead'],['Other'],['Had Been Drinking'],['Pedestrian hit at mid-block'],"['Crossing, no Traffic Control']",['Had Been Drinking'],[],[],[],D13,False,"['unknown', '20 to 24', '35 to 39']",3.0
1171946.0,2010-06-05 08:00:00,246,2010,BAYVIEW AVE,POTTERY RD,Major Arterial,North York,43.690745,-79.36219,631991.2149,4838827.8599,Unknown,No Control,Rain,Dark,Wet,56,Leaside-Bennington,56,Leaside-Bennington (56),Non-Fatal Injury,0,0,1,0,0,0,0,0,1,1,0,0,0,SMV Other,"['Driver', 'Other Property Owner']",South,"['Automobile, Station Wagon', 'Other']",['Going Ahead'],['Speed too Fast For Condition'],['Normal'],[],[],[],[],[],[],D53,False,"['30 to 34', 'unknown']",3.0
1171997.0,2010-06-06 08:00:00,822,2010,UNIVERSITY AVE,ORDE ST,Major Arterial,Toronto and East York,43.658744,-79.389987,629820.0157,4835229.8455,Unknown,No Control,Rain,Daylight,Wet,170,Yonge-Bay Corridor,76,Bay Street Corridor (76),Fatal,1,0,0,0,0,1,0,0,0,0,0,0,0,Pedestrian Collisions,"['Vehicle Owner', 'Driver', 'Pedestrian']",South,"['Other', 'Municipal Transit Bus (TTC)']",['Going Ahead'],['Driving Properly'],['Normal'],['Vehicle is going straight thru inter.while ped cross without ROW'],"['Crossing, no Traffic Control']",['Unknown'],[],[],[],D52,True,"['unknown', '30 to 34', '40 to 44']",4.0
1172452.0,2010-04-29 08:00:00,1333,2010,ELM ST,UNIVERSITY AVE,Collector,Toronto and East York,43.656545,-79.38799,629985.7861,4834988.744,At Intersection,No Control,Clear,Daylight,Dry,170,Yonge-Bay Corridor,76,Bay Street Corridor (76),Non-Fatal Injury,0,1,1,0,0,0,0,0,0,1,0,0,0,Cyclist Collisions,"['Driver', 'Cyclist']",West,"['Automobile, Station Wagon', 'Bicycle']","['Overtaking', 'Going Ahead']",['Improper Passing'],['Inattentive'],[],[],[],['Cyclist and Driver travelling in same direction. One vehicle rear-ended the other.'],['Driving Properly'],['Normal'],D52,False,"['30 to 34', '25 to 29']",3.0
1172619.0,2010-05-11 08:00:00,1521,2010,18 HURNDALE AVE,Not Applicable,Local,Toronto and East York,43.677845,-79.35459,632632.1317,4837407.2623,Unknown,No Control,Clear,Daylight,Dry,67,Playter Estates-Danforth,67,Playter Estates-Danforth (67),Non-Fatal Injury,0,1,1,0,0,0,0,0,0,0,0,0,0,Cyclist Collisions,"['Vehicle Owner', 'Driver', 'Cyclist']",East,"['Other', 'Automobile, Station Wagon', 'Bicycle']","['Parked', 'Going Ahead']",['Other'],['Inattentive'],[],[],[],['Cyclist struck opened vehicle door'],['Driving Properly'],['Unknown'],D55,False,"['unknown', '40 to 44', '35 to 39']",3.0
1172629.0,2010-05-13 08:00:00,812,2010,BLOOR ST W,SPADINA AVE,Major Arterial,Toronto and East York,43.666645,-79.40389,628682.0834,4836085.6972,At Intersection,Traffic Signal,Clear,Daylight,Dry,79,University,79,University (79),Non-Fatal Injury,0,1,1,0,0,0,0,0,0,1,0,0,0,Cyclist Collisions,"['Driver', 'Cyclist']",East,"['Automobile, Station Wagon', 'Bicycle']","['Turning Left', 'Going Ahead']",['Failed to Yield Right of Way'],['Inattentive'],[],[],[],['Motorist turned left across cyclists path.'],['Driving Properly'],['Normal'],D14,False,"['50 to 54', '25 to 29']",3.0
1172906.0,2010-06-11 08:00:00,155,2010,WESTON RD,PORTER AVE,Major Arterial,Etobicoke York,43.682845,-79.47869,622618.4806,4837771.6175,At Intersection,No Control,Clear,Dark,Dry,111,Rockcliffe-Smythe,111,Rockcliffe-Smythe (111),Non-Fatal Injury,1,0,1,0,0,0,0,0,0,1,0,0,0,Pedestrian Collisions,"['Driver', 'Pedestrian']",North,"['Automobile, Station Wagon', 'Other']",['Going Ahead'],['Disobeyed Traffic Control'],['Normal'],['Vehicle is going straight thru inter.while ped cross without ROW'],"['Crossing, no Traffic Control']",['Had Been Drinking'],[],[],[],D12,False,"['55 to 59', '20 to 24']",3.0
1172992.0,2010-06-12 08:00:00,916,2010,ISLINGTON AVE,THE WESTWAY,Major Arterial,Etobicoke York,43.688645,-79.54289,617432.5637,4838322.8721,At Intersection,Traffic Signal,Clear,Daylight,Dry,6,Kingsview Village-The Westway,6,Kingsview Village-The Westway (6),Fatal,0,0,1,0,0,0,0,0,0,1,1,0,0,Angle,"['Driver', 'Vehicle Owner']",East,"['Automobile, Station Wagon', 'Other']","['Going Ahead', 'Stopped']","['Driving Properly', 'Disobeyed Traffic Control']","['Unknown', 'Normal']",[],[],[],[],[],[],D23,True,"['25 to 29', '40 to 44', 'unknown', '20 to 24']",4.0
1173217.0,2010-05-13 08:00:00,1306,2010,ELLESMERE RD,HELICON GT,Major Arterial,Scarborough,43.778545,-79.22219,643064.7186,4848811.7471,At Intersection,Traffic Signal,Rain,Daylight,Wet,135,Morningside,135,Morningside (135),Non-Fatal Injury,0,0,1,0,0,0,0,0,1,1,0,0,0,Turning Movement,['Driver'],East,"['Automobile, Station Wagon']","['Turning Left', 'Going Ahead']","['Failed to Yield Right of Way', 'Driving Properly']",['Normal'],[],[],[],[],[],[],D43,False,"['55 to 59', '40 to 44']",3.0
1173424.0,2010-06-15 08:00:00,1846,2010,DOVERCOURT RD,DUPONT ST,Major Arterial,Toronto and East York,43.669645,-79.43279,626345.7813,4836374.4652,At Intersection,Traffic Signal,Clear,Daylight,Dry,172,Dovercourt Village,93,Dovercourt-Wallace Emerson-Junction (93),Non-Fatal Injury,0,1,1,0,0,0,0,0,0,1,1,1,0,Cyclist Collisions,"['Driver', 'Cyclist']",East,"['Automobile, Station Wagon', 'Bicycle']",['Going Ahead'],['Disobeyed Traffic Control'],"['Ability Impaired, Alcohol Over .08']",[],[],[],"['Cyclist without ROW rides into path of motorist at inter, lnwy, dwy-Cyclist not turn.']",['Disobeyed Traffic Control'],['Normal'],D14,False,"['45 to 49', '25 to 29']",3.0
1173447.0,2010-06-02 08:00:00,2039,2010,ALEXDON RD,FINCH AVE W,Major Arterial,North York,43.764645,-79.48549,621904.368,4846846.6364,At Intersection,Stop Sign,Rain,Dark,Wet,27,York University Heights,27,York University Heights (27),Non-Fatal Injury,1,0,1,0,0,0,0,0,0,1,0,0,0,Pedestrian Collisions,"['Driver', 'Pedestrian']",East,"['Automobile, Station Wagon', 'Other']",['Turning Right'],['Failed to Yield Right of Way'],['Normal'],['Vehicle turns right while ped crosses with ROW at inter.'],['Crossing with right of way'],['Normal'],[],[],[],D31,False,"['unknown', '15 to 19']",3.0
1173449.0,2010-06-06 08:00:00,325,2010,DUNDAS ST W,BLOOR ST W,Major Arterial,Toronto and East York,43.656345,-79.45249,624785.138,4834867.5098,At Intersection,Traffic Signal,Rain,Dark,Wet,88,High Park North,88,High Park North (88),Non-Fatal Injury,1,0,1,0,0,0,0,0,0,1,0,0,0,Pedestrian Collisions,"['Driver', 'Pedestrian']",South,"['Automobile, Station Wagon', 'Other']",['Turning Left'],['Failed to Yield Right of Way'],['Unknown'],['Vehicle turns left while ped crosses with ROW at inter.'],['Crossing with right of way'],['Normal'],[],[],[],D11,False,"['unknown', '25 to 29']",3.0
1174097.0,2010-05-01 08:00:00,1700,2010,BRIMLEY RD,ST CLAIR AVE E,Minor Arterial,Scarborough,43.720845,-79.24149,641647.6359,4842370.1095,Unknown,Traffic Signal,Clear,Daylight,Dry,123,Cliffcrest,123,Cliffcrest (123),Non-Fatal Injury,1,0,1,0,0,0,0,0,0,0,0,0,0,Pedestrian Collisions,"['Driver', 'Pedestrian']",North,"['Automobile, Station Wagon', 'Other']",['Going Ahead'],['Driving Properly'],['Normal'],['Vehicle is going straight thru inter.while ped cross without ROW'],['Crossing without right of way'],['Normal'],[],[],[],D41,False,"['55 to 59', '35 to 39']",3.0
1174308.0,2010-05-17 08:00:00,1325,2010,KEELE ST,CALVINGTON DR,Major Arterial,North York,43.733545,-79.48369,622112.479,4843395.1772,Unknown,Traffic Signal,Clear,Daylight,Dry,155,Downsview,26,Downsview-Roding-CFB (26),Non-Fatal Injury,0,0,1,0,0,0,0,0,1,1,0,0,0,Rear End,['Driver'],South,"['Automobile, Station Wagon']","['Slowing or Stopping', 'Stopped', 'Going Ahead']","['Driving Properly', 'Speed too Fast For Condition']","['Normal', 'Inattentive']",[],[],[],[],[],[],D31,False,"['60 to 64', '45 to 49', '35 to 39', '30 to 34']",3.0
1174310.0,2010-05-18 08:00:00,2110,2010,LAKE SHORE BLVD W,FOURTH ST,Major Arterial,Etobicoke York,43.601504,-79.501865,620913.607,4828703.6678,At Intersection,No Control,Clear,"Dark, artificial",Dry,18,New Toronto,18,New Toronto (18),Non-Fatal Injury,1,0,1,0,0,0,0,0,0,0,0,0,0,Pedestrian Collisions,"['Vehicle Owner', 'Driver', 'Pedestrian']",North,"['Other', 'Automobile, Station Wagon']",['Making U Turn'],['Improper Turn'],['Normal'],['Other / Undefined'],"['Crossing, no Traffic Control']",['Had Been Drinking'],[],[],[],D22,False,"['unknown', '30 to 34', '45 to 49']",3.0
1174844.0,2010-05-19 08:00:00,1732,2010,BENNINGTON HEIGHTS DR,MOOREHILL DR,Local,North York,43.693145,-79.37229,631172.0144,4839078.3861,Unknown,Yield Sign,Clear,Daylight,Dry,56,Leaside-Bennington,56,Leaside-Bennington (56),Non-Fatal Injury,0,0,1,0,0,0,0,0,0,1,0,0,0,Turning Movement,['Driver'],North,"['Automobile, Station Wagon']","['Turning Left', 'Going Ahead']","['Failed to Yield Right of Way', 'Driving Properly']",['Normal'],[],[],[],[],[],[],D53,False,"['15 to 19', '30 to 34']",3.0
1175068.0,2010-06-26 08:00:00,1110,2010,LAWRENCE AVE E,MORNINGSIDE AVE,Minor Arterial,Scarborough,43.768645,-79.18509,646074.3872,4847776.9791,At Intersection,No Control,Other,Daylight,Wet,136,West Hill,136,West Hill (136),Non-Fatal Injury,1,0,1,0,0,0,0,0,0,0,0,0,0,Pedestrian Collisions,"['Driver', 'Pedestrian']",East,"['Automobile, Station Wagon', 'Other']",['Going Ahead'],['Driving Properly'],['Normal'],['Pedestrian hit at mid-block'],"['Crossing, no Traffic Control']",['Inattentive'],[],[],[],D43,False,"['80 to 84', '70 to 74']",3.0
1175069.0,2010-06-26 08:00:00,1415,2010,PAPE AVE,GAMBLE AVE,Major Arterial,Toronto and East York,43.690545,-79.34919,633039.3392,4838826.4221,Unknown,No Control,Rain,Daylight,Wet,58,Old East York,58,Old East York (58),Non-Fatal Injury,1,0,1,0,0,0,0,0,0,0,0,0,0,Pedestrian Collisions,"['Vehicle Owner', 'Driver', 'Pedestrian']",East,"['Other', 'Automobile, Station Wagon']",['Going Ahead'],['Driving Properly'],['Normal'],['Pedestrian hit at mid-block'],['Crossing without right of way'],['Inattentive'],[],[],[],D55,False,"['unknown', '15 to 19']",3.0
1175178.0,2010-06-24 08:00:00,1600,2010,DUFFERIN ST,EGLINTON AVE W,Major Arterial,North York,43.695645,-79.45029,624880.9914,4839235.6123,Unknown,Traffic Signal,Clear,Daylight,Dry,109,Caledonia-Fairbank,109,Caledonia-Fairbank (109),Non-Fatal Injury,0,0,1,0,0,0,0,1,0,1,0,0,0,Rear End,"['Driver', 'Passenger']",North,"['Automobile, Station Wagon', 'Other']","['Going Ahead', 'Slowing or Stopping']","['Following too Close', 'Driving Properly']",['Normal'],[],[],[],[],[],[],D13,False,"['20 to 24', '25 to 29', '15 to 19']",3.0
1175328.0,2010-06-28 08:00:00,256,2010,HIGHWAY 401 X Ramp W,MARTIN GROVE RD,Major Arterial,Etobicoke York,43.690045,-79.57059,615197.4469,4838439.5094,Unknown,No Control,Clear,Dark,Dry,7,Willowridge-Martingrove-Richview,7,Willowridge-Martingrove-Richview (7),Non-Fatal Injury,1,0,1,0,0,0,0,0,0,0,0,0,0,Pedestrian Collisions,"['Vehicle Owner', 'Driver', 'Pedestrian']",East,"['Other', 'Automobile, Station Wagon']",['Going Ahead'],['Driving Properly'],['Normal'],['Pedestrian hit at mid-block'],['Other'],['Had Been Drinking'],[],[],[],D23,False,"['unknown', '30 to 34', '25 to 29']",3.0
1175797.0,2010-04-27 08:00:00,1542,2010,QUEEN St E,BROOKLYN Ave,Minor Arterial,Toronto and East York,43.662045,-79.33589,634174.7085,4835682.531,Unknown,No Control,Clear,Daylight,Dry,70,South Riverdale,70,South Riverdale (70),Non-Fatal Injury,0,1,1,0,0,0,0,0,0,0,0,0,0,Cyclist Collisions,"['Cyclist', 'Vehicle Owner', 'Driver']",East,"['Bicycle', 'Other', 'Automobile, Station Wagon']",['Going Ahead'],['Driving Properly'],['Normal'],[],[],[],['Cyclist and Driver travelling in same direction. One vehicle sideswipes the other.'],['Driving Properly'],['Normal'],D55,False,"['25 to 29', 'unknown', '50 to 54']",3.0
1175820.0,2010-05-19 08:00:00,1530,2010,WANDLE AVE,KEELE ST,Major Arterial,North York,43.731145,-79.48319,622157.6249,4843129.3598,At Intersection,No Control,Clear,Daylight,Dry,155,Downsview,26,Downsview-Roding-CFB (26),Non-Fatal Injury,1,0,1,0,0,0,0,0,0,1,0,0,0,Pedestrian Collisions,"['Driver', 'Vehicle Owner', 'Pedestrian']",South,"['Automobile, Station Wagon', 'Other']","['Going Ahead', 'Turning Left', 'Stopped']","['Driving Properly', 'Failed to Yield Right of Way']","['Unknown', 'Normal']",['Vehicle turns left while ped crosses with ROW at inter.'],['Crossing with right of way'],['Normal'],[],[],[],D31,False,"['35 to 39', '55 to 59', 'unknown', '20 to 24']",3.0
1176062.0,2010-05-21 08:00:00,614,2010,KING ST W,STRACHAN AVE,Major Arterial,Toronto and East York,43.642031,-79.41196,628083.7719,4833339.5039,Unknown,No Control,Clear,Daylight,Dry,162,West Queen West,82,Niagara (82),Non-Fatal Injury,1,0,0,0,0,1,0,0,0,0,0,0,0,Pedestrian Collisions,"['Vehicle Owner', 'Driver', 'Pedestrian']",East,"['Other', 'Municipal Transit Bus (TTC)']",['Going Ahead'],['Driving Properly'],['Normal'],['Pedestrian involved in a collision with transit vehicle anywhere along roadway'],"['Crossing, no Traffic Control']",['Had Been Drinking'],[],[],[],D14,False,"['unknown', '30 to 34', '45 to 49']",3.0