accident_number,date,time,year,street1,street2,road_class,district,latitude,longitude,x,y,accident_location,traffctl,visibility,light,road_surface_condition,hood_158,neighbourhood_new,hood_140,neighbourhood_old,accident_class,pedestrian,cyclist,automobile,motorcycle,truck,trsn_city_veh,emerg_veh,passenger,speeding,aggressive_driving,redlight,alcohol,disability,impact_type,involvement_type,initial_direction,vehicle_type,manoeuver,driver_action,driver_condition,pedestrian_type,pedestrian_action,pedestrian_condition,cyclist_type,cyclist_action,cyclist_condition,division,injury,involvement_age,injury_severity_score
1200416.0,2010-10-08 08:00:00,2255,2010,ST CLAIR AVE E,AVOCA AVE,Major Arterial,Toronto and East York,43.688945,-79.38989,629762.7288,4838584.2265,At Intersection,Traffic Signal,Clear,Dark,Dry,98,Rosedale-Moore Park,98,Rosedale-Moore Park (98),Non-Fatal Injury,0,0,1,0,0,0,0,1,0,1,0,0,0,Rear End,"['Passenger', 'Driver']",East,"['Other', 'Automobile, Station Wagon']","['Stopped', 'Going Ahead']","['Driving Properly', 'Following too Close']",['Normal'],[],[],[],[],[],[],D53,False,"['40 to 44', '45 to 49']",3.0
1200535.0,2010-11-09 10:00:00,2146,2010,KIPLING AVE,ALBION RD,Major Arterial,Etobicoke York,43.738545,-79.57979,614363.7162,4843813.3645,Unknown,No Control,Clear,Dark,Dry,3,Thistletown-Beaumond Heights,3,Thistletown-Beaumond Heights (3),Non-Fatal Injury,1,0,1,0,0,0,0,0,0,0,0,1,0,Pedestrian Collisions,"['Pedestrian', 'Driver']",East,"['Other', 'Automobile, Station Wagon']",['Going Ahead'],['Other'],"['Ability Impaired, Alcohol']",['Pedestrian hit at mid-block'],"['Crossing, no Traffic Control']",['Inattentive'],[],[],[],D23,False,['65 to 69'],3.0
1200544.0,2010-10-12 08:00:00,955,2010,STEELES AVE E,OLD KENNEDY RD,Major Arterial,Scarborough,43.825345,-79.30009,636689.0703,4853877.9661,At Intersection,Traffic Signal,Clear,Daylight,Dry,NSA,NSA,NSA,NSA,Non-Fatal Injury,1,0,1,0,0,0,0,0,0,1,0,0,0,Pedestrian Collisions,"['Driver', 'Pedestrian']",North,"['Automobile, Station Wagon', 'Other']",['Turning Left'],['Failed to Yield Right of Way'],['Inattentive'],['Vehicle turns left while ped crosses with ROW at inter.'],['Crossing with right of way'],['Normal'],[],[],[],NSA,False,['75 to 79'],3.0
1200665.0,2010-09-28 08:00:00,1035,2010,DANFORTH AVE,MAIN ST,Major Arterial,Toronto and East York,43.688145,-79.30179,636864.8236,4838637.0092,At Intersection,Traffic Signal,Rain,Daylight,Wet,62,East End-Danforth,62,East End-Danforth (62),Non-Fatal Injury,1,0,1,0,0,0,0,0,0,0,0,0,0,Pedestrian Collisions,"['Vehicle Owner', 'Driver', 'Pedestrian']",North,"['Other', 'Automobile, Station Wagon']",['Turning Left'],['Improper Turn'],['Inattentive'],['Vehicle turns left while ped crosses with ROW at inter.'],['Crossing with right of way'],['Normal'],[],[],[],D55,False,"['unknown', '60 to 64', '75 to 79']",3.0
1200768.0,2010-02-19 10:00:00,910,2010,BARTLETT AVE,DUPONT ST,Local,Toronto and East York,43.669545,-79.43659,626039.6382,4836357.5783,Unknown,Traffic Gate,Clear,Daylight,Dry,171,Junction-Wallace Emerson,93,Dovercourt-Wallace Emerson-Junction (93),Non-Fatal Injury,1,0,1,0,0,0,0,0,0,0,0,0,0,Pedestrian Collisions,"['Pedestrian', 'Other']",North,"['Other', 'Automobile, Station Wagon']","['Other', 'Going Ahead']",[],[],['Other / Undefined'],['Other'],['Unknown'],[],[],[],D13,False,"['75 to 79', '50 to 54']",3.0
1200876.0,2010-07-13 08:00:00,1030,2010,COMMISSIONERS Stre,SAULTER Stre S,Collector,Toronto and East York,43.649345,-79.34319,633614.278,4834260.2469,At Intersection,No Control,Clear,Daylight,Dry,70,South Riverdale,70,South Riverdale (70),Non-Fatal Injury,0,0,0,0,1,0,0,0,0,0,0,0,0,SMV Other,"['Vehicle Owner', 'Truck Driver']",West,"['Other', 'Truck - Open']",['Going Ahead'],['Lost control'],['Normal'],[],[],[],[],[],[],D55,False,"['unknown', '30 to 34']",3.0
1200931.0,2010-11-11 10:00:00,934,2010,F G GARDINER Expr W,DON VALLEY PARKWAY  N,Major Arterial,Toronto and East York,43.650745,-79.34899,633143.4353,4834406.413,Unknown,No Control,Clear,Daylight,Dry,166,St Lawrence-East Bayfront-The Islands,77,Waterfront Communities-The Island (77),Non-Fatal Injury,0,0,0,1,0,0,0,0,1,1,0,0,0,SMV Other,['Motorcycle Driver'],West,['Motorcycle'],['Going Ahead'],['Lost control'],['Normal'],[],[],[],[],[],[],D51,False,['25 to 29'],3.0
1200942.0,2010-10-14 08:00:00,622,2010,STEELES AVE W,GERRY FITZGERALD DR,Major Arterial,North York,43.786145,-79.47479,622721.641,4849250.3434,At Intersection,Traffic Signal,Rain,Dark,Wet,27,York University Heights,27,York University Heights (27),Non-Fatal Injury,1,0,1,0,0,0,0,0,0,0,0,0,0,Pedestrian Collisions,"['Driver', 'Pedestrian']",East,"['Automobile, Station Wagon', 'Other']",['Going Ahead'],['Driving Properly'],['Normal'],['Vehicle is going straight thru inter.while ped cross without ROW'],['Crossing without right of way'],['Inattentive'],[],[],[],D32,False,"['45 to 49', '60 to 64']",3.0
1201108.0,2010-10-25 08:00:00,1740,2010,SHEPPARD AVE E,REAN DR,Major Arterial,North York,43.767745,-79.38309,630139.9942,4847346.7733,At Intersection,Traffic Signal,Clear,Dark,Dry,52,Bayview Village,52,Bayview Village (52),Non-Fatal Injury,0,0,1,0,0,0,0,0,0,1,0,0,0,Turning Movement,"['Driver', 'Vehicle Owner']",East,"['Automobile, Station Wagon', 'Other']","['Going Ahead', 'Turning Left']","['Driving Properly', 'Failed to Yield Right of Way']","['Normal', 'Inattentive']",[],[],[],[],[],[],D33,False,"['45 to 49', 'unknown', '30 to 34']",3.0
1201223.0,2010-10-18 08:00:00,859,2010,VICTORIA PARK AVE,ROWENA DR,Major Arterial,North York,43.751445,-79.31299,635819.0581,4845648.9701,At Intersection,Traffic Signal,Clear,Daylight,Dry,119,Wexford/Maryvale,119,Wexford/Maryvale (119),Non-Fatal Injury,1,0,1,0,0,0,0,0,0,0,0,0,0,Pedestrian Collisions,"['Driver', 'Pedestrian']",West,"['Automobile, Station Wagon', 'Other']",['Going Ahead'],['Driving Properly'],['Normal'],['Vehicle is going straight thru inter.while ped cross without ROW'],['Crossing without right of way'],['Inattentive'],[],[],[],D41,False,"['30 to 34', '15 to 19']",3.0
1201760.0,2010-11-15 10:00:00,2303,2010,STEELES Aven W,HIGHWAY 400  N,Major Arterial,Etobicoke York,43.772045,-79.53789,617672.0991,4847592.717,At Intersection,Traffic Signal,Clear,Dark,Dry,21,Humber Summit,21,Humber Summit (21),Non-Fatal Injury,0,0,1,1,0,0,0,0,0,0,0,0,0,Turning Movement,"['Motorcycle Driver', 'Driver']",East,"['Motorcycle', 'Automobile, Station Wagon']","['Going Ahead', 'Turning Left']","['Driving Properly', 'Improper Turn']","['Normal', 'Inattentive']",[],[],[],[],[],[],D31,False,['20 to 24'],3.0
1201798.0,2010-10-16 08:00:00,1553,2010,CHURCH ST,MC GILL ST,Minor Arterial,Toronto and East York,43.660645,-79.37889,630710.6832,4835458.3995,Unknown,No Control,Clear,Daylight,Dry,168,Downtown Yonge East,75,Church-Yonge Corridor (75),Non-Fatal Injury,0,0,1,1,0,0,0,0,0,0,0,0,0,Turning Movement,"['Motorcycle Driver', 'Driver']",North,"['Motorcycle', 'Automobile, Station Wagon']","['Going Ahead', 'Turning Left']","['Driving Properly', 'Improper Turn']",['Normal'],[],[],[],[],[],[],D51,False,"['45 to 49', '20 to 24']",3.0
1201907.0,2010-10-20 08:00:00,1825,2010,QUEEN Stre E,KENILWORTH Aven,Minor Arterial,Toronto and East York,43.669645,-79.30189,636898.8321,4836582.1632,Unknown,No Control,Clear,Dark,Dry,63,The Beaches,63,The Beaches (63),Non-Fatal Injury,0,1,1,0,0,0,0,0,0,0,0,0,0,Cyclist Collisions,"['Driver', 'Cyclist']",West,"['Automobile, Station Wagon', 'Bicycle']","['Parked', 'Going Ahead']",['Other'],['Normal'],[],[],[],['Cyclist struck opened vehicle door'],['Other'],['Normal'],D55,False,"['25 to 29', '50 to 54']",3.0
1201944.0,2010-10-21 08:00:00,2050,2010,EGLINTON AVE E,BIRCHMOUNT RD,Major Arterial,Scarborough,43.730145,-79.27709,638758.5535,4843342.7796,Unknown,No Control,Clear,Dark,Dry,125,Ionview,125,Ionview (125),Non-Fatal Injury,1,0,1,0,0,0,0,0,0,0,0,0,0,Pedestrian Collisions,"['Driver', 'Pedestrian']",East,"['Automobile, Station Wagon', 'Other']",['Going Ahead'],['Driving Properly'],['Normal'],['Pedestrian hit at mid-block'],"['Crossing, no Traffic Control']",['Inattentive'],[],[],[],D41,False,"['30 to 34', '40 to 44']",3.0
1202126.0,2010-10-24 08:00:00,2022,2010,KEELE ST,MURRAY ROSS PKWY,Major Arterial,Etobicoke York,43.767345,-79.49199,621375.712,4847136.9641,At Intersection,Traffic Signal,Rain,Dark,Wet,27,York University Heights,27,York University Heights (27),Non-Fatal Injury,0,0,1,0,0,0,0,0,0,1,1,0,0,Turning Movement,['Driver'],North,"['Automobile, Station Wagon']","['Going Ahead', 'Turning Left']","['Disobeyed Traffic Control', 'Driving Properly']","['Unknown', 'Normal']",[],[],[],[],[],[],D31,False,"['50 to 54', '20 to 24']",3.0
1202163.0,2010-10-23 08:00:00,2250,2010,DIXON RD,KIPLING AVE,Major Arterial,Etobicoke York,43.694245,-79.55859,616156.4368,4838922.7152,At Intersection,Traffic Signal,Rain,Dark,Wet,6,Kingsview Village-The Westway,6,Kingsview Village-The Westway (6),Non-Fatal Injury,1,0,1,0,0,0,0,0,0,0,0,0,0,Pedestrian Collisions,"['Vehicle Owner', 'Driver', 'Pedestrian']",East,"['Other', 'Automobile, Station Wagon']",['Turning Left'],['Lost control'],['Unknown'],['Vehicle turns left while ped crosses with ROW at inter.'],['Crossing with right of way'],['Normal'],[],[],[],D23,False,"['unknown', '20 to 24', '45 to 49']",3.0
1202173.0,2010-11-17 10:00:00,818,2010,DUNDAS ST W,KENNETH AVE,Minor Arterial,Toronto and East York,43.662445,-79.45589,624498.3648,4835539.8871,Unknown,No Control,Rain,Daylight,Wet,88,High Park North,88,High Park North (88),Fatal,1,0,0,0,1,0,0,0,0,0,0,0,0,Pedestrian Collisions,"['Vehicle Owner', 'Truck Driver', 'Pedestrian']",North,"['Other', 'Truck - Open']",['Going Ahead'],['Driving Properly'],['Normal'],['Vehicle is going straight thru inter.while ped cross without ROW'],"['Crossing, no Traffic Control']",['Unknown'],[],[],[],D11,True,"['unknown', '30 to 34', '50 to 54']",4.0
1202192.0,2010-10-24 08:00:00,1945,2010,PARLIAMENT ST,GERRARD ST E,Minor Arterial,Toronto and East York,43.661945,-79.36699,631667.353,4835621.5984,At Intersection,Traffic Signal,Clear,Dark,Dry,72,Regent Park,72,Regent Park (72),Non-Fatal Injury,1,0,1,0,0,0,0,0,0,1,0,0,0,Pedestrian Collisions,"['Driver', 'Pedestrian']",North,"['Automobile, Station Wagon', 'Other']",['Turning Left'],['Failed to Yield Right of Way'],['Normal'],['Vehicle turns left while ped crosses with ROW at inter.'],['Crossing with right of way'],['Normal'],[],[],[],D51,False,['50 to 54'],3.0
1202238.0,2010-10-23 08:00:00,232,2010,BEVERLEY ST,CECIL ST,Minor Arterial,Toronto and East York,43.656545,-79.39499,629421.3293,4834977.8018,Unknown,No Control,Clear,Dark,Dry,78,Kensington-Chinatown,78,Kensington-Chinatown (78),Non-Fatal Injury,1,0,1,0,0,0,0,0,1,1,0,1,0,Pedestrian Collisions,"['Other', 'Vehicle Owner', 'Driver', 'Pedestrian']",North,"['Other', 'Automobile, Station Wagon']","['Parked', 'Going Ahead']",['Other'],"['Ability Impaired, Alcohol Over .08']",['Vehicle hits the pedestrian walking or running out from between parked vehicles at mid-block'],['Coming From Behind Parked Vehicle'],['Normal'],[],[],[],D52,False,"['unknown', '20 to 24']",3.0
1202322.0,2010-11-17 10:00:00,1853,2010,FINCH Ave W,VIRGILWOOD Dr,Major Arterial,North York,43.772845,-79.44819,624889.6388,4847812.9534,At Intersection,Traffic Signal,Clear,Daylight,Dry,35,Westminster-Branson,35,Westminster-Branson (35),Non-Fatal Injury,1,0,1,0,0,0,0,1,0,0,0,0,0,Pedestrian Collisions,"['Passenger', 'Driver', 'Pedestrian']",East,"['Other', 'Automobile, Station Wagon']",['Going Ahead'],['Driving Properly'],['Normal'],['Vehicle is going straight thru inter.while ped cross without ROW'],['Crossing without right of way'],['Inattentive'],[],[],[],D32,False,"['10 to 14', '75 to 79', '20 to 24']",3.0
1202550.0,2010-10-25 08:00:00,2022,2010,SHEPPARD AVE E,BIRCHMOUNT RD,Major Arterial,Scarborough,43.781045,-79.29809,636951.0836,4848961.0465,At Intersection,Traffic Signal,Clear,Dark,Dry,118,Tam O'Shanter-Sullivan,118,Tam O'Shanter-Sullivan (118),Non-Fatal Injury,0,0,1,0,0,0,0,1,0,0,0,0,0,Turning Movement,"['Passenger', 'Driver']",East,"['Other', 'Automobile, Station Wagon']",['Turning Left'],['Improper Turn'],['Normal'],[],[],[],[],[],[],D42,False,"['45 to 49', 'unknown', '25 to 29']",3.0
1202582.0,2010-10-27 08:00:00,910,2010,BLOOR ST W,MARKLAND DR,Major Arterial,Etobicoke York,43.633545,-79.57079,615289.4176,4832164.1805,At Intersection,Traffic Signal,Clear,Daylight,Dry,12,Markland Wood,12,Markland Wood (12),Non-Fatal Injury,1,0,1,0,0,0,0,0,0,1,0,0,0,Pedestrian Collisions,"['Driver', 'Pedestrian']",North,"['Automobile, Station Wagon', 'Other']",['Turning Left'],['Failed to Yield Right of Way'],['Normal'],['Vehicle turns left while ped crosses with ROW at inter.'],['Crossing with right of way'],['Normal'],[],[],[],D22,False,"['70 to 74', '85 to 89']",3.0
1202672.0,2010-10-27 08:00:00,726,2010,DON MILLS RD,STEELES AVE E,Major Arterial,North York,43.811145,-79.36079,631839.4104,4852202.3121,At Intersection,Traffic Signal,Clear,Daylight,Wet,48,Hillcrest Village,48,Hillcrest Village (48),Non-Fatal Injury,0,0,1,1,0,0,0,0,0,1,1,0,0,Turning Movement,"['Motorcycle Driver', 'Driver']",North,"['Motorcycle', 'Automobile, Station Wagon']","['Going Ahead', 'Turning Left']","['Disobeyed Traffic Control', 'Driving Properly']",['Normal'],[],[],[],[],[],[],D33,False,"['35 to 39', '30 to 34']",3.0
1202989.0,2010-11-19 10:00:00,744,2010,LOWER SPADINA AVE,LAKE SHORE BLVD W,Major Arterial,Toronto and East York,43.638445,-79.39219,629686.0579,4832971.932,At Intersection,Traffic Signal,Clear,Daylight,Dry,165,Harbourfront-CityPlace,77,Waterfront Communities-The Island (77),Fatal,0,1,0,0,0,1,0,0,0,0,0,0,0,Cyclist Collisions,"['Vehicle Owner', 'Driver', 'Cyclist']",East,"['Other', 'Municipal Transit Bus (TTC)', 'Bicycle']","['Going Ahead', 'Pulling Away from Shoulder or Curb']",['Driving Properly'],['Normal'],[],[],[],"['Cyclist without ROW rides into path of motorist at inter, lnwy, dwy-Cyclist not turn.']",['Disobeyed Traffic Control'],['Normal'],D52,True,"['unknown', '30 to 34', '60 to 64']",4.0
1203088.0,2010-11-01 08:00:00,1740,2010,AVENUE RD,ST CLAIR AVE W,Major Arterial,Toronto and East York,43.687545,-79.40189,628798.6061,4838410.0295,Unknown,No Control,Clear,Daylight,Dry,96,Casa Loma,96,Casa Loma (96),Non-Fatal Injury,0,0,1,0,0,0,0,1,0,0,0,0,1,Rear End,"['Driver', 'Passenger']",South,"['Automobile, Station Wagon', 'Other']","['Going Ahead', 'Stopped']","['Driving Properly', 'Lost control']","['Normal', 'Medical or Physical Disability']",[],[],[],[],[],[],D53,False,"['35 to 39', '55 to 59', '25 to 29', '40 to 44', '65 to 69', '20 to 24', '30 to 34']",3.0
1203098.0,2010-11-01 08:00:00,1410,2010,ROYAL YORK RD,NEWCASTLE ST,Minor Arterial,Etobicoke York,43.617445,-79.49889,621121.7193,4830478.4433,Unknown,Traffic Signal,Clear,Daylight,Dry,160,Mimico-Queensway,17,Mimico (includes Humber Bay Shores) (17),Non-Fatal Injury,1,0,1,0,0,0,0,0,0,1,0,0,0,Pedestrian Collisions,"['Driver', 'Pedestrian']",East,"['Automobile, Station Wagon', 'Other']",['Turning Left'],['Failed to Yield Right of Way'],['Normal'],['Vehicle turns left while ped crosses with ROW at inter.'],['Crossing with right of way'],['Normal'],[],[],[],D22,False,"['85 to 89', '65 to 69']",3.0
1203435.0,2010-11-22 10:00:00,1818,2010,GLENCAIRN AVE,AVENUE RD,Major Arterial,North York,43.715945,-79.41229,627900.0123,4841548.1459,At Intersection,Stop Sign,Rain,Dark,Wet,103,Lawrence Park South,103,Lawrence Park South (103),Non-Fatal Injury,1,0,1,0,0,0,0,0,0,0,0,0,0,Pedestrian Collisions,"['Driver', 'Pedestrian']",North,"['Automobile, Station Wagon', 'Other']",['Going Ahead'],['Driving Properly'],['Normal'],['Vehicle is going straight thru inter.while ped cross without ROW'],['Crossing without right of way'],['Normal'],[],[],[],D53,False,"['45 to 49', '20 to 24']",3.0
1203535.0,2010-11-03 08:00:00,1050,2010,MIDLAND AVE,BENJAMIN BLVD,Minor Arterial,Scarborough,43.732245,-79.25709,640364.4129,4843609.7028,At Intersection,No Control,Clear,Daylight,Dry,124,Kennedy Park,124,Kennedy Park (124),Non-Fatal Injury,0,0,1,0,0,0,0,0,0,0,0,0,0,Rear End,"['Vehicle Owner', 'Driver']",North,"['Other', 'Automobile, Station Wagon']","['Going Ahead', 'Stopped']","['Lost control', 'Driving Properly']",['Normal'],[],[],[],[],[],[],D41,False,"['unknown', '70 to 74', '20 to 24']",3.0
1203754.0,2010-11-14 10:00:00,330,2010,SPADINA Rd,BLOOR St W,Major Arterial,Toronto and East York,43.666645,-79.40389,628682.0834,4836085.6972,At Intersection,Traffic Signal,Clear,Dark,Dry,79,University,79,University (79),Non-Fatal Injury,1,0,1,0,0,0,0,0,0,1,0,0,0,Pedestrian Collisions,"['Driver', 'Pedestrian']",North,"['Automobile, Station Wagon', 'Other']",['Going Ahead'],['Failed to Yield Right of Way'],['Unknown'],['Vehicle is going straight thru inter.while ped cross with ROW'],['Crossing with right of way'],['Had Been Drinking'],[],[],[],D14,False,"['unknown', '20 to 24']",3.0
1203769.0,2010-06-27 08:00:00,1710,2010,THE QUEENSWAY,GARDINER QUEENSWAY W RAMP,Major Arterial,Toronto and East York,43.635945,-79.47299,623173.7699,4832571.2038,At Intersection,Traffic Signal,Clear,Daylight,Wet,87,High Park-Swansea,87,High Park-Swansea (87),Non-Fatal Injury,0,0,0,0,0,1,0,1,0,1,0,0,0,Rear End,"['Vehicle Owner', 'Driver', 'Passenger']",West,"['Other', 'Municipal Transit Bus (TTC)']","['Going Ahead', 'Stopped']","['Following too Close', 'Driving Properly']","['Inattentive', 'Normal']",[],[],[],[],[],[],D11,False,"['unknown', '30 to 34', '65 to 69', '45 to 49', '50 to 54', '35 to 39']",3.0
1203855.0,2010-11-22 10:00:00,1542,2010,THORNCLIFFE PARK DR,OVERLEA BLVD,Major Arterial,North York,43.705045,-79.34989,632950.8746,4840435.7279,At Intersection,Traffic Signal,Rain,Daylight,Wet,55,Thorncliffe Park,55,Thorncliffe Park (55),Non-Fatal Injury,1,0,1,0,0,0,0,0,0,1,0,0,0,Pedestrian Collisions,"['Driver', 'Pedestrian']",North,"['Automobile, Station Wagon', 'Other']",['Turning Left'],['Failed to Yield Right of Way'],['Normal'],['Vehicle turns left while ped crosses with ROW at inter.'],['Crossing with right of way'],['Normal'],[],[],[],D53,False,"['25 to 29', '65 to 69']",3.0
1204112.0,2010-11-25 10:00:00,1051,2010,KENNEDY RD,TROJAN GT,Major Arterial,Scarborough,43.803845,-79.29819,636890.9689,4851493.1829,At Intersection,Traffic Signal,Clear,Daylight,Dry,130,Milliken,130,Milliken (130),Non-Fatal Injury,0,0,1,0,0,1,0,1,0,1,0,0,0,Turning Movement,"['Vehicle Owner', 'Driver', 'Passenger']",North,"['Other', 'Automobile, Station Wagon', 'Municipal Transit Bus (TTC)']","['Turning Left', 'Going Ahead']","['Failed to Yield Right of Way', 'Driving Properly']","['Inattentive', 'Normal']",[],[],[],[],[],[],D42,False,"['unknown', '40 to 44', '30 to 34', '35 to 39', '90 to 94', '60 to 64']",3.0
1204248.0,2010-11-07 09:00:00,15,2010,AUGUSTA AVE,COLLEGE ST,Collector,Toronto and East York,43.656546,-79.402889,628784.3782,4834965.6225,Unknown,No Control,Clear,Dark,Dry,78,Kensington-Chinatown,78,Kensington-Chinatown (78),Non-Fatal Injury,1,0,1,0,0,0,0,0,1,1,0,0,0,Pedestrian Collisions,"['Vehicle Owner', 'Driver', 'Pedestrian']",East,"['Automobile, Station Wagon', 'Other']",['Going Ahead'],['Wrong Way on One Way Road'],['Unknown'],['Pedestrian hit at mid-block'],"['Crossing, no Traffic Control']",['Had Been Drinking'],[],[],[],D14,False,"['unknown', '15 to 19', '45 to 49']",3.0
1204296.0,2010-11-26 10:00:00,1719,2010,HUMEWOOD GDNS,RUSHTON RD,Local,Toronto and East York,43.682945,-79.42839,626672.5173,4837858.32,At Intersection,Stop Sign,Clear,Dark,Dry,106,Humewood-Cedarvale,106,Humewood-Cedarvale (106),Fatal,1,0,1,0,0,0,0,0,0,1,0,0,0,Pedestrian Collisions,"['Driver', 'Pedestrian']",North,"['Automobile, Station Wagon', 'Other']",['Going Ahead'],['Failed to Yield Right of Way'],['Normal'],['Vehicle is going straight thru inter.while ped cross with ROW'],['Crossing with right of way'],['Normal'],[],[],[],D13,True,"['70 to 74', '75 to 79']",4.0
1204298.0,2010-11-26 10:00:00,2026,2010,EGLINTON AVE E,SUTHERLAND DR,Major Arterial,North York,43.713045,-79.36719,631539.4818,4841296.6422,Unknown,Traffic Signal,Clear,Dark,Dry,56,Leaside-Bennington,56,Leaside-Bennington (56),Non-Fatal Injury,1,0,1,0,0,0,0,0,0,0,0,0,0,Pedestrian Collisions,"['Driver', 'Pedestrian']",East,"['Automobile, Station Wagon', 'Other']",['Going Ahead'],['Driving Properly'],['Normal'],['Vehicle is going straight thru inter.while ped cross without ROW'],['Crossing without right of way'],['Unknown'],[],[],[],D53,False,"['25 to 29', '75 to 79']",3.0
1204378.0,2010-11-28 10:00:00,545,2010,BLOOR RAMP,CASTLE FRANK RD,Major Arterial,Toronto and East York,43.676545,-79.36809,631546.7617,4837241.3802,Unknown,No Control,Clear,Dark,Dry,98,Rosedale-Moore Park,98,Rosedale-Moore Park (98),Non-Fatal Injury,0,0,1,0,0,0,0,1,0,0,0,1,0,SMV Other,"['Passenger', 'Driver', 'Other Property Owner']",South,"['Other', 'Automobile, Station Wagon']",['Going Ahead'],['Other'],"['Ability Impaired, Alcohol Over .08']",[],[],[],[],[],[],D53,False,"['0 to 4', '35 to 39', '25 to 29', 'unknown']",3.0
1204379.0,2010-11-28 10:00:00,1217,2010,HARBOUR ST,BAY ST,Major Arterial,Toronto and East York,43.642045,-79.37749,630863.9577,4833394.8316,At Intersection,Traffic Signal,Clear,Daylight,Dry,166,St Lawrence-East Bayfront-The Islands,77,Waterfront Communities-The Island (77),Non-Fatal Injury,1,0,1,0,0,0,0,0,0,0,0,0,0,Pedestrian Collisions,"['Driver', 'Pedestrian']",East,"['Automobile, Station Wagon', 'Other']","['Going Ahead', 'Turning Left']","['Driving Properly', 'Improper Turn']",['Normal'],['Pedestrian hit on sidewalk or shoulder'],['On Sidewalk or Shoulder'],['Normal'],[],[],[],D52,False,"['60 to 64', '25 to 29', '30 to 34', '0 to 4']",3.0
1204639.0,2010-11-29 10:00:00,1620,2010,LAKE SHORE BLVD W,PARKSIDE DR,Major Arterial,Toronto and East York,43.638251,-79.453464,624744.046,4832856.4739,At Intersection,Traffic Signal,Clear,Daylight,Dry,85,South Parkdale,85,South Parkdale (85),Non-Fatal Injury,0,1,1,0,0,0,0,0,0,0,0,0,0,Cyclist Collisions,"['Driver', 'Cyclist']",East,"['Automobile, Station Wagon', 'Bicycle']",['Going Ahead'],['Driving Properly'],['Normal'],[],[],[],"['Cyclist without ROW rides into path of motorist at inter, lnwy, dwy-Cyclist not turn.']",['Disobeyed Traffic Control'],['Inattentive'],D11,False,"['45 to 49', '50 to 54']",3.0
1204643.0,2010-11-28 10:00:00,235,2010,DUNDAS ST W,YONGE ST,Major Arterial,Toronto and East York,43.656245,-79.38139,630518.6383,4834965.7856,Unknown,No Control,Clear,"Dark, artificial",Dry,170,Yonge-Bay Corridor,76,Bay Street Corridor (76),Non-Fatal Injury,1,0,1,0,0,0,0,0,0,1,0,0,0,Pedestrian Collisions,"['Driver', 'Pedestrian']",East,"['Taxi', 'Other']",['Pulling Away from Shoulder or Curb'],['Failed to Yield Right of Way'],['Unknown'],['Pedestrian hit at mid-block'],['Other'],['Had Been Drinking'],[],[],[],D52,False,"['unknown', '20 to 24']",3.0
1204660.0,2010-09-29 08:00:00,654,2010,MOUNT PLEASANT RD,DAVISVILLE AVE,Major Arterial,North York,43.700345,-79.38699,629971.8191,4839854.897,At Intersection,Traffic Signal,Clear,Daylight,Dry,174,South Eglinton-Davisville,104,Mount Pleasant West (104),Non-Fatal Injury,0,0,1,0,0,0,0,1,0,1,0,0,0,Turning Movement,"['Passenger', 'Driver', 'Vehicle Owner']",North,"['Other', 'Automobile, Station Wagon']","['Turning Left', 'Going Ahead']","['Failed to Yield Right of Way', 'Driving Properly']","['Inattentive', 'Normal']",[],[],[],[],[],[],D53,False,"['25 to 29', '50 to 54', 'unknown', '40 to 44']",3.0
1204889.0,2010-11-30 10:00:00,1812,2010,LAWRENCE AVE E,ELINOR AVE,Major Arterial,Scarborough,43.744045,-79.30059,636834.239,4844847.4964,At Intersection,Traffic Signal,Rain,Dark,Wet,119,Wexford/Maryvale,119,Wexford/Maryvale (119),Non-Fatal Injury,1,0,1,0,0,0,0,0,0,0,0,0,0,Pedestrian Collisions,"['Driver', 'Pedestrian']",North,"['Automobile, Station Wagon', 'Other']",['Going Ahead'],['Driving Properly'],['Normal'],['Vehicle is going straight thru inter.while ped cross without ROW'],['Crossing without right of way'],['Normal'],[],[],[],D41,False,"['20 to 24', '80 to 84']",3.0
1205176.0,2010-10-14 08:00:00,1703,2010,BLOOR ST E,CASTLE FRANK RD,Major Arterial,Toronto and East York,43.674045,-79.36769,631584.4697,4836964.3557,Unknown,No Control,Rain,Daylight,Wet,71,Cabbagetown-South St.James Town,71,Cabbagetown-South St.James Town (71),Non-Fatal Injury,0,0,1,0,0,0,0,0,1,1,0,0,0,Approaching,"['Vehicle Owner', 'Driver']",East,"['Other', 'Automobile, Station Wagon']",['Going Ahead'],"['Speed too Fast For Condition', 'Driving Properly']","['Inattentive', 'Normal']",[],[],[],[],[],[],D51,False,"['unknown', '15 to 19', '30 to 34']",3.0