accident_number,date,time,year,street1,street2,road_class,district,latitude,longitude,x,y,accident_location,traffctl,visibility,light,road_surface_condition,hood_158,neighbourhood_new,hood_140,neighbourhood_old,accident_class,pedestrian,cyclist,automobile,motorcycle,truck,trsn_city_veh,emerg_veh,passenger,speeding,aggressive_driving,redlight,alcohol,disability,impact_type,involvement_type,initial_direction,vehicle_type,manoeuver,driver_action,driver_condition,pedestrian_type,pedestrian_action,pedestrian_condition,cyclist_type,cyclist_action,cyclist_condition,division,injury,involvement_age,injury_severity_score
1214720.0,2011-01-25 10:00:00,825,2011,MCCOWAN RD,ST ANDREWS RD,Major Arterial,Scarborough,43.759445,-79.24659,641146.0899,4846648.5171,Unknown,No Control,Clear,Daylight,Wet,142,Woburn North,137,Woburn (137),Non-Fatal Injury,1,0,1,0,0,0,0,0,0,1,0,0,0,Pedestrian Collisions,"['Vehicle Owner', 'Driver', 'Pedestrian']",South,"['Other', 'Automobile, Station Wagon']",['Going Ahead'],['Failed to Yield Right of Way'],['Fatigue'],['Pedestrian hit at mid-block'],['Playing or Working on Highway'],['Normal'],[],[],[],D43,False,"['unknown', '65 to 69', '45 to 49']",3.0
1214725.0,2011-01-25 10:00:00,2058,2011,BATHURST ST,FOREST RIDGE DR,Major Arterial,North York,43.706645,-79.42669,626759.5953,4840493.13,Unknown,No Control,Clear,Dark,Wet,102,Forest Hill North,102,Forest Hill North (102),Fatal,1,0,1,0,0,0,0,0,0,1,0,0,0,Pedestrian Collisions,"['Driver', 'Pedestrian']",South,"['Automobile, Station Wagon', 'Other']",['Going Ahead'],['Driving Properly'],['Normal'],['Pedestrian hit at mid-block'],"['Crossing, no Traffic Control']",['Inattentive'],[],[],[],D53,True,"['70 to 74', '75 to 79']",4.0
1215284.0,2011-01-29 10:00:00,0,2011,BLOOR ST W,CONCORD AVE,Major Arterial,Toronto and East York,43.661745,-79.42689,626838.0708,4835506.0682,At Intersection,No Control,Clear,Dark,Dry,172,Dovercourt Village,93,Dovercourt-Wallace Emerson-Junction (93),Fatal,1,0,0,0,0,1,0,0,0,1,0,0,0,Pedestrian Collisions,"['Vehicle Owner', 'Driver', 'Pedestrian']",East,"['Other', 'Municipal Transit Bus (TTC)']",['Turning Right'],['Failed to Yield Right of Way'],['Inattentive'],['Pedestrian involved in a collision with transit vehicle anywhere along roadway'],['Crossing with right of way'],['Had Been Drinking'],[],[],[],D14,True,"['unknown', '35 to 39', '60 to 64']",4.0
1215424.0,2010-12-15 10:00:00,2115,2010,1251 BRIDLETOWNE Circ,Not Applicable,Collector,Scarborough,43.793645,-79.31209,635795.9685,4850337.4096,Unknown,Pedestrian Crossover,Snow,Dark,Wet,148,East L'Amoreaux,117,L'Amoreaux (117),Non-Fatal Injury,0,0,1,0,0,0,0,0,1,1,0,1,0,SMV Other,"['Driver', 'Other Property Owner']",North,"['Automobile, Station Wagon', 'Other']",['Going Ahead'],['Speed too Fast For Condition'],"['Ability Impaired, Alcohol']",[],[],[],[],[],[],D42,False,"['40 to 44', 'unknown']",3.0
1215589.0,2011-02-01 10:00:00,847,2011,MARTIN GROVE RD,JOHN GARLAND BLVD,Major Arterial,Etobicoke York,43.732045,-79.58939,613602.952,4843078.2416,At Intersection,Traffic Signal,Snow,Daylight,Loose Snow,2,Mount Olive-Silverstone-Jamestown,2,Mount Olive-Silverstone-Jamestown (2),Non-Fatal Injury,1,0,0,0,0,1,0,0,0,1,0,0,0,Pedestrian Collisions,"['Vehicle Owner', 'Driver', 'Pedestrian']",East,"['Other', 'Municipal Transit Bus (TTC)']",['Turning Right'],['Failed to Yield Right of Way'],['Inattentive'],['Pedestrian involved in a collision with transit vehicle anywhere along roadway'],['Crossing with right of way'],['Normal'],[],[],[],D23,False,"['unknown', '40 to 44', '10 to 14']",3.0
1216368.0,2010-12-20 10:00:00,1540,2010,VICTORIA PARK AVE,PACHINO BLVD,Major Arterial,North York,43.761845,-79.31699,635473.5475,4846797.4968,Unknown,No Control,Clear,Daylight,Wet,119,Wexford/Maryvale,119,Wexford/Maryvale (119),Non-Fatal Injury,1,0,1,0,0,0,0,0,0,0,0,0,0,Pedestrian Collisions,"['Driver', 'Pedestrian']",North,"['Automobile, Station Wagon', 'Other']",['Going Ahead'],['Driving Properly'],['Normal'],['Pedestrian hit at mid-block'],['Running onto Roadway'],['Medical or Physical Disability'],[],[],[],D41,False,['45 to 49'],3.0
1216616.0,2010-12-19 10:00:00,211,2010,DUNDAS ST W,MANNING AVE,Major Arterial,Toronto and East York,43.651345,-79.41089,628150.2665,4834375.5962,At Intersection,Traffic Signal,Clear,Dark,Dry,81,Trinity-Bellwoods,81,Trinity-Bellwoods (81),Non-Fatal Injury,1,0,1,0,0,0,0,0,0,0,0,0,0,Pedestrian Collisions,"['Vehicle Owner', 'Driver', 'Pedestrian']",East,"['Other', 'Taxi']",['Going Ahead'],['Driving Properly'],['Normal'],['Vehicle is going straight thru inter.while ped cross without ROW'],['Crossing without right of way'],"['Ability Impaired, Alcohol']",[],[],[],D14,False,"['unknown', '55 to 59', '30 to 34']",3.0
1216987.0,2011-02-10 10:00:00,828,2011,DUNDAS ST W,NEILSON DR,Major Arterial,Etobicoke York,43.627345,-79.56239,615978.9457,4831487.2944,At Intersection,Traffic Signal,Clear,Daylight,Dry,12,Markland Wood,12,Markland Wood (12),Fatal,1,0,1,0,0,0,0,1,0,1,0,0,0,Pedestrian Collisions,"['Passenger', 'Driver', 'Pedestrian']",South,"['Other', 'Automobile, Station Wagon']",['Turning Left'],['Failed to Yield Right of Way'],['Inattentive'],['Vehicle turns left while ped crosses with ROW at inter.'],['Crossing with right of way'],['Normal'],[],[],[],D22,True,"['15 to 19', '45 to 49', '55 to 59']",4.0
1216997.0,2011-02-08 10:00:00,830,2011,DUFFERIN ST,GORDON ST,Minor Arterial,Toronto and East York,43.646845,-79.43039,626587.1692,4833845.8839,At Intersection,No Control,Clear,Daylight,Dry,84,Little Portugal,84,Little Portugal (84),Non-Fatal Injury,1,0,1,0,0,0,0,0,0,0,0,0,0,Pedestrian Collisions,"['Driver', 'Pedestrian']",East,"['Automobile, Station Wagon', 'Other']",['Going Ahead'],['Driving Properly'],['Normal'],['Vehicle is going straight thru inter.while ped cross without ROW'],['Running onto Roadway'],['Inattentive'],[],[],[],D11,False,"['35 to 39', '10 to 14']",3.0
1217361.0,2011-02-11 10:00:00,1822,2011,DUNDAS ST E,SHERBOURNE ST,Major Arterial,Toronto and East York,43.658245,-79.37099,631352.9032,4835204.3238,At Intersection,Traffic Signal,Clear,Dark,Dry,73,Moss Park,73,Moss Park (73),Non-Fatal Injury,1,0,1,0,0,0,0,0,0,0,0,0,0,Pedestrian Collisions,"['Driver', 'Pedestrian']",East,"['Automobile, Station Wagon', 'Other']",['Going Ahead'],['Driving Properly'],['Normal'],['Vehicle is going straight thru inter.while ped cross without ROW'],['Crossing without right of way'],['Inattentive'],[],[],[],D51,False,"['60 to 64', '40 to 44']",3.0
1217753.0,2011-02-14 10:00:00,1100,2011,JANE Stre,EGLINTON Aven W,Major Arterial,Etobicoke York,43.683745,-79.49859,621012.7057,4837842.3459,Unknown,No Control,Clear,Daylight,Dry,111,Rockcliffe-Smythe,111,Rockcliffe-Smythe (111),Non-Fatal Injury,0,0,1,0,0,0,0,1,0,1,0,0,0,Approaching,"['Vehicle Owner', 'Driver', 'Passenger']",North,"['Other', 'Automobile, Station Wagon']",['Going Ahead'],"['Driving Properly', 'Lost control']","['Normal', 'Unknown']",[],[],[],[],[],[],D12,False,"['unknown', '35 to 39', '70 to 74', '75 to 79']",3.0
1218634.0,2011-02-18 10:00:00,1408,2011,QUEEN ST E,CARLAW AVE,Minor Arterial,Toronto and East York,43.661045,-79.34009,633838.287,4835564.6837,At Intersection,Traffic Signal,Clear,Daylight,Dry,70,South Riverdale,70,South Riverdale (70),Non-Fatal Injury,1,0,1,0,0,0,0,0,0,0,0,0,0,Pedestrian Collisions,"['Vehicle Owner', 'Driver', 'Pedestrian']",East,"['Other', 'Taxi']",['Turning Left'],['Improper Turn'],['Normal'],['Vehicle turns left while ped crosses with ROW at inter.'],['Crossing with right of way'],['Normal'],[],[],[],D55,False,"['unknown', '50 to 54', '0 to 4', '35 to 39']",3.0
1218699.0,2020-07-02 08:00:00,1255,2020,PHARMACY AVE,HUNTINGWOOD DR,Minor Arterial,Scarborough,43.781603,-79.320125,635176.6718,4848986.8041,At Intersection,Traffic Signal,Clear,Daylight,Dry,118,Tam O'Shanter-Sullivan,118,Tam O'Shanter-Sullivan (118),Non-Fatal Injury,0,0,1,0,0,0,0,1,0,1,1,0,0,Angle,"['Driver', 'Passenger']",South,"['Pick Up Truck', 'Automobile, Station Wagon']",['Going Ahead'],"['Disobeyed Traffic Control', 'Driving Properly']","['Inattentive', 'Normal']",[],[],[],[],[],[],D42,False,"['40 to 44', '55 to 59', '35 to 39', '80 to 84', '85 to 89', '0 to 4']",3.0
1219081.0,2010-12-29 10:00:00,2159,2010,DANFORTH AVE,BOWDEN ST,Major Arterial,Toronto and East York,43.677043,-79.354587,632634.1406,4837318.1941,Unknown,No Control,Clear,Dark,Dry,67,Playter Estates-Danforth,67,Playter Estates-Danforth (67),Non-Fatal Injury,1,0,1,0,0,0,0,0,0,1,0,1,0,Pedestrian Collisions,"['Pedestrian', 'Vehicle Owner', 'Driver']",East,"['Other', 'Automobile, Station Wagon']",['Changing Lanes'],['Improper Passing'],"['Ability Impaired, Alcohol']",['Pedestrian hit at mid-block'],['Person Getting on/off Vehicle'],['Normal'],[],[],[],D55,False,"['60 to 64', 'unknown', '30 to 34']",3.0
1219139.0,2011-02-21 10:00:00,2022,2011,WESTON Road,MAPLE BUSH Aven,Major Arterial,Etobicoke York,43.710445,-79.53489,618034.5281,4840755.4186,Unknown,Missing Control,Other,Dark,Other,23,Pelmo Park-Humberlea,23,Pelmo Park-Humberlea (23),Non-Fatal Injury,1,0,1,0,0,0,0,0,0,0,0,0,0,Pedestrian Collisions,"['Driver', 'Pedestrian']",Unknown,"['Automobile, Station Wagon', 'Other']","['Unknown', 'Other']",[],[],[],[],[],[],[],[],D12,False,"['25 to 29', 'unknown']",3.0
1219456.0,2011-02-21 10:00:00,2022,2011,WESTON RD,MAPLE BUSH AVE,Major Arterial,Etobicoke York,43.710345,-79.53479,618042.7808,4840744.4546,At Intersection,No Control,Clear,Dark,Dry,23,Pelmo Park-Humberlea,23,Pelmo Park-Humberlea (23),Non-Fatal Injury,1,0,1,0,0,0,0,0,0,0,0,0,0,Pedestrian Collisions,"['Driver', 'Pedestrian']",North,"['Automobile, Station Wagon', 'Other']",['Going Ahead'],['Driving Properly'],['Normal'],['Pedestrian hit at mid-block'],['Running onto Roadway'],['Other'],[],[],[],D12,False,['25 to 29'],3.0
1219581.0,2011-01-04 10:00:00,1640,2011,DUFFERIN ST,PRESTON RD,Major Arterial,Toronto and East York,43.691045,-79.44829,625051.7202,4838727.7333,Unknown,No Control,Clear,Dusk,Dry,107,Oakwood Village,107,Oakwood Village (107),Non-Fatal Injury,0,0,1,0,0,0,0,0,0,0,0,0,0,Approaching,['Driver'],South,"['Automobile, Station Wagon']",['Going Ahead'],"['Driving Properly', 'Lost control']","['Normal', 'Inattentive']",[],[],[],[],[],[],D13,False,"['60 to 64', '30 to 34']",3.0
1219697.0,2011-01-05 10:00:00,1007,2011,DUPONT ST,CHRISTIE ST,Major Arterial,Toronto and East York,43.671645,-79.42149,627252.55,4836613.8645,At Intersection,Traffic Signal,Clear,Daylight,Dry,95,Annex,95,Annex (95),Non-Fatal Injury,1,0,1,0,0,0,0,0,0,1,0,0,0,Pedestrian Collisions,"['Driver', 'Pedestrian']",North,"['Automobile, Station Wagon', 'Other']",['Turning Left'],['Failed to Yield Right of Way'],['Normal'],['Vehicle turns left while ped crosses with ROW at inter.'],['Crossing with right of way'],['Normal'],[],[],[],D14,False,"['60 to 64', '80 to 84']",3.0
1219703.0,2011-01-05 10:00:00,1951,2011,FINCH AVE E,WARDEN AVE,Major Arterial,Scarborough,43.796945,-79.31499,635555.1928,4850699.173,At Intersection,No Control,Clear,Dark,Wet,148,East L'Amoreaux,117,L'Amoreaux (117),Non-Fatal Injury,0,0,1,0,0,0,0,0,0,1,0,0,0,Rear End,['Driver'],West,"['Automobile, Station Wagon']","['Going Ahead', 'Stopped']","['Following too Close', 'Driving Properly']",['Normal'],[],[],[],[],[],[],D42,False,"['70 to 74', '40 to 44']",3.0
1219821.0,2011-02-23 10:00:00,1203,2011,DON MILLS RD,THE DONWAY  E,Major Arterial,North York,43.740845,-79.34449,633306.534,4844420.512,At Intersection,Traffic Signal,Clear,Daylight,Dry,42,Banbury-Don Mills,42,Banbury-Don Mills (42),Non-Fatal Injury,1,0,1,0,0,0,0,0,0,1,0,0,0,Pedestrian Collisions,"['Vehicle Owner', 'Driver', 'Pedestrian']",East,"['Other', 'Automobile, Station Wagon']","['Turning Right', 'Other']",['Failed to Yield Right of Way'],['Inattentive'],['Vehicle turns right while ped crosses with ROW at inter.'],['Crossing with right of way'],['Normal'],[],[],[],D33,False,"['unknown', '65 to 69', '80 to 84']",3.0
1219842.0,2011-02-23 10:00:00,1840,2011,BLOOR ST W,RESURRECTION RD,Major Arterial,Etobicoke York,43.643045,-79.53079,618497.4299,4833275.6037,Unknown,Traffic Signal,Clear,Dark,Dry,159,Etobicoke City Centre,14,Islington-City Centre West (14),Non-Fatal Injury,1,0,1,0,0,0,0,0,0,0,0,0,0,Pedestrian Collisions,"['Vehicle Owner', 'Driver', 'Pedestrian']",East,"['Other', 'Automobile, Station Wagon']",['Going Ahead'],['Driving Properly'],['Normal'],['Vehicle is going straight thru inter.while ped cross without ROW'],['Crossing without right of way'],['Unknown'],[],[],[],D22,False,"['unknown', '45 to 49', '65 to 69']",3.0
1219857.0,2011-01-05 10:00:00,1639,2011,KENNEDY RD,CARDWELL AVE,Major Arterial,Scarborough,43.785745,-79.28949,637632.3386,4849497.3186,At Intersection,Traffic Signal,Clear,Dark,Wet,118,Tam O'Shanter-Sullivan,118,Tam O'Shanter-Sullivan (118),Non-Fatal Injury,1,0,1,0,0,0,0,0,0,0,0,0,0,Pedestrian Collisions,"['Vehicle Owner', 'Driver', 'Pedestrian']",East,"['Other', 'Automobile, Station Wagon']",['Turning Right'],['Driving Properly'],['Normal'],['Vehicle turns right while ped crosses without ROW at inter.'],['Crossing without right of way'],['Normal'],[],[],[],D42,False,"['unknown', '20 to 24', '75 to 79']",3.0
1220029.0,2011-02-24 10:00:00,1110,2011,KINGSTON RD,BRINLOOR BLVD,Major Arterial,Scarborough,43.741145,-79.214465,643775.9361,4844671.2759,At Intersection,Stop Sign,Rain,Daylight,Wet,139,Scarborough Village,139,Scarborough Village (139),Non-Fatal Injury,0,0,1,0,0,0,0,1,0,0,0,0,0,Turning Movement,"['Vehicle Owner', 'Driver', 'Passenger']",East,"['Other', 'Automobile, Station Wagon']","['Turning Left', 'Going Ahead']","['Improper Turn', 'Driving Properly']",['Normal'],[],[],[],[],[],[],D43,False,"['unknown', '60 to 64', '70 to 74', '35 to 39']",3.0
1220060.0,2011-02-24 10:00:00,2239,2011,ROYAL YORK RD,USHER AVE,Minor Arterial,Etobicoke York,43.655045,-79.51479,619764.0509,4834631.3244,At Intersection,No Control,Clear,Dark,Dry,15,Kingsway South,15,Kingsway South (15),Non-Fatal Injury,0,0,1,0,0,0,0,0,0,0,0,1,0,Approaching,"['Driver', 'Vehicle Owner']",North,"['Automobile, Station Wagon', 'Other']",['Going Ahead'],"['Driving Properly', 'Other']","['Normal', 'Ability Impaired, Alcohol Over .08']",[],[],[],[],[],[],D22,False,"['40 to 44', 'unknown', '20 to 24']",3.0
1220073.0,2011-01-06 10:00:00,1415,2011,QUEEN ST W,YORK ST,Major Arterial,Toronto and East York,43.651045,-79.38579,630175.0697,4834381.3454,Unknown,No Control,Snow,Daylight,Wet,170,Yonge-Bay Corridor,76,Bay Street Corridor (76),Non-Fatal Injury,1,0,0,0,0,1,0,0,0,0,0,0,0,Pedestrian Collisions,"['Pedestrian', 'Vehicle Owner', 'Driver']",South,"['Other', 'Municipal Transit Bus (TTC)']",['Going Ahead'],['Driving Properly'],['Unknown'],['Pedestrian involved in a collision with transit vehicle anywhere along roadway'],['Walking on Roadway Against Traffic'],"['Ability Impaired, Alcohol']",[],[],[],D52,False,"['20 to 24', 'unknown', '40 to 44']",3.0
1220130.0,2011-01-06 10:00:00,2030,2011,ELLESMERE RD,GANDER DR,Major Arterial,Scarborough,43.777545,-79.22659,642713.0148,4848693.0868,Unknown,Traffic Signal,Snow,Dark,Loose Snow,141,Golfdale-Cedarbrae-Woburn,137,Woburn (137),Non-Fatal Injury,0,0,1,0,0,0,0,1,0,0,0,0,0,Sideswipe,"['Driver', 'Passenger']",East,"['Automobile, Station Wagon', 'Other']",['Going Ahead'],"['Lost control', 'Driving Properly']",['Normal'],[],[],[],[],[],[],D43,False,"['40 to 44', '50 to 54']",3.0
1220521.0,2011-01-01 10:00:00,328,2011,HIGH PARK AVE,DUNDAS ST W,Local,Toronto and East York,43.665045,-79.47019,623340.0507,4835807.2925,Unknown,No Control,Clear,Dark,Wet,90,Junction Area,90,Junction Area (90),Non-Fatal Injury,1,0,1,0,0,0,0,0,0,0,0,0,0,Pedestrian Collisions,"['Driver', 'Pedestrian']",South,"['Automobile, Station Wagon', 'Other']",['Going Ahead'],['Driving Properly'],['Normal'],['Other / Undefined'],['Other'],"['Ability Impaired, Alcohol']",[],[],[],D11,False,"['55 to 59', '25 to 29']",3.0
1220905.0,2011-01-10 10:00:00,1232,2011,SHEPPARD AVE W,BEECROFT RD,Major Arterial,North York,43.761045,-79.41319,627731.5764,4846555.7719,Unknown,Traffic Signal,Clear,Daylight,Dry,38,Lansing-Westgate,38,Lansing-Westgate (38),Non-Fatal Injury,1,0,1,0,0,0,0,0,0,1,0,0,0,Pedestrian Collisions,"['Vehicle Owner', 'Driver', 'Pedestrian']",East,"['Other', 'Automobile, Station Wagon']",['Turning Right'],['Failed to Yield Right of Way'],['Normal'],['Vehicle turns right while ped crosses with ROW at inter.'],['Crossing with right of way'],['Normal'],[],[],[],D32,False,"['unknown', '45 to 49', '65 to 69']",3.0
1221014.0,2011-01-11 10:00:00,1140,2011,DUNDAS ST W,BAY ST,Major Arterial,Toronto and East York,43.655745,-79.38379,630326.1909,4834906.4816,At Intersection,Traffic Signal,Clear,Daylight,Dry,170,Yonge-Bay Corridor,76,Bay Street Corridor (76),Non-Fatal Injury,1,0,1,0,0,0,0,1,0,1,0,0,0,Pedestrian Collisions,"['Passenger', 'Driver', 'Other Property Owner', 'Pedestrian']",East,"['Other', 'Automobile, Station Wagon']","['Going Ahead', 'Turning Left']","['Driving Properly', 'Failed to Yield Right of Way']",['Inattentive'],['Pedestrian hit on sidewalk or shoulder'],['On Sidewalk or Shoulder'],['Normal'],[],[],[],D52,False,"['30 to 34', '25 to 29', '40 to 44', 'unknown', '65 to 69']",3.0
1221095.0,2011-03-02 10:00:00,558,2011,FOREST MANOR Road,PARKWAY FOREST Driv,Collector,North York,43.775045,-79.34339,633319.1325,4848220.7104,Unknown,Stop Sign,Clear,Daylight,Dry,53,Henry Farm,53,Henry Farm (53),Non-Fatal Injury,0,0,1,0,0,0,0,0,0,0,0,0,1,SMV Other,"['Vehicle Owner', 'Driver']",East,"['Other', 'Automobile, Station Wagon']",['Going Ahead'],['Lost control'],['Medical or Physical Disability'],[],[],[],[],[],[],D33,False,"['unknown', '30 to 34']",3.0
1221131.0,2011-01-12 10:00:00,334,2011,AVENUE RD,LAWRENCE AVE W,Major Arterial,North York,43.722245,-79.41559,627620.798,4842242.7638,At Intersection,Traffic Signal,Snow,Dark,Packed Snow,39,Bedford Park-Nortown,39,Bedford Park-Nortown (39),Non-Fatal Injury,0,0,1,0,0,1,0,1,0,1,1,0,0,Angle,"['Passenger', 'Vehicle Owner', 'Driver']",East,"['Other', 'Automobile, Station Wagon', 'Municipal Transit Bus (TTC)']",['Going Ahead'],"['Driving Properly', 'Disobeyed Traffic Control']",['Normal'],[],[],[],[],[],[],D53,False,"['35 to 39', 'unknown', '25 to 29', '45 to 49']",3.0
1221155.0,2011-01-11 10:00:00,1956,2011,QUEEN ST W,RYERSON AVE,Major Arterial,Toronto and East York,43.647545,-79.40219,628859.9918,4833967.0288,Unknown,No Control,Snow,Dark,Loose Snow,164,Wellington Place,77,Waterfront Communities-The Island (77),Non-Fatal Injury,1,0,0,0,1,0,0,0,0,0,0,1,0,Pedestrian Collisions,"['Truck Driver', 'Vehicle Owner', 'Pedestrian']",Unknown,"['Truck - Open', 'Other']",['Going Ahead'],['Other'],"['Ability Impaired, Alcohol Over .08']",['Pedestrian hit at mid-block'],['Person Getting on/off Vehicle'],['Normal'],[],[],[],D14,False,"['40 to 44', 'unknown', '55 to 59']",3.0
1221211.0,2011-01-13 10:00:00,656,2011,HUMBER BLVD,ALLIANCE AVE,Collector,Etobicoke York,43.678744,-79.483386,622248.3054,4837309.2144,Unknown,Pedestrian Crossover,Clear,Dark,Wet,111,Rockcliffe-Smythe,111,Rockcliffe-Smythe (111),Non-Fatal Injury,1,0,1,0,0,0,0,0,0,1,0,0,0,Pedestrian Collisions,"['Driver', 'Pedestrian']",South,"['Automobile, Station Wagon', 'Other']",['Going Ahead'],['Disobeyed Traffic Control'],['Inattentive'],['Pedestrian hit a PXO/ped. Mid-block signal'],"['Crossing, Pedestrian Crossover']",['Normal'],[],[],[],D12,False,"['60 to 64', '30 to 34']",3.0
1221788.0,2011-03-05 10:00:00,2257,2011,EGLINTON Aven W,SCARLETT Road,Major Arterial,Etobicoke York,43.683945,-79.51149,619972.5666,4837845.817,At Intersection,Traffic Signal,Rain,Dark,Wet,9,Edenbridge-Humber Valley,9,Edenbridge-Humber Valley (9),Non-Fatal Injury,1,0,1,0,0,0,0,0,0,0,0,0,0,Pedestrian Collisions,"['Vehicle Owner', 'Driver', 'Pedestrian']",North,"['Other', 'Automobile, Station Wagon']",['Going Ahead'],['Driving Properly'],['Normal'],['Vehicle is going straight thru inter.while ped cross without ROW'],['Crossing without right of way'],['Medical or Physical Disability'],[],[],[],D22,False,"['unknown', '45 to 49', '20 to 24']",3.0
1222866.0,2011-03-12 10:00:00,1917,2011,CHURCH ST,GOULD ST,Minor Arterial,Toronto and East York,43.658245,-79.37789,630796.5256,4835193.4235,At Intersection,Traffic Signal,Clear,Dark,Wet,168,Downtown Yonge East,75,Church-Yonge Corridor (75),Non-Fatal Injury,1,0,1,0,0,0,0,0,0,0,0,0,0,Pedestrian Collisions,"['Driver', 'Pedestrian']",East,"['Automobile, Station Wagon', 'Other']",['Going Ahead'],['Driving Properly'],['Normal'],['Vehicle is going straight thru inter.while ped cross without ROW'],['Crossing without right of way'],['Unknown'],[],[],[],D51,False,"['20 to 24', '75 to 79']",3.0
1222908.0,2011-03-13 09:00:00,1350,2011,LAWRENCE AVE E,BARRYMORE RD,Major Arterial,Scarborough,43.754245,-79.25159,640755.7874,4846062.4676,At Intersection,Traffic Signal,Clear,Daylight,Dry,157,Bendale South,127,Bendale (127),Non-Fatal Injury,1,0,1,0,0,0,0,0,0,0,0,0,0,Pedestrian Collisions,"['Driver', 'Pedestrian']",North,"['Automobile, Station Wagon', 'Other']",['Going Ahead'],['Driving Properly'],['Unknown'],['Vehicle is going straight thru inter.while ped cross without ROW'],['Crossing without right of way'],[],[],[],[],D43,False,"['15 to 19', '45 to 49']",3.0
1222965.0,2011-01-16 10:00:00,2005,2011,ST CLAIR AVE W,GUNNS RD,Major Arterial,Etobicoke York,43.671745,-79.47109,623253.7742,4836550.0784,At Intersection,Traffic Signal,Clear,Dark,Dry,90,Junction Area,90,Junction Area (90),Non-Fatal Injury,0,0,1,0,0,0,0,0,1,1,0,0,0,Rear End,['Driver'],West,"['Automobile, Station Wagon']",['Going Ahead'],"['Driving Properly', 'Speed too Fast For Condition']","['Normal', 'Inattentive']",[],[],[],[],[],[],D11,False,"['70 to 74', '55 to 59']",3.0
1223175.0,2011-03-15 08:00:00,1825,2011,MOUNT PLEASANT Road,MOORE Aven,Major Arterial,Toronto and East York,43.693545,-79.38469,630171.8618,4839103.2703,At Intersection,Traffic Signal,Clear,Daylight,Dry,98,Rosedale-Moore Park,98,Rosedale-Moore Park (98),Non-Fatal Injury,1,0,1,0,0,0,0,1,0,1,0,0,0,Pedestrian Collisions,"['Passenger', 'Driver', 'Pedestrian']",West,"['Other', 'Automobile, Station Wagon']",['Turning Left'],['Failed to Yield Right of Way'],['Normal'],['Vehicle turns left while ped crosses with ROW at inter.'],['Crossing with right of way'],['Normal'],[],[],[],D53,False,"['80 to 84', '75 to 79', '40 to 44']",3.0
1223675.0,2011-03-20 08:00:00,1953,2011,BELLAMY Road N,NELSON Stre,Minor Arterial,Scarborough,43.745745,-79.23069,642458.5286,4845154.1443,At Intersection,No Control,Clear,Dark,Dry,141,Golfdale-Cedarbrae-Woburn,137,Woburn (137),Non-Fatal Injury,0,0,1,0,0,0,0,1,0,0,0,0,0,SMV Other,"['Driver', 'Passenger']",North,"['Automobile, Station Wagon', 'Other']",['Going Ahead'],['Driving Properly'],['Normal'],[],[],[],[],[],[],D43,False,"['40 to 44', '30 to 34']",3.0
1223676.0,2011-03-20 08:00:00,2120,2011,EGLINTON Aven W,BRAEMAR Aven,Major Arterial,North York,43.704345,-79.40959,628142.2344,4840263.972,Unknown,No Control,Clear,Dark,Dry,100,Yonge-Eglinton,100,Yonge-Eglinton (100),Non-Fatal Injury,1,0,1,0,0,0,0,1,0,0,0,0,0,Pedestrian Collisions,"['Passenger', 'Driver', 'Pedestrian']",East,"['Other', 'Automobile, Station Wagon']",['Going Ahead'],['Driving Properly'],['Normal'],['Vehicle is going straight thru inter.while ped cross without ROW'],"['Crossing, no Traffic Control']",['Normal'],[],[],[],D53,False,"['45 to 49', '30 to 34', '25 to 29', '70 to 74']",3.0
1223946.0,2011-01-19 10:00:00,1545,2011,WESTON RD,AVON CRES,Major Arterial,Etobicoke York,43.681045,-79.47619,622823.6568,4837575.4025,At Intersection,Stop Sign,Clear,Daylight,Dry,111,Rockcliffe-Smythe,111,Rockcliffe-Smythe (111),Non-Fatal Injury,1,0,1,0,0,0,0,0,0,0,0,0,0,Pedestrian Collisions,"['Pedestrian', 'Driver']",East,"['Other', 'Automobile, Station Wagon']",['Turning Left'],['Driving Properly'],['Normal'],['Other / Undefined'],['Walking on Roadway with Traffic'],['Inattentive'],[],[],[],D12,False,"['45 to 49', '35 to 39']",3.0
1224097.0,2011-01-19 10:00:00,1930,2011,LAWRENCE AVE W,BROOKHAVEN DR,Major Arterial,Etobicoke York,43.704345,-79.49669,621124.3675,4840133.0304,At Intersection,Traffic Signal,Rain,Dark,Wet,30,Brookhaven-Amesbury,30,Brookhaven-Amesbury (30),Non-Fatal Injury,0,0,1,0,0,0,0,1,0,1,0,0,0,Rear End,"['Passenger', 'Driver']",East,"['Other', 'Automobile, Station Wagon']","['Stopped', 'Slowing or Stopping']","['Driving Properly', 'Following too Close']",['Normal'],[],[],[],[],[],[],D12,False,"['25 to 29', '35 to 39', '15 to 19']",3.0
1224139.0,2011-01-19 10:00:00,1351,2011,O CONNOR DR,WOODBINE AVE,Major Arterial,Toronto and East York,43.700148,-79.319026,635448.6706,4839941.8079,At Intersection,Traffic Signal,Snow,Daylight,Wet,60,Woodbine-Lumsden,60,Woodbine-Lumsden (60),Non-Fatal Injury,1,0,1,0,0,0,0,0,0,1,1,0,0,Pedestrian Collisions,"['Driver', 'Pedestrian']",South,"['Automobile, Station Wagon', 'Other']",['Going Ahead'],['Disobeyed Traffic Control'],['Inattentive'],['Vehicle is going straight thru inter.while ped cross with ROW'],['Crossing with right of way'],['Normal'],[],[],[],D55,False,"['65 to 69', '50 to 54']",3.0