accident_number,date,time,year,street1,street2,road_class,district,latitude,longitude,x,y,accident_location,traffctl,visibility,light,road_surface_condition,hood_158,neighbourhood_new,hood_140,neighbourhood_old,accident_class,pedestrian,cyclist,automobile,motorcycle,truck,trsn_city_veh,emerg_veh,passenger,speeding,aggressive_driving,redlight,alcohol,disability,impact_type,involvement_type,initial_direction,vehicle_type,manoeuver,driver_action,driver_condition,pedestrian_type,pedestrian_action,pedestrian_condition,cyclist_type,cyclist_action,cyclist_condition,division,injury,involvement_age,injury_severity_score
1224469.0,2011-01-20 10:00:00,1555,2011,STEELES AVE E,GORDON MURISON LANE,Minor Arterial,Scarborough,43.850945,-79.18899,645560.4108,4856910.8756,Unknown,No Control,Clear,Daylight,Wet,144,Morningside Heights,131,Rouge (131),Non-Fatal Injury,0,0,1,0,0,0,0,1,1,1,0,0,0,Rear End,"['Passenger', 'Driver']",West,"['Other', 'Automobile, Station Wagon']","['Going Ahead', 'Stopped']","['Speed too Fast For Condition', 'Driving Properly']",['Normal'],[],[],[],[],[],[],D42,False,"['60 to 64', '55 to 59', '50 to 54']",3.0
1224559.0,2011-03-24 08:00:00,1520,2011,WESTON RD,BELLEVUE Cres,Minor Arterial,Etobicoke York,43.699845,-79.51539,619626.6124,4839606.093,At Intersection,No Control,Clear,Daylight,Dry,113,Weston,113,Weston (113),Non-Fatal Injury,1,0,1,0,0,0,0,0,0,0,0,0,1,Pedestrian Collisions,"['Driver', 'Other Property Owner', 'Pedestrian']",North,"['Automobile, Station Wagon', 'Other']",['Pulling Onto Shoulder or towardCurb'],['Lost control'],['Medical or Physical Disability'],['Pedestrian hit on sidewalk or shoulder'],['On Sidewalk or Shoulder'],['Normal'],[],[],[],D12,False,"['40 to 44', 'unknown', '30 to 34']",3.0
1224587.0,2011-03-20 08:00:00,2215,2011,MARKHAM RD,DUNELM ST,Major Arterial,Scarborough,43.747145,-79.22069,643260.3629,4845326.8822,Unknown,No Control,Clear,Dark,Dry,139,Scarborough Village,139,Scarborough Village (139),Non-Fatal Injury,1,0,1,0,0,0,0,1,0,0,0,0,0,Pedestrian Collisions,"['Vehicle Owner', 'Passenger', 'Driver', 'Pedestrian']",North,"['Other', 'Automobile, Station Wagon']",['Going Ahead'],['Driving Properly'],['Normal'],['Pedestrian hit on sidewalk or shoulder'],['On Sidewalk or Shoulder'],['Medical or Physical Disability'],[],[],[],D43,False,"['unknown', '15 to 19', '85 to 89']",3.0
1224710.0,2011-03-24 08:00:00,2225,2011,SHEPPARD AVE E,MURISON BLVD,Major Arterial,Scarborough,43.799145,-79.21289,643763.7216,4851115.8211,At Intersection,Traffic Signal,Clear,Dark,Dry,146,Malvern East,132,Malvern (132),Fatal,1,0,1,0,0,0,0,0,1,1,0,0,0,Pedestrian Collisions,"['Driver', 'Pedestrian']",East,"['Automobile, Station Wagon', 'Other']",['Going Ahead'],['Exceeding Speed Limit'],['Normal'],['Vehicle is going straight thru inter.while ped cross without ROW'],['Crossing without right of way'],['Normal'],[],[],[],D42,True,"['30 to 34', '20 to 24']",4.0
1224921.0,2011-03-28 08:00:00,1152,2011,NORTH QUEEN ST,ATOMIC AVE,Minor Arterial,Etobicoke York,43.621845,-79.54319,617538.6327,4830903.4525,Unknown,No Control,Clear,Daylight,Dry,159,Etobicoke City Centre,14,Islington-City Centre West (14),Fatal,0,0,1,0,1,0,0,0,0,0,0,0,0,Approaching,"['Driver', 'Vehicle Owner', 'Truck Driver']",West,"['Automobile, Station Wagon', 'Other', 'Truck - Open']",['Going Ahead'],"['Lost control', 'Driving Properly']","['Unknown', 'Normal']",[],[],[],[],[],[],D22,True,"['70 to 74', 'unknown', '50 to 54', '25 to 29']",4.0
1224926.0,2011-03-28 08:00:00,1555,2011,DON VALLEY PARKWAY  N,DON MILLS Road,Expressway,Toronto and East York,43.699545,-79.33849,633881.6352,4839843.221,Unknown,No Control,Clear,Daylight,Dry,58,Old East York,58,Old East York (58),Non-Fatal Injury,0,0,1,0,0,0,0,1,1,1,0,0,0,Rear End,"['Driver', 'Passenger']",North,"['Automobile, Station Wagon', 'Other']","['Slowing or Stopping', 'Going Ahead']","['Driving Properly', 'Speed too Fast For Condition']",['Normal'],[],[],[],[],[],[],D55,False,"['25 to 29', '20 to 24']",3.0
1224952.0,2011-01-22 10:00:00,1545,2011,BATHURST ST,DUPONT ST,Major Arterial,Toronto and East York,43.673145,-79.41439,627821.7421,4836791.3758,At Intersection,Traffic Signal,Snow,Daylight,Loose Snow,95,Annex,95,Annex (95),Non-Fatal Injury,0,0,1,0,0,0,0,0,0,1,0,0,0,Turning Movement,['Driver'],East,"['Automobile, Station Wagon']","['Turning Left', 'Going Ahead']","['Failed to Yield Right of Way', 'Driving Properly']",['Normal'],[],[],[],[],[],[],D14,False,"['60 to 64', '40 to 44']",3.0
1225017.0,2011-01-21 10:00:00,1150,2011,DUNDAS ST W,BAY ST,Major Arterial,Toronto and East York,43.655845,-79.38299,630390.4846,4834918.8448,Unknown,No Control,Clear,Daylight,Wet,170,Yonge-Bay Corridor,76,Bay Street Corridor (76),Non-Fatal Injury,0,1,1,0,0,0,0,0,0,0,0,0,0,Cyclist Collisions,"['Driver', 'Cyclist']",East,"['Automobile, Station Wagon', 'Bicycle']","['Changing Lanes', 'Overtaking']",['Improper Lane Change'],['Inattentive'],[],[],[],['Cyclist and Driver travelling in same direction. One vehicle sideswipes the other.'],['Driving Properly'],['Normal'],D52,False,"['40 to 44', '20 to 24']",3.0
1225333.0,2011-01-11 10:00:00,615,2011,EGLINTON AVE E,IONVIEW RD,Major Arterial,Scarborough,43.731445,-79.27119,639230.7167,4843497.0611,At Intersection,Traffic Signal,Clear,Dawn,Wet,125,Ionview,125,Ionview (125),Non-Fatal Injury,0,0,1,0,0,0,0,1,0,1,0,0,0,Rear End,"['Driver', 'Passenger', 'Vehicle Owner']",West,"['Automobile, Station Wagon', 'Other']","['Stopped', 'Going Ahead']","['Driving Properly', 'Following too Close']",['Normal'],[],[],[],[],[],[],D41,False,"['40 to 44', '30 to 34', 'unknown']",3.0
1225497.0,2011-01-26 10:00:00,1730,2011,BAY ST,TEMPERANCE ST W,Major Arterial,Toronto and East York,43.650445,-79.38099,630563.4613,4834322.2485,Unknown,No Control,Clear,Dark,Dry,170,Yonge-Bay Corridor,76,Bay Street Corridor (76),Non-Fatal Injury,0,1,1,0,0,0,0,0,0,1,0,0,0,Cyclist Collisions,"['Driver', 'Cyclist']",South,"['Automobile, Station Wagon', 'Bicycle']","['Making U Turn', 'Going Ahead']",['Failed to Yield Right of Way'],['Inattentive'],[],[],[],['Motorist makes u-turn in-front of cyclist.'],['Driving Properly'],['Normal'],D52,False,"['45 to 49', '55 to 59']",3.0
1225560.0,2011-03-31 08:00:00,607,2011,DUNDAS ST E,OSKENONTON  LANE,Major Arterial,Toronto and East York,43.658445,-79.37019,631416.9745,4835227.8033,At Intersection,No Control,Rain,Dawn,Wet,73,Moss Park,73,Moss Park (73),Non-Fatal Injury,1,0,1,0,0,0,0,0,0,0,0,0,0,Pedestrian Collisions,"['Driver', 'Pedestrian']",East,"['Automobile, Station Wagon', 'Other']",['Going Ahead'],['Driving Properly'],['Normal'],['Vehicle is going straight thru inter.while ped cross without ROW'],"['Crossing, no Traffic Control']",['Inattentive'],[],[],[],D51,False,"['50 to 54', '65 to 69']",3.0
1225643.0,2011-01-27 10:00:00,1035,2011,NORTH QUEEN ST,VANSCO RD,Minor Arterial,Etobicoke York,43.623545,-79.53579,618132.3564,4831102.7603,Unknown,No Control,Clear,Daylight,Dry,159,Etobicoke City Centre,14,Islington-City Centre West (14),Non-Fatal Injury,0,0,1,0,0,1,0,0,0,0,0,0,0,Sideswipe,"['Driver', 'Vehicle Owner', 'Other Property Owner']",West,"['Automobile, Station Wagon', 'Other', 'Municipal Transit Bus (TTC)']","['Going Ahead', 'Stopped']","['Lost control', 'Driving Properly']",['Normal'],[],[],[],[],[],[],D22,False,"['25 to 29', 'unknown', '55 to 59']",3.0
1226172.0,2011-04-04 08:00:00,319,2011,SHEPPARD AVE W,WESTON RD,Major Arterial,Etobicoke York,43.733745,-79.53819,617723.0235,4843338.5169,At Intersection,Traffic Signal,Rain,Dark,Wet,23,Pelmo Park-Humberlea,23,Pelmo Park-Humberlea (23),Non-Fatal Injury,0,0,1,0,0,0,0,0,0,0,0,0,0,SMV Other,"['Driver', 'Other Property Owner']",West,"['Automobile, Station Wagon', 'Other']",['Going Ahead'],['Lost control'],['Unknown'],[],[],[],[],[],[],D31,False,"['35 to 39', 'unknown']",3.0
1226385.0,2011-01-31 10:00:00,745,2011,KINGSTON RD,CATHEDRAL BLUFFS DR,Major Arterial,Scarborough,43.725145,-79.23239,642370.4615,4842863.2824,At Intersection,Traffic Signal,Clear,Daylight,Dry,123,Cliffcrest,123,Cliffcrest (123),Non-Fatal Injury,1,0,1,0,0,0,0,0,0,1,0,0,0,Pedestrian Collisions,"['Driver', 'Pedestrian']",North,"['Automobile, Station Wagon', 'Other']",['Turning Left'],['Failed to Yield Right of Way'],['Normal'],['Vehicle turns left while ped crosses with ROW at inter.'],['Crossing with right of way'],['Normal'],[],[],[],D43,False,"['45 to 49', '20 to 24']",3.0
1226490.0,2011-04-05 08:00:00,745,2011,DUNDAS ST W,BLOOR ST W,Minor Arterial,Toronto and East York,43.655745,-79.45229,624802.5083,4834801.1727,Unknown,No Control,Clear,Daylight,Dry,86,Roncesvalles,86,Roncesvalles (86),Non-Fatal Injury,1,0,1,0,0,0,0,0,0,0,0,0,0,Pedestrian Collisions,"['Other', 'Pedestrian', 'Driver']",North,"['Other', 'Automobile, Station Wagon']","['Other', 'Slowing or Stopping']",['Driving Properly'],['Normal'],['Pedestrian hit at mid-block'],"['Crossing, no Traffic Control']",['Normal'],[],[],[],D11,False,"['25 to 29', '60 to 64', '20 to 24']",3.0
1226853.0,2011-04-07 08:00:00,2040,2011,WILLOWDALE Aven,REVCOE Driv,Minor Arterial,North York,43.785745,-79.40909,628008.902,4849305.4155,Unknown,No Control,Clear,Dark,Dry,50,Newtonbrook East,50,Newtonbrook East (50),Non-Fatal Injury,0,0,1,0,0,0,0,0,1,1,0,0,1,Rear End,"['Vehicle Owner', 'Driver']",North,"['Other', 'Automobile, Station Wagon']",['Going Ahead'],"['Driving Properly', 'Following too Close']","['Normal', 'Medical or Physical Disability']",[],[],[],[],[],[],D32,False,"['unknown', '55 to 59', '75 to 79']",3.0
1227443.0,2011-04-11 08:00:00,1750,2011,LA ROSE Aven,TIMOTHY Cour,Collector,Etobicoke York,43.685845,-79.51959,619315.9418,4838045.1522,Unknown,Pedestrian Crossover,Clear,Daylight,Dry,8,Humber Heights-Westmount,8,Humber Heights-Westmount (8),Non-Fatal Injury,1,0,1,0,0,0,0,0,0,0,0,0,0,Pedestrian Collisions,"['Driver', 'Pedestrian']",West,"['Automobile, Station Wagon', 'Other']","['Going Ahead', 'Other']",[],[],[],[],[],[],[],[],D23,False,"['80 to 84', 'unknown']",3.0
1227844.0,2011-02-12 10:00:00,114,2011,QUEEN ST W,CLAREMONT ST,Major Arterial,Toronto and East York,43.646045,-79.40959,628266.384,4833788.9706,Unknown,No Control,Snow,Dark,Wet,162,West Queen West,82,Niagara (82),Non-Fatal Injury,1,0,1,0,0,0,0,0,0,0,0,0,0,Pedestrian Collisions,"['Vehicle Owner', 'Driver', 'Pedestrian']",East,"['Other', 'Automobile, Station Wagon']",['Going Ahead'],['Other'],['Had Been Drinking'],['Pedestrian hit at mid-block'],"['Crossing, no Traffic Control']",['Had Been Drinking'],[],[],[],D14,False,"['unknown', '25 to 29']",3.0
1227964.0,2020-07-03 08:00:00,1703,2020,BROADVIEW AVE,HILLSIDE DR,Minor Arterial,Toronto and East York,43.685908,-79.356258,632479.9288,4838300.1034,At Intersection,Traffic Signal,Clear,Daylight,Dry,57,Broadview North,57,Broadview North (57),Non-Fatal Injury,0,0,1,1,0,0,0,1,0,1,0,0,0,Turning Movement,"['Driver', 'Motorcycle Driver', 'Passenger']",North,"['Automobile, Station Wagon', 'Motorcycle']","['Turning Left', 'Going Ahead']","['Failed to Yield Right of Way', 'Driving Properly']",['Normal'],[],[],[],[],[],[],D55,False,"['25 to 29', '20 to 24', '5 to 9']",3.0
1228029.0,2011-03-25 08:00:00,720,2011,315 MAIN ST,Not Applicable,Minor Arterial,Toronto and East York,43.689044,-79.302287,636822.724,4838736.0356,Unknown,No Control,Clear,Daylight,Dry,62,East End-Danforth,62,East End-Danforth (62),Non-Fatal Injury,1,0,1,0,0,0,0,0,0,0,0,0,0,Pedestrian Collisions,"['Driver', 'Pedestrian']",East,"['Automobile, Station Wagon', 'Other']",['Pulling Away from Shoulder or Curb'],[],[],['Pedestrian hit at mid-block'],"['Crossing, no Traffic Control']",['Normal'],[],[],[],D55,False,"['unknown', '45 to 49']",3.0
1228390.0,2011-04-17 08:00:00,1130,2011,WILSON AVE,HIGHVIEW AVE,Major Arterial,North York,43.723345,-79.49679,621078.0421,4842243.0998,At Intersection,Traffic Signal,Clear,Daylight,Dry,154,Oakdale-Beverley Heights,26,Downsview-Roding-CFB (26),Non-Fatal Injury,0,0,1,0,0,0,0,0,0,0,0,0,0,SMV Other,"['Driver', 'Other Property Owner']",East,"['Automobile, Station Wagon', 'Other']",['Going Ahead'],['Lost control'],['Other'],[],[],[],[],[],[],D31,False,"['70 to 74', 'unknown']",3.0
1228585.0,2011-04-18 08:00:00,1024,2011,HIGHWAY 27  N,CARRIER DR,Major Arterial,Etobicoke York,43.739845,-79.60559,612283.7042,4843922.4604,At Intersection,No Control,Clear,Daylight,Dry,1,West Humber-Clairville,1,West Humber-Clairville (1),Non-Fatal Injury,0,0,1,0,1,0,0,1,0,0,0,0,0,Sideswipe,"['Passenger', 'Driver', 'Vehicle Owner', 'Truck Driver']",North,"['Other', 'Automobile, Station Wagon', 'Truck - Open']","['Unknown', 'Going Ahead']","['Lost control', 'Driving Properly']",['Normal'],[],[],[],[],[],[],D23,False,"['30 to 34', '85 to 89', 'unknown', '45 to 49']",3.0
1228586.0,2011-04-18 08:00:00,1315,2011,DUNDAS ST W,BAY ST,Major Arterial,Toronto and East York,43.655945,-79.38279,630406.3957,4834930.2654,Unknown,No Control,Clear,Daylight,Dry,170,Yonge-Bay Corridor,76,Bay Street Corridor (76),Non-Fatal Injury,0,1,1,0,0,0,0,0,0,1,0,0,0,Cyclist Collisions,"['Vehicle Owner', 'Driver', 'Cyclist']",East,"['Other', 'Automobile, Station Wagon', 'Bicycle']","['Pulling Away from Shoulder or Curb', 'Going Ahead']",['Failed to Yield Right of Way'],['Normal'],[],[],[],['Cyclist and Driver travelling in same direction. One vehicle sideswipes the other.'],['Driving Properly'],['Normal'],D52,False,"['unknown', '25 to 29']",3.0
1228657.0,2011-02-16 10:00:00,1200,2011,SHEPPARD Aven E,IDAGROVE Gate,Major Arterial,Scarborough,43.807345,-79.17559,646744.2701,4852092.0415,At Intersection,Traffic Signal,Clear,Daylight,Dry,144,Morningside Heights,131,Rouge (131),Non-Fatal Injury,1,0,1,0,0,0,0,0,0,1,0,0,0,Pedestrian Collisions,"['Driver', 'Other Property Owner', 'Pedestrian']",East,"['Automobile, Station Wagon', 'Other']","['Going Ahead', 'Turning Left']","['Driving Properly', 'Failed to Yield Right of Way']",['Normal'],['Pedestrian hit on sidewalk or shoulder'],['On Sidewalk or Shoulder'],['Normal'],[],[],[],D42,False,"['55 to 59', '25 to 29', 'unknown', '60 to 64']",3.0
1228956.0,2011-02-20 10:00:00,908,2011,TAPSCOTT RD,WASHBURN WAY,Minor Arterial,Scarborough,43.804445,-79.22419,642842.0522,4851684.9032,Unknown,Traffic Signal,Clear,Daylight,Dry,145,Malvern West,132,Malvern (132),Non-Fatal Injury,1,0,1,0,0,0,0,0,0,0,0,0,0,Pedestrian Collisions,"['Driver', 'Pedestrian']",North,"['Automobile, Station Wagon', 'Other']",['Turning Left'],['Improper Turn'],['Other'],['Vehicle turns left while ped crosses with ROW at inter.'],['Crossing with right of way'],['Normal'],[],[],[],D42,False,"['30 to 34', '45 to 49']",3.0
1228966.0,2020-07-03 08:00:00,1920,2020,ORMONT DR,WESTON RD,Major Arterial,Etobicoke York,43.764804,-79.545314,617088.7312,4846777.9729,At Intersection,Traffic Signal,Clear,Daylight,Dry,21,Humber Summit,21,Humber Summit (21),Non-Fatal Injury,0,0,1,1,0,0,0,0,1,1,1,0,0,Angle,"['Driver', 'Motorcycle Driver']",North,"['Automobile, Station Wagon', 'Motorcycle']",['Going Ahead'],"['Driving Properly', 'Disobeyed Traffic Control']","['Normal', 'Inattentive']",[],[],[],[],[],[],D31,False,"['35 to 39', '25 to 29']",3.0
1228987.0,2011-04-20 08:00:00,538,2011,MARKHAM RD,HIGHWAY 401 C  E,Major Arterial,Scarborough,43.785345,-79.23519,642002.4632,4849544.6111,Unknown,No Control,Rain,Dark,Wet,142,Woburn North,137,Woburn (137),Non-Fatal Injury,0,1,1,0,0,0,0,0,1,1,0,0,0,Cyclist Collisions,"['Driver', 'Cyclist']",North,"['Automobile, Station Wagon', 'Bicycle']",['Going Ahead'],['Speed too Fast For Condition'],['Inattentive'],[],[],[],['Cyclist and Driver travelling in same direction. One vehicle rear-ended the other.'],['Driving Properly'],['Normal'],D43,False,"['50 to 54', '35 to 39']",3.0
1229003.0,2011-04-20 08:00:00,1910,2011,4335 BLOOR ST W,Not Applicable,Major Arterial,Etobicoke York,43.631645,-79.57599,614873.5681,4831945.9536,Unknown,No Control,Clear,Daylight,Dry,12,Markland Wood,12,Markland Wood (12),Non-Fatal Injury,1,0,1,0,0,0,0,0,0,0,0,0,0,Pedestrian Collisions,"['Driver', 'Pedestrian']",North,"['Automobile, Station Wagon', 'Other']",['Turning Left'],['Driving Properly'],['Normal'],['Vehicle turns left while ped crosses without ROW at inter.'],"['Crossing, no Traffic Control']",['Inattentive'],[],[],[],D22,False,"['40 to 44', '55 to 59']",3.0
1229005.0,2011-04-20 08:00:00,1730,2011,MIDLAND AVE,GILDER DR,Major Arterial,Scarborough,43.736045,-79.25879,640218.6331,4844028.871,Unknown,Traffic Signal,Clear,Daylight,Dry,138,Eglinton East,138,Eglinton East (138),Non-Fatal Injury,1,0,1,0,0,0,0,0,0,0,0,0,0,Pedestrian Collisions,"['Vehicle Owner', 'Driver', 'Pedestrian']",East,"['Other', 'Automobile, Station Wagon']",['Going Ahead'],['Driving Properly'],['Normal'],['Vehicle is going straight thru inter.while ped cross without ROW'],['Running onto Roadway'],['Normal'],[],[],[],D41,False,"['unknown', '35 to 39', '10 to 14']",3.0
1229063.0,2011-03-18 08:00:00,130,2011,UNIVERSITY Aven,QUEEN Stre W,Major Arterial,Toronto and East York,43.650845,-79.38659,630110.9864,4834357.8781,At Intersection,Traffic Signal,Clear,Dark,Dry,170,Yonge-Bay Corridor,76,Bay Street Corridor (76),Non-Fatal Injury,0,0,1,0,0,0,0,0,0,1,1,0,0,Angle,"['Driver', 'Vehicle Owner']",North,"['Automobile, Station Wagon', 'Other']",['Going Ahead'],"['Disobeyed Traffic Control', 'Driving Properly']","['Inattentive', 'Normal']",[],[],[],[],[],[],D52,False,"['45 to 49', 'unknown', '40 to 44']",3.0
1229092.0,2011-02-20 10:00:00,1339,2011,25 ST DENNIS DR,Not Applicable,Collector,North York,43.717645,-79.33409,634195.784,4841860.5992,Unknown,No Control,Clear,Daylight,Dry,44,Flemingdon Park,44,Flemingdon Park (44),Non-Fatal Injury,0,0,1,0,0,0,0,1,0,1,0,0,0,Turning Movement,"['Passenger', 'Driver']",East,"['Other', 'Automobile, Station Wagon']","['Going Ahead', 'Making U Turn']","['Driving Properly', 'Failed to Yield Right of Way']","['Normal', 'Inattentive']",[],[],[],[],[],[],D55,False,"['70 to 74', '75 to 79', '40 to 44']",3.0
1230262.0,2011-02-18 10:00:00,1233,2011,ST CLAIR Aven W,MOULD Aven,Major Arterial,Etobicoke York,43.668145,-79.48699,621979.2694,4836126.7493,Unknown,Traffic Signal,Clear,Daylight,Dry,111,Rockcliffe-Smythe,111,Rockcliffe-Smythe (111),Non-Fatal Injury,0,0,1,0,0,0,0,0,1,1,0,0,0,Turning Movement,['Driver'],East,"['Automobile, Station Wagon']","['Going Ahead', 'Turning Left']","['Exceeding Speed Limit', 'Improper Turn']",['Normal'],[],[],[],[],[],[],D11,False,['50 to 54'],3.0
1230701.0,2011-04-30 08:00:00,1837,2011,F G GARDINER XY Expr E,CHERRY ST,Major Arterial,Toronto and East York,43.649045,-79.35619,632566.5347,4834206.0786,Unknown,No Control,Clear,Daylight,Dry,166,St Lawrence-East Bayfront-The Islands,77,Waterfront Communities-The Island (77),Fatal,0,0,1,1,0,0,0,0,1,1,0,0,0,SMV Other,"['Motorcycle Driver', 'Driver']",East,"['Motorcycle', 'Automobile, Station Wagon']",['Going Ahead'],"['Exceeding Speed Limit', 'Driving Properly']","['Had Been Drinking', 'Normal']",[],[],[],[],[],[],D51,True,['25 to 29'],4.0
1231402.0,2011-03-04 10:00:00,2135,2011,QUEEN Stre W,NIAGARA Stre,Major Arterial,Toronto and East York,43.645945,-79.40989,628242.4015,4833777.4007,At Intersection,Traffic Signal,Rain,Dark,Wet,162,West Queen West,82,Niagara (82),Non-Fatal Injury,1,0,1,0,0,0,0,0,0,1,0,0,0,Pedestrian Collisions,"['Driver', 'Pedestrian']",East,"['Automobile, Station Wagon', 'Other']",['Turning Right'],['Failed to Yield Right of Way'],['Inattentive'],['Vehicle turns right while ped crosses with ROW at inter.'],['Crossing with right of way'],['Normal'],[],[],[],D14,False,"['35 to 39', '25 to 29']",3.0
1231647.0,2011-02-19 10:00:00,357,2011,DUFFERIN ST,HALLAM ST,Major Arterial,Toronto and East York,43.665845,-79.43789,625942.5711,4835944.6698,Unknown,No Control,Clear,Daylight,Dry,172,Dovercourt Village,93,Dovercourt-Wallace Emerson-Junction (93),Non-Fatal Injury,0,0,1,0,0,0,0,0,0,1,0,1,0,Rear End,"['Driver', 'Vehicle Owner']",North,"['Automobile, Station Wagon', 'Other']",['Going Ahead'],"['Lost control', 'Driving Properly']","['Ability Impaired, Alcohol Over .08', 'Normal']",[],[],[],[],[],[],D14,False,"['25 to 29', 'unknown']",3.0
1232009.0,2011-05-06 08:00:00,1400,2011,YONGE ST,WILSON AVE,Major Arterial,North York,43.744145,-79.40669,628290.9096,4844688.8209,Unknown,Traffic Signal,Clear,Daylight,Dry,40,St.Andrew-Windfields,40,St.Andrew-Windfields (40),Non-Fatal Injury,0,0,1,0,0,0,0,1,0,1,0,0,0,Rear End,"['Driver', 'Passenger']",South,"['Automobile, Station Wagon', 'Other']","['Going Ahead', 'Stopped']","['Following too Close', 'Driving Properly']","['Other', 'Normal']",[],[],[],[],[],[],D32,False,"['70 to 74', '40 to 44']",3.0
1232010.0,2011-05-06 08:00:00,1400,2011,YONGE ST,MCGLASHAN RD,Major Arterial,North York,43.741845,-79.40619,628336.0837,4844434.1465,Unknown,No Control,Clear,Daylight,Dry,41,Bridle Path-Sunnybrook-York Mills,41,Bridle Path-Sunnybrook-York Mills (41),Non-Fatal Injury,0,0,1,0,0,0,0,0,1,1,0,0,0,Sideswipe,['Driver'],North,"['Automobile, Station Wagon']",['Going Ahead'],"['Lost control', 'Driving Properly']","['Other', 'Normal']",[],[],[],[],[],[],D32,False,"['70 to 74', '60 to 64', '50 to 54']",3.0
1232054.0,2011-05-07 08:00:00,910,2011,KEELE ST,INGRAM DR,Major Arterial,Etobicoke York,43.699445,-79.47599,622802.2211,4839619.2688,Unknown,Traffic Signal,Clear,Daylight,Dry,30,Brookhaven-Amesbury,30,Brookhaven-Amesbury (30),Non-Fatal Injury,0,0,1,0,0,0,0,0,0,0,0,0,1,SMV Other,['Driver'],West,"['Automobile, Station Wagon']",['Going Ahead'],['Lost control'],['Medical or Physical Disability'],[],[],[],[],[],[],D12,False,['75 to 79'],3.0
1232073.0,2011-05-07 08:00:00,1450,2011,DAVENPORT Road,DUFFERIN Stre,Minor Arterial,Toronto and East York,43.672845,-79.44159,625629.657,4836716.5027,Unknown,No Control,Clear,Daylight,Dry,171,Junction-Wallace Emerson,93,Dovercourt-Wallace Emerson-Junction (93),Non-Fatal Injury,1,0,1,1,0,0,0,0,0,1,0,0,0,Pedestrian Collisions,"['Pedestrian', 'Motorcycle Driver', 'Driver', 'Other', 'Vehicle Owner']",East,"['Other', 'Motorcycle', 'Automobile, Station Wagon']","['Going Ahead', 'Stopped', 'Parked']","['Improper Passing', 'Driving Properly']","['Unknown', 'Normal']",['Vehicle hits the pedestrian walking or running out from between parked vehicles at mid-block'],['Coming From Behind Parked Vehicle'],['Inattentive'],[],[],[],D13,False,"['15 to 19', '25 to 29', '50 to 54', 'unknown']",3.0
1232208.0,2011-03-08 10:00:00,1537,2011,255 MORNINGSIDE AVE,Not Applicable,Major Arterial,Scarborough,43.768345,-79.18619,645986.5816,4847741.7193,At Intersection,Traffic Signal,Clear,Daylight,Dry,136,West Hill,136,West Hill (136),Non-Fatal Injury,1,0,1,0,0,0,0,0,0,0,0,0,0,Pedestrian Collisions,"['Driver', 'Pedestrian']",East,"['Automobile, Station Wagon', 'Other']","['Turning Left', 'Other']",['Improper Turn'],['Normal'],['Vehicle turns left while ped crosses with ROW at inter.'],['Crossing with right of way'],['Normal'],[],[],[],D43,False,"['40 to 44', '75 to 79']",3.0
1232425.0,2011-04-08 08:00:00,1628,2011,EGLINTON AVE W,HEDDINGTON AVE,Major Arterial,North York,43.703445,-79.41389,627797.6846,4840157.3769,At Intersection,Traffic Signal,Clear,Daylight,Dry,101,Forest Hill South,101,Forest Hill South (101),Non-Fatal Injury,0,0,1,0,0,0,0,0,0,1,1,0,0,Rear End,"['Driver', 'Vehicle Owner']",West,"['Automobile, Station Wagon', 'Other']","['Slowing or Stopping', 'Going Ahead']","['Driving Properly', 'Disobeyed Traffic Control']",['Normal'],[],[],[],[],[],[],D53,False,"['70 to 74', '65 to 69', 'unknown', '35 to 39']",3.0
1232522.0,2011-03-09 10:00:00,1145,2011,JANE ST,ST JOHNS RD,Major Arterial,Toronto and East York,43.661945,-79.48969,621774.1281,4835434.1917,Unknown,Traffic Signal,Snow,Daylight,Wet,89,Runnymede-Bloor West Village,89,Runnymede-Bloor West Village (89),Non-Fatal Injury,1,0,1,0,0,0,0,0,0,1,0,0,0,Pedestrian Collisions,"['Vehicle Owner', 'Driver', 'Pedestrian']",East,"['Other', 'Automobile, Station Wagon']",['Turning Left'],['Failed to Yield Right of Way'],['Normal'],['Vehicle turns left while ped crosses with ROW at inter.'],['Crossing with right of way'],['Normal'],[],[],[],D11,False,"['unknown', '50 to 54', '5 to 9']",3.0
1232571.0,2011-05-10 08:00:00,1134,2011,F G GARDINER XY Expr W,KIPLING AVE,Major Arterial,Etobicoke York,43.617745,-79.52689,618861.8419,4830471.3009,Unknown,No Control,Clear,Daylight,Dry,160,Mimico-Queensway,17,Mimico (includes Humber Bay Shores) (17),Non-Fatal Injury,0,0,1,0,0,0,0,1,1,1,0,0,0,Rear End,"['Vehicle Owner', 'Driver', 'Passenger']",West,"['Other', 'Automobile, Station Wagon']","['Slowing or Stopping', 'Going Ahead']","['Driving Properly', 'Exceeding Speed Limit']","['Normal', 'Unknown']",[],[],[],[],[],[],D22,False,"['unknown', '50 to 54', '40 to 44', '65 to 69', '25 to 29']",3.0
1232602.0,2011-05-09 08:00:00,815,2011,WILLIAM R ALLEN Road,RIMROCK Road,Major Arterial,North York,43.757745,-79.46499,623568.6501,4846110.6696,At Intersection,Traffic Signal,Clear,Daylight,Dry,27,York University Heights,27,York University Heights (27),Non-Fatal Injury,0,0,1,0,0,0,0,0,0,0,0,0,0,Turning Movement,"['Vehicle Owner', 'Driver']",North,"['Other', 'Automobile, Station Wagon']","['Stopped', 'Turning Right']","['Driving Properly', 'Other']","['Normal', 'Inattentive']",[],[],[],[],[],[],D32,False,"['unknown', '40 to 44', '85 to 89', '50 to 54']",3.0