accident_number,date,time,year,street1,street2,road_class,district,latitude,longitude,x,y,accident_location,traffctl,visibility,light,road_surface_condition,hood_158,neighbourhood_new,hood_140,neighbourhood_old,accident_class,pedestrian,cyclist,automobile,motorcycle,truck,trsn_city_veh,emerg_veh,passenger,speeding,aggressive_driving,redlight,alcohol,disability,impact_type,involvement_type,initial_direction,vehicle_type,manoeuver,driver_action,driver_condition,pedestrian_type,pedestrian_action,pedestrian_condition,cyclist_type,cyclist_action,cyclist_condition,division,injury,involvement_age,injury_severity_score
1332976.0,2012-12-27 10:00:00,1825,2012,LAWRENCE AVE E,MORNINGSIDE AVE,Major Arterial,Scarborough,43.768045,-79.18799,645842.4339,4847705.2275,Unknown,No Control,Clear,"Dark, artificial",Slush,136,West Hill,136,West Hill (136),Non-Fatal Injury,1,0,1,0,0,0,0,0,0,0,0,0,0,Pedestrian Collisions,"['Vehicle Owner', 'Driver', 'Pedestrian']",South,"['Other', 'Automobile, Station Wagon']",['Going Ahead'],['Driving Properly'],['Normal'],['Pedestrian hit at mid-block'],"['Crossing, no Traffic Control']",['Medical or Physical Disability'],[],[],[],D43,False,"['unknown', '55 to 59', '70 to 74']",3.0
1333087.0,2012-12-28 10:00:00,2207,2012,DON VALLEY PARKWAY  S,EGLINTON AVE E,Expressway,North York,43.722624,-79.330241,634494.6986,4842419.8287,Unknown,No Control,Clear,"Dark, artificial",Dry,44,Flemingdon Park,44,Flemingdon Park (44),Non-Fatal Injury,0,0,1,0,0,0,0,0,0,0,0,0,0,SMV Other,"['Driver', 'Vehicle Owner', 'Driver - Not Hit', 'Other Property Owner']",South,"['Automobile, Station Wagon', 'Other']",['Going Ahead'],"['Driving Properly', 'Lost control']","['Normal', 'Unknown']",[],[],[],[],[],[],D55,False,"['40 to 44', 'unknown', '20 to 24']",3.0
1333183.0,2012-12-21 10:00:00,306,2012,LAWRENCE AVE W,WESTON RD,Major Arterial,Etobicoke York,43.700145,-79.51629,619553.4955,4839638.1139,At Intersection,No Control,Clear,"Dark, artificial",Dry,113,Weston,113,Weston (113),Non-Fatal Injury,1,0,1,0,0,0,0,0,0,0,0,0,0,Pedestrian Collisions,"['Driver', 'Pedestrian']",North,"['Automobile, Station Wagon', 'Other']",['Going Ahead'],['Driving Properly'],['Normal'],['Pedestrian hit at mid-block'],"['Crossing, no Traffic Control']",['Had Been Drinking'],[],[],[],D12,False,"['45 to 49', '20 to 24']",3.0
1333335.0,2012-12-31 10:00:00,1827,2012,MCCOWAN RD,ELLESMERE RD,Major Arterial,Scarborough,43.772845,-79.25159,640712.1704,4848128.2854,Unknown,No Control,Clear,"Dark, artificial",Wet,142,Woburn North,137,Woburn (137),Non-Fatal Injury,1,0,1,0,0,0,0,0,0,0,0,0,0,Pedestrian Collisions,"['Driver', 'Pedestrian']",South,"['Automobile, Station Wagon', 'Other']",['Going Ahead'],['Other'],['Unknown'],['Pedestrian hit at mid-block'],"['Crossing, no Traffic Control']",['Inattentive'],[],[],[],D43,False,"['70 to 74', '55 to 59']",3.0
1333336.0,2012-12-31 10:00:00,1414,2012,ST CLAIR AVE W,DUFFERIN ST,Major Arterial,Toronto and East York,43.677745,-79.444089,625417.9926,4837256.9317,Unknown,No Control,Clear,"Dark, artificial",Dry,92,Corso Italia-Davenport,92,Corso Italia-Davenport (92),Non-Fatal Injury,1,0,0,0,0,1,0,0,0,0,0,0,0,Pedestrian Collisions,"['Pedestrian', 'Driver']",East,"['Other', 'Municipal Transit Bus (TTC)']",['Going Ahead'],['Driving Properly'],['Normal'],['Pedestrian involved in a collision with transit vehicle anywhere along roadway'],"['Crossing, no Traffic Control']",['Inattentive'],[],[],[],D13,False,"['20 to 24', '45 to 49']",3.0
1333337.0,2012-12-31 10:00:00,1915,2012,WOODBINE AVE,O CONNOR DR,Major Arterial,Toronto and East York,43.700148,-79.319026,635448.6706,4839941.8079,Unknown,No Control,Clear,"Dark, artificial",Wet,60,Woodbine-Lumsden,60,Woodbine-Lumsden (60),Non-Fatal Injury,1,0,1,0,0,0,0,0,0,0,0,0,0,Pedestrian Collisions,"['Vehicle Owner', 'Driver', 'Pedestrian']",South,"['Other', 'Automobile, Station Wagon']",['Going Ahead'],['Driving Properly'],['Normal'],['Pedestrian hit at mid-block'],['Running onto Roadway'],['Unknown'],[],[],[],D55,False,"['unknown', '50 to 54', '30 to 34']",3.0
1333463.0,2012-11-16 10:00:00,2240,2012,BLOOR ST E,PARK RD,Major Arterial,Toronto and East York,43.670649,-79.38483,630210.1023,4836560.1366,Unknown,No Control,Clear,Dark,Dry,167,Church-Wellesley,75,Church-Yonge Corridor (75),Non-Fatal Injury,0,0,1,0,0,0,0,1,0,1,0,0,0,Turning Movement,"['Vehicle Owner', 'Driver', 'Passenger']",East,"['Other', 'Automobile, Station Wagon']","['Making U Turn', 'Going Ahead']","['Failed to Yield Right of Way', 'Driving Properly']","['Inattentive', 'Normal']",[],[],[],[],[],[],D51,False,"['unknown', '45 to 49', '25 to 29']",3.0
1333725.0,2012-12-19 10:00:00,2005,2012,MARKHAM RD,PROGRESS AVE,Major Arterial,Scarborough,43.781745,-79.23389,642115.5974,4849147.0049,At Intersection,Traffic Signal,Clear,"Dark, artificial",Dry,142,Woburn North,137,Woburn (137),Non-Fatal Injury,0,0,1,0,0,0,0,1,0,1,0,0,0,Turning Movement,"['Driver', 'Passenger', 'Vehicle Owner']",East,"['Automobile, Station Wagon', 'Other']","['Turning Left', 'Going Ahead']","['Failed to Yield Right of Way', 'Driving Properly']","['Inattentive', 'Normal']",[],[],[],[],[],[],D43,False,"['20 to 24', 'unknown', '45 to 49']",3.0
1334350.0,2012-11-20 10:00:00,335,2012,EASTERN AVE DIVERSION Aven,BROADVIEW AVE,Major Arterial,Toronto and East York,43.656644,-79.34889,633138.4633,4835061.7357,Unknown,Traffic Signal,Clear,"Dark, artificial",Dry,70,South Riverdale,70,South Riverdale (70),Non-Fatal Injury,0,0,1,0,0,0,0,0,0,0,0,0,0,SMV Other,"['Vehicle Owner', 'Driver', 'Other Property Owner']",East,"['Other', 'Automobile, Station Wagon']",['Going Ahead'],['Lost control'],['Unknown'],[],[],[],[],[],[],D55,False,"['unknown', '20 to 24']",3.0
1334701.0,2013-01-09 10:00:00,655,2013,STEELES AVE W,SIGNET DR,Major Arterial,Etobicoke York,43.770945,-79.54339,617231.5995,4847462.7443,At Intersection,Traffic Signal,Clear,"Dusk, artificial",Wet,NSA,NSA,NSA,NSA,Non-Fatal Injury,1,0,0,0,0,1,0,0,0,1,0,0,0,Pedestrian Collisions,"['Vehicle Owner', 'Driver', 'Pedestrian']",North,"['Other', 'Municipal Transit Bus (TTC)']",['Turning Right'],['Failed to Yield Right of Way'],['Normal'],['Pedestrian involved in a collision with transit vehicle anywhere along roadway'],['Crossing with right of way'],['Normal'],[],[],[],D31,False,"['unknown', '20 to 24', '45 to 49']",3.0
1334928.0,2013-01-10 10:00:00,1851,2013,MORNINGSIDE AVE,OLD FINCH AVE,Minor Arterial,Scarborough,43.818743,-79.215091,643539.704,4853288.6785,At Intersection,Traffic Signal,Clear,Dark,Dry,146,Malvern East,132,Malvern (132),Fatal,0,0,1,0,0,1,0,0,1,1,1,0,0,Turning Movement,"['Driver', 'Other Property Owner']",North,"['Municipal Transit Bus (TTC)', 'Automobile, Station Wagon']","['Turning Right', 'Going Ahead']","['Failed to Yield Right of Way', 'Disobeyed Traffic Control']","['Normal', 'Unknown']",[],[],[],[],[],[],D42,True,"['35 to 39', '70 to 74', 'unknown']",4.0
1335099.0,2013-01-12 10:00:00,757,2013,FINCH AVE W,TANGIERS RD,Major Arterial,North York,43.764045,-79.48829,621680.208,4846775.8796,At Intersection,Traffic Signal,Clear,Daylight,Wet,27,York University Heights,27,York University Heights (27),Non-Fatal Injury,0,0,1,0,1,0,0,0,0,1,0,0,0,Angle,"['Truck Driver', 'Vehicle Owner', 'Driver']",East,"['Truck - Open', 'Other', 'Automobile, Station Wagon']",['Going Ahead'],"['Driving Properly', 'Failed to Yield Right of Way']",['Normal'],[],[],[],[],[],[],D31,False,"['40 to 44', 'unknown', '35 to 39']",3.0
1335409.0,2012-11-25 10:00:00,149,2012,HORNER AVE,JUDSON ST,Minor Arterial,Etobicoke York,43.612075,-79.515811,619767.0433,4829857.4971,At Intersection,Stop Sign,Clear,Dark,Dry,160,Mimico-Queensway,17,Mimico (includes Humber Bay Shores) (17),Non-Fatal Injury,0,0,1,0,0,0,0,0,0,0,0,1,0,SMV Other,"['Driver', 'Other Property Owner']",West,"['Automobile, Station Wagon', 'Other']",['Turning Left'],['Lost control'],"['Ability Impaired, Alcohol Over .08']",[],[],[],[],[],[],D22,False,"['25 to 29', 'unknown']",3.0
1335478.0,2012-11-26 10:00:00,1405,2012,QUEEN ST W,BAY ST,Major Arterial,Toronto and East York,43.651645,-79.38279,630415.7032,4834452.6937,Unknown,No Control,Clear,Daylight,Dry,170,Yonge-Bay Corridor,76,Bay Street Corridor (76),Non-Fatal Injury,0,1,1,0,0,0,0,0,0,0,0,0,0,Cyclist Collisions,"['Driver', 'Cyclist']",East,"['Automobile, Station Wagon', 'Bicycle']","['Stopped', 'Going Ahead']",['Other'],['Normal'],[],[],[],['Cyclist and Driver travelling in same direction. One vehicle sideswipes the other.'],['Improper Passing'],['Inattentive'],D52,False,"['40 to 44', '45 to 49']",3.0
1335535.0,2012-11-24 10:00:00,1305,2012,EGLINTON AVE E,BROWNLOW AVE,Major Arterial,Toronto and East York,43.708145,-79.39149,629592.4099,4840714.152,At Intersection,Stop Sign,Clear,Daylight,Dry,173,North Toronto,104,Mount Pleasant West (104),Non-Fatal Injury,1,0,1,0,0,0,0,0,0,1,0,0,0,Pedestrian Collisions,"['Vehicle Owner', 'Driver', 'Pedestrian']",West,"['Other', 'Automobile, Station Wagon']",['Turning Left'],['Failed to Yield Right of Way'],['Unknown'],['Vehicle turns left while ped crosses with ROW at inter.'],['Crossing with right of way'],['Normal'],[],[],[],D53,False,"['unknown', '30 to 34', '25 to 29']",3.0
1335553.0,2013-01-15 10:00:00,1438,2013,YONGE ST,MARLBOROUGH AVE,Major Arterial,Toronto and East York,43.679843,-79.390689,629717.9513,4837572.0747,At Intersection,Stop Sign,Clear,Daylight,Dry,98,Rosedale-Moore Park,98,Rosedale-Moore Park (98),Fatal,1,0,1,0,0,0,0,1,0,0,0,0,0,Pedestrian Collisions,"['Vehicle Owner', 'Driver', 'Pedestrian', 'Passenger']",East,"['Automobile, Station Wagon']",['Turning Left'],['Improper Turn'],['Inattentive'],['Vehicle turns left while ped crosses without ROW at inter.'],['Crossing without right of way'],['Inattentive'],[],[],[],D53,True,"['unknown', '50 to 54', '75 to 79']",4.0
1335937.0,2013-01-07 10:00:00,925,2013,STEELES AVE E,ASHCOTT ST,Major Arterial,Scarborough,43.827245,-79.29169,637360.1596,4854102.9077,At Intersection,Traffic Signal,Clear,Daylight,Dry,130,Milliken,130,Milliken (130),Non-Fatal Injury,1,0,1,0,0,0,0,0,0,1,0,0,0,Pedestrian Collisions,"['Pedestrian', 'Driver']",North,"['Other', 'Automobile, Station Wagon']",['Turning Left'],['Failed to Yield Right of Way'],['Normal'],['Vehicle turns left while ped crosses with ROW at inter.'],['Crossing with right of way'],['Normal'],[],[],[],D42,False,"['20 to 24', '55 to 59']",3.0
1336008.0,2012-11-29 10:00:00,1830,2012,ROYAL YORK RD,MIMICO AVE,Minor Arterial,Etobicoke York,43.612246,-79.496692,621309.5263,4829904.2395,At Intersection,Traffic Signal,Clear,"Dark, artificial",Dry,160,Mimico-Queensway,17,Mimico (includes Humber Bay Shores) (17),Non-Fatal Injury,1,0,1,0,0,0,0,0,0,0,0,0,0,Pedestrian Collisions,"['Driver', 'Pedestrian']",East,"['Automobile, Station Wagon', 'Other']",['Going Ahead'],['Driving Properly'],['Normal'],['Pedestrian hit at mid-block'],"['Crossing, no Traffic Control']",['Inattentive'],[],[],[],D22,False,"['20 to 24', '10 to 14']",3.0
1336042.0,2013-01-18 10:00:00,1031,2013,BATHURST ST,VESTA DR,Major Arterial,North York,43.703345,-79.42589,626831.01,4840127.8424,Unknown,Traffic Signal,Clear,Daylight,Dry,102,Forest Hill North,102,Forest Hill North (102),Non-Fatal Injury,1,0,1,0,0,0,0,0,0,1,0,0,0,Pedestrian Collisions,"['Vehicle Owner', 'Driver', 'Pedestrian']",North,"['Other', 'Automobile, Station Wagon']",['Turning Left'],['Failed to Yield Right of Way'],['Normal'],['Vehicle turns left while ped crosses with ROW at inter.'],['Crossing with right of way'],['Unknown'],[],[],[],D53,False,"['unknown', '35 to 39', '65 to 69']",3.0
1336078.0,2013-01-18 10:00:00,1529,2013,WARDEN AVE,HYMUS RD,Major Arterial,Scarborough,43.719545,-79.28419,638211.1077,4842153.6284,Unknown,No Control,Clear,Daylight,Dry,120,Clairlea-Birchmount,120,Clairlea-Birchmount (120),Non-Fatal Injury,0,0,1,0,0,0,0,1,0,1,0,0,0,Approaching,"['Passenger', 'Driver', 'Vehicle Owner']",North,"['Other', 'Automobile, Station Wagon']","['Going Ahead', 'Changing Lanes']","['Driving Properly', 'Lost control']","['Normal', 'Inattentive']",[],[],[],[],[],[],D41,False,"['50 to 54', '75 to 79', '80 to 84', 'unknown', '15 to 19']",3.0
1336399.0,2012-12-01 10:00:00,2027,2012,OVERLEA BLVD,WILLIAM MORGAN DR,Major Arterial,North York,43.708245,-79.34029,633717.2481,4840806.5743,Unknown,No Control,Clear,Dark,Dry,55,Thorncliffe Park,55,Thorncliffe Park (55),Non-Fatal Injury,1,0,1,0,0,0,0,0,0,0,0,0,0,Pedestrian Collisions,"['Driver', 'Pedestrian']",East,"['Automobile, Station Wagon', 'Other']",['Going Ahead'],['Driving Properly'],['Normal'],['Pedestrian hit at mid-block'],"['Crossing, no Traffic Control']",['Normal'],[],[],[],D53,False,"['25 to 29', '70 to 74']",3.0
1336620.0,2012-12-03 10:00:00,650,2012,VICTORIA PARK AVE,LAWRENCE AVE E,Major Arterial,North York,43.742145,-79.30979,636097.7645,4844621.3176,At Intersection,Traffic Signal,Clear,"Dawn, artificial",Dry,119,Wexford/Maryvale,119,Wexford/Maryvale (119),Non-Fatal Injury,1,0,1,0,0,0,0,0,0,0,0,0,0,Pedestrian Collisions,"['Driver', 'Pedestrian']",South,"['Automobile, Station Wagon', 'Other']","['Turning Left', 'Going Ahead']","['Improper Turn', 'Driving Properly']","['Unknown', 'Normal']",['Pedestrian hit on sidewalk or shoulder'],['On Sidewalk or Shoulder'],['Normal'],[],[],[],D41,False,"['40 to 44', '20 to 24', '15 to 19']",3.0
1336921.0,2013-01-23 10:00:00,1556,2013,EGLINTON AVE E,SINNOTT RD,Major Arterial,Scarborough,43.729346,-79.280689,638470.5376,4843248.0182,At Intersection,Traffic Signal,Clear,Daylight,Dry,120,Clairlea-Birchmount,120,Clairlea-Birchmount (120),Fatal,1,0,0,0,0,1,0,0,0,1,1,0,0,Pedestrian Collisions,"['Vehicle Owner', 'Driver', 'Pedestrian']",East,['Municipal Transit Bus (TTC)'],['Going Ahead'],['Disobeyed Traffic Control'],['Inattentive'],['Pedestrian involved in a collision with transit vehicle anywhere along roadway'],['Crossing with right of way'],['Normal'],[],[],[],D41,True,"['unknown', '35 to 39', '45 to 49']",4.0
1337044.0,2012-12-02 10:00:00,210,2012,KEELE ST,MURRAY ROSS PKWY,Major Arterial,Etobicoke York,43.767302,-79.49203,621372.5794,4847132.1296,At Intersection,Traffic Signal,Rain,"Dark, artificial",Wet,27,York University Heights,27,York University Heights (27),Non-Fatal Injury,0,0,1,0,0,0,0,0,0,1,0,0,0,Angle,['Driver'],North,"['Automobile, Station Wagon']",['Going Ahead'],"['Failed to Yield Right of Way', 'Driving Properly']","['Fatigue', 'Normal']",[],[],[],[],[],[],D31,False,"['55 to 59', '25 to 29']",3.0
1337045.0,2012-12-02 10:00:00,1603,2012,EGLINTON AVE E,DON VALLEY PARKWAY  N,Major Arterial,North York,43.723145,-79.33009,634505.6954,4842477.9384,Unknown,No Control,Rain,"Dark, artificial",Wet,44,Flemingdon Park,44,Flemingdon Park (44),Non-Fatal Injury,0,0,1,0,0,0,0,1,1,1,0,0,0,SMV Other,"['Passenger', 'Driver', 'Other Property Owner']",South,"['Other', 'Automobile, Station Wagon']",['Turning Right'],['Speed too Fast For Condition'],['Inattentive'],[],[],[],[],[],[],D55,False,"['5 to 9', '10 to 14', '40 to 44', '50 to 54', 'unknown']",3.0
1337714.0,2013-01-18 10:00:00,221,2013,BATHURST ST,FRONT ST W,Major Arterial,Toronto and East York,43.640745,-79.40139,628939.0577,4833213.0432,At Intersection,Traffic Signal,Clear,"Dark, artificial",Wet,165,Harbourfront-CityPlace,77,Waterfront Communities-The Island (77),Non-Fatal Injury,1,0,1,0,0,0,0,1,0,0,0,0,0,Pedestrian Collisions,"['Passenger', 'Driver', 'Pedestrian']",South,"['Other', 'Automobile, Station Wagon']",['Going Ahead'],['Driving Properly'],['Normal'],['Other / Undefined'],['Playing or Working on Highway'],['Normal'],[],[],[],D14,False,"['45 to 49', '35 to 39', '40 to 44']",3.0
1337921.0,2012-12-02 10:00:00,1347,2012,ELLESMERE RD,MARKHAM RD,Major Arterial,Scarborough,43.776445,-79.23179,642297.1555,4848561.9635,At Intersection,Traffic Signal,Rain,Daylight,Wet,142,Woburn North,137,Woburn (137),Non-Fatal Injury,1,0,1,0,0,0,0,0,0,0,0,0,0,Pedestrian Collisions,"['Vehicle Owner', 'Driver', 'Pedestrian']",East,"['Other', 'Automobile, Station Wagon']",['Going Ahead'],['Driving Properly'],['Normal'],['Vehicle is going straight thru inter.while ped cross without ROW'],['Crossing without right of way'],['Inattentive'],[],[],[],D43,False,"['unknown', '20 to 24', '45 to 49']",3.0
1337952.0,2013-01-25 10:00:00,1409,2013,BLOOR ST W,OLD MILL TER,Major Arterial,Etobicoke York,43.650046,-79.498409,621095.0361,4834099.8941,At Intersection,Stop Sign,Snow,Daylight,Loose Snow,16,Stonegate-Queensway,16,Stonegate-Queensway (16),Non-Fatal Injury,0,0,1,0,0,0,0,1,0,1,0,0,0,Rear End,"['Driver', 'Passenger', 'Vehicle Owner']",East,"['Automobile, Station Wagon', 'Other']","['Going Ahead', 'Slowing or Stopping']",['Following too Close'],[],[],[],[],[],[],[],D22,False,"['45 to 49', 'unknown', '35 to 39', '60 to 64']",3.0
1338034.0,2012-12-06 10:00:00,50,2012,DUNDAS ST W,PALMERSTON AVE,Major Arterial,Toronto and East York,43.651845,-79.40829,628358.8747,4834435.1462,Unknown,No Control,Clear,Dark,Dry,81,Trinity-Bellwoods,81,Trinity-Bellwoods (81),Non-Fatal Injury,1,0,1,0,0,0,0,0,0,0,0,0,0,Pedestrian Collisions,"['Driver', 'Pedestrian']",South,"['Automobile, Station Wagon', 'Other']",['Going Ahead'],['Driving Properly'],['Inattentive'],['Pedestrian hit at mid-block'],"['Crossing, no Traffic Control']",['Had Been Drinking'],[],[],[],D14,False,"['25 to 29', '35 to 39']",3.0
1338092.0,2013-01-30 10:00:00,1707,2013,TAPSCOTT RD,MCLEVIN AVE,Minor Arterial,Scarborough,43.805845,-79.22809,642525.0118,4851833.671,At Intersection,No Control,Clear,Daylight,Wet,145,Malvern West,132,Malvern (132),Non-Fatal Injury,0,0,1,0,0,0,0,1,0,0,0,0,0,Approaching,"['Passenger', 'Driver', 'Vehicle Owner']",North,"['Automobile, Station Wagon', 'Other']",['Going Ahead'],"['Driving Properly', 'Other']","['Normal', 'Unknown']",[],[],[],[],[],[],D42,False,"['45 to 49', '50 to 54', '65 to 69', 'unknown', '70 to 74']",3.0
1338446.0,2012-12-07 10:00:00,1819,2012,ISLINGTON AVE,DUNDAS ST W,Major Arterial,Etobicoke York,43.651345,-79.52639,618835.9421,4834203.7154,At Intersection,Traffic Signal,Rain,"Dark, artificial",Wet,15,Kingsway South,15,Kingsway South (15),Non-Fatal Injury,1,0,1,0,0,0,0,0,0,1,0,0,0,Pedestrian Collisions,"['Driver', 'Pedestrian']",East,"['Automobile, Station Wagon', 'Other']",['Turning Right'],['Failed to Yield Right of Way'],['Normal'],['Vehicle turns right while ped crosses with ROW at inter.'],['Crossing with right of way'],['Normal'],[],[],[],D22,False,"['35 to 39', '20 to 24']",3.0
1338518.0,2012-12-08 10:00:00,420,2012,730 ROYAL YORK RD,Not Applicable,Minor Arterial,Etobicoke York,43.634745,-79.50609,620506.1874,4832389.345,Unknown,No Control,Clear,"Dark, artificial",Dry,16,Stonegate-Queensway,16,Stonegate-Queensway (16),Non-Fatal Injury,0,0,1,0,0,0,0,0,0,0,0,0,0,SMV Other,['Driver'],South,"['Automobile, Station Wagon']",['Going Ahead'],['Other'],['Fatigue'],[],[],[],[],[],[],D22,False,['25 to 29'],3.0
1338579.0,2012-12-09 10:00:00,1644,2012,YONGE ST,LAKE SHORE BLVD E,Major Arterial,Toronto and East York,43.644267,-79.375842,630992.0496,4833644.2134,At Intersection,Traffic Signal,Rain,"Dark, artificial",Wet,166,St Lawrence-East Bayfront-The Islands,77,Waterfront Communities-The Island (77),Non-Fatal Injury,0,0,1,0,0,0,0,1,0,1,1,0,0,Angle,"['Vehicle Owner', 'Driver', 'Passenger']",West,"['Other', 'Automobile, Station Wagon']",['Going Ahead'],"['Driving Properly', 'Disobeyed Traffic Control']",['Normal'],[],[],[],[],[],[],D51,False,"['unknown', '35 to 39', '0 to 4', '45 to 49', '65 to 69']",3.0
1338584.0,2012-12-07 10:00:00,1510,2012,ELLESMERE RD,MARKHAM RD,Major Arterial,Scarborough,43.776007,-79.233508,642159.9353,4848510.3653,At Intersection,No Control,Rain,Daylight,Wet,142,Woburn North,137,Woburn (137),Non-Fatal Injury,0,0,1,0,0,0,0,1,1,1,0,0,0,Rear End,"['Passenger', 'Vehicle Owner', 'Driver']",East,"['Other', 'Automobile, Station Wagon']","['Going Ahead', 'Stopped']","['Speed too Fast For Condition', 'Driving Properly']",['Normal'],[],[],[],[],[],[],D43,False,"['50 to 54', 'unknown', '45 to 49', '70 to 74', '35 to 39', '60 to 64']",3.0
1338611.0,2012-12-09 10:00:00,1900,2012,WOODFIELD RD,FAIRFORD AVE,Collector,Toronto and East York,43.674045,-79.32489,635034.7201,4837033.1427,At Intersection,Stop Sign,Freezing Rain,"Dark, artificial",Wet,65,Greenwood-Coxwell,65,Greenwood-Coxwell (65),Non-Fatal Injury,1,0,1,0,0,0,0,0,0,1,0,0,0,Pedestrian Collisions,"['Driver', 'Pedestrian']",South,"['Automobile, Station Wagon', 'Other']",['Turning Left'],['Failed to Yield Right of Way'],['Normal'],['Vehicle turns left while ped crosses with ROW at inter.'],['Crossing with right of way'],['Normal'],[],[],[],D55,False,"['20 to 24', '25 to 29']",3.0
1338693.0,2012-12-10 10:00:00,723,2012,SEWELLS RD,MORNINGSIDE AVE,Minor Arterial,Scarborough,43.81626,-79.211139,643863.485,4853019.7653,At Intersection,Traffic Signal,Rain,"Dusk, artificial",Wet,146,Malvern East,132,Malvern (132),Non-Fatal Injury,1,0,1,0,0,0,0,0,0,1,0,0,0,Pedestrian Collisions,"['Vehicle Owner', 'Driver', 'Pedestrian']",North,"['Automobile, Station Wagon', 'Other']",['Turning Right'],['Failed to Yield Right of Way'],['Unknown'],['Vehicle turns right while ped crosses with ROW at inter.'],['Crossing with right of way'],['Normal'],[],[],[],D42,False,"['unknown', '55 to 59', '75 to 79']",3.0
1338700.0,2013-02-02 10:00:00,1041,2013,550 BIRCHMOUNT RD,Not Applicable,Minor Arterial,Scarborough,43.711943,-79.270191,639356.3832,4841332.7567,Unknown,No Control,Snow,Daylight,Wet,120,Clairlea-Birchmount,120,Clairlea-Birchmount (120),Fatal,1,0,1,0,0,0,0,0,0,1,0,0,0,Pedestrian Collisions,"['Driver', 'Pedestrian']",East,"['Automobile, Station Wagon']",['Turning Left'],['Failed to Yield Right of Way'],['Inattentive'],['Pedestrian hit at private driveway'],['Crossing with right of way'],['Normal'],[],[],[],D41,True,"['55 to 59', '65 to 69']",4.0
1338722.0,2013-02-02 10:00:00,2050,2013,LAWRENCE AVE W,CULFORD RD,Major Arterial,Etobicoke York,43.706945,-79.48519,622045.6744,4840438.6622,Unknown,No Control,Clear,"Dark, artificial",Dry,29,Maple Leaf,29,Maple Leaf (29),Non-Fatal Injury,1,0,1,0,0,0,0,0,0,1,0,0,0,Pedestrian Collisions,"['Vehicle Owner', 'Driver', 'Pedestrian']",East,"['Other', 'Automobile, Station Wagon']","['Disabled', 'Changing Lanes', 'Going Ahead']","['Driving Properly', 'Other']",['Normal'],['Other / Undefined'],['Pushing/Working on Vehicle'],['Normal'],[],[],[],D12,False,"['unknown', '55 to 59', '30 to 34', '50 to 54', '20 to 24']",3.0
1338878.0,2012-12-10 10:00:00,611,2012,DON MILLS RD,HAVENBROOK BLVD,Major Arterial,North York,43.769545,-79.34649,633081.85,4847604.8637,At Intersection,Traffic Signal,Rain,Dark,Wet,53,Henry Farm,53,Henry Farm (53),Non-Fatal Injury,1,0,1,0,0,0,0,0,0,1,0,0,0,Pedestrian Collisions,"['Driver', 'Pedestrian']",East,"['Automobile, Station Wagon', 'Other']",['Turning Right'],['Failed to Yield Right of Way'],['Inattentive'],['Vehicle turns right while ped crosses with ROW at inter.'],['Crossing with right of way'],['Normal'],[],[],[],D33,False,"['40 to 44', '30 to 34']",3.0
1338879.0,2012-12-10 10:00:00,704,2012,KING St E,PRINCESS St,Major Arterial,Toronto and East York,43.651538,-79.367038,631686.23,4834465.6868,At Intersection,No Control,Rain,Dark,Wet,73,Moss Park,73,Moss Park (73),Non-Fatal Injury,0,0,1,1,0,0,0,0,0,1,0,0,0,Turning Movement,"['Motorcycle Driver', 'Vehicle Owner', 'Driver']",West,"['Motorcycle', 'Other', 'Automobile, Station Wagon']","['Going Ahead', 'Making U Turn']","['Driving Properly', 'Failed to Yield Right of Way']","['Normal', 'Inattentive']",[],[],[],[],[],[],D51,False,"['30 to 34', 'unknown', '55 to 59']",3.0
1338947.0,2013-02-04 10:00:00,1850,2013,SPADINA RD,LONSDALE RD,Minor Arterial,Toronto and East York,43.688145,-79.41259,627934.9627,4838460.1048,Unknown,No Control,Clear,"Dark, artificial",Dry,101,Forest Hill South,101,Forest Hill South (101),Non-Fatal Injury,1,0,1,0,0,0,0,0,0,0,0,0,0,Pedestrian Collisions,"['Driver', 'Pedestrian']",North,"['Automobile, Station Wagon', 'Other']",['Going Ahead'],['Driving Properly'],['Normal'],['Pedestrian hit at mid-block'],"['Crossing, no Traffic Control']",['Inattentive'],[],[],[],D13,False,"['70 to 74', '65 to 69']",3.0
1339123.0,2012-12-11 10:00:00,535,2012,LAKE SHORE BLVD W,YORK ST,Major Arterial,Toronto and East York,43.641445,-79.38089,630591.0268,4833322.8385,At Intersection,Traffic Signal,Clear,Dark,Dry,165,Harbourfront-CityPlace,77,Waterfront Communities-The Island (77),Non-Fatal Injury,1,0,1,0,0,0,0,0,0,1,0,0,0,Pedestrian Collisions,"['Driver', 'Pedestrian']",East,"['Automobile, Station Wagon', 'Other']",['Turning Left'],['Failed to Yield Right of Way'],['Inattentive'],['Vehicle turns left while ped crosses with ROW at inter.'],['Crossing with right of way'],['Normal'],[],[],[],D52,False,"['35 to 39', '45 to 49']",3.0