accident_number,date,time,year,street1,street2,road_class,district,latitude,longitude,x,y,accident_location,traffctl,visibility,light,road_surface_condition,hood_158,neighbourhood_new,hood_140,neighbourhood_old,accident_class,pedestrian,cyclist,automobile,motorcycle,truck,trsn_city_veh,emerg_veh,passenger,speeding,aggressive_driving,redlight,alcohol,disability,impact_type,involvement_type,initial_direction,vehicle_type,manoeuver,driver_action,driver_condition,pedestrian_type,pedestrian_action,pedestrian_condition,cyclist_type,cyclist_action,cyclist_condition,division,injury,involvement_age,injury_severity_score
1339150.0,2012-12-12 10:00:00,1335,2012,2800 STEELES AVE W,Not Applicable,Major Arterial,Etobicoke York,43.773845,-79.52919,618368.7379,4847805.0343,Unknown,No Control,"Fog, Mist, Smoke, Dust",Daylight,Dry,NSA,NSA,NSA,NSA,Non-Fatal Injury,0,0,1,0,1,0,0,0,0,0,0,0,0,Approaching,"['Vehicle Owner', 'Truck Driver', 'Driver']",East,"['Other', 'Truck - Open', 'Automobile, Station Wagon']",['Going Ahead'],"['Driving Properly', 'Lost control']","['Normal', 'Inattentive']",[],[],[],[],[],[],D31,False,"['unknown', '45 to 49', '60 to 64']",3.0
1339179.0,2012-12-12 10:00:00,611,2012,PARLIAMENT ST,KING ST E,Major Arterial,Toronto and East York,43.65272,-79.363239,631990.005,4834602.9993,At Intersection,Traffic Signal,Clear,Dark,Dry,73,Moss Park,73,Moss Park (73),Non-Fatal Injury,0,0,1,0,0,0,0,0,1,1,1,0,0,Angle,"['Driver', 'Vehicle Owner']",North,"['Automobile, Station Wagon', 'Other']","['Going Ahead', 'Stopped']","['Disobeyed Traffic Control', 'Driving Properly']","['Inattentive', 'Normal']",[],[],[],[],[],[],D51,False,"['55 to 59', 'unknown', '45 to 49', '40 to 44']",3.0
1339180.0,2013-02-06 10:00:00,1045,2013,DUNDAS ST W,SHERIDAN AVE,Minor Arterial,Toronto and East York,43.649745,-79.433688,626315.108,4834162.9412,At Intersection,Traffic Signal,Clear,Daylight,Dry,84,Little Portugal,84,Little Portugal (84),Fatal,1,0,0,0,1,0,0,0,0,0,0,0,0,Pedestrian Collisions,"['Vehicle Owner', 'Truck Driver', 'Other', 'Pedestrian']",East,['Truck-Tractor'],['Going Ahead'],['Driving Properly'],['Normal'],['Vehicle is going straight thru inter.while ped cross without ROW'],['Crossing without right of way'],['Unknown'],[],[],[],D11,True,"['unknown', '55 to 59', '80 to 84']",4.0
1339683.0,2012-12-14 10:00:00,1204,2012,BAY ST,HAYTER ST,Major Arterial,Toronto and East York,43.659745,-79.38539,630188.5256,4835348.2227,Unknown,No Control,Clear,Daylight,Dry,170,Yonge-Bay Corridor,76,Bay Street Corridor (76),Non-Fatal Injury,1,0,1,0,0,0,0,0,0,0,0,0,0,Pedestrian Collisions,"['Vehicle Owner', 'Driver', 'Pedestrian']",East,"['Other', 'Automobile, Station Wagon']",['Turning Left'],['Driving Properly'],['Normal'],['Pedestrian hit at mid-block'],['Running onto Roadway'],['Inattentive'],[],[],[],D52,False,"['unknown', '45 to 49', '30 to 34']",3.0
1339720.0,2012-12-14 10:00:00,1407,2012,KINGSTON RD,WAVERLEY RD,Major Arterial,Toronto and East York,43.677545,-79.30259,636824.4436,4837458.4117,Unknown,No Control,Clear,Daylight,Dry,63,The Beaches,62,East End-Danforth (62),Non-Fatal Injury,1,0,1,0,0,0,0,0,0,0,0,0,0,Pedestrian Collisions,"['Vehicle Owner', 'Driver', 'Pedestrian']",North,"['Other', 'Taxi']",['Reversing'],['Other'],['Inattentive'],['Vehicle is reversing and hits pedestrian'],['Other'],['Medical or Physical Disability'],[],[],[],D55,False,"['unknown', '65 to 69', '85 to 89']",3.0
1340006.0,2012-12-16 10:00:00,50,2012,ELLESMERE Rd,BELLAMY Rd N,Major Arterial,Scarborough,43.774325,-79.241756,641500.13,4848309.4229,At Intersection,Traffic Signal,Rain,"Dark, artificial",Wet,142,Woburn North,137,Woburn (137),Non-Fatal Injury,0,0,1,0,0,0,0,1,0,1,1,0,0,Angle,"['Passenger', 'Driver', 'Other Property Owner', 'Vehicle Owner']",East,"['Other', 'Automobile, Station Wagon']",['Going Ahead'],"['Disobeyed Traffic Control', 'Driving Properly']","['Unknown', 'Normal']",[],[],[],[],[],[],D43,False,"['20 to 24', '50 to 54', 'unknown', '15 to 19']",3.0
1340236.0,2012-12-18 10:00:00,936,2012,BLACK CREEK DR,TRETHEWEY DR,Major Arterial,Etobicoke York,43.693545,-79.48539,622056.7477,4838950.1135,Unknown,No Control,Clear,Daylight,Dry,112,Beechborough-Greenbrook,112,Beechborough-Greenbrook (112),Non-Fatal Injury,0,0,1,0,0,0,0,0,0,0,0,0,1,Rear End,['Driver'],North,"['Automobile, Station Wagon']","['Stopped', 'Going Ahead']","['Driving Properly', 'Lost control']","['Normal', 'Medical or Physical Disability']",[],[],[],[],[],[],D12,False,"['35 to 39', '25 to 29', '70 to 74', '60 to 64']",3.0
1340319.0,2012-12-19 10:00:00,1720,2012,PALMERSTON BLVD,LENNOX ST,Collector,Toronto and East York,43.663345,-79.41309,627947.3612,4835704.959,At Intersection,Stop Sign,Clear,"Dark, artificial",Dry,80,Palmerston-Little Italy,80,Palmerston-Little Italy (80),Non-Fatal Injury,0,1,1,0,0,0,0,0,0,0,0,0,0,Cyclist Collisions,"['Driver', 'Cyclist']",South,"['Automobile, Station Wagon', 'Bicycle']",['Going Ahead'],['Driving Properly'],['Normal'],[],[],[],"['Cyclist without ROW rides into path of motorist at inter, lnwy, dwy-Cyclist not turn.']",['Failed to Yield Right of Way'],['Normal'],D14,False,"['50 to 54', '40 to 44']",3.0
1340588.0,2013-02-13 10:00:00,2055,2013,15 KENFIN AVE,Not Applicable,Local,Scarborough,43.800112,-79.29449,637197.1393,4851084.7009,Unknown,No Control,Clear,"Dark, artificial",Dry,148,East L'Amoreaux,117,L'Amoreaux (117),Non-Fatal Injury,0,0,1,0,0,0,0,0,0,0,0,0,0,SMV Unattended Vehicle,"['Other', 'Driver']",East,"['Other', 'Automobile, Station Wagon']","['Parked', 'Going Ahead']",['Other'],['Unknown'],[],[],[],[],[],[],D42,False,"['unknown', '70 to 74']",3.0
1340591.0,2013-02-13 10:00:00,1626,2013,QUEEN ST W,AUGUSTA AVE,Major Arterial,Toronto and East York,43.648055,-79.399661,629062.8601,4834027.6009,Unknown,Traffic Signal,Clear,Daylight,Dry,164,Wellington Place,77,Waterfront Communities-The Island (77),Non-Fatal Injury,0,1,1,0,0,0,0,0,0,1,1,0,0,Cyclist Collisions,"['Driver', 'Vehicle Owner', 'Other Property Owner', 'Cyclist']",East,"['Automobile, Station Wagon', 'Other', 'Bicycle']","['Going Ahead', 'Stopped']","['Driving Properly', 'Disobeyed Traffic Control']",['Normal'],[],[],[],"['Motorist without ROW drives into path of cyclist at inter, lnwy, dwy-Driver not turn.']",['Driving Properly'],['Normal'],D14,False,"['45 to 49', 'unknown', '20 to 24']",3.0
1340810.0,2013-02-14 10:00:00,838,2013,TAPSCOTT RD,FINCH Ave E,Minor Arterial,Scarborough,43.814245,-79.23709,641781.2028,4852751.1653,At Intersection,Traffic Signal,Clear,Daylight,Dry,144,Morningside Heights,131,Rouge (131),Non-Fatal Injury,0,0,1,0,0,0,0,0,0,1,0,0,0,Turning Movement,"['Vehicle Owner', 'Driver']",North,"['Other', 'Automobile, Station Wagon']","['Going Ahead', 'Stopped', 'Turning Left']","['Driving Properly', 'Failed to Yield Right of Way']",['Normal'],[],[],[],[],[],[],D42,False,"['unknown', '30 to 34', '40 to 44', '20 to 24']",3.0
1341806.0,2013-02-20 10:00:00,858,2013,JANE St,DALRYMPLE Dr,Major Arterial,Etobicoke York,43.677245,-79.49609,621227.2956,4837124.0848,At Intersection,Stop Sign,Clear,Daylight,Dry,111,Rockcliffe-Smythe,111,Rockcliffe-Smythe (111),Non-Fatal Injury,0,0,1,0,0,0,0,1,0,1,0,0,0,Turning Movement,"['Passenger', 'Vehicle Owner', 'Driver']",South,"['Other', 'Automobile, Station Wagon']","['Turning Left', 'Going Ahead']","['Failed to Yield Right of Way', 'Driving Properly']",['Normal'],[],[],[],[],[],[],D12,False,"['35 to 39', 'unknown', '50 to 54', '20 to 24', '15 to 19']",3.0
1342114.0,2012-12-23 10:00:00,2053,2012,659 ST CLAIR AVE W,PINEWOOD AVE,Major Arterial,Toronto and East York,43.681945,-79.42449,626988.972,4837753.2206,Unknown,No Control,Clear,"Dark, artificial",Dry,94,Wychwood,94,Wychwood (94),Non-Fatal Injury,0,0,1,0,0,0,0,1,0,0,0,0,0,SMV Other,"['Passenger', 'Vehicle Owner', 'Driver']",East,"['Other', 'Automobile, Station Wagon']",['Unknown'],['Lost control'],['Had Been Drinking'],[],[],[],[],[],[],D13,False,"['30 to 34', 'unknown']",3.0
1342812.0,2013-01-01 10:00:00,1112,2013,KENNEDY Rd,DANCY Ave,Major Arterial,Scarborough,43.805245,-79.29879,636839.5086,4851647.683,At Intersection,No Control,Clear,Daylight,Dry,130,Milliken,130,Milliken (130),Non-Fatal Injury,0,0,1,0,0,0,0,1,0,1,0,0,0,Rear End,"['Driver', 'Passenger']",North,"['Automobile, Station Wagon', 'Other']","['Going Ahead', 'Stopped', 'Slowing or Stopping']","['Driving Properly', 'Lost control', 'Following too Close']",['Normal'],[],[],[],[],[],[],D42,False,"['65 to 69', '30 to 34', '20 to 24']",3.0
1342832.0,2012-02-25 10:00:00,2040,2012,MIDLAND AVE,EGLINTON AVE E,Major Arterial,Scarborough,43.734545,-79.25809,640278.507,4843863.4585,At Intersection,Traffic Signal,Clear,Dark,Dry,138,Eglinton East,138,Eglinton East (138),Non-Fatal Injury,1,0,1,0,0,0,0,0,0,0,0,0,0,Pedestrian Collisions,"['Driver', 'Pedestrian']",North,"['Automobile, Station Wagon', 'Other']","['Turning Left', 'Other']",[],[],['Vehicle turns left while ped crosses with ROW at inter.'],[],[],[],[],[],D41,False,['unknown'],3.0
1343083.0,2013-01-02 10:00:00,958,2013,ST CLAIR AVE W,MONDOVI GT,Major Arterial,Etobicoke York,43.670945,-79.47449,622981.3131,4836456.1816,Unknown,No Control,Clear,Daylight,Dry,90,Junction Area,90,Junction Area (90),Non-Fatal Injury,1,0,1,0,0,0,0,0,0,0,0,0,0,Pedestrian Collisions,"['Driver', 'Pedestrian']",North,"['Automobile, Station Wagon', 'Other']",['Going Ahead'],['Other'],['Inattentive'],['Pedestrian hit at mid-block'],"['Crossing, no Traffic Control']",['Inattentive'],[],[],[],D11,False,"['75 to 79', '70 to 74']",3.0
1343123.0,2020-07-19 08:00:00,1802,2020,LAWRENCE AVE E,MCMILLAN AVE,Minor Arterial,Scarborough,43.772986,-79.165462,647643.4992,4848293.9312,Intersection Related,No Control,Clear,Daylight,Dry,136,West Hill,136,West Hill (136),Fatal,0,0,1,0,0,0,0,1,0,0,0,0,0,Approaching,"['Passenger', 'Driver']",East,"['Automobile, Station Wagon']",['Going Ahead'],"['Lost control', 'Driving Properly']","['Unknown', 'Normal']",[],[],[],[],[],[],D43,True,"['20 to 24', '25 to 29']",4.0
1343211.0,2013-01-04 10:00:00,653,2013,DANFORTH Ave,SCOTIA Ave,Minor Arterial,Scarborough,43.694645,-79.27249,639211.2037,4839407.7028,Unknown,No Control,Clear,Dark,Wet,121,Oakridge,121,Oakridge (121),Non-Fatal Injury,0,0,1,0,0,0,0,0,0,0,0,0,0,Turning Movement,['Driver'],East,"['Automobile, Station Wagon']","['Turning Left', 'Going Ahead']","['Improper Turn', 'Driving Properly']","['Inattentive', 'Normal']",[],[],[],[],[],[],D41,False,"['30 to 34', '50 to 54']",3.0
1343241.0,2013-01-04 10:00:00,1345,2013,BIRMINGHAM ST,ISLINGTON AVE,Major Arterial,Etobicoke York,43.603245,-79.50629,620552.9874,4828890.5946,At Intersection,Traffic Signal,Clear,Daylight,Wet,18,New Toronto,18,New Toronto (18),Non-Fatal Injury,1,0,1,0,0,0,0,0,0,0,0,0,0,Pedestrian Collisions,"['Vehicle Owner', 'Driver', 'Pedestrian']",East,"['Other', 'Automobile, Station Wagon']",['Turning Right'],['Improper Turn'],['Inattentive'],['Pedestrian hit on sidewalk or shoulder'],['On Sidewalk or Shoulder'],['Normal'],[],[],[],D22,False,"['unknown', '30 to 34']",3.0
1343484.0,2013-01-08 10:00:00,1735,2013,YORK ST,BREMNER BLVD,Major Arterial,Toronto and East York,43.642945,-79.38149,630539.3839,4833488.489,At Intersection,Traffic Signal,Clear,"Dark, artificial",Dry,165,Harbourfront-CityPlace,77,Waterfront Communities-The Island (77),Non-Fatal Injury,1,0,1,0,0,0,0,0,0,1,1,0,0,Pedestrian Collisions,"['Driver', 'Vehicle Owner', 'Other Property Owner', 'Pedestrian']",East,"['Automobile, Station Wagon', 'Other']",['Going Ahead'],"['Driving Properly', 'Disobeyed Traffic Control']","['Normal', 'Inattentive']",['Pedestrian hit on sidewalk or shoulder'],['On Sidewalk or Shoulder'],['Normal'],[],[],[],D52,False,"['55 to 59', 'unknown', '20 to 24', '45 to 49']",3.0
1343587.0,2013-03-01 10:00:00,1039,2013,DON MILLS RD W,GOODVIEW RD,Major Arterial,North York,43.781345,-79.35199,632613.0943,4848906.6108,At Intersection,No Control,Clear,Daylight,Wet,47,Don Valley Village,47,Don Valley Village (47),Non-Fatal Injury,1,0,1,0,0,0,0,0,0,0,0,0,0,Pedestrian Collisions,"['Driver', 'Pedestrian']",East,"['Automobile, Station Wagon', 'Other']",['Going Ahead'],['Driving Properly'],['Normal'],['Pedestrian hit at mid-block'],"['Crossing, no Traffic Control']",['Normal'],[],[],[],D33,False,"['40 to 44', '80 to 84']",3.0
1343634.0,2013-03-01 10:00:00,1855,2013,MIDLAND AVE,MCNICOLL AVE,Major Arterial,Scarborough,43.817045,-79.29329,637254.8802,4852967.3745,Unknown,No Control,Clear,Dusk,Dry,130,Milliken,130,Milliken (130),Non-Fatal Injury,1,0,1,0,0,0,0,0,0,0,0,0,0,Pedestrian Collisions,"['Driver', 'Pedestrian']",North,"['Automobile, Station Wagon', 'Other']",['Going Ahead'],['Driving Properly'],['Inattentive'],['Pedestrian hit at mid-block'],['Walking on Roadway with Traffic'],['Normal'],[],[],[],D42,False,"['65 to 69', '0 to 4', '50 to 54', '25 to 29']",3.0
1344050.0,2013-03-03 10:00:00,951,2013,ROYAL YORK RD,HILLSIDE AVE,Minor Arterial,Etobicoke York,43.610145,-79.49589,621378.4705,4829672.0699,Unknown,Stop Sign,Clear,Daylight,Dry,160,Mimico-Queensway,17,Mimico (includes Humber Bay Shores) (17),Non-Fatal Injury,0,0,1,0,0,1,0,1,0,0,0,0,0,Angle,"['Passenger', 'Vehicle Owner', 'Driver']",South,"['Other', 'Municipal Transit Bus (TTC)', 'Automobile, Station Wagon']","['Stopped', 'Going Ahead']","['Driving Properly', 'Lost control']","['Normal', 'Unknown']",[],[],[],[],[],[],D22,False,"['15 to 19', 'unknown', '45 to 49', '50 to 54']",3.0
1344093.0,2013-01-16 10:00:00,640,2013,YONGE ST,ORCHARD VIEW BLVD,Major Arterial,North York,43.708645,-79.39879,629003.1942,4840758.2978,Unknown,No Control,Clear,"Dark, artificial",Dry,100,Yonge-Eglinton,100,Yonge-Eglinton (100),Non-Fatal Injury,1,0,1,0,0,0,0,0,0,0,0,0,0,Pedestrian Collisions,"['Driver', 'Pedestrian']",North,"['Automobile, Station Wagon', 'Other']",['Going Ahead'],['Driving Properly'],['Normal'],['Pedestrian hit at mid-block'],['Crossing without right of way'],['Inattentive'],[],[],[],D53,False,"['65 to 69', '55 to 59']",3.0
1344095.0,2013-01-16 10:00:00,855,2013,DUNVEGAN RD,HEATH ST W,Collector,Toronto and East York,43.688045,-79.40559,628499.3364,4838459.8214,At Intersection,Stop Sign,Clear,Daylight,Dry,96,Casa Loma,96,Casa Loma (96),Non-Fatal Injury,1,0,1,0,0,0,0,0,0,1,0,0,0,Pedestrian Collisions,"['Driver', 'Pedestrian']",South,"['Automobile, Station Wagon', 'Other']",['Turning Left'],['Failed to Yield Right of Way'],['Inattentive'],['Vehicle turns left while ped crosses with ROW at inter.'],['Crossing with right of way'],['Normal'],[],[],[],D53,False,"['40 to 44', '65 to 69']",3.0
1344102.0,2013-01-16 10:00:00,642,2013,DUPONT ST,EMERSON AVE,Major Arterial,Toronto and East York,43.667245,-79.44419,625431.7231,4836090.6137,At Intersection,No Control,Clear,"Dark, artificial",Dry,171,Junction-Wallace Emerson,93,Dovercourt-Wallace Emerson-Junction (93),Non-Fatal Injury,0,0,1,0,0,0,0,0,0,0,0,0,0,Turning Movement,['Driver'],East,"['Automobile, Station Wagon']","['Turning Left', 'Going Ahead']","['Improper Turn', 'Driving Properly']",['Normal'],[],[],[],[],[],[],D11,False,"['60 to 64', '50 to 54']",3.0
1344358.0,2013-01-13 10:00:00,640,2013,DUNDAS ST E,JARVIS ST,Major Arterial,Toronto and East York,43.657057,-79.374553,631068.1875,4835066.7462,Unknown,No Control,Rain,"Dark, artificial",Wet,73,Moss Park,73,Moss Park (73),Non-Fatal Injury,1,0,1,0,0,1,0,0,0,0,0,0,0,Pedestrian Collisions,"['Vehicle Owner', 'Driver', 'Pedestrian']",East,"['Other', 'Automobile, Station Wagon', 'Municipal Transit Bus (TTC)']",['Going Ahead'],['Driving Properly'],['Normal'],['Pedestrian hit at mid-block'],"['Crossing, no Traffic Control']",['Inattentive'],[],[],[],D51,False,"['unknown', '50 to 54', '35 to 39', '30 to 34']",3.0
1344369.0,2013-01-09 10:00:00,520,2013,MARKHAM RD,GREENBRAE CRCT Circ,Major Arterial,Scarborough,43.762145,-79.22629,642773.7973,4846983.1929,At Intersection,Traffic Signal,Clear,"Dark, artificial",Wet,142,Woburn North,137,Woburn (137),Non-Fatal Injury,1,0,1,0,0,0,0,0,0,1,0,0,0,Pedestrian Collisions,"['Driver', 'Pedestrian']",East,"['Automobile, Station Wagon', 'Other']",['Turning Left'],['Failed to Yield Right of Way'],['Inattentive'],['Vehicle turns left while ped crosses with ROW at inter.'],['Crossing with right of way'],['Normal'],[],[],[],D43,False,"['40 to 44', '50 to 54']",3.0
1344412.0,2012-10-12 08:00:00,1415,2012,FIFTH Stre,LAKE SHORE Boul W,Major Arterial,Etobicoke York,43.601245,-79.502986,620823.6494,4828673.2715,Unknown,Traffic Signal,Clear,Daylight,Dry,18,New Toronto,18,New Toronto (18),Non-Fatal Injury,0,1,1,0,0,0,0,0,0,0,0,0,0,Cyclist Collisions,"['Driver', 'Cyclist']",East,"['Automobile, Station Wagon', 'Bicycle']",['Going Ahead'],['Other'],['Unknown'],[],[],[],['Insufficient information (to determine cyclist crash type).'],['Other'],['Unknown'],D22,False,"['60 to 64', '30 to 34']",3.0
1344553.0,2013-01-17 10:00:00,1555,2013,2 EIREANN QUAY Quay,Not Applicable,Collector,Toronto and East York,43.635145,-79.39779,629241.4313,4832596.6902,Unknown,No Control,Clear,Daylight,Dry,165,Harbourfront-CityPlace,77,Waterfront Communities-The Island (77),Non-Fatal Injury,1,0,1,0,0,0,0,0,0,1,0,0,0,Pedestrian Collisions,"['Driver', 'Pedestrian']",West,"['Automobile, Station Wagon', 'Other']",['Turning Left'],['Failed to Yield Right of Way'],['Normal'],['Pedestrian hit at private driveway'],['On Sidewalk or Shoulder'],['Inattentive'],[],[],[],D14,False,"['35 to 39', 'unknown']",3.0
1344579.0,2013-01-19 10:00:00,852,2013,DAVENPORT RD,SHAW ST,Minor Arterial,Toronto and East York,43.674745,-79.42829,626697.835,4836947.752,At Intersection,Pedestrian Crossover,Clear,Dark,Wet,94,Wychwood,94,Wychwood (94),Non-Fatal Injury,0,1,1,0,0,0,0,0,0,1,0,0,0,Cyclist Collisions,"['Driver', 'Cyclist']",East,"['Automobile, Station Wagon', 'Bicycle']","['Turning Left', 'Going Ahead']",['Failed to Yield Right of Way'],['Inattentive'],[],[],[],['Motorist turned left across cyclists path.'],['Driving Properly'],['Normal'],D13,False,"['60 to 64', '25 to 29']",3.0
1344588.0,2013-03-05 10:00:00,2128,2013,1420 VICTORIA PARK Ave,Not Applicable,Major Arterial,North York,43.721343,-79.301288,636829.7289,4842324.9506,Unknown,No Control,Clear,"Dark, artificial",Wet,43,Victoria Village,43,Victoria Village (43),Fatal,1,0,1,0,0,0,0,0,0,1,0,0,0,Pedestrian Collisions,"['Vehicle Owner', 'Driver', 'Pedestrian']",East,"['Automobile, Station Wagon']",['Going Ahead'],['Driving Properly'],['Inattentive'],['Pedestrian hit at mid-block'],"['Crossing, no Traffic Control']",['Had Been Drinking'],[],[],[],D55,True,"['unknown', '30 to 34', '35 to 39']",4.0
1344724.0,2013-03-06 10:00:00,927,2013,ST CLAIR AVE W,HOUNSLOW HEATH RD,Major Arterial,Toronto and East York,43.674145,-79.45999,624143.6653,4836833.1828,Unknown,Traffic Signal,Clear,Daylight,Wet,91,Weston-Pelham Park,91,Weston-Pellam Park (91),Non-Fatal Injury,1,0,1,0,0,0,0,0,0,0,0,0,0,Pedestrian Collisions,"['Vehicle Owner', 'Driver', 'Pedestrian']",East,"['Other', 'Automobile, Station Wagon']",['Going Ahead'],['Driving Properly'],['Normal'],['Vehicle is going straight thru inter.while ped cross without ROW'],['Crossing without right of way'],['Normal'],[],[],[],D11,False,"['unknown', '40 to 44', '10 to 14']",3.0
1344985.0,2013-01-11 10:00:00,626,2013,VICTORIA PARK AVE,FINCH AVE E,Major Arterial,North York,43.793145,-79.33139,634244.346,4850250.3915,At Intersection,Traffic Signal,Rain,Dark,Wet,147,L'Amoreaux West,117,L'Amoreaux (117),Non-Fatal Injury,1,0,1,0,0,0,0,0,0,1,0,0,0,Pedestrian Collisions,"['Driver', 'Pedestrian']",East,"['Automobile, Station Wagon', 'Other']",['Turning Left'],['Failed to Yield Right of Way'],['Normal'],['Vehicle turns left while ped crosses with ROW at inter.'],['Crossing with right of way'],['Normal'],[],[],[],D42,False,"['70 to 74', '45 to 49']",3.0
1345002.0,2013-01-18 10:00:00,2041,2013,SHEPPARD AVE W,KEELE ST,Major Arterial,North York,43.744745,-79.48639,621872.3142,4844635.1237,At Intersection,Traffic Signal,Clear,"Dark, artificial",Wet,155,Downsview,26,Downsview-Roding-CFB (26),Non-Fatal Injury,1,0,1,0,0,0,0,0,0,1,0,0,0,Pedestrian Collisions,"['Driver', 'Pedestrian']",East,"['Automobile, Station Wagon', 'Other']",['Turning Right'],['Failed to Yield Right of Way'],['Unknown'],['Vehicle turns right while ped crosses with ROW at inter.'],['Crossing with right of way'],['Unknown'],[],[],[],D31,False,"['55 to 59', '40 to 44']",3.0
1345150.0,2020-07-20 08:00:00,120,2020,911A ADELAIDE ST W,Not Applicable,Collector,Toronto and East York,43.642802,-79.414745,627857.5092,4833420.8392,Non Intersection,No Control,Clear,Dark,Dry,162,West Queen West,82,Niagara (82),Non-Fatal Injury,1,0,1,0,0,0,0,0,0,1,0,0,0,Pedestrian Collisions,"['Driver', 'Pedestrian']",East,"['Automobile, Station Wagon']",['Going Ahead'],['Improper Passing'],['Had Been Drinking'],['Pedestrian hit at mid-block'],['Crossing with right of way'],['Had Been Drinking'],[],[],[],D14,False,"['50 to 54', '25 to 29']",3.0
1345175.0,2013-03-07 10:00:00,1545,2013,CLIFFSIDE DR,EAST HAVEN DR,Collector,Scarborough,43.703646,-79.25159,640874.3664,4840442.6964,Unknown,Stop Sign,Clear,Daylight,Wet,122,Birchcliffe-Cliffside,122,Birchcliffe-Cliffside (122),Fatal,1,0,0,0,1,0,0,0,0,1,0,0,0,Pedestrian Collisions,"['Vehicle Owner', 'Truck Driver', 'Pedestrian']",West,"['Truck - Closed (Blazer, etc)']",['Turning Left'],['Failed to Yield Right of Way'],['Normal'],['Vehicle turns left while ped crosses with ROW at inter.'],['Crossing with right of way'],['Normal'],[],[],[],D41,True,"['unknown', '60 to 64', '10 to 14', '5 to 9']",4.0
1345231.0,2013-01-25 10:00:00,920,2013,ALBION RD,HIGHWAY 27  S,Major Arterial,Etobicoke York,43.744645,-79.60999,611920.4516,4844449.6152,Unknown,No Control,Clear,Daylight,Dry,1,West Humber-Clairville,1,West Humber-Clairville (1),Non-Fatal Injury,0,0,1,0,1,0,0,0,1,1,0,0,0,Rear End,"['Truck Driver', 'Vehicle Owner', 'Driver', 'Trailer Owner']",East,"['Truck - Open', 'Other', 'Automobile, Station Wagon']","['Stopped', 'Going Ahead']","['Driving Properly', 'Speed too Fast For Condition']","['Normal', 'Inattentive']",[],[],[],[],[],[],D23,False,"['60 to 64', 'unknown', '25 to 29']",3.0
1345603.0,2013-03-10 09:00:00,400,2013,BLOOR ST W,ST HELENS AVE,Major Arterial,Toronto and East York,43.658045,-79.44399,625467.0105,4835069.1349,At Intersection,Stop Sign,Clear,"Dark, artificial",Dry,83,Dufferin Grove,83,Dufferin Grove (83),Non-Fatal Injury,0,1,1,0,0,0,0,1,0,0,0,0,0,Cyclist Collisions,"['Passenger', 'Driver', 'Cyclist']",North,"['Other', 'Automobile, Station Wagon', 'Bicycle']","['Going Ahead', 'Turning Right']",['Driving Properly'],['Normal'],[],[],[],['Cyclist turns right across motorists path'],['Improper Turn'],['Other'],D11,False,"['20 to 24', '30 to 34']",3.0
1345604.0,2013-03-10 09:00:00,10,2013,FINCH AVE W,OAKDALE RD,Major Arterial,Etobicoke York,43.755745,-79.52499,618742.5552,4845800.7734,At Intersection,No Control,Clear,"Dark, artificial",Dry,25,Glenfield-Jane Heights,25,Glenfield-Jane Heights (25),Non-Fatal Injury,1,0,1,0,0,0,0,0,0,0,0,0,0,Pedestrian Collisions,"['Driver', 'Pedestrian']",East,"['Automobile, Station Wagon', 'Other']",['Going Ahead'],['Driving Properly'],['Normal'],['Pedestrian hit at mid-block'],"['Crossing, no Traffic Control']",['Unknown'],[],[],[],D31,False,"['70 to 74', '30 to 34']",3.0
1345912.0,2013-03-11 08:00:00,2215,2013,CHAPMAN RD,ROYAL YORK RD,Minor Arterial,Etobicoke York,43.687545,-79.52889,618563.0388,4838220.6222,Unknown,Stop Sign,Rain,"Dark, artificial",Wet,8,Humber Heights-Westmount,8,Humber Heights-Westmount (8),Non-Fatal Injury,1,0,1,0,0,0,0,0,0,0,0,0,0,Pedestrian Collisions,"['Driver', 'Pedestrian']",North,"['Automobile, Station Wagon', 'Other']",['Turning Left'],['Driving Properly'],['Unknown'],['Vehicle turns left while ped crosses without ROW at inter.'],['Crossing without right of way'],['Unknown'],[],[],[],D23,False,"['25 to 29', '45 to 49']",3.0
1346364.0,2013-03-14 08:00:00,35,2013,QUEEN ST W,DOWLING AVE,Major Arterial,Toronto and East York,43.639941,-79.439853,625838.3959,4833064.7155,Unknown,No Control,Snow,Dark,Loose Snow,85,South Parkdale,85,South Parkdale (85),Non-Fatal Injury,1,0,1,0,0,0,0,0,0,0,0,0,0,Pedestrian Collisions,"['Driver', 'Pedestrian']",West,"['Automobile, Station Wagon', 'Other']","['Going Ahead', 'Other']",[],[],[],[],[],[],[],[],D14,False,"['unknown', '35 to 39']",3.0
1346509.0,2013-03-14 08:00:00,2032,2013,CARLAW AVE,DUNDAS ST E,Minor Arterial,Toronto and East York,43.663345,-79.34109,633752.5485,4835818.5169,At Intersection,No Control,Clear,"Dark, artificial",Dry,70,South Riverdale,70,South Riverdale (70),Non-Fatal Injury,1,0,1,0,0,0,0,1,0,0,0,0,0,Pedestrian Collisions,"['Passenger', 'Vehicle Owner', 'Driver', 'Pedestrian']",East,"['Other', 'Automobile, Station Wagon']",['Turning Left'],['Driving Properly'],['Normal'],['Pedestrian hit at mid-block'],"['Crossing, no Traffic Control']",['Normal'],[],[],[],D55,False,"['20 to 24', '30 to 34', 'unknown', '45 to 49', '60 to 64']",3.0
1346813.0,2013-03-16 08:00:00,1252,2013,WARDEN AVE,STEELES AVE E,Major Arterial,Scarborough,43.819645,-79.32439,634747.9211,4853205.0196,Unknown,Traffic Signal,Clear,Daylight,Dry,NSA,NSA,NSA,NSA,Non-Fatal Injury,0,1,1,0,0,0,0,0,0,0,0,0,0,Cyclist Collisions,"['Driver', 'Cyclist']",East,"['Automobile, Station Wagon', 'Bicycle']","['Turning Right', 'Going Ahead']",['Improper Turn'],['Normal'],[],[],[],['Motorist turning right on green or amber at signalized intersection strikes cyclist.'],['Other'],['Normal'],D42,False,"['30 to 34', '65 to 69']",3.0