accident_number,date,time,year,street1,street2,road_class,district,latitude,longitude,x,y,accident_location,traffctl,visibility,light,road_surface_condition,hood_158,neighbourhood_new,hood_140,neighbourhood_old,accident_class,pedestrian,cyclist,automobile,motorcycle,truck,trsn_city_veh,emerg_veh,passenger,speeding,aggressive_driving,redlight,alcohol,disability,impact_type,involvement_type,initial_direction,vehicle_type,manoeuver,driver_action,driver_condition,pedestrian_type,pedestrian_action,pedestrian_condition,cyclist_type,cyclist_action,cyclist_condition,division,injury,involvement_age,injury_severity_score
1354199.0,2013-04-10 08:00:00,1856,2013,FINCH Ave E,BALDOON Rd,Minor Arterial,Scarborough,43.815245,-79.23239,642156.8294,4852870.2971,At Intersection,Stop Sign,Clear,"Daylight, artificial",Dry,145,Malvern West,131,Rouge (131),Non-Fatal Injury,1,0,1,0,0,0,0,0,0,0,0,0,0,Pedestrian Collisions,"['Driver', 'Pedestrian']",North,"['Automobile, Station Wagon', 'Other']",['Turning Left'],['Driving Properly'],['Normal'],['Vehicle turns left while ped crosses without ROW at inter.'],['Running onto Roadway'],['Inattentive'],[],[],[],D42,False,"['40 to 44', '50 to 54']",3.0
1354394.0,2013-04-05 08:00:00,2259,2013,BLOOR ST W,MARGUERETTA ST,Major Arterial,Toronto and East York,43.658946,-79.439693,625811.6155,4835175.7094,At Intersection,No Control,Clear,Dark,Dry,83,Dufferin Grove,83,Dufferin Grove (83),Non-Fatal Injury,0,1,1,0,0,0,0,0,0,1,0,0,0,Cyclist Collisions,"['Driver', 'Cyclist']",West,"['Automobile, Station Wagon', 'Bicycle']",['Going Ahead'],['Improper Passing'],['Unknown'],[],[],[],['Cyclist and Driver travelling in same direction. One vehicle rear-ended the other.'],[],[],D11,False,"['unknown', '35 to 39']",3.0
1354707.0,2013-05-04 08:00:00,1450,2013,YONGE ST,GERRARD ST E,Major Arterial,Toronto and East York,43.659644,-79.382388,630430.8027,4835341.7202,Unknown,No Control,Clear,Daylight,Dry,170,Yonge-Bay Corridor,76,Bay Street Corridor (76),Fatal,1,0,0,1,0,0,0,0,0,0,0,0,0,Pedestrian Collisions,"['Motorcycle Driver', 'Pedestrian']",North,['Motorcycle'],['Changing Lanes'],['Improper Lane Change'],['Normal'],"['Pedestrian hit on sidewalk or shoulder', 'Pedestrian hit at mid-block']","['On Sidewalk or Shoulder', 'Crossing, no Traffic Control']","['Normal', 'Medical or Physical Disability']",[],[],[],D52,True,"['40 to 44', '65 to 69', '20 to 24']",4.0
1354807.0,2013-04-12 08:00:00,1600,2013,CRAWFORD ST,QUEEN ST W,Major Arterial,Toronto and East York,43.644945,-79.41509,627825.1381,4833658.3156,At Intersection,Stop Sign,Rain,Daylight,Wet,162,West Queen West,82,Niagara (82),Non-Fatal Injury,0,0,1,0,0,0,0,0,1,1,0,0,0,Turning Movement,['Driver'],East,"['Automobile, Station Wagon']","['Going Ahead', 'Turning Left']","['Speed too Fast For Condition', 'Failed to Yield Right of Way']",['Normal'],[],[],[],[],[],[],D14,False,"['25 to 29', '20 to 24']",3.0
1355187.0,2013-05-07 08:00:00,2100,2013,LAWRENCE AVE E,KINGSTON RD,Major Arterial,Scarborough,43.767646,-79.189586,645714.9447,4847658.1024,At Intersection,Traffic Signal,Clear,"Dark, artificial",Dry,136,West Hill,136,West Hill (136),Non-Fatal Injury,0,1,0,0,0,1,0,0,0,0,0,0,0,Cyclist Collisions,"['Vehicle Owner', 'Driver', 'Cyclist']",East,"['Other', 'Municipal Transit Bus (TTC)', 'Bicycle']",['Going Ahead'],['Driving Properly'],['Normal'],[],[],[],"['Cyclist without ROW rides into path of motorist at inter, lnwy, dwy-Cyclist not turn.']",['Disobeyed Traffic Control'],['Inattentive'],D43,False,"['unknown', '35 to 39', '10 to 14']",3.0
1355516.0,2013-04-12 08:00:00,1845,2013,YORKLAND Blvd,CONSUMERS Rd,Minor Arterial,North York,43.772945,-79.33609,633911.3084,4847999.2537,Unknown,No Control,Clear,Daylight,Wet,53,Henry Farm,53,Henry Farm (53),Non-Fatal Injury,0,0,1,0,0,0,0,0,1,1,0,0,0,SMV Other,['Driver'],West,"['Automobile, Station Wagon']",['Turning Left'],['Speed too Fast For Condition'],['Inattentive'],[],[],[],[],[],[],D33,False,['30 to 34'],3.0
1355579.0,2013-04-16 08:00:00,1630,2013,LAWRENCE Ave W,BROOKHAVEN Dr,Major Arterial,Etobicoke York,43.704345,-79.49669,621124.3675,4840133.0304,At Intersection,Traffic Signal,Clear,Daylight,Dry,30,Brookhaven-Amesbury,30,Brookhaven-Amesbury (30),Non-Fatal Injury,1,0,1,0,0,0,0,0,0,1,0,0,0,Pedestrian Collisions,"['Driver', 'Pedestrian']",North,"['Automobile, Station Wagon', 'Other']",['Turning Right'],['Failed to Yield Right of Way'],['Normal'],['Vehicle turns right while ped crosses with ROW at inter.'],['Crossing with right of way'],['Normal'],[],[],[],D12,False,"['30 to 34', '60 to 64']",3.0
1355791.0,2013-05-12 08:00:00,139,2013,QUEEN ST E,EASTERN AVE,Major Arterial,Toronto and East York,43.667243,-79.312587,636041.8741,4836297.7903,At Intersection,Traffic Signal,Rain,"Dark, artificial",Wet,63,The Beaches,63,The Beaches (63),Fatal,1,0,0,0,0,1,0,0,0,0,0,0,0,Pedestrian Collisions,"['Vehicle Owner', 'Pedestrian', 'Driver']",East,['Street Car'],['Going Ahead'],['Driving Properly'],['Normal'],['Pedestrian involved in a collision with transit vehicle anywhere along roadway'],['Other'],['Unknown'],[],[],[],D55,True,"['unknown', '60 to 64', '25 to 29']",4.0
1355879.0,2013-04-10 08:00:00,1110,2013,MCNICOLL Ave,WHITE HEATHER Blvd,Minor Arterial,Scarborough,43.818945,-79.26739,639333.3802,4853221.6972,At Intersection,Stop Sign,Rain,Daylight,Wet,130,Milliken,130,Milliken (130),Non-Fatal Injury,0,0,1,0,0,0,0,1,0,1,0,0,0,Turning Movement,"['Driver', 'Passenger']",East,"['Automobile, Station Wagon', 'Other']","['Going Ahead', 'Turning Left']","['Driving Properly', 'Improper Turn']","['Normal', 'Inattentive']",[],[],[],[],[],[],D42,False,"['30 to 34', '35 to 39', '50 to 54']",3.0
1356299.0,2013-05-15 08:00:00,314,2013,YONGE ST,GLENGROVE AVE E,Major Arterial,North York,43.719538,-79.401126,628791.6532,4841964.4876,At Intersection,Traffic Signal,Clear,"Dark, artificial",Dry,103,Lawrence Park South,103,Lawrence Park South (103),Non-Fatal Injury,1,0,1,0,0,1,0,0,0,0,0,0,0,Pedestrian Collisions,"['Vehicle Owner', 'Driver - Not Hit', 'Driver', 'Pedestrian']",North,"['Other', 'Municipal Transit Bus (TTC)', 'Automobile, Station Wagon']",['Going Ahead'],['Driving Properly'],['Normal'],['Vehicle is going straight thru inter.while ped cross without ROW'],['Crossing without right of way'],['Had Been Drinking'],[],[],[],D53,False,"['unknown', '45 to 49', '25 to 29']",3.0
1356335.0,2013-04-17 08:00:00,1726,2013,GLENMOUNT PARK Rd,BURGESS Ave,Local,Toronto and East York,43.679245,-79.30459,636659.3667,4837643.9228,At Intersection,Stop Sign,Clear,Daylight,Dry,62,East End-Danforth,62,East End-Danforth (62),Non-Fatal Injury,1,0,1,0,0,0,0,0,0,0,0,0,0,Pedestrian Collisions,"['Driver', 'Pedestrian']",North,"['Automobile, Station Wagon', 'Other']","['Turning Left', 'Going Ahead']",['Driving Properly'],['Normal'],['Vehicle turns left while ped crosses without ROW at inter.'],['Playing or Working on Highway'],['Inattentive'],[],[],[],D55,False,"['50 to 54', '10 to 14']",3.0
1356633.0,2013-05-16 08:00:00,1717,2013,BATHURST ST,COLLEGE ST,Major Arterial,Toronto and East York,43.656409,-79.40768,628398.34,4834942.982,At Intersection,Traffic Signal,Clear,Daylight,Dry,78,Kensington-Chinatown,78,Kensington-Chinatown (78),Non-Fatal Injury,1,0,1,0,0,0,0,0,0,0,0,0,0,Pedestrian Collisions,"['Driver', 'Pedestrian']",East,['Pick Up Truck'],['Going Ahead'],['Driving Properly'],['Normal'],['Vehicle is going straight thru inter.while ped cross without ROW'],['Crossing without right of way'],['Unknown'],[],[],[],D14,False,"['50 to 54', '75 to 79']",3.0
1356635.0,2013-05-16 08:00:00,1231,2013,MILL ST,YONGE ST,Major Arterial,North York,43.740344,-79.405887,628363.6897,4844267.9079,At Intersection,Traffic Signal,Clear,Daylight,Dry,41,Bridle Path-Sunnybrook-York Mills,41,Bridle Path-Sunnybrook-York Mills (41),Fatal,1,0,1,0,0,0,0,0,0,1,1,0,0,Pedestrian Collisions,"['Vehicle Owner', 'Driver', 'Pedestrian']",South,"['Automobile, Station Wagon']",['Turning Right'],['Disobeyed Traffic Control'],['Normal'],['Vehicle turns right while ped crosses with ROW at inter.'],['Crossing with right of way'],['Normal'],[],[],[],D32,True,"['unknown', '25 to 29', '90 to 94']",4.0
1356930.0,2013-05-18 08:00:00,2240,2013,EGLINTON Ave W,OAKWOOD Ave,Major Arterial,North York,43.697445,-79.44219,625529.9675,4839447.7584,Unknown,No Control,Clear,"Dark, artificial",Dry,108,Briar Hill-Belgravia,108,Briar Hill-Belgravia (108),Non-Fatal Injury,1,0,1,0,0,0,0,0,0,0,0,0,0,Pedestrian Collisions,"['Driver', 'Vehicle Owner', 'Pedestrian']",East,"['Automobile, Station Wagon', 'Other']",['Going Ahead'],['Driving Properly'],['Normal'],['Pedestrian hit at mid-block'],"['Crossing, no Traffic Control']",['Inattentive'],[],[],[],D13,False,"['50 to 54', 'unknown', '15 to 19', '25 to 29']",3.0
1357107.0,2013-05-20 08:00:00,1405,2013,SPADINA Ave,COLLEGE St,Major Arterial,Toronto and East York,43.659045,-79.40049,628972.4752,4835246.8957,At Intersection,No Control,Clear,Daylight,Dry,79,University,79,University (79),Non-Fatal Injury,0,0,0,1,0,0,0,0,1,1,0,0,0,SMV Other,['Motorcycle Driver'],North,['Motorcycle'],['Turning Right'],['Lost control'],['Normal'],[],[],[],[],[],[],D52,False,['25 to 29'],3.0
1357155.0,2013-04-23 08:00:00,1800,2013,JANE ST,FOXWELL ST,Major Arterial,Etobicoke York,43.671645,-79.493686,621432.3732,4836505.6468,At Intersection,Traffic Signal,Clear,Daylight,Dry,111,Rockcliffe-Smythe,111,Rockcliffe-Smythe (111),Non-Fatal Injury,0,1,1,0,0,0,0,0,0,0,0,0,0,Cyclist Collisions,"['Driver', 'Cyclist']",North,"['Automobile, Station Wagon', 'Bicycle']","['Going Ahead', 'Turning Left']",['Driving Properly'],['Normal'],[],[],[],['Cyclist turned left across motorists path.'],['Other'],['Unknown'],D12,False,"['50 to 54', '20 to 24']",3.0
1357350.0,2013-04-22 08:00:00,1514,2013,WEST TORONTO ST,KEELE ST,Collector,Etobicoke York,43.669645,-79.46799,623507.9916,4836321.4562,Unknown,No Control,Clear,Daylight,Dry,90,Junction Area,90,Junction Area (90),Non-Fatal Injury,0,0,1,1,0,0,0,0,0,1,0,0,0,Turning Movement,"['Vehicle Owner', 'Driver', 'Motorcycle Driver']",South,"['Other', 'Automobile, Station Wagon', 'Motorcycle']","['Turning Left', 'Going Ahead']","['Failed to Yield Right of Way', 'Driving Properly']",['Normal'],[],[],[],[],[],[],D11,False,"['unknown', '35 to 39', '50 to 54']",3.0
1357499.0,2013-04-24 08:00:00,1138,2013,STEELES AVE E,DON MILLS RD,Major Arterial,North York,43.811145,-79.36079,631839.4104,4852202.3121,At Intersection,Traffic Signal,Rain,Daylight,Wet,48,Hillcrest Village,48,Hillcrest Village (48),Non-Fatal Injury,0,0,1,0,0,0,0,1,0,1,1,0,0,Angle,"['Passenger', 'Driver']",East,"['Other', 'Automobile, Station Wagon']",['Going Ahead'],"['Driving Properly', 'Disobeyed Traffic Control']","['Normal', 'Inattentive']",[],[],[],[],[],[],D33,False,"['45 to 49', '20 to 24']",3.0
1357570.0,2013-04-24 08:00:00,1624,2013,MORNINGSIDE Ave,BEATH St,Major Arterial,Scarborough,43.774745,-79.18869,645769.8131,4848448.1355,Unknown,No Control,Rain,Daylight,Wet,136,West Hill,136,West Hill (136),Non-Fatal Injury,0,0,1,0,0,1,0,0,0,1,0,0,0,Sideswipe,['Driver'],North,"['Municipal Transit Bus (TTC)', 'Automobile, Station Wagon']","['Stopped', 'Changing Lanes']","['Driving Properly', 'Following too Close']","['Normal', 'Inattentive']",[],[],[],[],[],[],D43,False,"['70 to 74', '15 to 19']",3.0
1357700.0,2013-04-25 08:00:00,1314,2013,JARVIS St,QUEEN St E,Major Arterial,Toronto and East York,43.653745,-79.37329,631177.2421,4834700.9007,At Intersection,Traffic Signal,Clear,Daylight,Dry,168,Downtown Yonge East,75,Church-Yonge Corridor (75),Non-Fatal Injury,1,0,1,0,0,0,0,0,0,0,0,0,0,Pedestrian Collisions,"['Vehicle Owner', 'Driver', 'Pedestrian']",North,"['Other', 'Automobile, Station Wagon']",['Going Ahead'],['Driving Properly'],['Normal'],['Vehicle is going straight thru inter.while ped cross without ROW'],['Running onto Roadway'],['Normal'],[],[],[],D51,False,"['unknown', '20 to 24', '35 to 39']",3.0
1357752.0,2020-07-21 08:00:00,1835,2020,CENTRE RD,HIGH PARK BLVD,Major Arterial,Etobicoke York,43.644133,-79.45827,624344.2545,4833502.5334,At Intersection,Stop Sign,Clear,Daylight,Dry,87,High Park-Swansea,87,High Park-Swansea (87),Non-Fatal Injury,0,1,1,0,0,0,0,0,0,1,0,0,0,Cyclist Collisions,"['Cyclist', 'Driver']",South,"['Bicycle', 'Automobile, Station Wagon']",['Turning Left'],['Driving Properly'],['Normal'],[],[],[],['Cyclist turned left across motorists path.'],['Disobeyed Traffic Control'],['Inattentive'],D11,False,"['50 to 54', '60 to 64']",3.0
1358324.0,2013-04-28 08:00:00,1241,2013,BLOOR ST W,LANSDOWNE AVE,Major Arterial,Toronto and East York,43.658345,-79.44269,625571.2101,4835104.4205,At Intersection,Traffic Signal,Clear,Daylight,Dry,83,Dufferin Grove,93,Dovercourt-Wallace Emerson-Junction (93),Non-Fatal Injury,0,0,1,1,0,0,0,0,1,1,0,0,0,Turning Movement,"['Driver', 'Motorcycle Driver']",East,"['Automobile, Station Wagon', 'Motorcycle']","['Turning Left', 'Going Ahead']","['Driving Properly', 'Exceeding Speed Limit']","['Normal', 'Unknown']",[],[],[],[],[],[],D11,False,"['25 to 29', '50 to 54']",3.0
1358952.0,2013-06-01 08:00:00,242,2013,BATHURST ST,ULSTER ST,Major Arterial,Toronto and East York,43.659735,-79.409045,628281.1878,4835310.2668,Intersection Related,No Control,Clear,"Dark, artificial",Dry,79,University,79,University (79),Non-Fatal Injury,1,0,1,0,0,0,0,0,0,0,0,0,0,Pedestrian Collisions,"['Driver', 'Pedestrian']",South,"['Automobile, Station Wagon']",['Going Ahead'],['Other'],['Had Been Drinking'],['Pedestrian hit at mid-block'],['Running onto Roadway'],['Had Been Drinking'],[],[],[],D14,False,['30 to 34'],3.0
1358953.0,2013-06-01 08:00:00,847,2013,ROYAL YORK RD,FRANKWOOD RD,Minor Arterial,Etobicoke York,43.628859,-79.503635,620716.0048,4831739.1982,Unknown,No Control,Clear,Daylight,Dry,16,Stonegate-Queensway,16,Stonegate-Queensway (16),Non-Fatal Injury,1,0,1,0,0,0,0,0,0,0,0,0,0,Pedestrian Collisions,"['Vehicle Owner', 'Driver', 'Pedestrian']",North,"['Other', 'Taxi']",['Going Ahead'],['Driving Properly'],['Normal'],['Vehicle is going straight thru inter.while ped cross without ROW'],"['Crossing, no Traffic Control']",['Normal'],[],[],[],D22,False,"['unknown', '55 to 59', '80 to 84']",3.0
1359211.0,2013-06-03 08:00:00,1309,2013,EGLINTON AVE W,PARK HILL RD,Major Arterial,North York,43.698445,-79.43729,625922.725,4839566.2524,At Intersection,No Control,Clear,Daylight,Dry,107,Oakwood Village,107,Oakwood Village (107),Non-Fatal Injury,0,1,0,0,0,1,0,0,0,0,0,0,0,Cyclist Collisions,"['Vehicle Owner', 'Driver', 'Cyclist']",East,"['Other', 'Municipal Transit Bus (TTC)', 'Bicycle']","['Going Ahead', 'Overtaking']",['Driving Properly'],['Normal'],[],[],[],['Insufficient information (to determine cyclist crash type).'],['Improper Passing'],['Normal'],D13,False,"['unknown', '50 to 54', '45 to 49']",3.0
1359371.0,2013-06-04 08:00:00,1120,2013,THE QUEENSWAY,ATOMIC AVE,Major Arterial,Etobicoke York,43.617445,-79.54199,617644.0327,4830416.4785,Unknown,No Control,Clear,Daylight,Dry,159,Etobicoke City Centre,14,Islington-City Centre West (14),Non-Fatal Injury,0,1,1,0,0,0,0,0,0,0,0,0,0,Cyclist Collisions,"['Vehicle Owner', 'Driver', 'Cyclist']",East,"['Other', 'Automobile, Station Wagon', 'Bicycle']","['Going Ahead', 'Changing Lanes']",['Driving Properly'],['Normal'],[],[],[],['Cyclist and Driver travelling in same direction. One vehicle sideswipes the other.'],['Improper Lane Change'],['Normal'],D22,False,"['unknown', '25 to 29', '65 to 69']",3.0
1359618.0,2013-06-06 08:00:00,2306,2013,SPADINA AVE,GRANGE AVE,Major Arterial,Toronto and East York,43.651843,-79.397586,629222.0811,4834451.537,Unknown,No Control,Rain,"Dark, artificial",Wet,78,Kensington-Chinatown,78,Kensington-Chinatown (78),Fatal,1,0,1,0,0,0,0,0,0,0,0,0,0,Pedestrian Collisions,"['Vehicle Owner', 'Driver', 'Pedestrian']",South,"['Automobile, Station Wagon']",['Going Ahead'],['Driving Properly'],['Normal'],['Pedestrian hit at mid-block'],['Running onto Roadway'],['Unknown'],[],[],[],D52,True,"['unknown', '30 to 34', '75 to 79']",4.0
1359768.0,2013-06-07 08:00:00,1907,2013,141 BAY ST,Not Applicable,Major Arterial,Toronto and East York,43.645445,-79.37889,630743.6632,4833770.2393,Unknown,No Control,Clear,Dusk,Dry,166,St Lawrence-East Bayfront-The Islands,77,Waterfront Communities-The Island (77),Non-Fatal Injury,0,0,1,0,0,0,0,1,0,0,0,0,1,Rear End,"['Driver', 'Vehicle Owner', 'Passenger']",North,"['Automobile, Station Wagon', 'Other']",['Going Ahead'],"['Driving Properly', 'Lost control']","['Normal', 'Medical or Physical Disability']",[],[],[],[],[],[],D52,False,"['65 to 69', 'unknown', '55 to 59']",3.0
1360225.0,2013-06-09 08:00:00,340,2013,QUEEN ST W,SPADINA AVE,Major Arterial,Toronto and East York,43.648554,-79.397273,629254.3773,4834086.738,Unknown,No Control,Clear,"Dark, artificial",Dry,164,Wellington Place,77,Waterfront Communities-The Island (77),Non-Fatal Injury,1,0,1,0,0,0,0,0,0,0,0,0,0,Pedestrian Collisions,"['Vehicle Owner', 'Pedestrian', 'Driver']",Unknown,"['Other', 'Automobile, Station Wagon']",['Going Ahead'],['Other'],['Unknown'],['Pedestrian hit at mid-block'],['Other'],['Unknown'],[],[],[],D14,False,"['unknown', '15 to 19', '20 to 24']",3.0
1360626.0,2013-06-12 08:00:00,1157,2013,O CONNOR DR,RIVERCOURT BLVD,Major Arterial,Toronto and East York,43.693645,-79.34819,633113.0718,4839172.3252,At Intersection,Traffic Signal,Clear,Daylight,Dry,58,Old East York,58,Old East York (58),Non-Fatal Injury,0,1,1,0,0,0,0,1,0,0,0,0,0,Cyclist Collisions,"['Passenger', 'Vehicle Owner', 'Driver', 'Cyclist']",West,"['Other', 'Automobile, Station Wagon', 'Bicycle']","['Going Ahead', 'Turning Left']",['Driving Properly'],['Normal'],[],[],[],['Cyclist turned left across motorists path.'],['Improper Turn'],['Inattentive'],D55,False,"['15 to 19', 'unknown', '50 to 54', '35 to 39']",3.0
1361068.0,2013-06-15 08:00:00,1336,2013,83 MARKHAM ST,Not Applicable,Local,Toronto and East York,43.650237,-79.40652,628505.042,4834259.2962,Unknown,No Control,Clear,Daylight,Dry,81,Trinity-Bellwoods,81,Trinity-Bellwoods (81),Non-Fatal Injury,1,0,1,0,0,0,0,0,0,0,0,0,0,Pedestrian Collisions,"['Driver', 'Pedestrian']",South,"['Automobile, Station Wagon', 'Other']",['Going Ahead'],['Driving Properly'],['Normal'],['Vehicle hits the pedestrian walking or running out from between parked vehicles at mid-block'],['Coming From Behind Parked Vehicle'],['Normal'],[],[],[],D14,False,"['45 to 49', '0 to 4']",3.0
1361069.0,2013-06-15 08:00:00,1924,2013,MCCOWAN RD,KINGSTON RD,Major Arterial,Scarborough,43.725145,-79.23239,642370.4615,4842863.2824,Unknown,Traffic Signal,Clear,Daylight,Dry,123,Cliffcrest,123,Cliffcrest (123),Non-Fatal Injury,1,0,1,0,0,0,0,0,0,1,0,0,0,Pedestrian Collisions,"['Driver', 'Pedestrian']",North,"['Automobile, Station Wagon', 'Other']",['Turning Left'],['Failed to Yield Right of Way'],['Normal'],['Vehicle turns left while ped crosses with ROW at inter.'],['Crossing with right of way'],['Normal'],[],[],[],D43,False,"['80 to 84', '45 to 49']",3.0
1361106.0,2013-06-16 08:00:00,616,2013,JOE SHUSTER  WAY,KING ST W,Local,Toronto and East York,43.640547,-79.423999,627115.8831,4833156.1781,Unknown,No Control,Rain,Daylight,Wet,85,South Parkdale,85,South Parkdale (85),Fatal,0,0,1,0,0,0,0,0,0,0,0,0,0,SMV Other,['Driver'],East,"['Automobile, Station Wagon']",['Going Ahead'],['Other'],['Unknown'],[],[],[],[],[],[],D14,True,['40 to 44'],4.0
1361161.0,2013-06-16 08:00:00,1923,2013,KEELE ST,DONALD AVE,Major Arterial,Etobicoke York,43.684945,-79.47279,623089.7334,4838013.5906,At Intersection,Traffic Signal,Clear,Daylight,Dry,110,Keelesdale-Eglinton West,110,Keelesdale-Eglinton West (110),Non-Fatal Injury,1,0,1,0,0,1,0,1,0,0,0,0,0,Pedestrian Collisions,"['Driver', 'Passenger', 'Vehicle Owner', 'Pedestrian']",East,"['Automobile, Station Wagon', 'Other', 'Municipal Transit Bus (TTC)']",['Going Ahead'],['Driving Properly'],['Normal'],['Vehicle is going straight thru inter.while ped cross without ROW'],['Crossing without right of way'],['Normal'],[],[],[],D12,False,"['50 to 54', '0 to 4', '5 to 9', 'unknown', '40 to 44']",3.0
1361387.0,2013-05-05 08:00:00,1425,2013,8 GARDEN PARK AVE,Not Applicable,Local,Scarborough,43.785245,-79.27169,639065.7508,4849471.5359,Unknown,No Control,Clear,Daylight,Dry,128,Agincourt South-Malvern West,128,Agincourt South-Malvern West (128),Non-Fatal Injury,0,1,1,0,0,0,0,0,0,0,0,0,0,Cyclist Collisions,"['Driver', 'Cyclist']",East,"['Automobile, Station Wagon', 'Bicycle']",['Going Ahead'],['Driving Properly'],['Normal'],[],[],[],['Cyclist rode off sidewalk into road at midblock.'],['Failed to Yield Right of Way'],['Inattentive'],D42,False,"['65 to 69', '5 to 9']",3.0
1361595.0,2013-05-06 08:00:00,1742,2013,MCCOWAN Rd,MILNER Ave,Major Arterial,Scarborough,43.785369,-79.256465,640290.5304,4849510.9991,Unknown,Traffic Signal,Clear,Daylight,Dry,128,Agincourt South-Malvern West,128,Agincourt South-Malvern West (128),Non-Fatal Injury,0,0,1,0,0,1,0,1,0,0,0,0,0,Sideswipe,"['Passenger', 'Vehicle Owner', 'Driver']",South,"['Other', 'Automobile, Station Wagon', 'Municipal Transit Bus (TTC)']","['Going Ahead', 'Changing Lanes']","['Driving Properly', 'Improper Lane Change']","['Normal', 'Inattentive']",[],[],[],[],[],[],D42,False,"['45 to 49', 'unknown', '30 to 34', '20 to 24']",3.0
1361618.0,2013-05-06 08:00:00,1530,2013,PORTLAND ST,WESLEY ST,Collector,Etobicoke York,43.619745,-79.49649,621310.7472,4830737.3901,At Intersection,No Control,Clear,Daylight,Dry,160,Mimico-Queensway,17,Mimico (includes Humber Bay Shores) (17),Non-Fatal Injury,1,0,1,0,0,0,0,0,0,0,0,0,0,Pedestrian Collisions,"['Driver', 'Pedestrian']",South,"['Automobile, Station Wagon', 'Other']",['Going Ahead'],['Driving Properly'],['Normal'],['Vehicle is going straight thru inter.while ped cross without ROW'],"['Crossing, no Traffic Control']",['Inattentive'],[],[],[],D22,False,"['60 to 64', '20 to 24']",3.0
1361719.0,2013-05-07 08:00:00,948,2013,WOODBINE AVE,MORTIMER AVE,Major Arterial,Toronto and East York,43.692645,-79.315791,635726.2689,4839113.7841,Unknown,No Control,Clear,Daylight,Dry,60,Woodbine-Lumsden,60,Woodbine-Lumsden (60),Non-Fatal Injury,0,1,1,0,0,0,0,0,0,0,0,0,0,Cyclist Collisions,"['Vehicle Owner', 'Driver', 'Cyclist']",South,"['Automobile, Station Wagon', 'Bicycle']",['Going Ahead'],['Driving Properly'],['Normal'],[],[],[],"['Cyclist loses control and strikes object (pole, ttc track)']",['Lost control'],['Normal'],D55,False,"['unknown', '55 to 59', '20 to 24']",3.0
1362257.0,2013-06-23 08:00:00,1620,2013,F G GARDINER XY  E,LAKE SHORE BLVD W,Major Arterial,Toronto and East York,43.633645,-79.43659,626114.7558,4832370.4168,Unknown,No Control,Clear,Daylight,Dry,85,South Parkdale,85,South Parkdale (85),Non-Fatal Injury,0,0,1,0,0,0,0,1,0,1,0,0,0,Rear End,"['Passenger', 'Driver']",East,"['Other', 'Automobile, Station Wagon']","['Slowing or Stopping', 'Stopped']","['Following too Close', 'Driving Properly']",['Normal'],[],[],[],[],[],[],D14,False,"['10 to 14', '35 to 39', '0 to 4', '25 to 29']",3.0
1362376.0,2013-05-08 08:00:00,1423,2013,EGLINTON AVE W,BRAEMAR AVE,Major Arterial,North York,43.704345,-79.40959,628142.2344,4840263.972,At Intersection,No Control,Clear,Daylight,Dry,100,Yonge-Eglinton,100,Yonge-Eglinton (100),Non-Fatal Injury,0,0,1,1,0,0,0,0,0,1,0,0,0,Turning Movement,"['Vehicle Owner', 'Driver', 'Motorcycle Driver']",East,"['Other', 'Automobile, Station Wagon', 'Motorcycle']","['Turning Left', 'Going Ahead']","['Driving Properly', 'Improper Passing']","['Normal', 'Inattentive']",[],[],[],[],[],[],D53,False,"['unknown', '20 to 24']",3.0
1362406.0,2013-05-08 08:00:00,1140,2013,NORTH QUEEN ST,VANSCO RD,Minor Arterial,Etobicoke York,43.623545,-79.53579,618132.3564,4831102.7603,Unknown,Stop Sign,Clear,Daylight,Dry,159,Etobicoke City Centre,14,Islington-City Centre West (14),Non-Fatal Injury,0,0,1,0,0,0,0,1,0,0,0,0,0,Turning Movement,"['Driver', 'Passenger']",East,"['Automobile, Station Wagon', 'Other']","['Turning Left', 'Going Ahead']","['Improper Turn', 'Driving Properly']","['Inattentive', 'Normal']",[],[],[],[],[],[],D22,False,"['55 to 59', '75 to 79']",3.0
1362428.0,2013-05-09 08:00:00,800,2013,VICTORIA PARK AVE,MUSGRAVE ST,Major Arterial,Toronto and East York,43.687945,-79.28699,638058.0816,4838639.3301,At Intersection,Traffic Signal,Clear,Daylight,Dry,122,Birchcliffe-Cliffside,122,Birchcliffe-Cliffside (122),Non-Fatal Injury,1,0,1,0,0,0,0,0,0,0,0,0,0,Pedestrian Collisions,"['Driver', 'Pedestrian']",South,"['Automobile, Station Wagon', 'Other']",['Going Ahead'],['Driving Properly'],['Normal'],['Vehicle is going straight thru inter.while ped cross without ROW'],['Crossing without right of way'],['Normal'],[],[],[],D41,False,"['60 to 64', '15 to 19']",3.0
136270.0,2020-01-20 10:00:00,1658,2020,ISLINGTON AVE,BROMLEY CRES,Major Arterial,Etobicoke York,43.662558,-79.531223,618424.149,4835442.1537,Intersection Related,No Control,Clear,Daylight,Loose Snow,9,Edenbridge-Humber Valley,9,Edenbridge-Humber Valley (9),Non-Fatal Injury,1,0,0,0,0,1,0,0,0,0,0,0,0,Pedestrian Collisions,"['Driver', 'Pedestrian']",North,['Municipal Transit Bus (TTC)'],['Going Ahead'],['Driving Properly'],['Normal'],['Pedestrian involved in a collision with transit vehicle anywhere along roadway'],['Crossing without right of way'],['Inattentive'],[],[],[],D22,False,"['45 to 49', '15 to 19']",3.0