accident_number,date,time,year,street1,street2,road_class,district,latitude,longitude,x,y,accident_location,traffctl,visibility,light,road_surface_condition,hood_158,neighbourhood_new,hood_140,neighbourhood_old,accident_class,pedestrian,cyclist,automobile,motorcycle,truck,trsn_city_veh,emerg_veh,passenger,speeding,aggressive_driving,redlight,alcohol,disability,impact_type,involvement_type,initial_direction,vehicle_type,manoeuver,driver_action,driver_condition,pedestrian_type,pedestrian_action,pedestrian_condition,cyclist_type,cyclist_action,cyclist_condition,division,injury,involvement_age,injury_severity_score
1367728.0,2013-07-24 08:00:00,1326,2013,SPADINA AVE,NASSAU ST,Major Arterial,Toronto and East York,43.655841,-79.399219,629081.8253,4834893.0257,Unknown,Traffic Signal,Clear,Daylight,Dry,78,Kensington-Chinatown,78,Kensington-Chinatown (78),Non-Fatal Injury,1,0,0,0,0,1,0,0,0,0,0,0,0,Pedestrian Collisions,"['Driver', 'Pedestrian']",East,"['Municipal Transit Bus (TTC)', 'Other']",['Going Ahead'],['Driving Properly'],['Normal'],['Vehicle is going straight thru inter.while ped cross without ROW'],['Running onto Roadway'],['Normal'],[],[],[],D52,False,"['35 to 39', '65 to 69']",3.0
1367772.0,2013-07-24 08:00:00,1340,2013,ROYAL YORK Rd,BLOOR St W,Major Arterial,Etobicoke York,43.647345,-79.51139,620053.5619,4833781.0536,Unknown,Traffic Signal,Clear,Daylight,Dry,16,Stonegate-Queensway,16,Stonegate-Queensway (16),Non-Fatal Injury,1,0,1,0,0,0,0,0,0,0,0,0,0,Pedestrian Collisions,"['Driver', 'Pedestrian']",South,"['Automobile, Station Wagon', 'Other']",['Going Ahead'],['Driving Properly'],['Normal'],['Vehicle is going straight thru inter.while ped cross without ROW'],['Crossing marked crosswalk without ROW'],['Unknown'],[],[],[],D22,False,"['20 to 24', '55 to 59']",3.0
1367977.0,2013-07-25 08:00:00,1346,2013,HIGHWAY 27  N,FINCH AVE W,Major Arterial,Etobicoke York,43.73416,-79.603069,612497.3518,4843294.4802,At Intersection,Traffic Signal,Clear,Daylight,Dry,1,West Humber-Clairville,1,West Humber-Clairville (1),Fatal,1,0,1,0,0,0,0,0,0,1,0,0,0,Pedestrian Collisions,"['Pedestrian', 'Vehicle Owner', 'Driver']",North,"['Other', 'Automobile, Station Wagon']",['Turning Left'],['Failed to Yield Right of Way'],['Normal'],['Pedestrian involved in a collision with transit vehicle anywhere along roadway'],['Crossing with right of way'],['Unknown'],[],[],[],D23,True,"['25 to 29', 'unknown', '40 to 44']",4.0
1368204.0,2013-07-27 08:00:00,257,2013,HIGHWAY 27  N,STEELES AVE W,Major Arterial,Etobicoke York,43.755446,-79.61407,611571.8674,4845643.7178,Unknown,Traffic Signal,Clear,Dark,Dry,1,West Humber-Clairville,1,West Humber-Clairville (1),Non-Fatal Injury,0,0,1,0,0,0,0,1,0,1,1,0,0,Angle,"['Driver', 'Passenger', 'Vehicle Owner']",East,"['Automobile, Station Wagon', 'Other']",['Going Ahead'],"['Driving Properly', 'Disobeyed Traffic Control']","['Normal', 'Inattentive']",[],[],[],[],[],[],D23,False,"['25 to 29', 'unknown', '30 to 34', '15 to 19']",3.0
1368246.0,2013-07-27 08:00:00,1026,2013,MCCOWAN RD,STEELES AVE E,Major Arterial,Scarborough,43.831034,-79.275188,638678.2749,4854551.2758,Unknown,Traffic Signal,Clear,Daylight,Dry,130,Milliken,130,Milliken (130),Non-Fatal Injury,1,0,1,0,0,0,0,0,0,0,0,0,0,Pedestrian Collisions,"['Driver', 'Pedestrian']",East,"['Automobile, Station Wagon', 'Other']",['Going Ahead'],['Driving Properly'],['Normal'],['Vehicle is going straight thru inter.while ped cross without ROW'],['Crossing without right of way'],['Unknown'],[],[],[],D42,False,"['50 to 54', '70 to 74']",3.0
1368270.0,2013-07-28 08:00:00,1,2013,SHEPPARD AVE E,DON MILLS RD,Major Arterial,North York,43.774943,-79.347888,632957.369,4848202.1487,Unknown,No Control,Rain,"Dark, artificial",Wet,47,Don Valley Village,47,Don Valley Village (47),Fatal,1,0,1,0,0,0,0,1,0,0,0,0,0,Pedestrian Collisions,"['Passenger', 'Driver', 'Pedestrian']",East,['Passenger Van'],['Changing Lanes'],['Driving Properly'],['Normal'],['Pedestrian hit at mid-block'],"['Crossing, no Traffic Control']",['Inattentive'],[],[],[],D33,True,"['25 to 29', '40 to 44', '80 to 84']",4.0
1368450.0,2013-07-29 08:00:00,1604,2013,LANGDEN AVE,CLIFF ST,Local,Etobicoke York,43.680644,-79.48479,622131.2786,4837518.1665,Unknown,No Control,Clear,Daylight,Dry,111,Rockcliffe-Smythe,111,Rockcliffe-Smythe (111),Fatal,1,0,1,0,0,0,0,0,0,0,0,0,0,Pedestrian Collisions,"['Driver', 'Pedestrian']",Unknown,"['Automobile, Station Wagon']",['Reversing'],['Other'],['Inattentive'],['Vehicle is reversing and hits pedestrian'],['Other'],['Normal'],[],[],[],D12,True,"['70 to 74', '65 to 69']",4.0
1368851.0,2013-06-11 08:00:00,836,2013,STEELES AVE E,MIDLAND AVE,Major Arterial,Scarborough,43.825945,-79.29729,636912.8477,4853949.2368,At Intersection,Traffic Signal,Clear,Daylight,Dry,130,Milliken,130,Milliken (130),Non-Fatal Injury,0,1,1,0,0,0,0,0,0,1,1,0,0,Cyclist Collisions,"['Driver', 'Cyclist']",East,"['Automobile, Station Wagon', 'Bicycle']","['Going Ahead', 'Turning Left']",['Disobeyed Traffic Control'],['Normal'],[],[],[],"['Motorist without ROW drives into path of cyclist at inter, lnwy, dwy-Driver not turn.']",['Driving Properly'],['Normal'],D42,False,"['35 to 39', '60 to 64']",3.0
1368988.0,2013-05-25 08:00:00,2350,2013,STEELES AVE W,IRONDALE DR,Major Arterial,Etobicoke York,43.769766,-79.549083,616775.7039,4847323.7547,Unknown,No Control,Clear,Dark,Dry,21,Humber Summit,NSA,NSA,Non-Fatal Injury,0,0,1,0,0,0,0,1,0,0,0,0,0,SMV Other,"['Passenger', 'Driver', 'Other Property Owner']",East,"['Other', 'Automobile, Station Wagon']",['Going Ahead'],[],[],[],[],[],[],[],[],D31,False,"['unknown', '25 to 29']",3.0
1368998.0,2013-06-09 08:00:00,2122,2013,KEELE ST,WILSON AVE,Major Arterial,North York,43.726645,-79.48209,622255.3699,4842631.1927,At Intersection,Traffic Signal,Clear,"Dark, artificial",Dry,155,Downsview,26,Downsview-Roding-CFB (26),Non-Fatal Injury,0,0,1,1,0,0,0,1,0,1,0,0,0,Turning Movement,"['Motorcycle Driver', 'Passenger', 'Driver']",North,"['Motorcycle', 'Other', 'Automobile, Station Wagon']","['Going Ahead', 'Turning Left']","['Driving Properly', 'Failed to Yield Right of Way']","['Normal', 'Inattentive']",[],[],[],[],[],[],D31,False,"['20 to 24', '15 to 19']",3.0
1369145.0,2013-08-02 08:00:00,1802,2013,DAVENPORT Rd,BELMONT St,Major Arterial,Toronto and East York,43.674745,-79.39289,629551.5093,4837002.4326,At Intersection,Traffic Signal,Clear,Daylight,Dry,95,Annex,95,Annex (95),Non-Fatal Injury,0,1,1,0,0,0,0,0,0,1,1,0,0,Cyclist Collisions,"['Driver', 'Cyclist']",East,"['Automobile, Station Wagon', 'Bicycle']",['Going Ahead'],['Disobeyed Traffic Control'],['Normal'],[],[],[],"['Motorist without ROW drives into path of cyclist at inter, lnwy, dwy-Driver not turn.']",['Driving Properly'],['Normal'],D53,False,"['20 to 24', '25 to 29']",3.0
1369173.0,2013-08-03 08:00:00,305,2013,STEELES AVE W,ISLINGTON AVE,Major Arterial,Etobicoke York,43.763743,-79.577289,614517.0473,4846615.4222,Unknown,No Control,Clear,"Dark, artificial",Dry,21,Humber Summit,21,Humber Summit (21),Fatal,0,0,1,0,0,0,0,0,1,1,0,1,0,SMV Other,"['Driver', 'Other Property Owner']",East,"['Automobile, Station Wagon']",['Going Ahead'],['Exceeding Speed Limit'],"['Ability Impaired, Alcohol Over .08']",[],[],[],[],[],[],D31,True,"['25 to 29', 'unknown']",4.0
1369174.0,2013-08-02 08:00:00,1637,2013,ELLESMERE Rd,SARATOGA Dr,Major Arterial,Scarborough,43.771666,-79.253642,640549.7854,4847993.8537,At Intersection,No Control,Rain,Daylight,Wet,156,Bendale-Glen Andrew,127,Bendale (127),Non-Fatal Injury,0,0,1,0,0,0,0,1,0,0,0,0,0,Turning Movement,"['Driver', 'Passenger']",East,"['Automobile, Station Wagon', 'Other']","['Going Ahead', 'Stopped', 'Turning Left']","['Driving Properly', 'Improper Turn']","['Normal', 'Unknown']",[],[],[],[],[],[],D43,False,"['35 to 39', '40 to 44', '75 to 79', '80 to 84']",3.0
1369177.0,2013-08-03 08:00:00,2048,2013,LAKE SHORE BLVD W,DOWLING S LAKESHORE W RAMP,Major Arterial,Toronto and East York,43.634444,-79.43909,625911.4191,4832455.3608,Unknown,No Control,Clear,Dusk,Dry,85,South Parkdale,85,South Parkdale (85),Fatal,0,0,0,0,1,0,0,1,0,0,0,0,0,Other,"['Vehicle Owner', 'Truck Driver', 'Other', 'Passenger']",West,['Truck-Tractor'],['Going Ahead'],['Driving Properly'],['Unknown'],[],[],[],[],[],[],D14,True,"['unknown', '50 to 54', '15 to 19']",4.0
1369473.0,2013-08-07 08:00:00,613,2013,WELLESLEY ST E,PARLIAMENT ST,Minor Arterial,Toronto and East York,43.668162,-79.369548,631447.5327,4836308.0232,At Intersection,Traffic Signal,Clear,Dawn,Dry,71,Cabbagetown-South St.James Town,71,Cabbagetown-South St.James Town (71),Non-Fatal Injury,1,0,1,0,0,0,0,0,0,1,0,0,0,Pedestrian Collisions,"['Driver', 'Pedestrian']",South,"['Automobile, Station Wagon', 'Other']",['Turning Right'],['Failed to Yield Right of Way'],['Normal'],['Vehicle turns right while ped crosses with ROW at inter.'],['Crossing with right of way'],['Unknown'],[],[],[],D51,False,"['55 to 59', 'unknown', '20 to 24']",3.0
1369657.0,2013-08-09 08:00:00,936,2013,LOWER JARVIS St,THE ESPLANADE,Major Arterial,Toronto and East York,43.648215,-79.370921,631380.3366,4834090.4692,Unknown,Traffic Signal,Clear,Daylight,Dry,166,St Lawrence-East Bayfront-The Islands,77,Waterfront Communities-The Island (77),Non-Fatal Injury,1,0,0,0,1,0,0,0,0,1,0,0,0,Pedestrian Collisions,"['Vehicle Owner', 'Truck Driver', 'Pedestrian']",East,"['Other', 'Truck - Open']",['Turning Right'],['Failed to Yield Right of Way'],['Normal'],['Vehicle turns right while ped crosses with ROW at inter.'],['Crossing with right of way'],['Normal'],[],[],[],D51,False,"['unknown', '45 to 49', '85 to 89']",3.0
1369675.0,2013-08-09 08:00:00,1040,2013,EGLINTON Ave W,WINONA Dr,Major Arterial,North York,43.6981,-79.439044,625782.1083,4839525.273,At Intersection,No Control,Clear,Daylight,Dry,107,Oakwood Village,107,Oakwood Village (107),Non-Fatal Injury,0,0,1,1,0,0,0,0,0,1,0,0,0,Turning Movement,"['Vehicle Owner', 'Motorcycle Driver', 'Driver']",East,"['Other', 'Motorcycle', 'Automobile, Station Wagon']","['Going Ahead', 'Turning Left']","['Driving Properly', 'Failed to Yield Right of Way']",['Normal'],[],[],[],[],[],[],D13,False,"['unknown', '40 to 44']",3.0
1369726.0,2013-08-09 08:00:00,1325,2013,LAKE SHORE BLVD W,QUEENS AVE,Major Arterial,Etobicoke York,43.60966,-79.49026,621833.7828,4829626.4487,Unknown,No Control,Clear,Daylight,Dry,160,Mimico-Queensway,17,Mimico (includes Humber Bay Shores) (17),Non-Fatal Injury,0,0,1,0,0,0,0,1,0,0,0,0,0,Turning Movement,"['Passenger', 'Driver', 'Vehicle Owner']",Unknown,"['Other', 'Automobile, Station Wagon']","['Going Ahead', 'Making U Turn']",[],[],[],[],[],[],[],[],D22,False,"['unknown', '50 to 54', '20 to 24']",3.0
1369816.0,2013-06-13 08:00:00,640,2013,SPADINA RD,DUPONT ST,Major Arterial,Toronto and East York,43.674845,-79.40709,628406.6015,4836991.4586,At Intersection,Traffic Signal,Rain,Daylight,Wet,95,Annex,95,Annex (95),Non-Fatal Injury,0,0,1,1,0,0,0,0,0,1,0,0,0,Approaching,"['Motorcycle Driver', 'Driver']",North,"['Motorcycle', 'Automobile, Station Wagon']",['Going Ahead'],"['Driving Properly', 'Following too Close']",['Normal'],[],[],[],[],[],[],D53,False,"['40 to 44', '55 to 59']",3.0
1369849.0,2013-06-13 08:00:00,751,2013,ADELAIDE ST E,SHERBOURNE ST,Major Arterial,Toronto and East York,43.652245,-79.36799,631607.9131,4834542.6981,Unknown,No Control,Rain,Daylight,Wet,73,Moss Park,73,Moss Park (73),Non-Fatal Injury,0,1,0,0,1,0,0,0,0,0,0,0,0,Cyclist Collisions,"['Vehicle Owner', 'Truck Driver', 'Cyclist']",East,"['Other', 'Truck - Open', 'Bicycle']",['Going Ahead'],['Driving Properly'],['Normal'],[],[],[],['Cyclist and Driver travelling in same direction. One vehicle sideswipes the other.'],['Lost control'],['Normal'],D51,False,"['unknown', '35 to 39', '25 to 29']",3.0
1369859.0,2013-06-13 08:00:00,950,2013,BATHURST ST,FAIRLAWN AVE,Major Arterial,North York,43.725045,-79.43109,626366.4079,4842529.9922,At Intersection,Traffic Signal,Rain,Daylight,Wet,39,Bedford Park-Nortown,39,Bedford Park-Nortown (39),Non-Fatal Injury,1,0,1,0,0,0,0,0,0,1,0,0,0,Pedestrian Collisions,"['Driver', 'Pedestrian']",East,"['Automobile, Station Wagon', 'Other']",['Turning Left'],['Failed to Yield Right of Way'],['Normal'],['Vehicle turns left while ped crosses with ROW at inter.'],['Crossing with right of way'],['Normal'],[],[],[],D32,False,"['70 to 74', '90 to 94']",3.0
1369861.0,2013-08-05 08:00:00,255,2013,DUNDAS St W,JANE St,Major Arterial,Toronto and East York,43.665745,-79.49119,621645.5091,4835854.0309,At Intersection,Traffic Signal,Clear,"Dark, artificial",Dry,89,Runnymede-Bloor West Village,89,Runnymede-Bloor West Village (89),Non-Fatal Injury,1,0,1,0,0,0,0,0,0,1,0,0,0,Pedestrian Collisions,"['Driver', 'Pedestrian']",North,"['Automobile, Station Wagon', 'Other']",['Turning Right'],['Failed to Yield Right of Way'],['Unknown'],['Vehicle turns right while ped crosses with ROW at inter.'],['Crossing with right of way'],['Had Been Drinking'],[],[],[],D11,False,"['unknown', '20 to 24']",3.0
1369884.0,2013-08-12 08:00:00,745,2013,KENNEDY RD,SHEPPARD Ave E,Major Arterial,Scarborough,43.783278,-79.288257,637737.2161,4849225.3703,At Intersection,Traffic Signal,Clear,Daylight,Dry,128,Agincourt South-Malvern West,128,Agincourt South-Malvern West (128),Non-Fatal Injury,1,0,1,0,0,0,0,0,0,0,0,0,0,Pedestrian Collisions,"['Vehicle Owner', 'Driver', 'Pedestrian']",North,"['Other', 'Automobile, Station Wagon']",['Turning Left'],['Driving Properly'],['Normal'],['Vehicle turns left while ped crosses without ROW at inter.'],['Crossing without right of way'],['Normal'],[],[],[],D42,False,"['unknown', '50 to 54', '70 to 74']",3.0
1369968.0,2013-08-12 08:00:00,2055,2013,BATHURST ST,FINCH AVE W,Major Arterial,North York,43.774256,-79.443103,625296.0972,4847977.3518,Unknown,No Control,Clear,Dark,Dry,36,Newtonbrook West,36,Newtonbrook West (36),Non-Fatal Injury,1,0,1,0,0,0,0,0,0,0,0,0,0,Pedestrian Collisions,"['Vehicle Owner', 'Driver', 'Pedestrian']",East,"['Other', 'Automobile, Station Wagon']",['Going Ahead'],['Driving Properly'],['Normal'],['Pedestrian hit at mid-block'],"['Crossing, no Traffic Control']",['Unknown'],[],[],[],D32,False,"['unknown', '55 to 59', '75 to 79']",3.0
1370071.0,2013-08-13 08:00:00,748,2013,KIPLING Ave,THORNCREST RD,Major Arterial,Etobicoke York,43.661391,-79.543903,617404.056,4835294.5229,Unknown,No Control,Clear,Daylight,Dry,10,Princess-Rosethorn,10,Princess-Rosethorn (10),Non-Fatal Injury,0,0,1,1,0,0,0,0,1,1,0,0,0,Angle,"['Motorcycle Driver', 'Driver']",East,"['Motorcycle', 'Automobile, Station Wagon']","['Going Ahead', 'Other']","['Driving Properly', 'Failed to Yield Right of Way']",['Normal'],[],[],[],[],[],[],D22,False,"['25 to 29', '35 to 39']",3.0
1370122.0,2013-08-13 08:00:00,1133,2013,STEELES AVE E,MIDDLEFIELD RD,Major Arterial,Scarborough,43.832644,-79.267993,639253.0285,4854742.1823,At Intersection,Traffic Signal,Clear,Daylight,Dry,130,Milliken,130,Milliken (130),Fatal,1,0,0,0,1,1,0,1,1,1,0,0,0,Pedestrian Collisions,"['Truck Driver', 'Vehicle Owner', 'Passenger', 'Driver', 'Pedestrian']",East,"['Truck - Closed (Blazer, etc)', 'Municipal Transit Bus (TTC)']","['Going Ahead', 'Stopped']","['Exceeding Speed Limit', 'Driving Properly']","['Unknown', 'Normal']",['Pedestrian hit on sidewalk or shoulder'],['On Sidewalk or Shoulder'],['Unknown'],[],[],[],D42,True,"['40 to 44', 'unknown', '50 to 54', '35 to 39', '20 to 24', '5 to 9', '30 to 34', '55 to 59', '15 to 19']",4.0
1370441.0,2013-06-14 08:00:00,1230,2013,754 ROYAL YORK RD,Not Applicable,Minor Arterial,Etobicoke York,43.636045,-79.50669,620455.1906,4832532.8554,Unknown,No Control,Clear,Daylight,Dry,16,Stonegate-Queensway,16,Stonegate-Queensway (16),Non-Fatal Injury,0,0,1,1,0,0,0,0,1,1,0,0,0,Rear End,"['Motorcycle Driver', 'Driver']",South,"['Motorcycle', 'Automobile, Station Wagon']",['Going Ahead'],"['Exceeding Speed Limit', 'Driving Properly']",['Normal'],[],[],[],[],[],[],D22,False,"['15 to 19', '40 to 44']",3.0
1370609.0,2013-08-15 08:00:00,1612,2013,DUNDAS ST W,MANNING AVE,Major Arterial,Toronto and East York,43.651297,-79.410907,628148.9976,4834370.2389,Unknown,Traffic Signal,Clear,Daylight,Dry,81,Trinity-Bellwoods,81,Trinity-Bellwoods (81),Non-Fatal Injury,0,1,1,0,0,0,0,0,0,0,0,0,0,Cyclist Collisions,"['Driver', 'Vehicle Owner', 'Cyclist']",East,"['Automobile, Station Wagon', 'Bicycle']","['Going Ahead', 'Stopped']",['Lost control'],['Unknown'],[],[],[],['Cyclist and Driver travelling in same direction. One vehicle rear-ended the other.'],['Driving Properly'],['Normal'],D14,False,"['65 to 69', 'unknown', '50 to 54']",3.0
1370644.0,2013-08-15 08:00:00,2201,2013,WILLOWDALE AVE,OLIVE AVE,Minor Arterial,North York,43.780545,-79.40669,628213.1299,4848731.5893,At Intersection,No Control,Clear,"Dark, artificial",Dry,152,East Willowdale,51,Willowdale East (51),Fatal,0,0,1,1,0,0,0,0,1,1,0,0,0,Turning Movement,"['Vehicle Owner', 'Driver', 'Motorcycle Driver']",North,"['Automobile, Station Wagon', 'Other', 'Motorcycle']","['Turning Left', 'Going Ahead']","['Driving Properly', 'Exceeding Speed Limit']","['Normal', 'Unknown']",[],[],[],[],[],[],D32,True,"['unknown', '65 to 69', '20 to 24']",4.0
1370737.0,2013-06-15 08:00:00,17,2013,DUPONT ST,LANSDOWNE AVE,Major Arterial,Toronto and East York,43.666745,-79.44649,625247.3318,4836031.6072,Unknown,Traffic Signal,Clear,"Dark, artificial",Dry,171,Junction-Wallace Emerson,93,Dovercourt-Wallace Emerson-Junction (93),Non-Fatal Injury,0,0,1,1,0,0,0,0,0,1,0,1,0,Rear End,"['Motorcycle Driver', 'Driver']",East,"['Motorcycle', 'Automobile, Station Wagon']","['Stopped', 'Going Ahead']","['Driving Properly', 'Improper Passing']","['Normal', 'Ability Impaired, Alcohol']",[],[],[],[],[],[],D11,False,"['35 to 39', '20 to 24']",3.0
1370852.0,2013-08-16 08:00:00,1453,2013,PHARMACY AVE,LEAHURST DR,Minor Arterial,Scarborough,43.717333,-79.294071,637420.2258,4841891.5227,At Intersection,No Control,Clear,Daylight,Dry,120,Clairlea-Birchmount,120,Clairlea-Birchmount (120),Non-Fatal Injury,0,0,1,1,0,0,0,0,0,1,0,0,0,Turning Movement,"['Motorcycle Driver', 'Driver']",South,"['Motorcycle', 'Automobile, Station Wagon']","['Going Ahead', 'Turning Left']","['Driving Properly', 'Failed to Yield Right of Way']","['Normal', 'Unknown']",[],[],[],[],[],[],D41,False,"['45 to 49', '35 to 39', 'unknown']",3.0
1371107.0,2013-08-18 08:00:00,1055,2013,FINCH Ave E,MIDDLEFIELD Rd,Major Arterial,Scarborough,43.809844,-79.257686,640135.0542,4852227.2724,At Intersection,Traffic Signal,Clear,Daylight,Dry,129,Agincourt North,129,Agincourt North (129),Fatal,1,0,1,0,0,0,0,0,0,0,0,0,0,Pedestrian Collisions,"['Driver', 'Pedestrian']",East,"['Automobile, Station Wagon']",['Going Ahead'],['Driving Properly'],['Normal'],['Vehicle is going straight thru inter.while ped cross without ROW'],['Crossing marked crosswalk without ROW'],['Inattentive'],[],[],[],D42,True,"['25 to 29', '80 to 84']",4.0
1371162.0,2013-06-16 08:00:00,1525,2013,ISLINGTON AVE,401 C E ISLINGTON N RAMP E,Major Arterial,Etobicoke York,43.708445,-79.55189,616668.817,4840509.2257,Unknown,No Control,Clear,Daylight,Dry,6,Kingsview Village-The Westway,6,Kingsview Village-The Westway (6),Non-Fatal Injury,1,0,1,0,0,0,0,0,0,0,0,0,0,Pedestrian Collisions,"['Driver', 'In-Line Skater']",North,"['Automobile, Station Wagon', 'Other']",['Going Ahead'],['Driving Properly'],['Normal'],['Pedestrian hit at mid-block'],['Other'],['Normal'],[],[],[],D23,False,"['35 to 39', '50 to 54']",3.0
1371165.0,2013-06-16 08:00:00,1516,2013,KENNEDY RD,CARDWELL AVE,Major Arterial,Scarborough,43.785746,-79.289493,637632.0949,4849497.4247,At Intersection,Traffic Signal,Clear,Daylight,Dry,118,Tam O'Shanter-Sullivan,118,Tam O'Shanter-Sullivan (118),Non-Fatal Injury,1,0,1,0,0,0,0,0,0,0,0,0,0,Pedestrian Collisions,"['Driver', 'Pedestrian']",East,"['Automobile, Station Wagon', 'Other']",['Going Ahead'],['Driving Properly'],['Normal'],['Vehicle is going straight thru inter.while ped cross without ROW'],['Crossing without right of way'],['Normal'],[],[],[],D42,False,"['30 to 34', '55 to 59']",3.0
1371244.0,2013-08-19 08:00:00,759,2013,ROYAL YORK RD,LAWRENCE AVE W,Minor Arterial,Etobicoke York,43.696154,-79.532726,618236.9588,4839171.2908,Unknown,Traffic Signal,Clear,Daylight,Dry,8,Humber Heights-Westmount,8,Humber Heights-Westmount (8),Fatal,0,0,1,0,0,0,0,1,1,1,1,0,0,Angle,"['Vehicle Owner', 'Driver', 'Passenger']",East,"['Pick Up Truck', 'Automobile, Station Wagon']",['Going Ahead'],"['Driving Properly', 'Disobeyed Traffic Control']","['Normal', 'Unknown']",[],[],[],[],[],[],D23,True,"['unknown', '45 to 49', '35 to 39', '60 to 64', '20 to 24']",4.0
1371397.0,2013-06-17 08:00:00,1230,2013,BURROWS HALL BLVD,GOSKIN CRT,Collector,Scarborough,43.795745,-79.22369,642903.0127,4850719.4906,Unknown,No Control,Clear,Daylight,Dry,146,Malvern East,132,Malvern (132),Non-Fatal Injury,0,0,1,0,0,0,0,1,0,0,0,0,0,Other,"['Vehicle Owner', 'Passenger', 'Driver']",West,"['Other', 'Automobile, Station Wagon']",['Going Ahead'],['Lost control'],['Unknown'],[],[],[],[],[],[],D42,False,"['unknown', '15 to 19']",3.0
1371425.0,2013-06-17 08:00:00,840,2013,KINGSTON RD,FALAISE RD E,Major Arterial,Scarborough,43.768545,-79.18879,645776.8291,4847759.3516,Unknown,No Control,Clear,Daylight,Dry,136,West Hill,136,West Hill (136),Non-Fatal Injury,1,0,0,0,1,0,0,0,0,0,0,0,0,Pedestrian Collisions,"['Vehicle Owner', 'Truck Driver', 'Pedestrian']",East,"['Other', 'Truck - Open']",['Going Ahead'],['Driving Properly'],['Normal'],['Vehicle is going straight thru inter.while ped cross without ROW'],"['Crossing, no Traffic Control']",['Unknown'],[],[],[],D43,False,"['unknown', '25 to 29', '50 to 54']",3.0
1371427.0,2013-06-17 08:00:00,1407,2013,390 QUEENS QUAY W,Not Applicable,Minor Arterial,Toronto and East York,43.637945,-79.39069,629808.126,4832918.7453,Unknown,Traffic Controller,Clear,Daylight,Dry,165,Harbourfront-CityPlace,77,Waterfront Communities-The Island (77),Non-Fatal Injury,1,0,0,0,1,0,0,0,0,0,0,0,0,Pedestrian Collisions,"['Truck Driver', 'Pedestrian']",South,"['Truck - Open', 'Other']",['Going Ahead'],['Driving Properly'],['Unknown'],['Pedestrian hit at mid-block'],['Playing or Working on Highway'],['Inattentive'],[],[],[],D52,False,"['50 to 54', '30 to 34']",3.0
1371625.0,2013-06-18 08:00:00,846,2013,VICTORIA PARK AVE,MORECAMBE GT,Major Arterial,North York,43.798045,-79.33359,634056.3903,4850791.0482,At Intersection,Traffic Signal,Clear,Daylight,Dry,147,L'Amoreaux West,117,L'Amoreaux (117),Non-Fatal Injury,1,0,1,0,0,0,0,0,0,0,0,0,0,Pedestrian Collisions,"['Driver', 'Pedestrian']",North,"['Automobile, Station Wagon', 'Other']",['Going Ahead'],['Driving Properly'],['Normal'],['Vehicle is going straight thru inter.while ped cross without ROW'],['Crossing without right of way'],['Inattentive'],[],[],[],D42,False,"['25 to 29', '60 to 64']",3.0
1371679.0,2013-08-21 08:00:00,1235,2013,KIPLING AVE,EVANS AVE,Major Arterial,Etobicoke York,43.615863,-79.524616,619049.041,4830265.5395,At Intersection,Traffic Signal,Clear,Daylight,Dry,160,Mimico-Queensway,17,Mimico (includes Humber Bay Shores) (17),Non-Fatal Injury,0,0,0,1,0,0,0,0,0,0,0,0,0,SMV Other,"['Vehicle Owner', 'Motorcycle Driver']",West,"['Other', 'Motorcycle']",['Going Ahead'],['Lost control'],['Unknown'],[],[],[],[],[],[],D22,False,"['unknown', '20 to 24']",3.0
1371962.0,2013-08-23 08:00:00,705,2013,1245 DUPONT ST,Not Applicable,Major Arterial,Toronto and East York,43.668147,-79.441814,625621.4,4836194.388,Unknown,No Control,Clear,Daylight,Dry,171,Junction-Wallace Emerson,93,Dovercourt-Wallace Emerson-Junction (93),Non-Fatal Injury,0,1,1,0,0,0,0,0,0,0,0,0,0,Cyclist Collisions,"['Driver', 'Cyclist']",East,"['Automobile, Station Wagon', 'Bicycle']","['Going Ahead', 'Other']",['Driving Properly'],['Normal'],[],[],[],"['Cyclist without ROW rides into path of motorist at inter, lnwy, dwy-Cyclist not turn.']",['Failed to Yield Right of Way'],['Normal'],D11,False,"['40 to 44', '15 to 19']",3.0
1372001.0,2013-08-23 08:00:00,1840,2013,QUEEN ST W,WILSON PARK RD,Major Arterial,Toronto and East York,43.639426,-79.442485,625627.1751,4833003.5312,Unknown,No Control,Clear,Daylight,Dry,85,South Parkdale,85,South Parkdale (85),Fatal,1,0,1,0,0,0,0,0,0,0,0,0,0,Pedestrian Collisions,"['Driver', 'Pedestrian']",South,"['Automobile, Station Wagon']",['Going Ahead'],['Driving Properly'],['Normal'],['Vehicle is going straight thru inter.while ped cross without ROW'],"['Crossing, no Traffic Control']",['Unknown'],[],[],[],D14,True,['70 to 74'],4.0
1372004.0,2013-08-23 08:00:00,1838,2013,HYDE AVE,VALLEY CRES,Local,Etobicoke York,43.683154,-79.476383,622803.7973,4837809.3495,Unknown,Stop Sign,Clear,Daylight,Dry,110,Keelesdale-Eglinton West,110,Keelesdale-Eglinton West (110),Non-Fatal Injury,0,0,1,1,0,0,0,1,0,1,0,0,0,Turning Movement,"['Passenger', 'Vehicle Owner', 'Driver', 'Motorcycle Driver']",East,"['Other', 'Automobile, Station Wagon', 'Motorcycle']","['Stopped', 'Turning Right']","['Driving Properly', 'Failed to Yield Right of Way']",['Normal'],[],[],[],[],[],[],D12,False,"['10 to 14', 'unknown', '40 to 44', '20 to 24']",3.0