accident_number,date,time,year,street1,street2,road_class,district,latitude,longitude,x,y,accident_location,traffctl,visibility,light,road_surface_condition,hood_158,neighbourhood_new,hood_140,neighbourhood_old,accident_class,pedestrian,cyclist,automobile,motorcycle,truck,trsn_city_veh,emerg_veh,passenger,speeding,aggressive_driving,redlight,alcohol,disability,impact_type,involvement_type,initial_direction,vehicle_type,manoeuver,driver_action,driver_condition,pedestrian_type,pedestrian_action,pedestrian_condition,cyclist_type,cyclist_action,cyclist_condition,division,injury,involvement_age,injury_severity_score
1776003.0,2020-09-19 08:00:00,616,2020,KIPLING AVE,STEVENSON RD,Major Arterial,Etobicoke York,43.744391,-79.582729,614115.9422,4844458.5939,At Intersection,Stop Sign,Clear,Daylight,Dry,2,Mount Olive-Silverstone-Jamestown,2,Mount Olive-Silverstone-Jamestown (2),Fatal,1,0,1,0,0,0,0,0,0,0,0,1,0,Pedestrian Collisions,"['Driver', 'Pedestrian']",East,"['Automobile, Station Wagon']",['Going Ahead'],['Driving Properly'],"['Ability Impaired, Alcohol']",['Vehicle is going straight thru inter.while ped cross without ROW'],['Crossing without right of way'],['Inattentive'],[],[],[],D23,True,"['20 to 24', '60 to 64']",4.0
178057130.0,2017-11-22 10:00:00,1110,2017,BAYVIEW AVE,LAWRENCE AVE E,Major Arterial,North York,43.730132,-79.381397,630357.8879,4843171.9518,Non Intersection,No Control,Clear,Daylight,Dry,41,Bridle Path-Sunnybrook-York Mills,41,Bridle Path-Sunnybrook-York Mills (41),Non-Fatal Injury,0,0,1,0,0,0,0,0,0,0,0,0,0,SMV Other,['Driver'],South,"['Automobile, Station Wagon']",['Going Ahead'],['Driving Properly'],['Normal'],[],[],[],[],[],[],D53,False,['30 to 34'],3.0
1780907.0,2020-09-19 08:00:00,2125,2020,ST CLAIR AVE W,HARVIE AVE,Local,Etobicoke York,43.676394,-79.449786,624961.5721,4837098.2864,Intersection Related,No Control,Clear,"Dark, artificial",Dry,92,Corso Italia-Davenport,92,Corso Italia-Davenport (92),Non-Fatal Injury,1,0,0,0,0,1,0,0,0,0,0,0,0,Pedestrian Collisions,"['Driver', 'Pedestrian']",South,['Municipal Transit Bus (TTC)'],['Going Ahead'],['Lost control'],['Inattentive'],['Vehicle is going straight thru inter.while ped cross without ROW'],['Crossing without right of way'],['Normal'],[],[],[],D13,False,"['30 to 34', '50 to 54']",3.0
1784235.0,2020-09-20 08:00:00,1101,2020,4400 DUFFERIN ST,STANSTEAD DR,Major Arterial,North York,43.76538,-79.466136,623460.6908,4846956.941,Intersection Related,Traffic Signal,Clear,Daylight,Dry,34,Bathurst Manor,34,Bathurst Manor (34),Non-Fatal Injury,1,0,1,0,0,0,0,1,0,0,0,0,0,Pedestrian Collisions,"['Driver', 'Passenger', 'Pedestrian']",South,"['Automobile, Station Wagon']",['Going Ahead'],['Driving Properly'],['Normal'],['Vehicle is going straight thru inter.while ped cross without ROW'],['Crossing without right of way'],['Normal'],[],[],[],D32,False,"['35 to 39', '45 to 49']",3.0
1787576.0,2020-09-20 08:00:00,2058,2020,SEWELLS RD,KENGATE DR,Local,Scarborough,43.81919,-79.202976,644512.9072,4853359.4182,Intersection Related,No Control,Clear,"Dark, artificial",Dry,144,Morningside Heights,131,Rouge (131),Non-Fatal Injury,1,0,1,0,0,0,0,0,0,0,0,0,0,Pedestrian Collisions,"['Driver', 'Pedestrian']",East,"['Automobile, Station Wagon']",['Turning Left'],['Improper Turn'],['Inattentive'],['Vehicle turns left while ped crosses with ROW at inter.'],['Crossing with right of way'],['Normal'],[],[],[],D42,False,"['40 to 44', '20 to 24']",3.0
1789627.0,2020-09-21 08:00:00,615,2020,LAWRENCE AVE E,CROCKFORD  BLVD,Major Arterial,Scarborough,43.746028,-79.291232,637583.1981,4845083.2385,Intersection Related,Traffic Signal,Clear,Dark,Dry,119,Wexford/Maryvale,119,Wexford/Maryvale (119),Non-Fatal Injury,1,0,0,0,1,0,0,0,0,1,0,0,0,Pedestrian Collisions,"['Truck Driver', 'Pedestrian']",North,"['Truck - Closed (Blazer, etc)']",['Turning Left'],['Failed to Yield Right of Way'],['Normal'],['Vehicle turns left while ped crosses with ROW at inter.'],['Crossing with right of way'],['Normal'],[],[],[],D41,False,"['60 to 64', '55 to 59']",3.0
1799525.0,2020-09-22 08:00:00,1350,2020,WILSON AVE,CLAYSON RD,Major Arterial,Etobicoke York,43.717372,-79.524051,618894.065,4841540.2487,Non Intersection,No Control,Clear,Daylight,Dry,154,Oakdale-Beverley Heights,26,Downsview-Roding-CFB (26),Non-Fatal Injury,0,0,1,1,0,0,0,0,0,1,0,0,0,Turning Movement,"['Driver', 'Motorcycle Driver']",East,"['Automobile, Station Wagon', 'Motorcycle']","['Turning Left', 'Going Ahead']","['Failed to Yield Right of Way', 'Driving Properly']",['Normal'],[],[],[],[],[],[],D31,False,"['75 to 79', '40 to 44']",3.0
180484.0,2020-01-26 10:00:00,1932,2020,KINGSTON RD,WEST HILL DR,Major Arterial,Scarborough,43.774241,-79.18172,646331.9783,4848404.4542,Intersection Related,No Control,Rain,"Dark, artificial",Wet,136,West Hill,136,West Hill (136),Non-Fatal Injury,1,0,1,0,0,0,0,1,0,0,0,0,0,Pedestrian Collisions,"['Driver', 'Passenger', 'Pedestrian']",East,"['Automobile, Station Wagon']",['Going Ahead'],['Driving Properly'],['Normal'],['Pedestrian hit at mid-block'],"['Crossing, no Traffic Control']",['Normal'],[],[],[],D43,False,"['55 to 59', '50 to 54', '75 to 79']",3.0
1810261.0,2020-09-23 08:00:00,2314,2020,DON VALLEY PARKWAY  S,WYNFORD DR,Expressway,North York,43.728041,-79.330615,634452.4537,4843020.8587,Non Intersection,No Control,Clear,Dark,Dry,42,Banbury-Don Mills,42,Banbury-Don Mills (42),Non-Fatal Injury,0,0,0,1,0,0,0,0,1,1,0,0,0,SMV Other,['Motorcycle Driver'],South,['Motorcycle'],['Going Ahead'],['Lost control'],['Inattentive'],[],[],[],[],[],[],D33,False,['30 to 34'],3.0
1815972.0,2020-09-20 08:00:00,1812,2020,DUNDAS ST W,DENISON AVE,Major Arterial,Toronto and East York,43.651957,-79.402225,628847.7347,4834456.9846,At Intersection,Traffic Signal,Clear,Daylight,Dry,78,Kensington-Chinatown,78,Kensington-Chinatown (78),Fatal,0,1,1,0,0,0,0,0,0,0,0,0,0,Cyclist Collisions,"['Cyclist', 'Driver']",East,"['Bicycle', 'Automobile, Station Wagon']",['Going Ahead'],['Driving Properly'],['Normal'],[],[],[],"['Cyclist loses control and strikes object (pole, ttc track)']",['Lost control'],['Unknown'],D14,True,"['35 to 39', '65 to 69']",4.0
1828214.0,2020-09-26 08:00:00,1137,2020,BRIMLEY RD,PROGRESS AVE,Major Arterial,Scarborough,43.77521,-79.263149,639776.3803,4848371.3757,At Intersection,Traffic Signal,Clear,Daylight,Dry,156,Bendale-Glen Andrew,127,Bendale (127),Non-Fatal Injury,0,0,1,0,0,0,0,0,0,0,0,0,0,SMV Other,['Driver'],South,"['Automobile, Station Wagon']",['Going Ahead'],['Lost control'],['Unknown'],[],[],[],[],[],[],D43,False,['75 to 79'],3.0
1830669.0,2020-09-26 08:00:00,1754,2020,ST CLAIR AVE E,PHARMACY AVE,Major Arterial,Scarborough,43.70978,-79.290897,637693.206,4841057.9202,At Intersection,Traffic Signal,Clear,Daylight,Dry,120,Clairlea-Birchmount,120,Clairlea-Birchmount (120),Non-Fatal Injury,0,0,1,0,0,0,0,1,0,1,0,0,0,Rear End,"['Driver', 'Passenger']",West,"['Automobile, Station Wagon']","['Going Ahead', 'Stopped']","['Following too Close', 'Driving Properly']",['Normal'],[],[],[],[],[],[],D41,False,"['60 to 64', '70 to 74', '65 to 69']",3.0
1832925.0,2020-09-27 08:00:00,33,2020,DON VALLEY PARKWAY  N,SPANBRIDGE RD,Expressway,North York,43.713195,-79.325092,634930.6046,4841380.971,At Intersection,No Control,Clear,"Dark, artificial",Dry,44,Flemingdon Park,44,Flemingdon Park (44),Non-Fatal Injury,0,0,1,1,0,0,0,0,1,1,0,0,0,Rear End,"['Motorcycle Driver', 'Driver']",North,"['Motorcycle', 'Automobile, Station Wagon']",['Going Ahead'],"['Lost control', 'Driving Properly']","['Inattentive', 'Normal']",[],[],[],[],[],[],D55,False,"['35 to 39', '40 to 44']",3.0
1844601.0,2020-09-28 08:00:00,1625,2020,2301 BRIMLEY RD,HUNTINGWOOD DR,Major Arterial,Scarborough,43.796858,-79.272662,638960.6219,4850759.7118,At/Near Private Drive,Traffic Signal,Clear,Daylight,Dry,129,Agincourt North,129,Agincourt North (129),Non-Fatal Injury,1,0,1,0,0,0,0,0,0,1,0,0,0,Pedestrian Collisions,"['Driver', 'Pedestrian']",East,"['Automobile, Station Wagon']",['Turning Left'],['Failed to Yield Right of Way'],['Inattentive'],['Vehicle turns left while ped crosses with ROW at inter.'],['Crossing with right of way'],['Normal'],[],[],[],D42,False,"['70 to 74', '80 to 84']",3.0
187607.0,2020-01-27 10:00:00,1817,2020,MORNINGSIDE AVE,401 C E MORNINGSIDE AVE S RAMP,Major Arterial,Scarborough,43.795348,-79.196597,645083.6147,4850722.5368,Non Intersection,No Control,Clear,"Dark, artificial",Dry,134,Highland Creek,134,Highland Creek (134),Non-Fatal Injury,1,0,1,0,0,0,0,0,0,0,0,0,0,Pedestrian Collisions,"['Driver', 'Pedestrian']",North,"['Automobile, Station Wagon']",['Going Ahead'],['Driving Properly'],['Normal'],['Pedestrian hit at mid-block'],"['Crossing, no Traffic Control']",['Inattentive'],[],[],[],D43,False,"['50 to 54', '35 to 39']",3.0
188016123.0,2018-03-24 08:00:00,1700,2018,BAYVIEW AVE,THE BRIDLE PATH,Major Arterial,North York,43.739215,-79.382404,630257.0915,4844179.1682,Non Intersection,No Control,Clear,Daylight,Dry,41,Bridle Path-Sunnybrook-York Mills,41,Bridle Path-Sunnybrook-York Mills (41),Non-Fatal Injury,1,0,1,0,0,0,0,0,0,0,0,0,0,Pedestrian Collisions,"['Driver', 'Pedestrian']",North,"['Automobile, Station Wagon']",['Changing Lanes'],['Driving Properly'],['Unknown'],['Pedestrian hit at mid-block'],['Other'],['Unknown'],[],[],[],D33,False,"['unknown', '25 to 29']",3.0
1884326.0,2020-10-04 08:00:00,1152,2020,ADELAIDE ST E,POWER ST,Major Arterial,Toronto and East York,43.654006,-79.362697,632030.8947,4834746.6888,At Intersection,Stop Sign,Rain,Daylight,Wet,73,Moss Park,73,Moss Park (73),Non-Fatal Injury,0,0,1,0,0,0,0,1,0,1,0,0,0,Turning Movement,"['Driver', 'Passenger']",North,"['Automobile, Station Wagon']","['Turning Right', 'Going Ahead']","['Improper Turn', 'Other']",['Normal'],[],[],[],[],[],[],D51,False,"['30 to 34', '35 to 39']",3.0
188526.0,2020-01-27 10:00:00,2030,2020,3775 DUNDAS ST W,Not Applicable,Major Arterial,Etobicoke York,43.665305,-79.49982,620950.6062,4835792.5456,Non Intersection,No Control,Clear,"Dark, artificial",Dry,114,Lambton Baby Point,114,Lambton Baby Point (114),Fatal,1,0,1,0,0,0,0,0,0,0,0,0,0,Pedestrian Collisions,"['Pedestrian', 'Driver']",East,"['Automobile, Station Wagon']",['Going Ahead'],['Driving Properly'],['Normal'],['Pedestrian hit at mid-block'],"['Crossing, no Traffic Control']",['Normal'],[],[],[],D11,True,"['75 to 79', '40 to 44']",4.0
1886672.0,2020-10-04 08:00:00,1906,2020,FINCH AVE W,DUFFERIN ST,Major Arterial,North York,43.768782,-79.466884,623393.4886,4847333.6693,At Intersection,Traffic Signal,Rain,"Dark, artificial",Wet,34,Bathurst Manor,34,Bathurst Manor (34),Non-Fatal Injury,1,0,1,0,0,0,0,0,0,0,0,0,0,Pedestrian Collisions,"['Driver', 'Pedestrian']",West,"['Automobile, Station Wagon']",['Turning Left'],['Improper Turn'],['Normal'],['Vehicle turns left while ped crosses with ROW at inter.'],['Crossing with right of way'],['Normal'],[],[],[],D32,False,"['20 to 24', '80 to 84']",3.0
1887920.0,2020-10-05 08:00:00,1,2020,73 QUEENS PARK  CRES E,Not Applicable,Major Arterial,Toronto and East York,43.66585,-79.391856,629654.0138,4836016.1387,Non Intersection,Traffic Signal,Clear,"Dark, artificial",Wet,169,Bay-Cloverhill,76,Bay Street Corridor (76),Non-Fatal Injury,1,0,1,0,0,0,0,0,0,0,0,0,0,Pedestrian Collisions,"['Driver', 'Pedestrian']",North,"['Automobile, Station Wagon']",['Going Ahead'],['Driving Properly'],['Normal'],['Pedestrian hit at mid-block'],['Running onto Roadway'],['Inattentive'],[],[],[],D52,False,"['25 to 29', '40 to 44']",3.0
1888884.0,2020-10-05 08:00:00,712,2020,JANE ST,GRANDRAVINE DR,Major Arterial,North York,43.747023,-79.515086,619557.2269,4844846.314,At Intersection,Traffic Signal,Clear,Daylight,Dry,25,Glenfield-Jane Heights,25,Glenfield-Jane Heights (25),Non-Fatal Injury,1,0,1,0,0,0,0,0,0,0,0,0,0,Pedestrian Collisions,"['Driver', 'Pedestrian']",North,['Passenger Van'],['Going Ahead'],['Driving Properly'],['Normal'],['Vehicle is going straight thru inter.while ped cross without ROW'],['Crossing without right of way'],['Inattentive'],[],[],[],D31,False,"['55 to 59', '60 to 64']",3.0
1892662.0,2020-10-05 08:00:00,1640,2020,BATHURST ST,SHEPPARD AVE W,Major Arterial,North York,43.756091,-79.438609,625695.8079,4845966.6658,Non Intersection,No Control,Clear,Daylight,Dry,34,Bathurst Manor,34,Bathurst Manor (34),Non-Fatal Injury,1,0,1,0,0,0,0,0,0,0,0,0,0,Pedestrian Collisions,"['Driver', 'Pedestrian']",South,['Passenger Van'],['Going Ahead'],['Driving Properly'],['Normal'],['Pedestrian hit at mid-block'],['Other'],['Inattentive'],[],[],[],D32,False,"['30 to 34', '15 to 19']",3.0
1894720.0,2020-10-05 08:00:00,2312,2020,UNIVERSITY AVE,COLLEGE ST,Major Arterial,Toronto and East York,43.659785,-79.390453,629780.1975,4835344.7333,At Intersection,Traffic Signal,Clear,"Dusk, artificial",Dry,170,Yonge-Bay Corridor,76,Bay Street Corridor (76),Non-Fatal Injury,1,0,1,0,0,0,0,0,0,1,0,0,0,Pedestrian Collisions,"['Driver', 'Pedestrian']",West,"['Automobile, Station Wagon']",['Turning Right'],['Failed to Yield Right of Way'],['Normal'],['Vehicle turns right while ped crosses with ROW at inter.'],['Crossing with right of way'],['Normal'],[],[],[],D52,False,"['55 to 59', '65 to 69']",3.0
1902177.0,2020-10-07 08:00:00,300,2020,LANSDOWNE AVE,COLLEGE ST,Minor Arterial,Toronto and East York,43.650939,-79.43996,625806.8052,4834286.0228,At Intersection,Traffic Signal,Clear,Dark,Dry,83,Dufferin Grove,83,Dufferin Grove (83),Non-Fatal Injury,0,0,1,0,0,0,0,1,1,1,0,0,0,SMV Other,"['Driver', 'Passenger']",North,"['Automobile, Station Wagon']",['Going Ahead'],['Lost control'],['Unknown'],[],[],[],[],[],[],D11,False,"['10 to 14', '15 to 19']",3.0
1912366.0,2020-10-08 08:00:00,1410,2020,LAWRENCE AVE W,BATHURST ST,Major Arterial,North York,43.719187,-79.429775,626484.6511,4841881.3836,At Intersection,Traffic Signal,Rain,Daylight,Wet,39,Bedford Park-Nortown,39,Bedford Park-Nortown (39),Non-Fatal Injury,1,0,1,0,0,0,0,0,0,0,0,0,0,Pedestrian Collisions,"['Driver', 'Pedestrian']",East,"['Automobile, Station Wagon']",['Turning Right'],['Improper Turn'],['Unknown'],['Vehicle turns right while ped crosses with ROW at inter.'],['Crossing with right of way'],['Normal'],[],[],[],D53,False,"['unknown', '70 to 74']",3.0
1915138.0,2020-10-08 08:00:00,2330,2020,COLLEGE ST,RUSHOLME PARK CRES,Major Arterial,Toronto and East York,43.652789,-79.430248,626586.1341,4834506.2589,Non Intersection,No Control,Clear,"Dark, artificial",Dry,84,Little Portugal,84,Little Portugal (84),Fatal,0,0,1,1,0,0,0,0,0,0,0,0,0,SMV Unattended Vehicle,"['Other', 'Motorcycle Driver']",East,"['Automobile, Station Wagon', 'Motorcycle']","['Parked', 'Going Ahead']",['Lost control'],['Unknown'],[],[],[],[],[],[],D14,True,"['unknown', '35 to 39']",4.0
1927144.0,2020-10-10 08:00:00,1759,2020,JANE ST,GOLDWIN AVE,Major Arterial,Etobicoke York,43.689208,-79.500339,620860.7647,4838446.5352,At Intersection,Stop Sign,Clear,Daylight,Dry,115,Mount Dennis,115,Mount Dennis (115),Non-Fatal Injury,0,0,1,1,0,0,0,0,0,0,0,0,0,Turning Movement,"['Driver', 'Motorcycle Driver']",North,"['Pick Up Truck', 'Motorcycle']","['Turning Left', 'Going Ahead']","['Improper Turn', 'Driving Properly']","['Inattentive', 'Normal']",[],[],[],[],[],[],D12,False,"['35 to 39', '45 to 49']",3.0
1931088.0,2020-10-11 08:00:00,1120,2020,WOODBINE AVE,KINGSTON RD,Major Arterial,Etobicoke York,43.673857,-79.307887,636405.8154,4837040.0839,At Intersection,Traffic Signal,Clear,Daylight,Dry,63,The Beaches,63,The Beaches (63),Non-Fatal Injury,0,1,1,0,0,0,0,0,0,1,0,0,0,Cyclist Collisions,"['Driver', 'Cyclist']",North,"['Pick Up Truck', 'Bicycle']","['Turning Left', 'Going Ahead']",['Failed to Yield Right of Way'],['Inattentive'],[],[],[],['Motorist turned left across cyclists path.'],['Driving Properly'],['Normal'],D55,False,"['45 to 49', '40 to 44']",3.0
1934074.0,2020-10-11 08:00:00,2030,2020,Kingston Road,Glen Everest Road,Major Arterial,Scarborough,43.697543,-79.256755,640472.4553,4839756.1065,At Intersection,Traffic Signal,Clear,"Dusk, artificial",Dry,122,Birchcliffe-Cliffside,122,Birchcliffe-Cliffside (122),Non-Fatal Injury,0,1,0,1,0,0,0,0,0,0,0,0,0,Cyclist Collisions,"['Cyclist', 'Motorcycle Driver']",North,"['Bicycle', 'Motorcycle']",['Going Ahead'],['Driving Properly'],['Normal'],[],[],[],"['Cyclist without ROW rides into path of motorist at inter, lnwy, dwy-Cyclist not turn.']",['Failed to Yield Right of Way'],['Inattentive'],D41,False,"['15 to 19', '30 to 34']",3.0
1940250.0,2020-10-12 08:00:00,2250,2020,MCCOWAN RD,BRIDLEY DR,Major Arterial,Scarborough,43.815261,-79.270801,639067.6231,4852806.7893,Non Intersection,No Control,Rain,"Dark, artificial",Wet,129,Agincourt North,129,Agincourt North (129),Property Damage O,0,0,1,0,0,0,0,1,0,0,0,0,0,SMV Other,"['Driver', 'Passenger']",South,"['Automobile, Station Wagon']",['Going Ahead'],['Lost control'],['Unknown'],[],[],[],[],[],[],D42,False,"['20 to 24', '25 to 29']",3.0
1942115.0,2020-10-13 08:00:00,906,2020,ALBION RD,MARTIN GROVE RD,Major Arterial,Etobicoke York,43.741854,-79.594165,613199.9127,4844161.135,At Intersection,Traffic Signal,Clear,Daylight,Dry,2,Mount Olive-Silverstone-Jamestown,2,Mount Olive-Silverstone-Jamestown (2),Non-Fatal Injury,1,0,1,0,0,0,0,0,0,1,0,0,0,Pedestrian Collisions,"['Driver', 'Pedestrian']",East,"['Automobile, Station Wagon']",['Turning Right'],['Failed to Yield Right of Way'],['Normal'],['Vehicle turns right while ped crosses with ROW at inter.'],['Crossing with right of way'],['Normal'],[],[],[],D23,False,"['30 to 34', '55 to 59']",3.0
1945158.0,2020-10-13 08:00:00,1622,2020,RUNNYMEDE RD,DUNDAS ST W,Minor Arterial,Etobicoke York,43.664527,-79.481677,622414.9626,4835732.7485,Non Intersection,No Control,Clear,Daylight,Dry,90,Junction Area,90,Junction Area (90),Non-Fatal Injury,0,0,1,0,0,0,0,0,0,0,0,0,0,Rear End,['Driver'],North,"['Delivery Van', 'Automobile, Station Wagon']","['Going Ahead', 'Stopped']","['Lost control', 'Driving Properly']","['Inattentive', 'Normal']",[],[],[],[],[],[],D11,False,"['50 to 54', '40 to 44']",3.0
1957732.0,2020-10-15 08:00:00,1227,2020,22 ELKHORN DR,Not Applicable,Local,North York,43.770354,-79.381053,630298.2821,4847639.7459,Non Intersection,No Control,Rain,Daylight,Wet,52,Bayview Village,52,Bayview Village (52),Fatal,1,0,0,0,1,0,0,0,0,0,0,0,0,Pedestrian Collisions,"['Driver', 'Pedestrian']",East,"['Truck - Closed (Blazer, etc)']",['Reversing'],['Other'],['Inattentive'],['Vehicle is reversing and hits pedestrian'],['On Sidewalk or Shoulder'],['Normal'],[],[],[],D33,True,"['60 to 64', '80 to 84']",4.0
1973407.0,2020-10-17 08:00:00,1909,2020,JANE  ST,SAN ROMANOWAY,Major Arterial,North York,43.759394,-79.518192,619282.5673,4846215.8167,At Intersection,Traffic Signal,Clear,"Dark, artificial",Dry,24,Black Creek,24,Black Creek (24),Non-Fatal Injury,1,0,1,0,0,0,0,1,0,0,0,0,0,Pedestrian Collisions,"['Driver', 'Passenger', 'Pedestrian']",North,"['Automobile, Station Wagon']",['Going Ahead'],['Driving Properly'],['Normal'],['Vehicle is going straight thru inter.while ped cross without ROW'],['Crossing without right of way'],['Inattentive'],[],[],[],D31,False,"['65 to 69', 'unknown', '25 to 29']",3.0
1985100.0,2020-10-19 08:00:00,1641,2020,GERRARD ST E,JONES AVE,Minor Arterial,Toronto and East York,43.669436,-79.334415,634277.1563,4836505.788,Non Intersection,No Control,Rain,"Daylight, artificial",Wet,70,South Riverdale,70,South Riverdale (70),Non-Fatal Injury,0,0,0,1,0,0,0,0,0,0,0,0,0,SMV Other,['Motorcycle Driver'],West,['Motorcycle'],['Changing Lanes'],['Lost control'],['Normal'],[],[],[],[],[],[],D55,False,['70 to 74'],3.0
1994232.0,2020-10-21 08:00:00,8,2020,SHEPPARD AVE E,KENNEDY RD,Major Arterial,Scarborough,43.782828,-79.289821,637612.3983,4849172.7895,Non Intersection,No Control,Clear,"Dark, artificial",Dry,118,Tam O'Shanter-Sullivan,118,Tam O'Shanter-Sullivan (118),Fatal,0,0,1,0,0,0,0,0,0,0,0,0,1,SMV Other,['Driver'],East,"['Automobile, Station Wagon']",['Going Ahead'],['Lost control'],['Medical or Physical Disability'],[],[],[],[],[],[],D42,True,['50 to 54'],4.0
1995407.0,2020-10-21 08:00:00,744,2020,LAWRENCE AVE E,ASTERFIELD DR,Minor Arterial,Scarborough,43.771083,-79.173892,646969.7062,4848067.5741,At Intersection,No Control,Rain,"Dark, artificial",Wet,136,West Hill,136,West Hill (136),Non-Fatal Injury,0,0,1,0,1,0,0,0,0,0,0,0,0,Turning Movement,"['Driver', 'Truck Driver']",East,"['Automobile, Station Wagon', 'Truck - Closed (Blazer, etc)']","['Turning Left', 'Going Ahead']","['Improper Turn', 'Driving Properly']","['Inattentive', 'Normal']",[],[],[],[],[],[],D43,False,"['55 to 59', '50 to 54']",3.0
2000034069.0,2022-01-06 10:00:00,1209,2022,174 DELAWARE AVE,Not Applicable,Local,Toronto and East York,43.660174,-79.427699,626776.1479,4835330.3515,Non Intersection,No Control,Clear,Daylight,Dry,80,Palmerston-Little Italy,80,Palmerston-Little Italy (80),Non-Fatal Injury,1,0,1,0,0,0,0,0,0,0,0,0,0,Pedestrian Collisions,"['Driver', 'Pedestrian']",North,"['Automobile, Station Wagon']",['Going Ahead'],['Driving Properly'],['Normal'],['Pedestrian hit at mid-block'],"['Crossing, no Traffic Control']",['Inattentive'],[],[],[],D14,False,"['30 to 34', '5 to 9']",3.0
2000036960.0,2022-01-06 10:00:00,1942,2022,LAWRENCE AVE E,BROCKLEY DR,Major Arterial,Scarborough,43.751959,-79.262477,639884.6452,4845790.1277,At Intersection,Traffic Signal,Clear,Dark,Dry,157,Bendale South,127,Bendale (127),Fatal,1,0,1,0,0,0,0,1,0,1,0,0,0,Pedestrian Collisions,"['Passenger', 'Driver', 'Pedestrian']",East,"['Automobile, Station Wagon']",['Going Ahead'],['Failed to Yield Right of Way'],['Unknown'],['Vehicle is going straight thru inter.while ped cross without ROW'],['Crossing without right of way'],['Normal'],[],[],[],D41,True,"['20 to 24', '75 to 79']",4.0
2000038978.0,2022-01-07 10:00:00,622,2022,DON VALLEY PARKWAY  N,LEASIDE BDGE,Expressway,Toronto and East York,43.697722,-79.348224,633101.3113,4839625.0786,Non Intersection,No Control,Clear,"Dark, artificial",Dry,58,Old East York,58,Old East York (58),Non-Fatal Injury,0,0,1,0,0,0,0,1,1,1,0,0,0,SMV Other,"['Driver', 'Passenger']",South,"['Automobile, Station Wagon']",['Going Ahead'],"['Lost control', 'Driving Properly']","['Unknown', 'Normal']",[],[],[],[],[],[],D55,False,"['25 to 29', '40 to 44']",3.0
2000039834.0,2022-01-07 10:00:00,938,2022,MIDDLEFIELD RD,STEELES AVE E,Minor Arterial,Scarborough,43.832621,-79.267932,639257.9865,4854739.7305,At Intersection,Traffic Signal,Clear,Daylight,Dry,130,Milliken,130,Milliken (130),Non-Fatal Injury,1,0,1,0,0,0,0,0,0,1,0,0,0,Pedestrian Collisions,"['Driver', 'Pedestrian']",North,"['Automobile, Station Wagon']",['Turning Left'],['Failed to Yield Right of Way'],['Normal'],['Vehicle turns left while ped crosses with ROW at inter.'],['Crossing with right of way'],['Normal'],[],[],[],D42,False,"['65 to 69', '50 to 54']",3.0
2000083530.0,2022-01-13 10:00:00,2130,2022,WESTON RD,LANYARD RD,Major Arterial,Etobicoke York,43.748164,-79.54156,617423.4372,4844935.1717,At Intersection,Traffic Signal,Clear,"Dark, artificial",Dry,22,Humbermede,22,Humbermede (22),Non-Fatal Injury,1,0,1,0,0,0,0,0,0,1,0,0,0,Pedestrian Collisions,"['Driver', 'Pedestrian']",North,"['Automobile, Station Wagon']",['Turning Left'],['Failed to Yield Right of Way'],['Inattentive'],['Vehicle turns left while ped crosses with ROW at inter.'],['Crossing with right of way'],['Normal'],[],[],[],D31,False,"['60 to 64', '55 to 59']",3.0
2000088172.0,2022-01-14 10:00:00,1441,2022,DAVENPORT RD,LANSDOWNE AVE,Minor Arterial,Toronto and East York,43.671485,-79.448261,625094.7015,4836555.3749,At Intersection,Traffic Signal,Clear,Daylight,Dry,171,Junction-Wallace Emerson,93,Dovercourt-Wallace Emerson-Junction (93),Non-Fatal Injury,1,0,1,0,0,0,0,0,0,0,0,0,0,Pedestrian Collisions,"['Driver', 'Pedestrian']",East,['Pick Up Truck'],['Turning Left'],['Driving Properly'],['Normal'],['Vehicle turns left while ped crosses without ROW at inter.'],['Crossing without right of way'],['Had Been Drinking'],[],[],[],D13,False,"['55 to 59', '75 to 79']",3.0
2000129056.0,2022-01-20 10:00:00,1610,2022,VICTORIA PARK AVE,COMBERMERE DR,Major Arterial,North York,43.755992,-79.314578,635680.9324,4846151.3806,At Intersection,Traffic Signal,Clear,Daylight,Dry,119,Wexford/Maryvale,119,Wexford/Maryvale (119),Non-Fatal Injury,0,0,1,0,0,0,0,1,1,1,0,0,0,Rear End,"['Driver', 'Passenger']",South,"['Automobile, Station Wagon']","['Going Ahead', 'Stopped']","['Speed too Fast For Condition', 'Driving Properly']",['Normal'],[],[],[],[],[],[],D41,False,"['20 to 24', '60 to 64', '80 to 84']",3.0
2000130290.0,2022-01-20 10:00:00,1910,2022,1875 STEELES AVE W,Not Applicable,Major Arterial,North York,43.787585,-79.468059,623260.2761,4849420.2782,Non Intersection,No Control,Clear,"Dark, artificial",Dry,34,Bathurst Manor,34,Bathurst Manor (34),Property Damage O,0,0,1,0,0,0,0,0,0,1,0,0,0,Turning Movement,['Driver'],East,"['Pick Up Truck', 'Automobile, Station Wagon']","['Turning Left', 'Going Ahead']","['Failed to Yield Right of Way', 'Driving Properly']","['Inattentive', 'Normal']",[],[],[],[],[],[],D32,False,"['25 to 29', '70 to 74']",3.0