accident_number,date,time,year,street1,street2,road_class,district,latitude,longitude,x,y,accident_location,traffctl,visibility,light,road_surface_condition,hood_158,neighbourhood_new,hood_140,neighbourhood_old,accident_class,pedestrian,cyclist,automobile,motorcycle,truck,trsn_city_veh,emerg_veh,passenger,speeding,aggressive_driving,redlight,alcohol,disability,impact_type,involvement_type,initial_direction,vehicle_type,manoeuver,driver_action,driver_condition,pedestrian_type,pedestrian_action,pedestrian_condition,cyclist_type,cyclist_action,cyclist_condition,division,injury,involvement_age,injury_severity_score
2002015530.0,2022-10-16 08:00:00,1752,2022,EVANS AVE,DELTA ST,Major Arterial,Etobicoke York,43.612651,-79.539836,617827.1982,4829887.1009,At Intersection,Stop Sign,Clear,Daylight,Dry,20,Alderwood,20,Alderwood (20),Non-Fatal Injury,0,0,1,1,0,0,0,1,0,1,0,0,0,Turning Movement,"['Driver', 'Motorcycle Driver', 'Passenger']",East,"['Automobile, Station Wagon', 'Motorcycle']","['Turning Left', 'Going Ahead']","['Disobeyed Traffic Control', 'Driving Properly']",['Normal'],[],[],[],[],[],[],D22,False,"['25 to 29', '40 to 44', '35 to 39', '30 to 34']",3.0
2002017234.0,2022-10-17 08:00:00,12,2022,MARLEE AVE,GLENGROVE AVE,Minor Arterial,North York,43.710726,-79.444484,625317.4371,4840919.3278,At Intersection,Stop Sign,Clear,Dark,Dry,31,Yorkdale-Glen Park,31,Yorkdale-Glen Park (31),Non-Fatal Injury,0,0,1,0,0,0,0,1,1,1,0,0,0,Angle,"['Driver', 'Passenger']",North,"['Automobile, Station Wagon']",['Going Ahead'],"['Lost control', 'Driving Properly']","['Unknown', 'Normal']",[],[],[],[],[],[],D13,False,"['unknown', '50 to 54', '35 to 39']",3.0
2002039370.0,2022-10-20 08:00:00,726,2022,DUFFERIN ST,FINCH AVE W,Major Arterial,North York,43.768851,-79.46693,623389.6443,4847341.2642,Non Intersection,No Control,Clear,Dark,Dry,27,York University Heights,27,York University Heights (27),Non-Fatal Injury,1,0,0,0,0,1,0,0,0,0,0,0,0,Pedestrian Collisions,"['Driver', 'Pedestrian']",South,['Municipal Transit Bus (TTC)'],['Going Ahead'],['Driving Properly'],['Normal'],['Pedestrian involved in a collision with transit vehicle anywhere along roadway'],"['Crossing, no Traffic Control']",['Inattentive'],[],[],[],D32,False,"['60 to 64', '65 to 69']",3.0
2002057432.0,2022-10-22 08:00:00,1822,2022,ROYAL YORK RD,THE QUEENSWAY,Major Arterial,Etobicoke York,43.626265,-79.502589,620805.5855,4831452.6238,At Intersection,Traffic Signal,Clear,Dusk,Dry,16,Stonegate-Queensway,16,Stonegate-Queensway (16),Non-Fatal Injury,0,0,1,1,0,0,0,0,0,1,0,0,0,Turning Movement,"['Driver', 'Motorcycle Driver', 'Other']",West,"['Automobile, Station Wagon', 'Motorcycle']","['Turning Left', 'Going Ahead', 'Stopped']","['Improper Turn', 'Driving Properly']","['Inattentive', 'Normal']",[],[],[],[],[],[],D22,False,"['60 to 64', '30 to 34', '50 to 54']",3.0
2002062999.0,2022-10-23 08:00:00,1552,2022,STEELES AVE W,400 S STEELES AVE W RAMP,Major Arterial,North York,43.772029,-79.537761,617682.5126,4847591.1233,At Intersection,Traffic Signal,Clear,Daylight,Dry,21,Humber Summit,21,Humber Summit (21),Non-Fatal Injury,0,0,1,1,0,0,0,0,1,1,0,0,0,Turning Movement,"['Driver', 'Motorcycle Driver']",East,"['Pick Up Truck', 'Motorcycle']","['Turning Left', 'Going Ahead']","['Improper Turn', 'Exceeding Speed Limit']","['Inattentive', 'Normal']",[],[],[],[],[],[],D31,False,"['60 to 64', '35 to 39']",3.0
2002070997.0,2022-10-24 08:00:00,1715,2022,BLOOR ST W,OSSINGTON AV,Major Arterial,North York,43.661982,-79.425624,626939.6484,4835534.3264,At Intersection,Traffic Signal,Clear,Daylight,Dry,80,Palmerston-Little Italy,80,Palmerston-Little Italy (80),Non-Fatal Injury,0,1,1,0,0,0,0,0,0,1,1,0,0,Cyclist Collisions,"['Driver', 'Cyclist']",East,"['Automobile, Station Wagon', 'Bicycle']","['Turning Left', 'Going Ahead']",['Disobeyed Traffic Control'],['Inattentive'],[],[],[],['Motorist turned left across cyclists path.'],['Driving Properly'],['Normal'],D14,False,['20 to 24'],3.0
2002076009.0,2022-10-25 08:00:00,1028,2022,BLOOR ST W,DURIE ST,Major Arterial,Toronto and East York,43.650427,-79.479053,622655.2292,4834170.6354,At Intersection,Traffic Signal,Clear,Daylight,Dry,87,High Park-Swansea,87,High Park-Swansea (87),Non-Fatal Injury,1,0,1,0,0,0,0,0,0,1,0,0,0,Pedestrian Collisions,"['Driver', 'Pedestrian']",North,['Pick Up Truck'],['Turning Left'],['Failed to Yield Right of Way'],['Normal'],['Vehicle turns left while ped crosses with ROW at inter.'],['Crossing with right of way'],['Normal'],[],[],[],D11,False,"['30 to 34', '90 to 94']",3.0
2002085156.0,2022-10-26 08:00:00,1420,2022,KENNEDY RD,TROJAN GT,Major Arterial,Scarborough,43.803809,-79.298167,636892.9013,4851489.2226,At Intersection,Traffic Signal,Rain,Daylight,Wet,130,Milliken,130,Milliken (130),Non-Fatal Injury,1,0,1,0,0,0,0,0,0,1,0,0,0,Pedestrian Collisions,"['Driver', 'Pedestrian']",East,"['Automobile, Station Wagon']",['Turning Left'],['Failed to Yield Right of Way'],['Inattentive'],['Vehicle turns left while ped crosses with ROW at inter.'],['Crossing with right of way'],['Normal'],[],[],[],D42,False,"['55 to 59', '40 to 44']",3.0
2002100036.0,2022-10-28 08:00:00,1548,2022,BLOOR ST W,SALEM AVE,Major Arterial,Toronto and East York,43.66059,-79.431628,626458.4724,4835370.5579,At Intersection,No Control,Clear,Daylight,Dry,83,Dufferin Grove,83,Dufferin Grove (83),Non-Fatal Injury,0,1,1,0,0,0,0,0,0,1,0,0,0,Cyclist Collisions,"['Driver', 'Cyclist']",East,"['Automobile, Station Wagon', 'Bicycle']","['Turning Left', 'Going Ahead']",['Failed to Yield Right of Way'],['Inattentive'],[],[],[],['Motorist turned left across cyclists path.'],['Driving Properly'],['Normal'],D14,False,"['55 to 59', '40 to 44']",3.0
2002101830.0,2022-10-28 08:00:00,1953,2022,BATHURST ST,DUPONT ST,Major Arterial,Toronto and East York,43.673144,-79.414356,627824.4851,4836791.3171,At Intersection,Traffic Signal,Clear,"Dark, artificial",Dry,95,Annex,95,Annex (95),Non-Fatal Injury,1,0,0,0,1,0,0,0,1,1,0,0,0,Pedestrian Collisions,"['Truck Driver', 'Pedestrian']",Unknown,['Truck - Open'],['Going Ahead'],['Exceeding Speed Limit'],['Inattentive'],['Vehicle is going straight thru inter.while ped cross without ROW'],['Other'],['Normal'],[],[],[],D14,False,"['35 to 39', '70 to 74']",3.0
2002116363.0,2022-10-31 08:00:00,1,2022,KINGSTON RD,WARDEN AVE,Major Arterial,Scarborough,43.687659,-79.270877,639357.3685,4838634.5182,At Intersection,Traffic Signal,Clear,"Dark, artificial",Dry,122,Birchcliffe-Cliffside,122,Birchcliffe-Cliffside (122),Non-Fatal Injury,1,0,0,0,0,1,0,0,0,1,0,0,0,Pedestrian Collisions,"['Driver', 'Pedestrian']",South,['Intercity Bus'],['Turning Left'],['Failed to Yield Right of Way'],['Inattentive'],['Vehicle turns left while ped crosses with ROW at inter.'],['Crossing with right of way'],['Had Been Drinking'],[],[],[],D41,False,"['25 to 29', '50 to 54']",3.0
2002125571.0,2022-11-01 08:00:00,930,2022,540 Finch Ave W,Not Applicable,Major Arterial,North York,43.773532,-79.444728,625166.8296,4847894.4828,Non Intersection,No Control,Rain,Daylight,Wet,35,Westminster-Branson,35,Westminster-Branson (35),Property Damage O,1,0,1,0,0,0,0,0,0,0,0,0,0,Pedestrian Collisions,"['Driver', 'Pedestrian']",South,"['Automobile, Station Wagon']",['Going Ahead'],['Driving Properly'],['Normal'],['Pedestrian hit at mid-block'],"['Crossing, no Traffic Control']",['Unknown'],[],[],[],D32,False,"['45 to 49', '80 to 84']",3.0
2002129087.0,2022-11-01 08:00:00,1729,2022,MARKHAM RD,EASTPARK BLVD,Major Arterial,Scarborough,43.755606,-79.224025,642971.694,4846260.8434,At Intersection,Traffic Signal,Clear,Daylight,Dry,141,Golfdale-Cedarbrae-Woburn,137,Woburn (137),Fatal,0,0,1,1,0,0,0,0,0,1,0,0,0,Turning Movement,"['Motorcycle Driver', 'Driver']",North,"['Motorcycle', 'Automobile, Station Wagon']","['Going Ahead', 'Turning Left']","['Driving Properly', 'Failed to Yield Right of Way']","['Unknown', 'Normal']",[],[],[],[],[],[],D43,True,"['15 to 19', '90 to 94']",4.0
2002130324.0,2022-11-01 08:00:00,2035,2022,JANE ST,SPENVALLEY DR,Major Arterial,North York,43.741233,-79.513652,619684.223,4844205.3212,At Intersection,Traffic Signal,Clear,"Dark, artificial",Dry,25,Glenfield-Jane Heights,25,Glenfield-Jane Heights (25),Non-Fatal Injury,0,0,1,0,0,0,0,1,0,1,1,0,0,Turning Movement,"['Driver', 'Passenger']",East,"['Automobile, Station Wagon']","['Going Ahead', 'Turning Left']","['Disobeyed Traffic Control', 'Driving Properly']","['Inattentive', 'Normal']",[],[],[],[],[],[],D31,False,"['15 to 19', '40 to 44', '35 to 39', '20 to 24']",3.0
2002133919.0,2022-11-02 08:00:00,1127,2022,YORK MILLS RD,OLD YONGE ST,Major Arterial,North York,43.744746,-79.399562,628863.5613,4844766.6341,At Intersection,No Control,Clear,"Daylight, artificial",Dry,41,Bridle Path-Sunnybrook-York Mills,41,Bridle Path-Sunnybrook-York Mills (41),Non-Fatal Injury,0,1,1,0,0,0,0,0,0,0,0,0,0,Cyclist Collisions,"['Driver', 'Cyclist']",East,"['Automobile, Station Wagon', 'Bicycle']","['Turning Right', 'Going Ahead']",['Improper Turn'],['Inattentive'],[],[],[],['Motorist turned left across cyclists path.'],['Driving Properly'],['Normal'],D32,False,['65 to 69'],3.0
2002142687.0,2022-11-03 08:00:00,1500,2022,LESLIE ST,RAVEL RD,Major Arterial,North York,43.791484,-79.36835,631274.4184,4850006.6278,At Intersection,Stop Sign,"Fog, Mist, Smoke, Dust",Daylight,Dry,48,Hillcrest Village,48,Hillcrest Village (48),Non-Fatal Injury,1,0,1,0,0,0,0,0,0,0,0,0,0,Pedestrian Collisions,"['Driver', 'Pedestrian']",East,"['Automobile, Station Wagon']",['Turning Left'],['Improper Turn'],['Inattentive'],['Vehicle turns left while ped crosses without ROW at inter.'],['Crossing without right of way'],['Normal'],[],[],[],D33,False,"['55 to 59', '25 to 29']",3.0
2002154142.0,2022-11-05 08:00:00,210,2022,BATHURST ST,HARBORD ST,Major Arterial,Toronto and East York,43.661509,-79.40974,628221.3719,4835506.2186,Intersection Related,Traffic Signal,Clear,"Dark, artificial",Dry,79,University,79,University (79),Non-Fatal Injury,1,0,1,0,0,0,0,0,0,0,0,0,0,Pedestrian Collisions,"['Driver', 'Pedestrian']",East,"['Automobile, Station Wagon']",['Going Ahead'],['Other'],['Unknown'],['Other / Undefined'],['Other'],['Other'],[],[],[],D14,False,"['unknown', '20 to 24']",3.0
2002155585.0,2022-11-05 08:00:00,935,2022,7431 KINGSTON RD,Not Applicable,Major Arterial,Scarborough,43.800692,-79.143199,649366.2172,4851411.0738,Non Intersection,No Control,Clear,Daylight,Dry,143,West Rouge,131,Rouge (131),Non-Fatal Injury,0,0,1,0,0,0,0,0,0,0,0,0,0,Approaching,['Driver'],East,"['Automobile, Station Wagon']",['Going Ahead'],"['Lost control', 'Driving Properly']","['Had Been Drinking', 'Normal']",[],[],[],[],[],[],D42,False,"['25 to 29', '55 to 59']",3.0
2002181067.0,2022-11-08 10:00:00,1808,2022,MILLWICK DR,ISLINGTON AVE,Major Arterial,Etobicoke York,43.759955,-79.571773,614968.3,4846202.3513,At Intersection,Traffic Signal,Clear,"Dark, artificial",Dry,21,Humber Summit,21,Humber Summit (21),Non-Fatal Injury,1,0,1,0,0,0,0,0,0,1,0,0,0,Pedestrian Collisions,"['Driver', 'Pedestrian']",East,"['Automobile, Station Wagon']",['Turning Left'],['Failed to Yield Right of Way'],['Inattentive'],['Vehicle turns left while ped crosses with ROW at inter.'],['Crossing with right of way'],['Normal'],[],[],[],D31,False,"['65 to 69', '45 to 49']",3.0
2002186776.0,2022-11-09 10:00:00,1422,2022,BAYVIEW AVE,RUDDINGTON DR,Major Arterial,North York,43.788016,-79.392719,629321.2713,4849583.0915,At Intersection,Traffic Signal,Clear,Daylight,Dry,49,Bayview Woods-Steeles,49,Bayview Woods-Steeles (49),Non-Fatal Injury,1,0,1,0,0,0,0,0,0,1,0,0,0,Pedestrian Collisions,"['Driver', 'Pedestrian']",East,"['Automobile, Station Wagon']",['Turning Left'],['Failed to Yield Right of Way'],['Inattentive'],['Vehicle turns left while ped crosses with ROW at inter.'],['Crossing with right of way'],['Normal'],[],[],[],D33,False,"['85 to 89', '80 to 84']",3.0
2002188340.0,2022-11-09 10:00:00,1812,2022,COLLEGE ST,ROXTON RD,Major Arterial,Toronto and East York,43.654647,-79.421451,627291.6131,4834726.0713,At Intersection,No Control,Clear,"Dark, artificial",Dry,81,Trinity-Bellwoods,81,Trinity-Bellwoods (81),Non-Fatal Injury,0,1,1,0,0,0,0,0,0,0,0,0,0,Cyclist Collisions,"['Cyclist', 'Driver']",West,"['Bicycle', 'Automobile, Station Wagon']","['Turning Left', 'Going Ahead']",['Driving Properly'],['Normal'],[],[],[],['Cyclist turned left across motorists path.'],['Improper Turn'],['Inattentive'],D14,False,"['25 to 29', '15 to 19']",3.0
2002210376.0,2022-11-12 10:00:00,2030,2022,SHOREHAM DR,IAN MACDONALD BLVD,Minor Arterial,North York,43.772437,-79.511371,619805.6081,4847674.2824,Intersection Related,Traffic Signal,Clear,"Dark, artificial",Dry,27,York University Heights,27,York University Heights (27),Non-Fatal Injury,1,0,0,0,0,0,0,0,0,0,0,0,0,Pedestrian Collisions,"['Driver', 'Pedestrian']",Unknown,[],['Unknown'],['Other'],['Unknown'],['Unknown'],['Crossing with right of way'],['Normal'],[],[],[],D31,False,"['unknown', '15 to 19']",3.0
2002215490.0,2022-11-13 10:00:00,1657,2022,ROYAL YORK RD,LELAND AVE,Minor Arterial,Etobicoke York,43.638873,-79.508479,620305.2393,4832844.3459,Non Intersection,No Control,Clear,Daylight,Dry,16,Stonegate-Queensway,16,Stonegate-Queensway (16),Non-Fatal Injury,0,0,1,0,0,0,0,0,1,1,0,0,0,SMV Other,['Driver'],South,['Delivery Van'],['Going Ahead'],['Lost control'],['Unknown'],[],[],[],[],[],[],D22,False,['65 to 69'],3.0
2002216061.0,2022-11-13 10:00:00,1838,2022,PEARSON AV,SORAUREN AV,Collector,Toronto and East York,43.642966,-79.442165,625645.6069,4833397.1778,At Intersection,Stop Sign,Clear,"Dusk, artificial",Dry,86,Roncesvalles,86,Roncesvalles (86),Non-Fatal Injury,0,1,1,0,0,0,0,0,0,1,0,0,0,Cyclist Collisions,"['Driver', 'Cyclist']",East,"['Automobile, Station Wagon', 'Bicycle']",['Going Ahead'],['Failed to Yield Right of Way'],['Inattentive'],[],[],[],"['Motorist without ROW drives into path of cyclist at inter, lnwy, dwy-Driver not turn.']",['Driving Properly'],['Normal'],D11,False,"['65 to 69', '25 to 29']",3.0
2002229389.0,2022-11-15 10:00:00,1656,2022,MARTIN GROVE RD,ALBION RD,Minor Arterial,Etobicoke York,43.7429,-79.594669,613157.3591,4844276.6197,Non Intersection,No Control,Clear,"Dusk, artificial",Wet,2,Mount Olive-Silverstone-Jamestown,2,Mount Olive-Silverstone-Jamestown (2),Non-Fatal Injury,1,0,1,0,0,0,0,0,0,0,0,0,0,Pedestrian Collisions,"['Driver', 'Pedestrian']",South,"['Automobile, Station Wagon']",['Going Ahead'],['Driving Properly'],['Normal'],['Pedestrian hit at mid-block'],"['Crossing, no Traffic Control']",['Inattentive'],[],[],[],D23,False,"['80 to 84', '30 to 34']",3.0
2002229988.0,2022-11-15 10:00:00,1825,2022,DON MILLS RD,DVP S DON MILLS S RAMP RD,Major Arterial,Toronto and East York,43.701083,-79.337535,633955.1631,4840015.5803,Non Intersection,No Control,Rain,Dusk,Wet,58,Old East York,58,Old East York (58),Fatal,0,0,1,0,0,0,0,0,0,0,0,0,1,Rear End,['Driver'],South,"['Automobile, Station Wagon']","['Going Ahead', 'Stopped']","['Lost control', 'Driving Properly']","['Medical or Physical Disability', 'Normal']",[],[],[],[],[],[],D55,True,"['75 to 79', '45 to 49']",4.0
2002230917.0,2022-11-15 10:00:00,2127,2022,WILSON HEIGHTS BV,REINER RD,Minor Arterial,North York,43.748702,-79.454868,624402.2157,4845121.4621,At Intersection,Traffic Signal,Snow,"Dark, artificial",Wet,33,Clanton Park,33,Clanton Park (33),Non-Fatal Injury,1,0,1,0,0,0,0,0,0,1,0,0,0,Pedestrian Collisions,"['Driver', 'Pedestrian']",East,"['Automobile, Station Wagon']",['Turning Left'],['Failed to Yield Right of Way'],['Inattentive'],['Vehicle turns left while ped crosses with ROW at inter.'],['Crossing with right of way'],['Normal'],[],[],[],D32,False,"['50 to 54', '25 to 29']",3.0
2002243711.0,2022-11-17 10:00:00,1640,2022,519 OLD WESTON RD,Not Applicable,Minor Arterial,Toronto and East York,43.67723,-79.464153,623801.7294,4837169.5913,Non Intersection,No Control,Clear,Daylight,Dry,91,Weston-Pelham Park,91,Weston-Pellam Park (91),Non-Fatal Injury,0,0,1,0,0,0,0,1,0,1,0,0,1,Approaching,"['Driver', 'Passenger']",North,"['Pick Up Truck', 'Automobile, Station Wagon']","['Going Ahead', 'Slowing or Stopping']","['Lost control', 'Driving Properly']","['Medical or Physical Disability', 'Normal']",[],[],[],[],[],[],D12,False,"['40 to 44', '65 to 69', '10 to 14']",3.0
2002271059.0,2022-11-21 10:00:00,1404,2022,KIPLING AVE,REDWATER DR,Major Arterial,Etobicoke York,43.715514,-79.568485,615318.2523,4841271.1146,At Intersection,Traffic Signal,Clear,Daylight,Dry,4,Rexdale-Kipling,4,Rexdale-Kipling (4),Non-Fatal Injury,0,0,1,0,0,0,0,1,1,1,0,0,0,Turning Movement,"['Driver', 'Passenger']",East,"['Automobile, Station Wagon']","['Going Ahead', 'Turning Left']","['Lost control', 'Driving Properly']","['Inattentive', 'Normal', 'Unknown']",[],[],[],[],[],[],D23,False,"['30 to 34', '70 to 74', '35 to 39', '60 to 64']",3.0
2002271976.0,2022-11-21 10:00:00,1609,2022,KINGSTON RD,SHEPPARD AVE E,Major Arterial,Scarborough,43.803805,-79.137714,649799.6703,4851766.739,Non Intersection,No Control,Clear,Daylight,Dry,143,West Rouge,131,Rouge (131),Non-Fatal Injury,0,1,1,0,0,0,0,0,0,1,0,0,0,Cyclist Collisions,"['Driver', 'Cyclist']",West,"['Automobile, Station Wagon', 'Bicycle']",['Going Ahead'],['Improper Passing'],['Inattentive'],[],[],[],['Cyclist and Driver travelling in same direction. One vehicle rear-ended the other.'],['Driving Properly'],['Normal'],D42,False,"['70 to 74', '55 to 59']",3.0
2002272909.0,2022-11-21 10:00:00,1830,2022,JANE ST,SPENVALLEY DR,Major Arterial,North York,43.741168,-79.513637,619685.5603,4844198.1237,Intersection Related,Traffic Signal,Clear,"Dark, artificial",Dry,25,Glenfield-Jane Heights,25,Glenfield-Jane Heights (25),Non-Fatal Injury,0,0,1,0,0,0,0,1,0,0,0,0,0,Rear End,"['Driver', 'Passenger']",South,"['Automobile, Station Wagon']","['Going Ahead', 'Slowing or Stopping']","['Other', 'Driving Properly']","['Inattentive', 'Normal']",[],[],[],[],[],[],D31,False,"['55 to 59', '65 to 69', '40 to 44', '25 to 29']",3.0
2002282330.0,2022-09-23 08:00:00,304,2022,STEELES AVE E,SEWELLS RD,Minor Arterial,Scarborough,43.845439,-79.212268,643702.6365,4856258.6198,Non Intersection,No Control,Clear,Dark,Dry,144,Morningside Heights,131,Rouge (131),Fatal,0,0,1,0,0,0,0,1,0,0,0,0,0,SMV Other,"['Passenger', 'Driver']",West,"['Automobile, Station Wagon']",['Other'],['Lost control'],['Unknown'],[],[],[],[],[],[],D42,True,"['15 to 19', '20 to 24']",4.0
2002286735.0,2022-11-23 10:00:00,1627,2022,ST CLAIR AVE E,YONGE ST,Major Arterial,Scarborough,43.68801,-79.394099,629425.5227,4838473.8042,At Intersection,Traffic Signal,Clear,Daylight,Dry,98,Rosedale-Moore Park,98,Rosedale-Moore Park (98),Fatal,0,1,1,0,0,0,0,0,0,1,0,0,0,Cyclist Collisions,"['Cyclist', 'Driver']",East,"['Bicycle', 'Pick Up Truck']",['Turning Right'],['Failed to Yield Right of Way'],['Normal'],[],[],[],['Motorist turning right on green or amber at signalized intersection strikes cyclist.'],['Driving Properly'],['Normal'],D53,True,"['20 to 24', '60 to 64']",4.0
2002299583.0,2022-11-25 10:00:00,1251,2022,1100 QUEEN ST W,Not Applicable,Major Arterial,Toronto and East York,43.643286,-79.422908,627198.1008,4833462.0507,Non Intersection,No Control,Clear,Daylight,Dry,84,Little Portugal,84,Little Portugal (84),Non-Fatal Injury,1,0,1,0,0,0,0,0,0,0,0,0,0,Pedestrian Collisions,"['Driver', 'Pedestrian']",East,"['Automobile, Station Wagon']",['Going Ahead'],['Driving Properly'],['Normal'],['Pedestrian hit at mid-block'],"['Crossing, no Traffic Control']",['Inattentive'],[],[],[],D14,False,"['85 to 89', '20 to 24']",3.0
2002303433.0,2022-11-25 10:00:00,2245,2022,PAPE AVE,BROWNING AVE,Major Arterial,Toronto and East York,43.683192,-79.346416,633279.1832,4838014.2238,Intersection Related,No Control,Clear,"Dark, artificial",Dry,59,Danforth East York,59,Danforth East York (59),Non-Fatal Injury,0,0,1,0,0,0,0,1,0,0,0,0,0,Sideswipe,"['Driver', 'Passenger']",South,"['Automobile, Station Wagon']","['Changing Lanes', 'Going Ahead']","['Improper Lane Change', 'Driving Properly']",['Normal'],[],[],[],[],[],[],D55,False,"['30 to 34', '15 to 19', '25 to 29']",3.0
2002306311.0,2022-11-26 10:00:00,1134,2022,KINGSTON RD,401 C E 2A W RAMP,Major Arterial,Scarborough,43.794814,-79.152499,648632.6645,4850741.4809,At Intersection,Traffic Signal,Clear,Daylight,Dry,133,Centennial Scarborough,133,Centennial Scarborough (133),Non-Fatal Injury,0,0,1,0,0,0,0,1,0,1,1,0,0,Turning Movement,"['Driver', 'Passenger']",South,"['Automobile, Station Wagon']","['Going Ahead', 'Turning Left']","['Disobeyed Traffic Control', 'Driving Properly']","['Inattentive', 'Normal']",[],[],[],[],[],[],D43,False,"['65 to 69', '35 to 39', '45 to 49', '20 to 24']",3.0
2002306761.0,2022-11-26 10:00:00,1248,2022,LAKE SHORE BV W,LONG BRANCH AV,Major Arterial,Etobicoke York,43.594088,-79.534808,618269.3012,4827832.6055,Non Intersection,No Control,Clear,Daylight,Dry,19,Long Branch,19,Long Branch (19),Non-Fatal Injury,1,0,1,0,0,0,0,0,0,0,0,0,0,Pedestrian Collisions,['Pedestrian'],Unknown,"['Automobile, Station Wagon']",['Reversing'],[],[],['Vehicle is reversing and hits pedestrian'],['Person Getting on/off Vehicle'],['Unknown'],[],[],[],D22,False,"['85 to 89', '75 to 79']",3.0
2002308202.0,2022-11-26 10:00:00,1619,2022,MARKHAM RD,KINGSTON RD,Major Arterial,Scarborough,43.738677,-79.216975,643579.7214,4844392.8139,At Intersection,Traffic Signal,Clear,Daylight,Dry,139,Scarborough Village,139,Scarborough Village (139),Non-Fatal Injury,0,0,1,0,0,0,0,0,0,1,0,0,0,Turning Movement,['Driver'],East,"['Automobile, Station Wagon']","['Turning Left', 'Going Ahead']","['Failed to Yield Right of Way', 'Driving Properly']",['Normal'],[],[],[],[],[],[],D43,False,"['55 to 59', '20 to 24']",3.0
2002315818.0,2022-11-27 10:00:00,1810,2022,BATHURST ST,FORT YORK BLVD,Major Arterial,Toronto and East York,43.638747,-79.400577,629008.9086,4832992.4029,At Intersection,Traffic Signal,Rain,"Dark, artificial",Wet,165,Harbourfront-CityPlace,77,Waterfront Communities-The Island (77),Non-Fatal Injury,1,0,1,0,0,0,0,0,0,1,0,0,0,Pedestrian Collisions,"['Driver', 'Pedestrian']",West,"['Automobile, Station Wagon']",['Turning Left'],['Failed to Yield Right of Way'],['Inattentive'],['Vehicle turns left while ped crosses with ROW at inter.'],['Crossing with right of way'],['Normal'],[],[],[],D14,False,"['35 to 39', '20 to 24']",3.0
2002316382.0,2022-11-27 10:00:00,1943,2022,ALBION RD,TODD BROOK DR,Major Arterial,Etobicoke York,43.73828,-79.57162,615022.1248,4843795.2418,Intersection Related,No Control,Rain,"Dark, artificial",Wet,3,Thistletown-Beaumond Heights,3,Thistletown-Beaumond Heights (3),Property Damage O,1,0,1,0,0,0,0,0,0,0,0,0,0,Pedestrian Collisions,"['Driver', 'Pedestrian']",South,"['Automobile, Station Wagon']",['Going Ahead'],['Driving Properly'],['Normal'],['Vehicle is going straight thru inter.while ped cross without ROW'],['Crossing without right of way'],['Other'],[],[],[],D23,False,"['40 to 44', '45 to 49']",3.0
2002319142.0,2022-11-28 10:00:00,840,2022,LINDEN AVE,HARMONY AVE,Local,Scarborough,43.72008,-79.25677,640418.607,4842259.1416,Intersection Related,No Control,Clear,Daylight,Dry,124,Kennedy Park,124,Kennedy Park (124),Non-Fatal Injury,1,0,1,0,0,0,0,0,0,0,0,0,0,Pedestrian Collisions,"['Driver', 'Pedestrian']",South,"['Automobile, Station Wagon']",['Going Ahead'],['Driving Properly'],['Normal'],['Vehicle is going straight thru inter.while ped cross without ROW'],['Running onto Roadway'],['Normal'],[],[],[],D41,False,"['35 to 39', '10 to 14']",3.0
2002348553.0,2022-12-02 10:00:00,130,2022,21 MILVAN DR,Not Applicable,Collector,Unknown,43.75289,-79.553554,616448.5917,4845443.1313,Non Intersection,No Control,Clear,"Dark, artificial",Dry,21,Humber Summit,21,Humber Summit (21),Non-Fatal Injury,0,0,1,0,0,0,0,0,1,1,0,0,0,SMV Other,['Driver'],South,"['Automobile, Station Wagon']",['Going Ahead'],['Speed too Fast For Condition'],['Had Been Drinking'],[],[],[],[],[],[],D31,False,['25 to 29'],3.0
2002351893.0,2022-12-02 10:00:00,1320,2022,ALEXMUIR BLVD,HOMEDALE DR,Unknown,Unknown,43.810485,-79.282162,638164.9397,4852257.3022,At Intersection,Stop Sign,Clear,Daylight,Dry,129,Agincourt North,129,Agincourt North (129),Non-Fatal Injury,0,0,1,0,0,0,0,1,0,0,0,0,0,SMV Other,"['Driver', 'Passenger']",East,"['Automobile, Station Wagon']",['Going Ahead'],['Lost control'],['Normal'],[],[],[],[],[],[],D42,False,"['40 to 44', '5 to 9']",3.0
2002358910.0,2022-12-03 10:00:00,1205,2022,EGLINTON AVE E,GILDER DR,Major Arterial,Scarborough,43.735591,-79.252673,640712.3009,4843988.8184,Non Intersection,No Control,Clear,Daylight,Wet,124,Kennedy Park,124,Kennedy Park (124),Non-Fatal Injury,0,0,1,0,0,1,0,1,0,1,0,0,0,Rear End,"['Driver', 'Passenger']",West,"['Municipal Transit Bus (TTC)', 'Automobile, Station Wagon']","['Slowing or Stopping', 'Stopped']","['Following too Close', 'Driving Properly']","['Inattentive', 'Normal']",[],[],[],[],[],[],D41,False,"['35 to 39', '25 to 29', '50 to 54']",3.0