accident_number,date,time,year,street1,street2,road_class,district,latitude,longitude,x,y,accident_location,traffctl,visibility,light,road_surface_condition,hood_158,neighbourhood_new,hood_140,neighbourhood_old,accident_class,pedestrian,cyclist,automobile,motorcycle,truck,trsn_city_veh,emerg_veh,passenger,speeding,aggressive_driving,redlight,alcohol,disability,impact_type,involvement_type,initial_direction,vehicle_type,manoeuver,driver_action,driver_condition,pedestrian_type,pedestrian_action,pedestrian_condition,cyclist_type,cyclist_action,cyclist_condition,division,injury,involvement_age,injury_severity_score
2234262.0,2020-11-25 10:00:00,1735,2020,KENNEDY  RD,PROGRESS AVE,Major Arterial,Scarborough,43.769351,-79.282222,638254.9279,4847688.6186,At Intersection,Traffic Signal,Rain,"Dark, artificial",Wet,126,Dorset Park,126,Dorset Park (126),Non-Fatal Injury,1,0,1,0,0,0,0,0,0,1,0,0,0,Pedestrian Collisions,"['Driver', 'Pedestrian']",South,"['Automobile, Station Wagon']",['Turning Left'],['Failed to Yield Right of Way'],['Unknown'],['Vehicle turns left while ped crosses with ROW at inter.'],['Crossing with right of way'],['Normal'],[],[],[],D41,False,"['unknown', '60 to 64']",3.0
2234722.0,2020-11-25 10:00:00,1851,2020,MARLEE AVE,CASTLEFIELD  AVE,Minor Arterial,North York,43.702983,-79.441402,625581.9035,4840064.0233,At Intersection,Stop Sign,Rain,"Dark, artificial",Wet,108,Briar Hill-Belgravia,108,Briar Hill-Belgravia (108),Non-Fatal Injury,1,0,1,0,0,0,0,0,0,0,0,0,0,Pedestrian Collisions,"['Driver', 'Pedestrian']",East,"['Automobile, Station Wagon']",['Turning Left'],['Driving Properly'],['Normal'],['Vehicle turns left while ped crosses without ROW at inter.'],['Crossing without right of way'],['Normal'],[],[],[],D13,False,"['60 to 64', '70 to 74']",3.0
2253261.0,2020-11-28 10:00:00,1638,2020,ELLESMERE RD,NEILSON RD,Major Arterial,Scarborough,43.782527,-79.204944,644442.9733,4849283.9598,At Intersection,Traffic Signal,Clear,Dusk,Dry,135,Morningside,135,Morningside (135),Fatal,0,0,1,0,0,0,0,1,1,1,0,0,0,Angle,"['Driver', 'Passenger']",East,"['Automobile, Station Wagon']",['Going Ahead'],"['Failed to Yield Right of Way', 'Driving Properly']","['Inattentive', 'Normal']",[],[],[],[],[],[],D43,True,"['55 to 59', '5 to 9', '50 to 54']",4.0
2254416.0,2020-11-28 10:00:00,2022,2020,JANE ST,DALRYMPLE DR,Major Arterial,Etobicoke York,43.677169,-79.496112,621225.6753,4837115.6119,At Intersection,No Control,Clear,"Dark, artificial",Dry,111,Rockcliffe-Smythe,111,Rockcliffe-Smythe (111),Non-Fatal Injury,0,0,1,0,0,0,0,0,1,1,0,0,0,SMV Other,"['Driver', 'Other']",North,"['Automobile, Station Wagon', 'Pick Up Truck']","['Going Ahead', 'Parked']",['Exceeding Speed Limit'],['Unknown'],[],[],[],[],[],[],D12,False,"['25 to 29', 'unknown']",3.0
2260605.0,2020-11-29 10:00:00,2200,2020,STEELES  AVE W,HILDA  AVE,Major Arterial,North York,43.795935,-79.429225,626367.2944,4850406.234,At Intersection,Traffic Signal,Clear,"Dark, artificial",Dry,36,Newtonbrook West,36,Newtonbrook West (36),Non-Fatal Injury,1,0,1,0,0,0,0,0,0,1,0,0,0,Pedestrian Collisions,"['Driver', 'Pedestrian']",North,"['Automobile, Station Wagon']",['Turning Left'],['Failed to Yield Right of Way'],['Inattentive'],['Vehicle turns left while ped crosses without ROW at inter.'],['Crossing with right of way'],['Normal'],[],[],[],D32,False,"['30 to 34', '60 to 64']",3.0
2263377.0,2020-11-30 10:00:00,1110,2020,BEECROFT RD,LORRAINE DR,Local,North York,43.777594,-79.417827,627323.1947,4848386.6479,At Intersection,Stop Sign,Rain,"Daylight, artificial",Wet,37,Willowdale West,37,Willowdale West (37),Non-Fatal Injury,0,1,1,0,0,0,0,0,0,0,0,0,0,Cyclist Collisions,"['Cyclist', 'Driver']",East,"['Bicycle', 'Automobile, Station Wagon']","['Going Ahead', 'Turning Left']",['Driving Properly'],['Normal'],[],[],[],"['Cyclist without ROW rides into path of motorist at inter, lnwy, dwy-Cyclist not turn.']",['Other'],['Normal'],D32,False,"['60 to 64', '45 to 49']",3.0
2266275.0,2020-11-30 10:00:00,1829,2020,WARDEN AVE,SHEPPARD AVE E,Major Arterial,Scarborough,43.778659,-79.307864,636169.9873,4848679.921,At Intersection,Traffic Signal,Rain,"Dark, artificial",Wet,118,Tam O'Shanter-Sullivan,118,Tam O'Shanter-Sullivan (118),Non-Fatal Injury,1,0,1,0,0,0,0,0,0,1,0,0,0,Pedestrian Collisions,"['Driver', 'Pedestrian']",South,['Passenger Van'],['Turning Left'],['Failed to Yield Right of Way'],['Inattentive'],['Vehicle turns left while ped crosses with ROW at inter.'],['Crossing with right of way'],['Normal'],[],[],[],D42,False,"['45 to 49', '25 to 29']",3.0
2266447.0,2020-11-30 10:00:00,1901,2020,VAN HORNE AVE,VICTORIA PARK AVE,Major Arterial,North York,43.789179,-79.329547,634401.5118,4849812.8956,At Intersection,Traffic Signal,Rain,"Dark, artificial",Wet,147,L'Amoreaux West,117,L'Amoreaux (117),Non-Fatal Injury,1,0,1,0,0,0,0,0,0,0,0,0,0,Pedestrian Collisions,"['Driver', 'Pedestrian']",East,"['Automobile, Station Wagon']",['Turning Left'],['Improper Turn'],['Inattentive'],['Vehicle turns left while ped crosses with ROW at inter.'],['Crossing with right of way'],['Normal'],[],[],[],D42,False,"['20 to 24', '30 to 34']",3.0
2279200.0,2020-12-02 10:00:00,1829,2020,DUFFERIN ST,SYLVAN AVE,Major Arterial,Toronto and East York,43.654608,-79.433322,626334.4275,4834703.5978,Intersection Related,No Control,Clear,Daylight,Dry,83,Dufferin Grove,83,Dufferin Grove (83),Fatal,0,1,1,0,0,0,0,0,0,1,0,0,0,Cyclist Collisions,"['Cyclist', 'Driver']",South,"['Bicycle', 'Delivery Van', 'Automobile, Station Wagon']",['Going Ahead'],"['Following too Close', 'Other']",['Inattentive'],[],[],[],['Cyclist and Driver travelling in same direction. One vehicle sideswipes the other.'],['Driving Properly'],['Normal'],D14,True,"['20 to 24', '35 to 39', '30 to 34']",4.0
2298555.0,2020-12-05 10:00:00,1716,2020,2255 MARKHAM RD,Not Applicable,Major Arterial,Scarborough,43.809523,-79.243236,641298.0439,4852216.1956,Non Intersection,No Control,Clear,"Dusk, artificial",Dry,145,Malvern West,132,Malvern (132),Fatal,1,0,0,0,1,0,0,0,0,0,0,0,0,Pedestrian Collisions,"['Pedestrian', 'Truck Driver']",East,"['Truck - Closed (Blazer, etc)']",['Going Ahead'],['Driving Properly'],['Inattentive'],['Pedestrian hit at mid-block'],"['Crossing, no Traffic Control']",['Inattentive'],[],[],[],D42,True,"['35 to 39', '45 to 49']",4.0
231164.0,2020-02-02 10:00:00,1756,2020,KEELE ST,GULLIVER RD,Major Arterial,Etobicoke York,43.69924,-79.475902,622809.7306,4839596.6311,Intersection Related,Traffic Signal,Clear,"Dark, artificial",Wet,30,Brookhaven-Amesbury,30,Brookhaven-Amesbury (30),Non-Fatal Injury,0,0,1,0,0,0,0,0,0,0,0,0,1,Approaching,['Driver'],North,"['Automobile, Station Wagon']","['Going Ahead', 'Stopped']","['Lost control', 'Driving Properly']","['Medical or Physical Disability', 'Normal']",[],[],[],[],[],[],D12,False,['50 to 54'],3.0
2314333.0,2020-12-08 10:00:00,856,2020,STEELES AVE E,PUTNAM GT,Major Arterial,Scarborough,43.822402,-79.312221,635720.2808,4853531.1229,At Intersection,Traffic Signal,Clear,Daylight,Dry,116,Steeles,116,Steeles (116),Non-Fatal Injury,1,0,1,0,0,0,0,0,0,1,0,0,0,Pedestrian Collisions,"['Driver', 'Pedestrian']",South,"['Automobile, Station Wagon']",['Turning Left'],['Failed to Yield Right of Way'],['Inattentive'],['Vehicle turns left while ped crosses with ROW at inter.'],['Crossing with right of way'],['Normal'],[],[],[],D42,False,"['50 to 54', '55 to 59']",3.0
2317800.0,2020-12-08 10:00:00,1803,2020,MCCOWAN RD,LAWRENCE  AVE E,Major Arterial,Scarborough,43.755477,-79.245387,641252.2672,4846209.8607,At Intersection,Traffic Signal,Clear,"Dark, artificial",Dry,157,Bendale South,127,Bendale (127),Non-Fatal Injury,1,0,1,0,0,0,0,0,1,1,1,0,0,Pedestrian Collisions,"['Driver', 'Pedestrian']",North,"['Automobile, Station Wagon']",['Going Ahead'],['Disobeyed Traffic Control'],['Inattentive'],['Vehicle is going straight thru inter.while ped cross with ROW'],['Crossing with right of way'],['Normal'],[],[],[],D43,False,"['45 to 49', '30 to 34']",3.0
2318123.0,2020-12-08 10:00:00,1856,2020,CORDOVA AVE,MABELLE AVE,Collector,Etobicoke York,43.647303,-79.525783,618892.8671,4833755.6692,Overpass or Bridge,No Control,Clear,Dark,Dry,159,Etobicoke City Centre,14,Islington-City Centre West (14),Non-Fatal Injury,0,0,1,0,0,0,0,1,1,1,0,0,0,SMV Other,"['Driver', 'Passenger']",South,"['Automobile, Station Wagon']",['Going Ahead'],['Lost control'],['Inattentive'],[],[],[],[],[],[],D22,False,"['unknown', '25 to 29']",3.0
2324390.0,2020-12-09 10:00:00,1843,2020,MARKHAM RD,PROGRESS AVE,Major Arterial,Scarborough,43.782408,-79.234088,642098.0937,4849220.3017,Non Intersection,No Control,Clear,"Dark, artificial",Wet,142,Woburn North,137,Woburn (137),Non-Fatal Injury,0,1,1,0,0,0,0,0,0,1,0,0,0,Cyclist Collisions,"['Driver', 'Cyclist']",East,"['Automobile, Station Wagon', 'Bicycle']","['Merging', 'Going Ahead']",['Failed to Yield Right of Way'],['Inattentive'],[],[],[],['Insufficient information (to determine cyclist crash type).'],['Driving Properly'],['Normal'],D43,False,"['35 to 39', '30 to 34']",3.0
2332478.0,2020-12-10 10:00:00,2344,2020,MARTIN GROVE RD,GIHON SPRING DR,Minor Arterial,Etobicoke York,43.754725,-79.600589,612658.4913,4845581.8874,Non Intersection,No Control,Clear,"Dark, artificial",Dry,1,West Humber-Clairville,1,West Humber-Clairville (1),Fatal,0,0,1,0,0,0,0,0,0,0,0,0,0,SMV Other,['Driver'],North,"['Automobile, Station Wagon']",['Going Ahead'],['Lost control'],['Unknown'],[],[],[],[],[],[],D23,True,['25 to 29'],4.0
2340093.0,2020-12-12 10:00:00,325,2020,1206 AVENUE RD,Not Applicable,Major Arterial,North York,43.712023,-79.411685,627957.0961,4841113.4859,Intersection Related,No Control,Clear,"Dark, artificial",Dry,103,Lawrence Park South,103,Lawrence Park South (103),Non-Fatal Injury,0,0,1,0,0,0,0,0,0,1,0,0,0,SMV Other,['Driver'],South,"['Automobile, Station Wagon']",['Going Ahead'],['Lost control'],['Inattentive'],[],[],[],[],[],[],D53,False,['35 to 39'],3.0
2343661.0,2020-12-12 10:00:00,1811,2020,BURNHAMTHORPE RD,RENFORTH DR,Major Arterial,Etobicoke York,43.643267,-79.572444,615137.4248,4833241.6336,At Intersection,Traffic Signal,Clear,"Dusk, artificial",Dry,13,Etobicoke West Mall,13,Etobicoke West Mall (13),Non-Fatal Injury,1,0,1,0,0,0,0,1,0,1,0,0,0,Pedestrian Collisions,"['Driver', 'Pedestrian', 'Passenger']",North,['Pick Up Truck'],['Turning Left'],['Failed to Yield Right of Way'],['Normal'],['Vehicle turns left while ped crosses with ROW at inter.'],['Crossing with right of way'],['Normal'],[],[],[],D22,False,"['40 to 44', '65 to 69', '80 to 84', '70 to 74', '5 to 9', '35 to 39']",3.0
2345305.0,2020-12-12 10:00:00,2342,2020,GREENCEDAR CRCT,MARKHAM RD,Major Arterial,Scarborough,43.757769,-79.224674,642914.297,4846499.9578,At Intersection,Traffic Signal,Clear,"Dark, artificial",Wet,141,Golfdale-Cedarbrae-Woburn,137,Woburn (137),Non-Fatal Injury,0,0,1,0,0,0,0,1,0,0,0,0,0,SMV Other,"['Driver', 'Passenger']",West,"['Automobile, Station Wagon']",['Turning Right'],['Lost control'],['Normal'],[],[],[],[],[],[],D43,False,['15 to 19'],3.0
2372537.0,2020-12-17 10:00:00,1141,2020,LAWRENCE AVE E,HOWDEN RD,Major Arterial,Scarborough,43.746749,-79.287921,637848.1345,4845168.821,At Intersection,Traffic Signal,Clear,Daylight,Dry,119,Wexford/Maryvale,119,Wexford/Maryvale (119),Fatal,1,0,0,0,1,0,0,0,0,1,0,0,0,Pedestrian Collisions,"['Truck Driver', 'Pedestrian']",North,['Truck-Tractor'],['Turning Right'],['Failed to Yield Right of Way'],['Normal'],['Vehicle turns right while ped crosses with ROW at inter.'],['Crossing with right of way'],['Normal'],[],[],[],D41,True,"['50 to 54', '40 to 44']",4.0
2374044.0,2020-12-17 10:00:00,1550,2020,168 CLONMORE DR,Not Applicable,Minor Arterial,Scarborough,43.690203,-79.277072,638852.2105,4838906.6729,Non Intersection,No Control,Clear,Daylight,Dry,122,Birchcliffe-Cliffside,122,Birchcliffe-Cliffside (122),Fatal,1,0,1,0,0,0,0,0,0,1,0,0,0,Pedestrian Collisions,"['Pedestrian', 'Driver']",Unknown,"['Automobile, Station Wagon']",['Going Ahead'],['Failed to Yield Right of Way'],['Inattentive'],['Pedestrian hit at mid-block'],['Playing or Working on Highway'],['Normal'],[],[],[],D41,True,"['30 to 34', '20 to 24']",4.0
2376130.0,2020-12-17 10:00:00,2112,2020,DON VALLEY PARKWAY  S,MILLWOOD RD,Expressway,Toronto and East York,43.697882,-79.347766,633137.8636,4839643.5842,Non Intersection,No Control,Clear,Dark,Dry,58,Old East York,58,Old East York (58),Non-Fatal Injury,0,0,1,0,0,0,0,1,1,1,0,0,0,SMV Other,"['Driver', 'Passenger']",South,"['Automobile, Station Wagon']",['Changing Lanes'],['Lost control'],['Normal'],[],[],[],[],[],[],D55,False,['20 to 24'],3.0
2383203.0,2020-12-18 10:00:00,2238,2020,YORK MILLS RD,DON VALLEY PARKWAY  S,Major Arterial,North York,43.758177,-79.335841,633964.3104,4846359.4442,At Intersection,No Control,Clear,Dark,Dry,149,Parkwoods-O'Connor Hills,45,Parkwoods-Donalda (45),Non-Fatal Injury,0,0,1,0,0,0,0,1,0,1,0,0,0,Turning Movement,"['Driver', 'Passenger']",East,"['Automobile, Station Wagon']","['Turning Left', 'Going Ahead']","['Improper Turn', 'Driving Properly']",['Normal'],[],[],[],[],[],[],D33,False,"['45 to 49', '20 to 24']",3.0
2390427.0,2020-12-20 10:00:00,305,2020,ISLINGTON AVE,DUNDAS ST W,Major Arterial,Etobicoke York,43.65129,-79.526355,618838.8731,4834197.657,At Intersection,Traffic Signal,Rain,"Dark, artificial",Wet,15,Kingsway South,15,Kingsway South (15),Non-Fatal Injury,0,0,1,0,0,0,0,1,1,1,0,1,0,SMV Other,"['Driver', 'Passenger']",North,"['Automobile, Station Wagon']",['Going Ahead'],['Speed too Fast For Condition'],"['Ability Impaired, Alcohol Over .08']",[],[],[],[],[],[],D22,False,['15 to 19'],3.0
2400863.0,2020-12-21 10:00:00,2035,2020,ISABELLA ST,HUNTLEY ST,Collector,Toronto and East York,43.669074,-79.378078,630757.8539,4836395.8323,Intersection Related,Stop Sign,Rain,Dark,Wet,74,North St.James Town,74,North St.James Town (74),Non-Fatal Injury,1,0,1,0,0,0,0,0,0,1,0,0,0,Pedestrian Collisions,"['Driver', 'Pedestrian']",East,"['Automobile, Station Wagon']",['Turning Left'],['Failed to Yield Right of Way'],['Unknown'],['Vehicle turns left while ped crosses with ROW at inter.'],['Crossing with right of way'],['Normal'],[],[],[],D51,False,['unknown'],3.0
2419967.0,2020-12-25 10:00:00,318,2020,BURNHAMTHORPE RD,SILVER SHADOW PATH,Major Arterial,Etobicoke York,43.641318,-79.579822,614546.0623,4833014.9645,Non Intersection,No Control,Snow,"Dark, artificial",Loose Snow,12,Markland Wood,12,Markland Wood (12),Non-Fatal Injury,0,0,1,0,0,0,0,1,0,1,0,0,0,SMV Other,"['Driver', 'Passenger']",East,"['Automobile, Station Wagon']",['Going Ahead'],['Lost control'],['Normal'],[],[],[],[],[],[],D22,False,"['50 to 54', '65 to 69']",3.0
2431394.0,2020-12-27 10:00:00,1520,2020,LAWRENCE AVE E,KENNEDY RD,Major Arterial,Scarborough,43.748946,-79.277301,638698.1395,4845430.5591,Non Intersection,No Control,Clear,Daylight,Dry,126,Dorset Park,126,Dorset Park (126),Non-Fatal Injury,0,0,1,0,0,0,0,1,1,1,0,0,0,Rear End,"['Driver', 'Passenger']",East,"['Automobile, Station Wagon']","['Going Ahead', 'Slowing or Stopping']","['Speed too Fast For Condition', 'Driving Properly']","['Inattentive', 'Normal']",[],[],[],[],[],[],D41,False,"['55 to 59', '35 to 39', 'unknown']",3.0
2449891.0,2020-12-30 10:00:00,1700,2020,DUNDAS ST E,OSKENONTON  LANE,Major Arterial,Toronto and East York,43.658408,-79.370212,631415.2812,4835223.6591,Non Intersection,No Control,Rain,"Dark, artificial",Wet,73,Moss Park,73,Moss Park (73),Non-Fatal Injury,1,0,1,0,0,0,0,0,0,0,0,0,0,Pedestrian Collisions,"['Driver', 'Pedestrian']",East,"['Automobile, Station Wagon']",['Going Ahead'],['Driving Properly'],['Normal'],['Pedestrian hit at mid-block'],"['Crossing, no Traffic Control']",['Inattentive'],[],[],[],D51,False,"['40 to 44', '70 to 74']",3.0
2450003.0,2020-12-30 10:00:00,1721,2020,KENNEDY RD,SHEPPARD AVE E,Major Arterial,Scarborough,43.783213,-79.288211,637741.0669,4849218.2275,Intersection Related,Traffic Signal,Rain,"Dark, artificial",Wet,128,Agincourt South-Malvern West,128,Agincourt South-Malvern West (128),Fatal,1,0,1,0,0,0,0,0,0,0,0,0,0,Pedestrian Collisions,"['Driver', 'Pedestrian']",North,"['Automobile, Station Wagon']",['Going Ahead'],['Other'],['Unknown'],['Vehicle is going straight thru inter.while ped cross without ROW'],['Crossing marked crosswalk without ROW'],['Unknown'],[],[],[],D42,True,"['35 to 39', '55 to 59']",4.0
245690.0,2020-02-04 10:00:00,1541,2020,PHARMACY AVE,DONSIDE DR,Minor Arterial,Scarborough,43.701308,-79.28725,638006.4692,4840123.0477,At Intersection,No Control,Clear,Daylight,Dry,120,Clairlea-Birchmount,120,Clairlea-Birchmount (120),Non-Fatal Injury,0,0,1,0,0,0,0,1,1,1,0,0,0,Approaching,"['Driver', 'Passenger']",South,"['Automobile, Station Wagon']",['Going Ahead'],"['Exceeding Speed Limit', 'Driving Properly']","['Inattentive', 'Normal']",[],[],[],[],[],[],D41,False,"['20 to 24', '50 to 54', '25 to 29', '15 to 19']",3.0
25301.0,2020-01-04 10:00:00,1850,2020,EGLINTON AVE E,BAYVIEW AVE,Major Arterial,North York,43.710967,-79.377116,630744.3518,4841050.1466,Intersection Related,Traffic Signal,Rain,Dark,Wet,56,Leaside-Bennington,56,Leaside-Bennington (56),Non-Fatal Injury,1,0,1,0,0,0,0,0,0,0,0,0,0,Pedestrian Collisions,"['Driver', 'Pedestrian']",East,"['Automobile, Station Wagon']",['Going Ahead'],['Driving Properly'],['Normal'],['Pedestrian hit at mid-block'],"['Crossing, no Traffic Control']",['Medical or Physical Disability'],[],[],[],D53,False,"['75 to 79', '65 to 69']",3.0
26294.0,2020-01-04 10:00:00,2214,2020,256 JARVIS ST,Not Applicable,Major Arterial,Toronto and East York,43.659568,-79.37556,630981.5271,4835344.0359,Non Intersection,No Control,Clear,"Dark, artificial",Dry,168,Downtown Yonge East,75,Church-Yonge Corridor (75),Fatal,1,0,1,0,0,0,0,0,0,0,0,0,0,Pedestrian Collisions,"['Pedestrian', 'Driver']",East,"['Automobile, Station Wagon']",['Going Ahead'],['Driving Properly'],['Unknown'],['Pedestrian hit at mid-block'],"['Crossing, no Traffic Control']",['Unknown'],[],[],[],D51,True,"['65 to 69', '20 to 24']",4.0
270261.0,2020-02-07 10:00:00,1915,2020,JANE ST,BEVERLY HILLS DR,Major Arterial,Etobicoke York,43.719008,-79.508113,620174.6793,4841744.9349,At Intersection,Traffic Signal,Clear,"Dark, artificial",Wet,154,Oakdale-Beverley Heights,26,Downsview-Roding-CFB (26),Non-Fatal Injury,1,0,1,0,0,0,0,0,0,0,0,0,0,Pedestrian Collisions,"['Driver', 'Pedestrian']",South,"['Automobile, Station Wagon']",['Going Ahead'],['Driving Properly'],['Normal'],['Vehicle is going straight thru inter.while ped cross without ROW'],['Crossing without right of way'],['Normal'],[],[],[],D31,False,['50 to 54'],3.0
296685.0,2020-02-11 10:00:00,1355,2020,BATHURST ST,STORMONT AVE,Major Arterial,North York,43.718352,-79.429553,626504.291,4841788.9838,At Intersection,No Control,Clear,Daylight,Dry,39,Bedford Park-Nortown,39,Bedford Park-Nortown (39),Non-Fatal Injury,1,0,1,0,0,0,0,0,0,0,0,0,0,Pedestrian Collisions,"['Driver', 'Pedestrian']",East,['Passenger Van'],['Going Ahead'],['Driving Properly'],['Normal'],['Vehicle is going straight thru inter.while ped cross without ROW'],"['Crossing, no Traffic Control']",['Normal'],[],[],[],D53,False,"['55 to 59', '10 to 14']",3.0
3000013825.0,2023-01-02 10:00:00,2334,2023,BATHURST ST,HADDINGTON AVE,Major Arterial,North York,43.732089,-79.432658,626225.3166,4843309.94,At Intersection,Stop Sign,Clear,"Dark, artificial",Wet,39,Bedford Park-Nortown,39,Bedford Park-Nortown (39),Non-Fatal Injury,0,0,1,0,0,1,0,1,0,1,0,0,0,Turning Movement,"['Driver', 'Passenger']",North,"['Automobile, Station Wagon', 'Municipal Transit Bus (TTC)']","['Making U Turn', 'Going Ahead']","['Improper Turn', 'Driving Properly']","['Inattentive', 'Normal']",[],[],[],[],[],[],D32,False,"['35 to 39', '25 to 29', '10 to 14']",3.0
3000027148.0,2023-01-04 10:00:00,1710,2023,LAKE SHORE BLVD W,SECOND ST,Major Arterial,Etobicoke York,43.601916,-79.499606,621095.1047,4828752.7162,At Intersection,No Control,Rain,Dark,Wet,18,New Toronto,18,New Toronto (18),Fatal,1,0,1,0,0,0,0,0,0,1,0,0,0,Pedestrian Collisions,"['Driver', 'Pedestrian']",West,['Pick Up Truck'],['Turning Right'],['Failed to Yield Right of Way'],['Unknown'],['Vehicle turns right while ped crosses with ROW at inter.'],['Crossing with right of way'],['Normal'],[],[],[],D22,True,"['60 to 64', '55 to 59']",4.0
3000027334.0,2023-01-04 10:00:00,1730,2023,MARKHAM RD,FINCH AVE E,Major Arterial,Scarborough,43.812941,-79.242976,641310.8944,4852596.2644,At Intersection,Traffic Signal,Rain,"Dark, artificial",Wet,145,Malvern West,132,Malvern (132),Non-Fatal Injury,1,0,1,0,0,0,0,0,0,1,0,0,0,Pedestrian Collisions,"['Driver', 'Pedestrian']",East,"['Automobile, Station Wagon']","['Turning Left', 'Unknown']",['Failed to Yield Right of Way'],['Inattentive'],['Vehicle turns left while ped crosses with ROW at inter.'],['Crossing with right of way'],['Normal'],[],[],[],D42,False,"['75 to 79', '20 to 24']",3.0
3000027415.0,2023-01-04 10:00:00,1740,2023,DON MILLS RD,WYNFORD DR,Major Arterial,North York,43.723014,-79.339534,633745.2959,4842448.1042,Intersection Related,Traffic Signal,Rain,Dark,Wet,42,Banbury-Don Mills,42,Banbury-Don Mills (42),Non-Fatal Injury,1,0,1,0,0,0,0,0,0,0,0,0,0,Pedestrian Collisions,"['Driver', 'Pedestrian']",South,"['Automobile, Station Wagon']",['Turning Left'],[],['Unknown'],['Vehicle turns left while ped crosses with ROW at inter.'],['Crossing with right of way'],['Normal'],[],[],[],D33,False,"['75 to 79', '50 to 54']",3.0
3000037155.0,2023-01-05 10:00:00,2224,2023,488 QUEEN ST W,DENISON AVE,Major Arterial,Toronto and East York,43.64778,-79.400768,628974.1713,4833995.3376,Non Intersection,No Control,Rain,"Dark, artificial",Wet,164,Wellington Place,77,Waterfront Communities-The Island (77),Non-Fatal Injury,1,0,1,0,0,0,0,0,0,0,0,0,0,Pedestrian Collisions,"['Driver', 'Pedestrian']",East,"['Automobile, Station Wagon']","['Going Ahead', 'Unknown']",['Driving Properly'],['Normal'],['Pedestrian hit at mid-block'],"['Crossing, no Traffic Control']",['Inattentive'],[],[],[],D14,False,"['20 to 24', '55 to 59']",3.0
3000042197.0,2023-01-06 10:00:00,1518,2023,YONGE ST,HILLSDALE AVE E,Major Arterial,North York,43.703326,-79.397647,629106.7005,4840169.3274,Intersection Related,No Control,Clear,Daylight,Dry,174,South Eglinton-Davisville,104,Mount Pleasant West (104),Fatal,1,0,0,0,1,0,0,0,0,0,0,0,0,Pedestrian Collisions,"['Truck Driver', 'Pedestrian']",North,['Truck - Open'],['Pulling Away from Shoulder or Curb'],['Other'],['Inattentive'],['Other / Undefined'],['On Sidewalk or Shoulder'],['Normal'],[],[],[],D53,True,"['25 to 29', '70 to 74']",4.0
3000059883.0,2023-01-09 10:00:00,104,2023,QUEEN ST E,BOND ST,Major Arterial,Toronto and East York,43.652865,-79.376819,630894.5738,4834597.5923,Non Intersection,No Control,Clear,"Dark, artificial",Dry,168,Downtown Yonge East,75,Church-Yonge Corridor (75),Non-Fatal Injury,0,0,0,0,1,1,0,1,0,1,0,1,0,Approaching,"['Truck Driver', 'Driver', 'Passenger']",East,"['Truck - Closed (Blazer, etc)', 'Street Car']",['Going Ahead'],"['Failed to Yield Right of Way', 'Driving Properly']","['Ability Impaired, Alcohol', 'Normal']",[],[],[],[],[],[],D51,False,"['35 to 39', '45 to 49', '20 to 24']",3.0
3000066042.0,2023-01-09 10:00:00,1830,2023,4138 LAWRENCE AVE E,Not Applicable,Major Arterial,Scarborough,43.76697,-79.192462,645485.0998,4847577.9647,Non Intersection,No Control,Rain,Dark,Wet,136,West Hill,136,West Hill (136),Non-Fatal Injury,1,0,1,0,0,0,0,0,0,0,0,0,0,Pedestrian Collisions,"['Driver', 'Pedestrian']",East,"['Automobile, Station Wagon']","['Going Ahead', 'Unknown']",['Driving Properly'],['Normal'],['Pedestrian hit at mid-block'],['Crossing without right of way'],['Normal'],[],[],[],D43,False,"['65 to 69', '70 to 74']",3.0
3000066794.0,2023-01-09 10:00:00,2037,2023,JANE ST,WILSON AVE,Major Arterial,North York,43.721511,-79.508746,620118.6876,4842022.0106,Non Intersection,No Control,Rain,"Dark, artificial",Wet,154,Oakdale-Beverley Heights,26,Downsview-Roding-CFB (26),Fatal,1,0,1,0,0,0,0,0,0,0,0,0,0,Pedestrian Collisions,"['Driver', 'Pedestrian']",South,['Pick Up Truck'],['Going Ahead'],['Driving Properly'],['Normal'],['Pedestrian hit at mid-block'],"['Crossing, no Traffic Control']",['Had Been Drinking'],[],[],[],D31,True,"['55 to 59', '60 to 64']",4.0
3000103787.0,2023-01-14 10:00:00,1250,2023,CELESTINE DR,51,Unknown,Unknown,43.689574,-79.560512,616010.556,4838401.2474,Non Intersection,No Control,Clear,Daylight,Dry,7,Willowridge-Martingrove-Richview,7,Willowridge-Martingrove-Richview (7),Non-Fatal Injury,0,0,1,0,0,0,0,1,0,0,0,0,1,SMV Other,"['Driver', 'Passenger']",North,"['Automobile, Station Wagon']",['Going Ahead'],['Other'],['Medical or Physical Disability'],[],[],[],[],[],[],D23,False,['75 to 79'],3.0
3000104809.0,2023-01-14 10:00:00,1518,2023,MCCOWAN RD,BELLECHASSE ST,Major Arterial,Scarborough,43.761367,-79.247363,641079.3465,4846860.6677,Non Intersection,No Control,Clear,Daylight,Dry,142,Woburn North,137,Woburn (137),Non-Fatal Injury,1,0,1,0,0,0,0,0,0,0,0,0,0,Pedestrian Collisions,"['Driver', 'Pedestrian']",Unknown,"['Automobile, Station Wagon']","['Going Ahead', 'Unknown']",['Lost control'],['Inattentive'],['Pedestrian hit on sidewalk or shoulder'],['On Sidewalk or Shoulder'],['Normal'],[],[],[],D43,False,"['35 to 39', '25 to 29']",3.0