accident_number,date,time,year,street1,street2,road_class,district,latitude,longitude,x,y,accident_location,traffctl,visibility,light,road_surface_condition,hood_158,neighbourhood_new,hood_140,neighbourhood_old,accident_class,pedestrian,cyclist,automobile,motorcycle,truck,trsn_city_veh,emerg_veh,passenger,speeding,aggressive_driving,redlight,alcohol,disability,impact_type,involvement_type,initial_direction,vehicle_type,manoeuver,driver_action,driver_condition,pedestrian_type,pedestrian_action,pedestrian_condition,cyclist_type,cyclist_action,cyclist_condition,division,injury,involvement_age,injury_severity_score
3001202915.0,2023-05-28 08:00:00,1330,2023,GREENHOLM CRCT,LAWRENCE AVE E,Major Arterial,Scarborough,43.760241,-79.222949,643047.2704,4846777.4899,At Intersection,Traffic Signal,Clear,Daylight,Dry,141,Golfdale-Cedarbrae-Woburn,137,Woburn (137),Fatal,0,0,1,1,0,0,0,0,1,1,0,0,0,Turning Movement,"['Motorcycle Driver', 'Driver']",East,"['Motorcycle', 'Automobile, Station Wagon']","['Going Ahead', 'Turning Left']","['Speed too Fast For Condition', 'Failed to Yield Right of Way']","['Other', 'Normal']",[],[],[],[],[],[],D43,True,"['20 to 24', '50 to 54']",4.0
3001204708.0,2023-05-28 08:00:00,1706,2023,KEELE ST,SHEPPARD AV W,Major Arterial,North York,43.744734,-79.486705,621846.9733,4844633.4386,Non Intersection,Traffic Signal,Clear,Daylight,Dry,155,Downsview,27,York University Heights (27),Non-Fatal Injury,1,0,1,0,0,0,0,1,0,0,0,0,0,Pedestrian Collisions,"['Driver', 'Pedestrian', 'Passenger']",East,"['Automobile, Station Wagon']",['Going Ahead'],['Driving Properly'],['Normal'],['Vehicle is going straight thru inter.while ped cross without ROW'],['Crossing without right of way'],['Normal'],[],[],[],D31,False,"['35 to 39', '45 to 49']",3.0
3001205970.0,2023-05-28 08:00:00,1927,2023,SCARLETT RD,LOCKHEED BLVD,Major Arterial,Etobicoke York,43.699637,-79.525035,618849.8443,4839569.1211,At Intersection,No Control,Clear,Daylight,Dry,8,Humber Heights-Westmount,8,Humber Heights-Westmount (8),Fatal,0,1,1,0,0,0,0,1,0,0,0,0,0,Cyclist Collisions,"['Driver', 'Passenger', 'Cyclist']",North,"['Automobile, Station Wagon', 'Bicycle']","['Changing Lanes', 'Turning Left']",['Other'],['Normal'],[],[],[],['Cyclist and Driver travelling in same direction. One vehicle sideswipes the other.'],['Other'],['Normal'],D23,True,"['20 to 24', '30 to 34']",4.0
3001211034.0,2023-05-29 08:00:00,1126,2023,BLOOR ST E,SHERBOURNE ST,Major Arterial,Toronto and East York,43.672305,-79.377116,630828.3899,4836756.1953,Intersection Related,Traffic Signal,Clear,Daylight,Dry,74,North St.James Town,98,Rosedale-Moore Park (98),Non-Fatal Injury,0,1,1,0,0,0,0,0,0,0,0,0,0,Other,"['Driver', 'Cyclist']",East,"['Automobile, Station Wagon', 'Bicycle']","['Changing Lanes', 'Going Ahead']",['Improper Lane Change'],['Other'],[],[],[],['Cyclist and Driver travelling in same direction. One vehicle sideswipes the other.'],['Driving Properly'],['Normal'],D51,False,"['75 to 79', '45 to 49']",3.0
3001211390.0,2023-05-29 08:00:00,1211,2023,ORIOLE PKWY,GORMLEY AVE,Major Arterial,North York,43.692103,-79.401248,628840.5883,4838917.2555,Non Intersection,No Control,Clear,Daylight,Dry,97,Yonge-St.Clair,97,Yonge-St.Clair (97),Non-Fatal Injury,0,0,1,0,0,0,0,0,0,1,0,0,0,Other,['Driver'],North,"['Automobile, Station Wagon']","['Changing Lanes', 'Going Ahead']","['Lost control', 'Driving Properly']","['Fatigue', 'Normal']",[],[],[],[],[],[],D53,False,"['75 to 79', '65 to 69']",3.0
3001220302.0,2013-12-24 10:00:00,1645,2013,JAMESON AVE,KING ST W,Minor Arterial,Toronto and East York,43.63634,-79.435703,626180.6672,4832671.0787,Non Intersection,No Control,Clear,Daylight,Dry,85,South Parkdale,85,South Parkdale (85),Non-Fatal Injury,1,0,1,0,0,0,0,0,0,0,0,0,0,Pedestrian Collisions,"['Driver', 'Pedestrian']",South,"['Automobile, Station Wagon']",['Going Ahead'],['Driving Properly'],['Normal'],['Pedestrian hit at mid-block'],"['Crossing, no Traffic Control']",['Normal'],[],[],[],D14,False,"['75 to 79', '65 to 69']",3.0
3001223136.0,2023-05-30 08:00:00,1512,2023,HOLLAND PARK AV,OAKWOOD AV,Local,Toronto and East York,43.686377,-79.438388,625859.4889,4838224.2683,Intersection Related,Stop Sign,Clear,Daylight,Dry,107,Oakwood Village,107,Oakwood Village (107),Non-Fatal Injury,1,0,1,0,0,0,0,0,0,1,0,0,0,Pedestrian Collisions,"['Driver', 'Pedestrian']",East,['Pick Up Truck'],['Turning Left'],['Failed to Yield Right of Way'],['Normal'],['Vehicle turns left while ped crosses with ROW at inter.'],"['Crossing, Pedestrian Crossover']",['Normal'],[],[],[],D13,False,['55 to 59'],3.0
3001224496.0,2023-05-30 08:00:00,1723,2023,DANFORTH AV,VICTORIA PARK AV,Major Arterial,Toronto and East York,43.691229,-79.288364,637939.8157,4839001.7779,Intersection Related,Traffic Signal,Clear,Daylight,Dry,61,Taylor-Massey,61,Taylor-Massey (61),Non-Fatal Injury,0,1,0,0,0,1,0,0,0,0,0,0,0,Unknown,"['Driver', 'Cyclist']",North,"['Municipal Transit Bus (TTC)', 'Bicycle']",['Going Ahead'],['Other'],['Normal'],[],[],[],['Cyclist and Driver travelling in same direction. One vehicle sideswipes the other.'],['Other'],['Unknown'],D55,False,"['30 to 34', '60 to 64']",3.0
3001238664.0,2013-12-28 10:00:00,942,2013,ELLESMERE RD,DUNDALK DR,Major Arterial,Scarborough,43.765097,-79.283801,638137.6334,4847213.5109,At Intersection,Traffic Signal,Clear,Daylight,Wet,126,Dorset Park,126,Dorset Park (126),Non-Fatal Injury,0,0,1,0,0,0,0,1,0,1,0,0,0,Turning Movement,"['Driver', 'Passenger']",East,"['Automobile, Station Wagon']","['Turning Left', 'Going Ahead']","['Failed to Yield Right of Way', 'Driving Properly']",['Normal'],[],[],[],[],[],[],D41,False,"['75 to 79', '60 to 64', '30 to 34']",3.0
3001239733.0,2023-06-01 08:00:00,744,2023,REXDALE BV,QUEEN'S PLATE DR,Unknown,Unknown,43.716537,-79.592579,613375.3746,4841351.495,Intersection Related,Traffic Signal,Clear,Daylight,Dry,1,West Humber-Clairville,1,West Humber-Clairville (1),Non-Fatal Injury,1,0,0,0,1,0,0,1,0,0,0,0,0,Pedestrian Collisions,"['Truck Driver', 'Passenger', 'Pedestrian']",East,['Truck-Tractor'],['Going Ahead'],['Driving Properly'],['Normal'],[],[],['Unknown'],[],[],[],D23,False,"['50 to 54', '35 to 39', '10 to 14']",3.0
3001254670.0,2023-06-02 08:00:00,1448,2023,MARLEE AVE,GLENCAIRN AVE,Major Arterial,North York,43.708998,-79.443813,625375.0984,4840728.4238,Non Intersection,No Control,Clear,Daylight,Dry,31,Yorkdale-Glen Park,31,Yorkdale-Glen Park (31),Non-Fatal Injury,1,0,1,0,0,0,0,0,0,0,0,0,0,Pedestrian Collisions,"['Driver', 'Pedestrian']",North,"['Automobile, Station Wagon']",['Going Ahead'],['Driving Properly'],['Normal'],['Pedestrian hit at mid-block'],"['Crossing, no Traffic Control']",['Normal'],[],[],[],D13,False,"['30 to 34', '45 to 49']",3.0
3001255637.0,2023-06-02 08:00:00,1615,2023,CHUDLEIGH AV,DUPLEX AV,Unknown,Unknown,43.723582,-79.405277,628448.6384,4842407.1896,Intersection Related,Stop Sign,Clear,Daylight,Dry,103,Lawrence Park South,103,Lawrence Park South (103),Non-Fatal Injury,0,1,1,0,0,0,0,0,0,0,0,0,0,Cyclist Collisions,"['Driver', 'Cyclist']",South,"['Automobile, Station Wagon', 'Bicycle']",['Going Ahead'],['Driving Properly'],['Normal'],[],[],[],[],['Failed to Yield Right of Way'],[],D53,False,"['65 to 69', '45 to 49']",3.0
3001255752.0,2023-06-02 08:00:00,1625,2023,BLEECKER ST,WELLESLEY ST E,Local,Toronto and East York,43.667304,-79.373737,631111.6787,4836206.1017,Intersection Related,Pedestrian Crossover,Clear,Daylight,Dry,71,Cabbagetown-South St.James Town,74,North St.James Town (74),Non-Fatal Injury,0,0,1,0,0,0,0,0,0,0,0,0,0,SMV Other,['Driver'],West,"['Automobile, Station Wagon', 'Rickshaw']","['Turning Right', 'Going Ahead']",['Driving Properly'],['Normal'],[],[],[],[],[],[],D51,False,['30 to 34'],3.0
3001256436.0,2013-12-31 10:00:00,1303,2013,JANE ST,ARDAGH ST,Major Arterial,Toronto and East York,43.655669,-79.487071,621998.0056,4834741.0076,At Intersection,Traffic Signal,Clear,Daylight,Dry,89,Runnymede-Bloor West Village,89,Runnymede-Bloor West Village (89),Non-Fatal Injury,1,0,1,0,0,0,0,0,0,1,0,0,0,Pedestrian Collisions,"['Driver', 'Pedestrian']",Unknown,"['Automobile, Station Wagon']",['Turning Left'],['Failed to Yield Right of Way'],['Normal'],['Vehicle turns left while ped crosses with ROW at inter.'],['Crossing with right of way'],['Normal'],[],[],[],D11,False,"['45 to 49', '35 to 39']",3.0
3001259368.0,2023-06-02 08:00:00,2200,2023,STEELES AVE E,Bluffwood Dr,Major Arterial,Scarborough,43.80788,-79.375339,630676.3636,4851816.6019,Non Intersection,Missing Control,Clear,Dark,Dry,49,Bayview Woods-Steeles,NSA,NSA,Non-Fatal Injury,1,0,1,0,0,0,0,0,0,0,0,0,0,Pedestrian Collisions,"['Driver', 'Pedestrian']",West,"['Automobile, Station Wagon']",['Going Ahead'],['Driving Properly'],['Normal'],[],[],['Unknown'],[],[],[],D33,False,"['55 to 59', '60 to 64']",3.0
3001266373.0,2023-06-03 08:00:00,1750,2023,Dufferin St,OVERBROOK PL,Major Arterial,North York,43.76105,-79.465183,623546.3111,4846477.4511,Intersection Related,Traffic Signal,Clear,Daylight,Dry,34,Bathurst Manor,34,Bathurst Manor (34),Non-Fatal Injury,1,0,0,1,0,0,0,0,0,0,0,0,0,Pedestrian Collisions,"['Motorcycle Driver', 'Pedestrian']",North,['Motorcycle'],['Going Ahead'],[],['Unknown'],[],[],['Unknown'],[],[],[],D32,False,"['50 to 54', '10 to 14']",3.0
3001266525.0,2023-06-03 08:00:00,1809,2023,DUNDAS ST E,LOGAN AV,Major Arterial,Toronto and East York,43.663932,-79.34383,633530.3273,4835879.2974,Intersection Related,Traffic Signal,Clear,Daylight,Dry,70,South Riverdale,70,South Riverdale (70),Non-Fatal Injury,0,1,1,0,0,0,0,0,0,0,0,0,0,Cyclist Collisions,"['Driver', 'Cyclist']",East,"['Automobile, Station Wagon', 'Bicycle']","['Turning Left', 'Going Ahead']",['Improper Turn'],[],[],[],[],[],['Driving Properly'],['Normal'],D55,False,"['60 to 64', '25 to 29']",3.0
3001278941.0,2023-06-05 08:00:00,745,2023,WESTON RD,OAK ST,Major Arterial,North York,43.707789,-79.533588,618144.6407,4840462.2878,Intersection Related,Traffic Signal,Clear,Daylight,Dry,113,Weston,113,Weston (113),Non-Fatal Injury,0,0,1,0,1,0,0,0,0,1,0,0,0,Approaching,"['Driver', 'Truck Driver']",South,"['Automobile, Station Wagon', 'Truck - Open']","['Going Ahead', 'Stopped']","['Improper Passing', 'Driving Properly']","['Unknown', 'Normal']",[],[],[],[],[],[],D12,False,"['25 to 29', '55 to 59']",3.0
3001286165.0,2023-06-05 08:00:00,2155,2023,SHERBOURNE ST,EARL ST,Minor Arterial,Toronto and East York,43.668715,-79.375324,630980.662,4836360.3052,Other,Pedestrian Crossover,Clear,"Dark, artificial",Dry,74,North St.James Town,74,North St.James Town (74),Non-Fatal Injury,1,0,1,0,0,0,0,1,0,0,0,0,0,Pedestrian Collisions,"['Driver', 'Passenger', 'Pedestrian']",North,"['Automobile, Station Wagon']",['Going Ahead'],['Driving Properly'],['Normal'],['Pedestrian hit a PXO/ped. Mid-block signal'],"['Crossing, Pedestrian Crossover']",['Normal'],[],[],[],D51,False,"['60 to 64', '70 to 74', '65 to 69']",3.0
3001288337.0,2023-06-06 08:00:00,731,2023,MOUNT PLEASANT BLOOR RAMP,MOUNT PLEASANT RD,Major Arterial ,Toronto and East York,43.672358,-79.379527,630633.9107,4836758.2819,Other,Stop Sign,Clear,Daylight,Dry,98,Rosedale-Moore Park,98,Rosedale-Moore Park (98),Fatal,1,0,1,0,0,0,0,0,0,1,0,0,0,Pedestrian Collisions,"['Pedestrian', 'Driver']",North,['Tow Truck'],['Merging'],['Failed to Yield Right of Way'],['Other'],['Vehicle turns right while ped crosses with ROW at inter.'],['Crossing with right of way'],['Normal'],[],[],[],D53,True,['25 to 29'],4.0
3001292986.0,2023-06-06 08:00:00,1637,2023,ISLINGTON AV,TITAN RD,Major Arterial,Etobicoke York,43.630881,-79.517734,619574.5792,4831943.3621,Intersection Related,Traffic Signal,Clear,Daylight,Dry,16,Stonegate-Queensway,16,Stonegate-Queensway (16),Non-Fatal Injury,1,0,1,0,0,0,0,0,0,0,0,0,0,Pedestrian Collisions,"['Driver', 'Pedestrian']",North,"['Automobile, Station Wagon']",['Going Ahead'],['Driving Properly'],['Normal'],['Vehicle is going straight thru inter.while ped cross with ROW'],['Crossing with right of way'],['Normal'],[],[],[],D22,False,"['65 to 69', '0 to 4']",3.0
3001301183.0,2023-06-07 08:00:00,1411,2023,SAWMILL RD,DOLORES RD,Local,North York,43.74713,-79.508724,620069.2507,4844867.3993,Non Intersection,No Control,Clear,Daylight,Dry,25,Glenfield-Jane Heights,25,Glenfield-Jane Heights (25),Non-Fatal Injury,0,0,0,0,1,0,0,1,1,1,0,0,0,SMV Other,"['Truck Driver', 'Passenger']",North,"['Truck - Closed (Blazer, etc)']",['Turning Right'],['Speed too Fast For Condition'],['Normal'],[],[],[],[],[],[],D31,False,"['60 to 64', '35 to 39']",3.0
3001303438.0,2023-06-07 08:00:00,1810,2023,FOREST HILL RD,HEATH ST W,Collector,Toronto and East York,43.688377,-79.404026,628624.6765,4838499.1192,Intersection Related,Stop Sign,Clear,Daylight,Dry,96,Casa Loma,96,Casa Loma (96),Non-Fatal Injury,0,1,1,0,0,0,0,0,0,0,0,0,0,Cyclist Collisions,"['Cyclist', 'Driver']",East,"['Bicycle', 'Automobile, Station Wagon']",['Going Ahead'],['Driving Properly'],['Normal'],[],[],[],[],['Disobeyed Traffic Control'],['Normal'],D53,False,"['20 to 24', '45 to 49']",3.0
3001305596.0,2023-06-08 08:00:00,18,2023,BATHURST ST,STADACONA DR,Major Arterial,North York,43.734919,-79.433406,626159.1336,4843623.1133,Non Intersection,No Control,Clear,"Dark, artificial",Dry,32,Englemount-Lawrence,32,Englemount-Lawrence (32),Non-Fatal Injury,0,0,1,0,0,0,0,0,0,0,0,0,0,Turning Movement,['Driver'],South,"['Automobile, Station Wagon']",['Making U Turn'],['Improper Turn'],['Normal'],[],[],[],[],[],[],D32,False,['35 to 39'],3.0
3001307011.0,2023-06-08 08:00:00,742,2023,WOODBINE AV,GERRARD ST E,Major Arterial,Toronto and East York,43.680796,-79.310725,636161.3376,4837806.0923,Intersection Related,Traffic Signal,Clear,Daylight,Dry,62,East End-Danforth,62,East End-Danforth (62),Non-Fatal Injury,1,0,0,0,1,0,0,0,0,0,0,0,0,Pedestrian Collisions,"['Truck Driver', 'Pedestrian']",North,['Truck - Dump'],['Turning Right'],['Improper Turn'],[],['Pedestrian involved in a collision with transit vehicle anywhere along roadway'],['On Sidewalk or Shoulder'],['Normal'],[],[],[],D55,False,"['40 to 44', '50 to 54']",3.0
3001320528.0,2023-06-09 08:00:00,1736,2023,YONGE ST,GOULD ST,Major Arterial,Toronto and East York,43.657401,-79.381328,630521.1331,4835094.2722,Intersection Related,Traffic Signal,Clear,Daylight,Dry,168,Downtown Yonge East,75,Church-Yonge Corridor (75),Non-Fatal Injury,0,1,0,0,0,1,0,0,0,1,0,0,0,Cyclist Collisions,"['Driver', 'Cyclist']",North,"['Bus (Other) (Go Bus, Gray Coa', 'Bicycle']","['Overtaking', 'Going Ahead']",['Improper Passing'],['Normal'],[],[],[],"['Motorist without ROW drives into path of cyclist at inter, lnwy, dwy-Driver not turn.']",['Driving Properly'],['Normal'],D51,False,"['45 to 49', '35 to 39']",3.0
3001327997.0,2023-06-10 08:00:00,1453,2023,205 CHURCH ST,Uphill Ave,Collector,Toronto and East York,43.708586,-79.50854,620161.1102,4840586.8074,Non Intersection,No Control,Clear,Daylight,Dry,113,Weston,113,Weston (113),Non-Fatal Injury,1,0,1,0,0,0,0,0,0,0,0,0,0,Pedestrian Collisions,"['Driver', 'Pedestrian']",North,['Pick Up Truck'],['Reversing'],['Other'],['Normal'],['Vehicle is reversing and hits pedestrian'],['On Sidewalk or Shoulder'],['Other'],[],[],[],D12,False,"['80 to 84', '70 to 74']",3.0
3001328893.0,2023-06-10 08:00:00,1630,2023,DUPONT ST,HURON ST,Minor Arterial,Toronto and East York,43.675376,-79.404712,628597.163,4837054.1173,Intersection Related,Traffic Signal,Clear,Daylight,Dry,95,Annex,95,Annex (95),Non-Fatal Injury,0,0,1,0,0,0,0,0,0,0,0,0,0,Turning Movement,['Driver'],North,"['Automobile, Station Wagon']","['Turning Left', 'Going Ahead']","['Improper Turn', 'Driving Properly']",['Normal'],[],[],[],[],[],[],D53,False,"['45 to 49', '60 to 64']",3.0
3001330203.0,2023-06-10 08:00:00,1859,2023,LAWRENCE AVE E,THE DON WAY E,Major Arterial,North York,43.737704,-79.340938,633599.5404,4844077.379,Intersection Related,Traffic Signal,Clear,"Dusk, artificial",Dry,42,Banbury-Don Mills,42,Banbury-Don Mills (42),Non-Fatal Injury,0,0,1,1,0,0,0,0,0,1,0,0,0,Turning Movement,"['Driver', 'Motorcycle Driver']",East,"['Automobile, Station Wagon', 'Motorcycle']","['Turning Left', 'Going Ahead']","['Failed to Yield Right of Way', 'Driving Properly']",['Normal'],[],[],[],[],[],[],D33,False,"['60 to 64', '25 to 29']",3.0
3001334130.0,2023-06-11 08:00:00,727,2023,1738 ISLINGTON AV,EGLINTON AVENUE,Major Arterial,Etobicoke York,43.677676,-79.538043,617844.6741,4837111.4936,Non Intersection,No Control,Clear,Daylight,Dry,10,Princess-Rosethorn,10,Princess-Rosethorn (10),Non-Fatal Injury,0,0,1,0,0,0,0,0,0,0,0,0,0,Approaching,['Driver'],North,"['Automobile, Station Wagon']",['Going Ahead'],"['Lost control', 'Driving Properly']","['Unknown', 'Normal']",[],[],[],[],[],[],D22,False,"['30 to 34', '20 to 24']",3.0
3001338095.0,2023-06-11 08:00:00,1735,2023,KEELE ST,ROGERS RD,Major Arterial,Toronto and East York,43.682143,-79.471561,623194.524,4837704.2155,Intersection Related,Traffic Signal,Clear,Daylight,Dry,110,Keelesdale-Eglinton West,110,Keelesdale-Eglinton West (110),Non-Fatal Injury,0,0,1,1,0,0,0,0,0,0,0,0,0,Turning Movement,"['Driver', 'Motorcycle Driver']",North,"['Automobile, Station Wagon', 'Motorcycle']","['Turning Left', 'Going Ahead']","['Improper Turn', 'Other']",['Normal'],[],[],[],[],[],[],D12,False,"['20 to 24', '30 to 34']",3.0
3001338848.0,2023-06-11 08:00:00,1912,2023,SHAW ST,QUEEN ST W,Collector,Toronto and East York,43.644469,-79.416209,627735.8972,4833603.7268,Non Intersection,Missing Control,Rain,Daylight,Wet,162,West Queen West,82,Niagara (82),Non-Fatal Injury,0,0,0,1,0,0,0,0,0,0,0,0,0,SMV Other,['Motorcycle Driver'],North,['Motorcycle'],['Going Ahead'],['Driving Properly'],['Normal'],[],[],[],[],[],[],D14,False,['40 to 44'],3.0
3001342046.0,2023-06-12 08:00:00,805,2023,KIPLING AV,BURNHAMTHORPE RD,Major Arterial,Etobicoke York,43.650984,-79.539363,617790.4611,4834145.1262,Intersection Related,Traffic Signal,Rain,Daylight,Wet,158,Islington,14,Islington-City Centre West (14),Non-Fatal Injury,1,0,1,0,0,0,0,1,0,1,0,0,0,Pedestrian Collisions,"['Driver', 'Pedestrian', 'Passenger']",South,"['Automobile, Station Wagon']",['Going Ahead'],['Driving Properly'],['Normal'],['Vehicle is going straight thru inter.while ped cross with ROW'],['Crossing without right of way'],['Normal'],[],[],[],D22,False,"['50 to 54', '10 to 14', '15 to 19']",3.0
3001346279.0,2023-06-12 08:00:00,1625,2023,MOUNT PLEASANT RD,EGLINTON AV E,Major Arterial,Toronto and East York,43.708415,-79.39017,629698.1767,4840746.2037,Intersection Related,Traffic Signal,Rain,Daylight,Wet,99,Mount Pleasant East,99,Mount Pleasant East (99),Non-Fatal Injury,1,0,1,0,0,0,0,0,0,0,0,0,0,Pedestrian Collisions,"['Driver', 'Pedestrian']",South,"['Automobile, Station Wagon']",['Going Ahead'],['Driving Properly'],['Normal'],['Vehicle is going straight thru inter.while ped cross without ROW'],['Crossing without right of way'],['Other'],[],[],[],D53,False,"['45 to 49', '30 to 34']",3.0
3001349626.0,2023-06-13 08:00:00,210,2023,FINCH AV W,TORRESDALE AV,Collector,North York,43.77283,-79.451167,624650.079,4847806.8015,Non Intersection,Traffic Signal,Clear,"Dusk, artificial",Dry,35,Westminster-Branson,35,Westminster-Branson (35),Non-Fatal Injury,0,0,1,1,0,0,0,0,1,1,0,0,0,Turning Movement,"['Driver', 'Motorcycle Driver']",East,"['Automobile, Station Wagon', 'Motorcycle']","['Turning Left', 'Going Ahead']","['Other', 'Exceeding Speed Limit']",['Normal'],[],[],[],[],[],[],D32,False,"['25 to 29', '55 to 59']",3.0
3001362364.0,2023-06-14 08:00:00,1235,2023,EGLINTON AVE E,MASON RD,Major Arterial,Scarborough,43.741721,-79.225124,642916.2643,4844716.8053,Intersection Related,Traffic Signal,Clear,Daylight,Dry,139,Scarborough Village,139,Scarborough Village (139),Fatal,1,0,1,0,0,0,0,0,0,1,0,0,0,Pedestrian Collisions,"['Pedestrian', 'Driver']",East,"['Automobile, Station Wagon']",['Turning Right'],['Failed to Yield Right of Way'],['Normal'],['Vehicle turns right while ped crosses with ROW at inter.'],['Crossing with right of way'],['Normal'],[],[],[],D43,True,['65 to 69'],4.0
3001387773.0,2023-06-17 08:00:00,539,2023,KEELE ST,ROGERS RD,Major Arterial,Etobicoke York,43.682136,-79.471599,623191.4755,4837703.3817,Non Intersection,Traffic Signal,Clear,Daylight,Dry,110,Keelesdale-Eglinton West,110,Keelesdale-Eglinton West (110),Non-Fatal Injury,1,0,1,0,0,0,0,0,0,0,0,0,0,Pedestrian Collisions,"['Driver', 'Pedestrian']",North,"['Automobile, Station Wagon']",['Pulling Away from Shoulder or Curb'],['Driving Properly'],['Normal'],[],[],['Unknown'],[],[],[],D12,False,"['70 to 74', '0 to 4']",3.0
3001396865.0,2023-06-18 08:00:00,705,2023,LAWRENCE AV E,PHARMACY AV,Major Arterial,Scarborough,43.743247,-79.304607,636512.6057,4844752.2391,Intersection Related,Traffic Signal,Clear,Daylight,Dry,119,Wexford/Maryvale,119,Wexford/Maryvale (119),Non-Fatal Injury,0,0,1,0,0,0,0,1,0,1,1,0,0,Angle,"['Driver', 'Passenger']",South,"['Automobile, Station Wagon']",['Going Ahead'],"['Disobeyed Traffic Control', 'Driving Properly']",['Normal'],[],[],[],[],[],[],D41,False,"['65 to 69', '50 to 54', '60 to 64', '20 to 24']",3.0
3001418143.0,2023-06-20 08:00:00,1306,2023,MILNER AVE,MORNINGSIDE AV,Minor Arterial,Scarborough,43.79959,-79.201328,644692.7615,4851185.3966,Non Intersection,No Control,Clear,Daylight,Dry,146,Malvern East,132,Malvern (132),Non-Fatal Injury,1,0,1,0,0,0,0,0,0,0,0,0,0,Pedestrian Collisions,"['Driver', 'Pedestrian']",West,"['Automobile, Station Wagon']",['Going Ahead'],['Driving Properly'],['Unknown'],['Pedestrian hit at mid-block'],['Running onto Roadway'],['Normal'],[],[],[],D42,False,"['15 to 19', '10 to 14']",3.0
3001421711.0,2023-06-20 08:00:00,1922,2023,DANFORTH AV,WOODBINE AV,Major Arterial,Toronto and East York,43.685595,-79.31274,635988.0761,4838335.7816,Intersection Related,Traffic Signal,Clear,"Dark, artificial",Dry,62,East End-Danforth,62,East End-Danforth (62),Non-Fatal Injury,0,1,1,0,0,0,0,0,0,0,0,0,0,Cyclist Collisions,"['Cyclist', 'Driver']",East,"['Bicycle', 'Pick Up Truck']",['Going Ahead'],['Driving Properly'],['Normal'],[],[],[],[],['Driving Properly'],['Normal'],D55,False,['30 to 34'],3.0
3001436521.0,2023-06-22 08:00:00,1100,2023,PARLIAMENT ST,FRONT ST E,Major Arterial,Toronto and East York,43.651572,-79.362705,632035.5835,4834476.3483,Intersection Related,Traffic Signal,Clear,Daylight,Dry,166,St Lawrence-East Bayfront-The Islands,73,Moss Park (73),Non-Fatal Injury,0,0,1,0,0,1,0,0,0,1,1,0,0,Angle,['Driver'],East,"['Bus (Other) (Go Bus, Gray Coa', 'Automobile, Station Wagon']",['Going Ahead'],"['Disobeyed Traffic Control', 'Driving Properly']",['Normal'],[],[],[],[],[],[],D51,False,"['50 to 54', '45 to 49']",3.0
3001446604.0,2023-06-23 08:00:00,1138,2023,DUFFERIN ST,SYLVAN AV,Major Arterial,Toronto and East York,43.654734,-79.433391,626328.5992,4834717.4867,Intersection Related,Traffic Signal,Clear,Daylight,Dry,83,Dufferin Grove,83,Dufferin Grove (83),Non-Fatal Injury,1,0,0,0,1,0,0,0,0,1,0,0,0,Pedestrian Collisions,"['Truck Driver', 'Pedestrian']",South,['Truck - Dump'],['Going Ahead'],['Failed to Yield Right of Way'],['Normal'],['Vehicle is going straight thru inter.while ped cross with ROW'],['Crossing with right of way'],['Normal'],[],[],[],D11,False,"['25 to 29', '80 to 84']",3.0
3001448363.0,2023-06-23 08:00:00,1451,2023,SHEPPARD AVE W,BEECROFT RD,Major Arterial,North York,43.760932,-79.413089,627739.9471,4846543.3773,At Intersection,Traffic Signal,Rain,Daylight,Wet,38,Lansing-Westgate,38,Lansing-Westgate (38),Non-Fatal Injury,0,0,1,0,0,0,0,0,0,1,1,0,0,Angle,['Driver'],East,"['Automobile, Station Wagon']",['Going Ahead'],"['Disobeyed Traffic Control', 'Driving Properly']",['Normal'],[],[],[],[],[],[],D32,False,"['40 to 44', '35 to 39']",3.0
3001452923.0,2023-06-24 08:00:00,31,2023,GARDINER E LOWER JARVIS RAMP,LOWER JARVIS ST,Expressway Ramp,Toronto and East York,43.645449,-79.369914,631467.5831,4833784.8635,Non Intersection,No Control,Clear,"Dark, artificial",Dry,166,St Lawrence-East Bayfront-The Islands,77,Waterfront Communities-The Island (77),Fatal,1,0,0,0,0,0,0,0,0,0,0,0,0,Pedestrian Collisions,"['Pedestrian', 'Driver']",East,[],['Going Ahead'],['Driving Properly'],['Normal'],['Pedestrian hit at mid-block'],['Running onto Roadway'],['Normal'],[],[],[],D51,True,"['20 to 24', '65 to 69']",4.0
3001483428.0,2023-06-27 08:00:00,932,2023,JANE ST,YEWTREE BLVD,Major Arterial,North York,43.754862,-79.51704,619384.3138,4845714.1312,Intersection Related,Traffic Signal,Clear,Daylight,Dry,25,Glenfield-Jane Heights,25,Glenfield-Jane Heights (25),Non-Fatal Injury,1,0,1,0,0,0,0,0,0,0,0,0,0,Pedestrian Collisions,"['Driver', 'Pedestrian']",West,"['Automobile, Station Wagon']",['Turning Left'],['Improper Turn'],['Normal'],['Vehicle turns left while ped crosses with ROW at inter.'],['Crossing with right of way'],['Normal'],[],[],[],D31,False,"['50 to 54', '45 to 49']",3.0