accident_number,date,time,year,street1,street2,road_class,district,latitude,longitude,x,y,accident_location,traffctl,visibility,light,road_surface_condition,hood_158,neighbourhood_new,hood_140,neighbourhood_old,accident_class,pedestrian,cyclist,automobile,motorcycle,truck,trsn_city_veh,emerg_veh,passenger,speeding,aggressive_driving,redlight,alcohol,disability,impact_type,involvement_type,initial_direction,vehicle_type,manoeuver,driver_action,driver_condition,pedestrian_type,pedestrian_action,pedestrian_condition,cyclist_type,cyclist_action,cyclist_condition,division,injury,involvement_age,injury_severity_score
3002081171.0,2023-09-06 08:00:00,1026,2023,CHURCH ST,HAYDEN ST,Minor Arterial,Toronto and East York,43.670161,-79.382777,630376.6673,4836509.1623,Non Intersection,Stop Sign,Clear,Daylight,Dry,167,Church-Wellesley,75,Church-Yonge Corridor (75),Non-Fatal Injury,1,0,1,0,0,0,0,0,0,0,0,0,0,Pedestrian Collisions,"['Driver', 'Pedestrian']",South,['Pick Up Truck'],['Turning Left'],['Improper Turn'],['Normal'],[],['Crossing without right of way'],['Normal'],[],[],[],D51,False,"['45 to 49', '60 to 64']",3.0
3002082759.0,2023-09-06 08:00:00,1328,2023,BRIMLEY RD,SHADDOCK CRES,Major Arterial,Scarborough,43.738547,-79.249133,640990.4425,4844323.1449,Non Intersection,Stop Sign,Clear,Daylight,Dry,138,Eglinton East,138,Eglinton East (138),Non-Fatal Injury,0,0,1,1,0,0,0,0,0,1,0,0,0,Turning Movement,"['Driver', 'Motorcycle Driver']",East,"['Automobile, Station Wagon', 'Motorcycle']","['Turning Left', 'Going Ahead']","['Failed to Yield Right of Way', 'Driving Properly']",['Normal'],[],[],[],[],[],[],D41,False,"['65 to 69', '15 to 19']",3.0
3002086345.0,2023-09-06 08:00:00,2030,2023,BRIMLEY RD,STEELES AV E,Major Arterial,Scarborough,43.82828,-79.287181,637720.3383,4854225.3594,Intersection Related,Traffic Signal,Clear,Dusk,Dry,130,Milliken,130,Milliken (130),Non-Fatal Injury,0,0,1,0,0,0,0,1,1,1,0,0,0,Unknown,"['Driver', 'Passenger']",West,"['Automobile, Station Wagon', 'Pick Up Truck']","['Changing Lanes', 'Going Ahead', 'Turning Left']","['Driving Properly', 'Exceeding Speed Limit']",['Normal'],[],[],[],[],[],[],D42,False,"['25 to 29', '20 to 24', '70 to 74', '60 to 64']",3.0
3002103400.0,2023-09-08 08:00:00,1853,2023,STEELES AV W,KIPLING AV,Major Arterial,Etobicoke York,43.760035,-79.587451,613706.1049,4846189.593,Non Intersection,No Control,Clear,Dark,Dry,2,Mount Olive-Silverstone-Jamestown,2,Mount Olive-Silverstone-Jamestown (2),Non-Fatal Injury,0,0,1,0,0,0,0,1,0,1,0,0,0,Approaching,"['Driver', 'Passenger']",East,"['Automobile, Station Wagon']",['Going Ahead'],"['Lost control', 'Driving Properly']",['Normal'],[],[],[],[],[],[],D23,False,"['50 to 54', '60 to 64']",3.0
3002104181.0,2023-09-08 08:00:00,2039,2023,VICTORIA PARK AVE,BISCAYNE BLVD,Major Arterial,Scarborough,43.729117,-79.304469,636555.8335,4843183.1201,Non Intersection,No Control,Clear,"Dark, artificial",Dry,119,Wexford/Maryvale,119,Wexford/Maryvale (119),Fatal,1,0,1,0,0,0,0,0,0,0,0,0,0,Pedestrian Collisions,"['Driver', 'Pedestrian']",South,"['Automobile, Station Wagon']",['Going Ahead'],['Driving Properly'],['Normal'],['Pedestrian hit at mid-block'],['Crossing without right of way'],['Normal'],[],[],[],D41,True,"['20 to 24', '55 to 59']",4.0
3002109887.0,2023-09-09 08:00:00,1525,2023,ELLESMERE RD,DALECLIFF CRES,Major Arterial,Scarborough,43.760798,-79.302425,636648.3506,4846705.1414,Intersection Related,Stop Sign,Clear,Daylight,Dry,119,Wexford/Maryvale,119,Wexford/Maryvale (119),Non-Fatal Injury,0,1,1,0,0,0,0,0,0,0,0,0,0,Cyclist Collisions,"['Cyclist', 'Driver']",North,"['Bicycle', 'Automobile, Station Wagon']","['Going Ahead', 'Turning Right']",['Driving Properly'],['Normal'],[],[],[],"['Cyclist without ROW rides into path of motorist at inter, lnwy, dwy-Cyclist not turn.']",['Failed to Yield Right of Way'],['Normal'],D41,False,"['75 to 79', '60 to 64']",3.0
3002113122.0,2023-09-09 08:00:00,2326,2023,BLOOR ST W,KIPLING AV,Major Arterial,Etobicoke York,43.642092,-79.534152,618228.1388,4833164.9667,Intersection Related,Missing Control,Clear,Dark,Dry,159,Etobicoke City Centre,14,Islington-City Centre West (14),Non-Fatal Injury,0,0,1,1,0,0,0,0,1,1,0,0,0,Unknown,"['Motorcycle Driver', 'Driver']",West,"['Motorcycle', 'Automobile, Station Wagon']","['Going Ahead', 'Stopped']","['Exceeding Speed Limit', 'Driving Properly']",['Normal'],[],[],[],[],[],[],D22,False,"['25 to 29', '45 to 49']",3.0
3002116014.0,2023-09-10 08:00:00,1105,2023,SKYWAY AV,161 SKYWAY AV,Unknown,Unknown,43.681258,-79.581295,614351.4091,4837448.7817,At/Near Private Drive,Missing Control,Clear,Daylight,Dry,1,West Humber-Clairville,1,West Humber-Clairville (1),Non-Fatal Injury,0,0,1,0,0,0,0,0,0,1,0,0,0,Turning Movement,['Driver'],North,"['Automobile, Station Wagon']","['Turning Left', 'Going Ahead']","['Failed to Yield Right of Way', 'Driving Properly']",['Normal'],[],[],[],[],[],[],D23,False,"['55 to 59', '35 to 39']",3.0
3002123068.0,2023-09-11 08:00:00,915,2023,ANSFORD AVE,WILSON HEIGHTS BLVD,Minor Arterial,North York,43.735594,-79.447727,625004.4367,4843676.3762,Intersection Related,Stop Sign,Clear,Daylight,Dry,33,Clanton Park,33,Clanton Park (33),Non-Fatal Injury,1,0,1,0,0,0,0,0,0,1,0,0,0,Pedestrian Collisions,"['Driver', 'Pedestrian']",West,['Pick Up Truck'],['Turning Left'],['Failed to Yield Right of Way'],['Inattentive'],['Vehicle turns left while ped crosses without ROW at inter.'],['Crossing without right of way'],['Normal'],[],[],[],D32,False,"['40 to 44', '65 to 69']",3.0
3002139943.0,2023-09-13 08:00:00,858,2023,KEELE ST,WILSON AVE,Major Arterial,North York,43.726645,-79.482044,622259.0748,4842631.2606,Intersection Related,Traffic Signal,Clear,Daylight,Dry,155,Downsview,26,Downsview-Roding-CFB (26),Non-Fatal Injury,0,0,1,0,0,1,0,1,0,1,0,0,0,Unknown,"['Driver', 'Passenger']",North,"['Bus (Other) (Go Bus, Gray Coa', 'Automobile, Station Wagon']","['Going Ahead', 'Slowing or Stopping']","['Following too Close', 'Driving Properly']",['Normal'],[],[],[],[],[],[],D31,False,"['35 to 39', '60 to 64']",3.0
3002144420.0,2023-09-13 08:00:00,1838,2023,ISLINGTON AV,SPRINGBROOK GS,Major Arterial,Etobicoke York,43.640681,-79.521702,619235.0943,4833026.0668,Intersection Related,Stop Sign,Clear,"Dark, artificial",Dry,16,Stonegate-Queensway,16,Stonegate-Queensway (16),Non-Fatal Injury,0,0,1,0,0,0,0,1,1,1,0,0,0,Turning Movement,"['Driver', 'Passenger']",South,"['Automobile, Station Wagon']","['Going Ahead', 'Turning Left']","['Exceeding Speed Limit', 'Driving Properly']",['Normal'],[],[],[],[],[],[],D22,False,"['30 to 34', '40 to 44', '45 to 49', '15 to 19', '0 to 4']",3.0
3002151449.0,2023-09-14 08:00:00,1612,2023,FAIRGLEN AV,HUNTINGWOOD DR,Local,Scarborough,43.780997,-79.322795,634963.1828,4848915.142,Intersection Related,Stop Sign,Clear,Daylight,Dry,147,L'Amoreaux West,117,L'Amoreaux (117),Non-Fatal Injury,1,0,1,0,0,0,0,0,0,1,0,0,0,Pedestrian Collisions,"['Driver', 'Pedestrian']",South,"['Automobile, Station Wagon']",['Going Ahead'],['Disobeyed Traffic Control'],['Fatigue'],['Vehicle is going straight thru inter.while ped cross with ROW'],['On Sidewalk or Shoulder'],['Normal'],[],[],[],D42,False,"['20 to 24', '15 to 19']",3.0
3002174448.0,2023-09-17 08:00:00,1250,2023,BREMNER BV,VAN DE WATER CR,Minor Arterial,Toronto and East York,43.640418,-79.388896,629947.5016,4833196.2111,Intersection Related,Traffic Signal,Clear,Daylight,Dry,165,Harbourfront-CityPlace,77,Waterfront Communities-The Island (77),Non-Fatal Injury,1,1,0,0,0,0,0,0,0,0,0,0,0,Pedestrian Collisions,"['Cyclist', 'Pedestrian']",West,['Bicycle'],['Going Ahead'],[],[],['Other / Undefined'],['Other'],['Normal'],['Cyclist strikes pedestrian.'],['Disobeyed Traffic Control'],[],D52,False,['25 to 29'],3.0
3002177373.0,2023-09-17 08:00:00,1938,2023,690 GLENCAIRN AVE,Not Applicable,Minor Arterial,North York,43.710311,-79.437297,625897.3195,4840884.1265,Non Intersection,No Control,Clear,Dark,Dry,32,Englemount-Lawrence,32,Englemount-Lawrence (32),Fatal,0,0,1,0,0,0,0,0,0,0,0,0,0,Rear End,"['Driver', 'Vehicle Owner']",West,"['Tow Truck', 'Automobile, Station Wagon']",['Going Ahead'],['Driving Properly'],"['Unknown', 'Normal']",[],[],[],[],[],[],D13,True,"['unknown', '90 to 94']",4.0
3002185414.0,2023-09-18 08:00:00,1907,2023,CARLAW AVE,DUNDAS ST E,Minor Arterial,Toronto and East York,43.664855,-79.341571,633710.4142,4835985.4474,Intersection Related,Traffic Signal,Clear,"Daylight, artificial",Dry,70,South Riverdale,70,South Riverdale (70),Non-Fatal Injury,0,1,1,0,0,0,0,0,0,0,0,0,0,Cyclist Collisions,"['Driver', 'Cyclist']",South,"['Automobile, Station Wagon', 'Bicycle']","['Turning Right', 'Going Ahead']",['Improper Turn'],['Normal'],[],[],[],['Motorist turning right on green or amber at signalized intersection strikes cyclist.'],['Driving Properly'],['Normal'],D55,False,['55 to 59'],3.0
3002195066.0,2023-09-19 08:00:00,2215,2023,MORTIMER AV,BROADVIEW AV,Minor Arterial,Toronto and East York,43.683936,-79.356914,632431.3962,4838080.0378,Non Intersection,Traffic Signal,Clear,"Dark, artificial",Dry,57,Broadview North,57,Broadview North (57),Non-Fatal Injury,1,0,0,0,0,0,0,0,0,0,0,0,0,Pedestrian Collisions,['Pedestrian'],Unknown,[],[],[],[],['Unknown'],['On Sidewalk or Shoulder'],['Other'],[],[],[],D55,False,['85 to 89'],3.0
3002195156.0,2023-09-19 08:00:00,2302,2023,KINGSTON RD,BRIMLEY RD S,Major Arterial,Scarborough,43.718154,-79.240329,641747.5013,4842073.2194,At Intersection,Traffic Signal,Clear,"Dark, artificial",Dry,123,Cliffcrest,123,Cliffcrest (123),Fatal,0,0,1,1,0,0,0,0,0,0,0,0,0,Turning Movement,"['Driver', 'Motorcycle Driver']",East,"['Automobile, Station Wagon', 'Motorcycle']","['Going Ahead', 'Turning Left']","['Improper Turn', 'Driving Properly']","['Other', 'Normal']",[],[],[],[],[],[],D43,True,"['40 to 44', '30 to 34']",4.0
3002203614.0,2023-09-21 08:00:00,15,2023,WARDEN AV,FINCH AV E,Major Arterial,Scarborough,43.796778,-79.315723,635496.6015,4850679.4246,Intersection Related,Traffic Signal,Clear,"Dark, artificial",Dry,148,East L'Amoreaux,117,L'Amoreaux (117),Non-Fatal Injury,1,0,1,0,0,0,0,0,0,1,0,0,0,Pedestrian Collisions,"['Driver', 'Pedestrian']",South,"['Automobile, Station Wagon']",['Turning Left'],['Failed to Yield Right of Way'],['Normal'],['Vehicle turns left while ped crosses with ROW at inter.'],['Crossing with right of way'],['Normal'],[],[],[],D42,False,['55 to 59'],3.0
3002204131.0,2023-09-21 08:00:00,346,2023,ALBION RD,WESTMORE DR,Major Arterial,Etobicoke York,43.743483,-79.603107,612476.8346,4844329.88,Intersection Related,Missing Control,Clear,"Dark, artificial",Dry,1,West Humber-Clairville,1,West Humber-Clairville (1),Non-Fatal Injury,1,0,1,0,0,0,0,0,1,1,0,0,0,Pedestrian Collisions,"['Driver', 'Pedestrian']",East,"['Automobile, Station Wagon']",['Going Ahead'],['Driving Properly'],['Normal'],['Pedestrian hit at mid-block'],['Crossing without right of way'],['Normal'],[],[],[],D23,False,"['55 to 59', '40 to 44']",3.0
3002207754.0,2023-09-21 08:00:00,1410,2023,HANNA RD,GLENVALE BV,Local,North York,43.716937,-79.373989,630983.2677,4841718.1372,Intersection Related,Stop Sign,Clear,Daylight,Dry,56,Leaside-Bennington,56,Leaside-Bennington (56),Non-Fatal Injury,1,0,1,0,0,0,0,0,0,1,0,0,0,Pedestrian Collisions,"['Driver', 'Pedestrian']",North,"['Automobile, Station Wagon']",['Turning Left'],['Failed to Yield Right of Way'],['Normal'],[],[],['Unknown'],[],[],[],D53,False,"['60 to 64', '45 to 49']",3.0
3002219111.0,2023-09-22 08:00:00,2155,2023,QUEEN'S PARK CR E,QUEENS PARK,Major Arterial,Toronto and East York,43.666045,-79.392307,629617.2326,4836037.0913,Non Intersection,Traffic Signal,Clear,"Dark, artificial",Dry,169,Bay-Cloverhill,76,Bay Street Corridor (76),Non-Fatal Injury,0,0,0,1,0,0,0,0,0,0,0,0,0,Unknown,['Motorcycle Driver'],North,['Motorcycle'],['Going Ahead'],['Driving Properly'],['Normal'],[],[],[],[],[],[],D52,False,['45 to 49'],3.0
3002251378.0,2023-09-27 08:00:00,45,2023,EGLINTON AV E,KINGSTON RD,Major Arterial,Scarborough,43.743731,-79.211627,643998.2617,4844963.42,Intersection Related,Traffic Signal,Clear,"Dark, artificial",Dry,139,Scarborough Village,139,Scarborough Village (139),Non-Fatal Injury,0,0,1,0,0,1,0,0,0,1,1,0,0,Turning Movement,['Driver'],South,"['Pick Up Truck', 'Municipal Transit Bus (TTC)']","['Going Ahead', 'Turning Left']","['Disobeyed Traffic Control', 'Driving Properly']",['Normal'],[],[],[],[],[],[],D43,False,['55 to 59'],3.0
3002265429.0,2023-09-28 08:00:00,1823,2023,GERRARD ST E,COXWELL AVE,Minor Arterial,Toronto and East York,43.672911,-79.319278,635489.6743,4836916.348,Intersection Related,Traffic Signal,Clear,"Dusk, artificial",Dry,64,Woodbine Corridor,64,Woodbine Corridor (64),Non-Fatal Injury,1,0,1,0,0,0,0,0,0,1,0,0,0,Pedestrian Collisions,"['Driver', 'Pedestrian']",East,"['Automobile, Station Wagon']",['Turning Left'],['Failed to Yield Right of Way'],['Normal'],['Vehicle turns left while ped crosses with ROW at inter.'],['Crossing with right of way'],['Unknown'],[],[],[],D55,False,"['50 to 54', '10 to 14']",3.0
3002268726.0,2023-09-29 08:00:00,643,2023,KINGSTON RD,CLAREMORE AV,Major Arterial,Scarborough,43.703955,-79.25275,640780.1775,4840475.0447,Intersection Related,Traffic Signal,Clear,Daylight,Dry,122,Birchcliffe-Cliffside,122,Birchcliffe-Cliffside (122),Non-Fatal Injury,1,0,1,0,0,0,0,0,0,0,0,0,0,Pedestrian Collisions,"['Driver', 'Pedestrian']",West,"['Automobile, Station Wagon']",['Going Ahead'],['Driving Properly'],['Normal'],['Pedestrian hit a PXO/ped. Mid-block signal'],['Crossing marked crosswalk without ROW'],['Normal'],[],[],[],D41,False,"['25 to 29', '0 to 4']",3.0
3002269929.0,2023-09-29 08:00:00,1000,2023,PORT UNION RD,BLUE ANCHOR TL,Minor Arterial,Scarborough,43.794993,-79.14307,649390.7976,4850778.3394,Non Intersection,No Control,Clear,Daylight,Dry,143,West Rouge,131,Rouge (131),Non-Fatal Injury,0,0,1,0,0,0,0,0,0,0,0,0,0,Rear End,['Driver'],North,"['Automobile, Station Wagon', 'Pick Up Truck']","['Going Ahead', 'Slowing or Stopping', 'Stopped']","['Lost control', 'Driving Properly']","['Other', 'Normal', 'Unknown']",[],[],[],[],[],[],D43,False,"['25 to 29', '50 to 54', '45 to 49']",3.0
3002275859.0,2023-09-29 08:00:00,2305,2023,ISLINGTON AVE,FINCH AVE W,Major Arterial,Etobicoke York,43.746333,-79.568607,615249.2997,4844693.83,Non Intersection,Missing Control,Clear,"Dark, artificial",Dry,21,Humber Summit,21,Humber Summit (21),Non-Fatal Injury,0,0,1,1,0,0,0,0,0,1,0,0,0,Approaching,"['Driver', 'Motorcycle Driver']",North,"['Pick Up Truck', 'Motorcycle']",['Going Ahead'],"['Other', 'Driving Properly']","['Other', 'Normal']",[],[],[],[],[],[],D31,False,"['45 to 49', '25 to 29']",3.0
3002278272.0,2023-09-30 08:00:00,935,2023,LAWRENCE AVE W,CULFORD RD,Major Arterial,North York,43.706378,-79.487644,621849.1069,4840372.0792,Intersection Related,Traffic Signal,Clear,Daylight,Dry,30,Brookhaven-Amesbury,29,Maple Leaf (29),Non-Fatal Injury,1,0,1,0,0,0,0,0,0,1,0,0,0,Pedestrian Collisions,"['Driver', 'Pedestrian']",East,"['Automobile, Station Wagon']",['Turning Left'],['Failed to Yield Right of Way'],['Normal'],['Vehicle turns left while ped crosses with ROW at inter.'],['Crossing with right of way'],['Normal'],[],[],[],D12,False,"['55 to 59', '70 to 74']",3.0
3002279550.0,2023-09-30 08:00:00,1305,2023,EVANS AVE,NORTH CARSON ST,Major Arterial,Etobicoke York,43.61299,-79.53876,617913.3637,4829926.2781,Intersection Related,Stop Sign,Clear,Daylight,Dry,20,Alderwood,20,Alderwood (20),Non-Fatal Injury,0,0,1,1,0,0,0,1,1,1,0,0,0,Turning Movement,"['Motorcycle Driver', 'Driver', 'Passenger']",East,"['Motorcycle', 'Automobile, Station Wagon']","['Going Ahead', 'Turning Left']","['Exceeding Speed Limit', 'Driving Properly']",['Normal'],[],[],[],[],[],[],D22,False,"['30 to 34', '55 to 59']",3.0
3002288728.0,2023-10-01 08:00:00,1642,2023,YONGE ST,BISHOP AV,Major Arterial,North York,43.783969,-79.416599,627408.4752,4849096.5789,Non Intersection,No Control,Clear,Daylight,Dry,36,Newtonbrook West,36,Newtonbrook West (36),Non-Fatal Injury,0,0,1,1,0,0,0,0,0,1,0,0,0,Rear End,"['Motorcycle Driver', 'Driver']",North,"['Motorcycle', 'Automobile, Station Wagon']",['Going Ahead'],"['Following too Close', 'Driving Properly']",['Normal'],[],[],[],[],[],[],D32,False,"['35 to 39', '50 to 54']",3.0
3002302313.0,2023-10-03 08:00:00,1007,2023,PARK RD,CHURCH ST,Major Arterial,Toronto and East York,43.671698,-79.385188,630178.9732,4836676.0803,Intersection Related,Traffic Signal,Clear,Daylight,Dry,98,Rosedale-Moore Park,98,Rosedale-Moore Park (98),Non-Fatal Injury,0,1,0,0,1,0,0,0,0,0,0,0,0,Cyclist Collisions,"['Truck Driver', 'Cyclist']",South,"['Truck - Dump', 'Bicycle']","['Turning Right', 'Going Ahead']",['Improper Turn'],['Normal'],[],[],[],['Motorist turning right on green or amber at signalized intersection strikes cyclist.'],['Driving Properly'],['Unknown'],D53,False,"['40 to 44', '25 to 29']",3.0
3002306323.0,2023-10-03 08:00:00,1801,2023,277 SHERBOURNE ST,DUNDAS ST W,Minor Arterial,Toronto and East York,43.660113,-79.371799,631283.5987,4835410.5097,Non Intersection,No Control,Clear,Daylight,Dry,73,Moss Park,73,Moss Park (73),Non-Fatal Injury,1,0,0,0,0,0,0,0,0,0,0,0,0,Pedestrian Collisions,['Pedestrian'],Unknown,[],[],[],[],['Other / Undefined'],['Crossing with right of way'],['Normal'],[],[],[],D51,False,['30 to 34'],3.0
3002313113.0,2023-10-04 08:00:00,1405,2023,ELLESMERE RD,MARKHAM RD,Major Arterial,Scarborough,43.776438,-79.231723,642302.564,4848561.3012,Intersection Related,Traffic Signal,Clear,Daylight,Dry,141,Golfdale-Cedarbrae-Woburn,137,Woburn (137),Non-Fatal Injury,0,0,1,0,0,0,0,1,1,1,1,1,0,Approaching,"['Driver', 'Passenger']",South,"['Automobile, Station Wagon']","['Going Ahead', 'Stopped']","['Driving Properly', 'Disobeyed Traffic Control']","['Normal', 'Ability Impaired, Alcohol Over .08']",[],[],[],[],[],[],D43,False,"['50 to 54', '65 to 69', '35 to 39']",3.0
3002326104.0,2023-10-06 08:00:00,411,2023,BURNHAMTHORPE RD,THE WEST MALL,Major Arterial,Etobicoke York,43.64448,-79.567203,615557.8075,4833383.6362,At Intersection,Traffic Signal,Unknown,Unknown,Unknown,13,Etobicoke West Mall,13,Etobicoke West Mall (13),Fatal,1,0,1,0,0,0,0,0,0,0,0,0,0,Pedestrian Collisions,"['Pedestrian', 'Driver']",South,"['Automobile, Station Wagon']",['Going Ahead'],['Driving Properly'],['Normal'],[],['Crossing without right of way'],['Normal'],[],[],[],D22,True,"['25 to 29', '40 to 44']",4.0
3002327760.0,2023-10-06 08:00:00,1000,2023,PHARMACY AV,DENTON AV,Minor Arterial,Scarborough,43.693949,-79.284045,638281.6339,4839311.0663,Intersection Related,Traffic Signal,Clear,Daylight,Dry,121,Oakridge,121,Oakridge (121),Non-Fatal Injury,1,0,1,0,0,0,0,0,0,1,0,0,0,Pedestrian Collisions,"['Driver', 'Pedestrian']",South,"['Automobile, Station Wagon']",['Turning Left'],['Failed to Yield Right of Way'],['Normal'],['Vehicle turns left while ped crosses with ROW at inter.'],"['Crossing, Pedestrian Crossover']",['Normal'],[],[],[],D41,False,"['55 to 59', '70 to 74']",3.0
3002330153.0,2023-10-06 08:00:00,1544,2023,BROWNS LINE,JELLICOE AVE,Major Arterial ,Etobicoke York,43.596335,-79.542819,617618.2759,4828070.7873,Non Intersection,No Control,Clear,Daylight,Dry,20,Alderwood,20,Alderwood (20),Fatal,1,0,1,0,0,0,0,0,0,0,0,0,0,Pedestrian Collisions,"['Pedestrian', 'Driver']",North,"['Automobile, Station Wagon']",['Going Ahead'],['Driving Properly'],['Normal'],['Pedestrian hit a PXO/ped. Mid-block signal'],"['Crossing, Pedestrian Crossover']",['Other'],[],[],[],D22,True,"['20 to 24', '35 to 39']",4.0
3002333586.0,2023-10-07 08:00:00,25,2023,WARDEN AV,METROPOLITAN AV,Major Arterial,Scarborough,43.766989,-79.302737,636609.1425,4847392.2322,Non Intersection,No Control,Clear,"Dark, artificial",Dry,119,Wexford/Maryvale,119,Wexford/Maryvale (119),Non-Fatal Injury,1,0,1,0,0,0,0,0,0,0,0,0,0,Pedestrian Collisions,"['Driver', 'Pedestrian']",South,"['Automobile, Station Wagon']",['Going Ahead'],['Driving Properly'],['Normal'],['Pedestrian hit at mid-block'],['Crossing without right of way'],['Normal'],[],[],[],D41,False,"['40 to 44', '55 to 59']",3.0
3002339324.0,2023-10-07 08:00:00,1930,2023,F  GARDINER XY E,YORK ST,Expressway Ramp,Toronto and East York,43.641818,-79.38042,630628.1272,4833365.0046,Non Intersection,No Control,Clear,"Daylight, artificial",Dry,166,St Lawrence-East Bayfront-The Islands,77,Waterfront Communities-The Island (77),Non-Fatal Injury,0,0,1,1,0,0,0,0,0,0,0,0,0,Sideswipe,"['Motorcycle Driver', 'Driver']",East,"['Motorcycle', 'Automobile, Station Wagon']","['Other', 'Going Ahead']","['Other', 'Driving Properly']",['Normal'],[],[],[],[],[],[],D52,False,['25 to 29'],3.0
3002347245.0,2023-10-08 08:00:00,2250,2023,CONLINS RD,CHALLENGER CRT,Collector,Scarborough,43.79151,-79.184634,646055.3991,4850317.3066,At/Near Private Drive,No Control,Clear,"Dark, artificial",Dry,134,Highland Creek,134,Highland Creek (134),Non-Fatal Injury,0,0,1,0,0,0,0,0,0,0,0,0,1,SMV Unattended Vehicle,['Driver'],North,"['Automobile, Station Wagon']",['Going Ahead'],['Lost control'],['Medical or Physical Disability'],[],[],[],[],[],[],D43,False,['65 to 69'],3.0
3002360887.0,2023-10-10 08:00:00,2045,2023,KENNEDY RD,BONIS AV,Major Arterial,Scarborough,43.785762,-79.289424,637637.6101,4849499.3165,Non Intersection,Missing Control,Rain,Dark,Wet,128,Agincourt South-Malvern West,128,Agincourt South-Malvern West (128),Non-Fatal Injury,1,0,1,0,0,0,0,0,0,0,0,0,0,Pedestrian Collisions,"['Driver', 'Pedestrian']",South,"['Automobile, Station Wagon']",['Going Ahead'],['Driving Properly'],['Normal'],['Vehicle is going straight thru inter.while ped cross without ROW'],['Crossing without right of way'],['Had Been Drinking'],[],[],[],D42,False,['45 to 49'],3.0
3002365896.0,2023-10-11 08:00:00,1347,2023,JUDSON ST,ISLINGTON AV,Collector,Etobicoke York,43.613715,-79.508396,620362.1325,4830050.3595,Intersection Related,Traffic Signal,Clear,Daylight,Dry,160,Mimico-Queensway,17,Mimico (includes Humber Bay Shores) (17),Non-Fatal Injury,0,0,1,0,0,0,0,0,1,1,1,0,0,Angle,['Driver'],East,"['Unknown', 'Automobile, Station Wagon']",['Going Ahead'],"['Disobeyed Traffic Control', 'Driving Properly']","['Other', 'Normal']",[],[],[],[],[],[],D22,False,"['25 to 29', '40 to 44']",3.0
3002369350.0,2023-10-11 08:00:00,2204,2023,DAVENPORT RD,DARTNELL AV,Minor Arterial,Toronto and East York,43.676807,-79.412205,627990.0992,4837201.4596,Non Intersection,Missing Control,Clear,"Dark, artificial",Dry,96,Casa Loma,96,Casa Loma (96),Non-Fatal Injury,0,0,1,1,0,0,0,0,1,1,0,0,0,Turning Movement,"['Motorcycle Driver', 'Driver']",South,"['Motorcycle', 'Automobile, Station Wagon']","['Going Ahead', 'Turning Left']","['Speed too Fast For Condition', 'Driving Properly']",['Normal'],[],[],[],[],[],[],D13,False,"['25 to 29', '35 to 39']",3.0
3002371012.0,2023-10-12 08:00:00,647,2023,STEELES AVE E,KELVIN GROVE AVE,Major Arterial,Scarborough,43.822402,-79.312221,635720.2808,4853531.1229,At Intersection,Traffic Signal,Clear,"Dark, artificial",Dry,116,Steeles,116,Steeles (116),Fatal,1,0,1,0,0,0,0,0,0,0,0,0,0,Pedestrian Collisions,"['Pedestrian', 'Driver']",North,"['Automobile, Station Wagon']",['Going Ahead'],['Driving Properly'],['Normal'],['Pedestrian hit a PXO/ped. Mid-block signal'],['Crossing marked crosswalk without ROW'],['Normal'],[],[],[],D42,True,"['85 to 89', '55 to 59']",4.0
3002381502.0,2023-10-13 08:00:00,1135,2023,MCCOWAN RD,SANDHURST CRCL,Major Arterial,Scarborough,43.804782,-79.26517,639544.8939,4851652.4068,Intersection Related,Traffic Signal,Clear,Daylight,Dry,129,Agincourt North,129,Agincourt North (129),Non-Fatal Injury,0,0,1,0,1,0,0,1,1,1,0,0,0,Rear End,"['Driver', 'Truck Driver', 'Passenger']",South,"['Automobile, Station Wagon', 'Truck - Dump']","['Going Ahead', 'Slowing or Stopping']",['Driving Properly'],['Normal'],[],[],[],[],[],[],D42,False,"['75 to 79', '70 to 74']",3.0
3002391532.0,2023-10-14 08:00:00,1644,2023,ASHTONBEE RD,WARDEN AVE,Major Arterial,Scarborough,43.730719,-79.28873,637819.7716,4843387.1041,Intersection Related,Traffic Signal,Clear,Daylight,Dry,119,Wexford/Maryvale,119,Wexford/Maryvale (119),Non-Fatal Injury,0,0,1,0,0,0,0,1,0,1,1,0,0,Turning Movement,"['Driver', 'Passenger']",South,"['Automobile, Station Wagon', 'Pick Up Truck']","['Turning Left', 'Going Ahead']","['Disobeyed Traffic Control', 'Driving Properly']",['Normal'],[],[],[],[],[],[],D41,False,"['20 to 24', '55 to 59']",3.0
3002392070.0,2023-10-14 08:00:00,1840,2023,EB FRED GARDINER EXPRESSWAY AND IS,ISLINGTON AVENUE,Expressway,Toronto and East York,43.619399,-79.517749,619596.1353,4830668.1231,Non Intersection,No Control,Clear,Daylight,Dry,160,Mimico-Queensway,17,Mimico (includes Humber Bay Shores) (17),Non-Fatal Injury,0,0,1,0,0,0,0,1,0,0,0,0,0,Rear End,"['Driver', 'Passenger']",East,"['Automobile, Station Wagon', 'Passenger Van']",['Going Ahead'],"['Lost control', 'Driving Properly']","['Inattentive', 'Normal']",[],[],[],[],[],[],D22,False,"['30 to 34', '55 to 59', '40 to 44', '0 to 4']",3.0
3002403703.0,2023-10-16 08:00:00,1040,2023,DAVISVILLE AVE,MOUNT PLEASANT RD,Major Arterial,Toronto and East York,43.700228,-79.386943,629975.8591,4839841.9762,At Intersection,Traffic Signal,Clear,Daylight,Dry,99,Mount Pleasant East,99,Mount Pleasant East (99),Fatal,1,0,0,0,1,0,0,0,0,0,0,0,0,Pedestrian Collisions,"['Pedestrian', 'Truck Driver']",East,['Truck - Dump'],['Turning Right'],[],[],['Vehicle turns right while ped crosses with ROW at inter.'],['Crossing with right of way'],[],[],[],[],D53,True,"['85 to 89', '25 to 29']",4.0