accident_number,date,time,year,street1,street2,road_class,district,latitude,longitude,x,y,accident_location,traffctl,visibility,light,road_surface_condition,hood_158,neighbourhood_new,hood_140,neighbourhood_old,accident_class,pedestrian,cyclist,automobile,motorcycle,truck,trsn_city_veh,emerg_veh,passenger,speeding,aggressive_driving,redlight,alcohol,disability,impact_type,involvement_type,initial_direction,vehicle_type,manoeuver,driver_action,driver_condition,pedestrian_type,pedestrian_action,pedestrian_condition,cyclist_type,cyclist_action,cyclist_condition,division,injury,involvement_age,injury_severity_score
4003482087.0,2014-12-14 10:00:00,324,2014,OSSINGTON AVE,DUNDAS ST W,Major Arterial,Toronto and East York,43.649317,-79.420772,627357.6327,4834135.1471,Non Intersection,No Control,Clear,"Dark, artificial",Dry,81,Trinity-Bellwoods,81,Trinity-Bellwoods (81),Non-Fatal Injury,1,0,1,0,0,0,0,0,0,0,0,0,0,Pedestrian Collisions,"['Driver', 'Pedestrian']",South,"['Automobile, Station Wagon']",['Going Ahead'],['Driving Properly'],['Normal'],['Other / Undefined'],['Other'],"['Ability Impaired, Alcohol Over .80']",[],[],[],D14,False,"['20 to 24', '25 to 29']",3.0
4003487975.0,2014-12-15 10:00:00,725,2014,SUBWAY CRES,AUKLAND RD,Collector,Etobicoke York,43.637614,-79.537021,618005.5031,4832663.546,At Intersection,Stop Sign,Clear,"Dark, artificial",Wet,159,Etobicoke City Centre,14,Islington-City Centre West (14),Non-Fatal Injury,1,0,1,0,0,0,0,0,0,1,0,0,0,Pedestrian Collisions,"['Driver', 'Pedestrian']",East,"['Automobile, Station Wagon']",['Going Ahead'],['Failed to Yield Right of Way'],['Normal'],['Vehicle is going straight thru inter.while ped cross with ROW'],['Crossing with right of way'],['Normal'],[],[],[],D22,False,"['65 to 69', '80 to 84']",3.0
4003498144.0,2014-12-16 10:00:00,1800,2014,JARVIS ST,WELLESLEY ST E,Major Arterial,Toronto and East York,43.666213,-79.378307,630745.6035,4836077.7189,At Intersection,Traffic Signal,Rain,"Dark, artificial",Wet,71,Cabbagetown-South St.James Town,71,Cabbagetown-South St.James Town (71),Non-Fatal Injury,1,0,1,0,0,0,0,0,0,1,0,0,0,Pedestrian Collisions,"['Driver', 'Pedestrian']",Unknown,"['Automobile, Station Wagon']",['Turning Left'],['Failed to Yield Right of Way'],['Normal'],['Vehicle turns left while ped crosses with ROW at inter.'],['Crossing with right of way'],['Normal'],[],[],[],D51,False,"['50 to 54', '40 to 44']",3.0
4003498374.0,2014-12-16 10:00:00,1850,2014,ST CLAIR AVE W,DUFFERIN ST,Major Arterial,Toronto and East York,43.67789,-79.443042,625502.0871,4837274.6195,At Intersection,Traffic Signal,Rain,"Dark, artificial",Wet,92,Corso Italia-Davenport,92,Corso Italia-Davenport (92),Non-Fatal Injury,1,0,1,0,0,0,0,0,0,0,0,0,0,Pedestrian Collisions,"['Driver', 'Pedestrian']",South,"['Automobile, Station Wagon']",['Going Ahead'],['Driving Properly'],['Normal'],['Vehicle is going straight thru inter.while ped cross without ROW'],['Running onto Roadway'],['Inattentive'],[],[],[],D13,False,"['50 to 54', '60 to 64']",3.0
4003498466.0,2014-12-16 10:00:00,1910,2014,ALBION RD,RIVERDALE DR,Major Arterial,Etobicoke York,43.735346,-79.561374,615852.8606,4843483.6541,Intersection Related,Traffic Signal,Rain,Dark,Wet,3,Thistletown-Beaumond Heights,3,Thistletown-Beaumond Heights (3),Non-Fatal Injury,1,0,1,0,0,0,0,1,0,0,0,0,0,Pedestrian Collisions,"['Driver', 'Passenger', 'Pedestrian']",North,"['Automobile, Station Wagon']",['Turning Left'],['Driving Properly'],['Normal'],['Vehicle turns left while ped crosses with ROW at inter.'],['Crossing with right of way'],['Normal'],[],[],[],D23,False,"['45 to 49', '5 to 9']",3.0
4003506049.0,2014-12-18 10:00:00,2,2014,DUNDAS ST W,STERLING RD,Minor Arterial,Toronto and East York,43.650824,-79.44395,625485.2748,4834267.2093,Non Intersection,No Control,Clear,"Dark, artificial",Wet,86,Roncesvalles,84,Little Portugal (84),Non-Fatal Injury,0,0,1,0,0,1,0,0,0,0,0,0,0,Approaching,['Driver'],East,"['Automobile, Station Wagon', 'Street Car']",['Going Ahead'],"['Lost control', 'Driving Properly']","['Unknown', 'Normal']",[],[],[],[],[],[],D11,False,"['40 to 44', '35 to 39']",3.0
4003516677.0,2014-12-19 10:00:00,1740,2014,FINCH AVE E,NEILSON RD,Minor Arterial,Scarborough,43.816252,-79.227596,642539.9865,4852990.3898,At Intersection,Traffic Signal,Clear,Dark,Dry,145,Malvern West,132,Malvern (132),Fatal,1,0,0,0,0,1,0,0,0,1,0,0,0,Pedestrian Collisions,"['Driver', 'Pedestrian']",North,['Municipal Transit Bus (TTC)'],['Turning Right'],['Failed to Yield Right of Way'],['Other'],['Vehicle turns right while ped crosses with ROW at inter.'],['Other'],['Other'],[],[],[],D42,True,"['25 to 29', '10 to 14']",4.0
4003518072.0,2014-12-19 10:00:00,2228,2014,KIPLING AVE,FINCH AVE W,Major Arterial,Etobicoke York,43.743121,-79.582706,614120.2072,4844317.5739,Non Intersection,No Control,Clear,Dark,Dry,2,Mount Olive-Silverstone-Jamestown,2,Mount Olive-Silverstone-Jamestown (2),Non-Fatal Injury,1,0,1,0,0,0,0,0,0,0,0,0,0,Pedestrian Collisions,"['Driver', 'Pedestrian']",North,"['Automobile, Station Wagon']",['Going Ahead'],['Driving Properly'],['Normal'],['Pedestrian hit at mid-block'],['Running onto Roadway'],['Inattentive'],[],[],[],D23,False,"['45 to 49', '25 to 29']",3.0
4003521992.0,2014-12-20 10:00:00,1410,2014,OSSINGTON AVE,BLOOR ST W,Major Arterial,Toronto and East York,43.661971,-79.425647,626937.8172,4835533.0695,Non Intersection,No Control,Clear,Daylight,Dry,80,Palmerston-Little Italy,80,Palmerston-Little Italy (80),Non-Fatal Injury,0,1,1,0,0,0,0,1,0,1,0,0,0,Cyclist Collisions,"['Driver', 'Cyclist', 'Passenger']",South,"['Automobile, Station Wagon', 'Bicycle']","['Overtaking', 'Going Ahead']",['Improper Passing'],['Inattentive'],[],[],[],['Cyclist and Driver travelling in same direction. One vehicle sideswipes the other.'],['Driving Properly'],['Normal'],D14,False,"['55 to 59', '25 to 29']",3.0
4003523985.0,2014-12-20 10:00:00,2308,2014,BRIMLEY RD,DORCOT AVE,Major Arterial,Scarborough,43.758887,-79.257114,640300.2228,4846568.6597,At Intersection,Traffic Signal,Clear,"Dark, artificial",Dry,156,Bendale-Glen Andrew,127,Bendale (127),Non-Fatal Injury,1,0,1,0,0,0,0,1,0,0,0,0,0,Pedestrian Collisions,"['Driver', 'Passenger', 'Pedestrian']",North,"['Automobile, Station Wagon']",['Going Ahead'],['Driving Properly'],['Inattentive'],['Vehicle is going straight thru inter.while ped cross without ROW'],['Crossing without right of way'],['Had Been Drinking'],[],[],[],D43,False,"['25 to 29', '20 to 24']",3.0
4003526196.0,2014-12-21 10:00:00,1132,2014,MARKHAM RD,BLAKEMANOR BLVD,Major Arterial,Scarborough,43.752967,-79.223071,643054.7834,4845969.3892,Non Intersection,No Control,Clear,Daylight,Dry,141,Golfdale-Cedarbrae-Woburn,137,Woburn (137),Non-Fatal Injury,0,0,1,0,0,0,0,1,0,0,0,0,1,SMV Other,"['Driver', 'Passenger']",South,"['Automobile, Station Wagon']",['Other'],['Lost control'],['Medical or Physical Disability'],[],[],[],[],[],[],D43,False,"['60 to 64', '55 to 59']",3.0
4003527031.0,2014-12-21 10:00:00,1437,2014,BLOOR ST W,SHAW ST,Major Arterial,Toronto and East York,43.662436,-79.423229,627131.7974,4835588.4163,Intersection Related,No Control,Clear,Daylight,Dry,80,Palmerston-Little Italy,80,Palmerston-Little Italy (80),Non-Fatal Injury,1,0,1,0,0,0,0,1,0,0,0,0,0,Pedestrian Collisions,"['Driver', 'Pedestrian', 'Passenger']",Unknown,"['Automobile, Station Wagon']",['Making U Turn'],['Improper Turn'],['Inattentive'],['Pedestrian hit on sidewalk or shoulder'],['On Sidewalk or Shoulder'],['Normal'],[],[],[],D14,False,"['45 to 49', '50 to 54', '15 to 19']",3.0
4003538412.0,2014-12-23 10:00:00,1447,2014,FINCH AVE W,SENLAC RD,Major Arterial,North York,43.77661,-79.42937,626396.3528,4848259.6729,Non Intersection,No Control,Rain,Daylight,Wet,37,Willowdale West,37,Willowdale West (37),Non-Fatal Injury,0,0,1,0,0,0,0,1,0,0,0,0,1,SMV Other,"['Driver', 'Passenger']",East,['Passenger Van'],['Going Ahead'],['Lost control'],['Medical or Physical Disability'],[],[],[],[],[],[],D32,False,"['80 to 84', '60 to 64']",3.0
4003538995.0,2014-12-23 10:00:00,1638,2014,MOUNT PLEASANT RD,MERTON ST,Major Arterial,North York,43.698161,-79.38647,630018.4402,4839613.1485,At Intersection,Traffic Signal,Rain,Dusk,Wet,99,Mount Pleasant East,99,Mount Pleasant East (99),Non-Fatal Injury,1,0,1,0,0,0,0,0,0,1,0,0,0,Pedestrian Collisions,"['Driver', 'Pedestrian']",East,"['Automobile, Station Wagon']",['Turning Left'],['Failed to Yield Right of Way'],['Inattentive'],['Vehicle turns left while ped crosses with ROW at inter.'],['Crossing with right of way'],['Normal'],[],[],[],D53,False,"['80 to 84', '70 to 74']",3.0
4003541767.0,2014-12-24 10:00:00,635,2014,FINCH AVE E,BRIDLETOWNE CRCL,Major Arterial,Scarborough,43.797381,-79.312274,635772.7035,4850752.0499,At Intersection,Traffic Signal,"Fog, Mist, Smoke, Dust","Dark, artificial",Wet,148,East L'Amoreaux,117,L'Amoreaux (117),Non-Fatal Injury,1,0,1,0,0,0,0,0,0,1,0,0,0,Pedestrian Collisions,"['Driver', 'Pedestrian']",East,"['Automobile, Station Wagon']",['Turning Left'],['Failed to Yield Right of Way'],['Inattentive'],['Vehicle turns left while ped crosses with ROW at inter.'],['Crossing with right of way'],['Inattentive'],[],[],[],D42,False,['55 to 59'],3.0
4003544666.0,2014-12-24 10:00:00,1800,2014,ALTON TOWERS CRCL,INGLETON BLVD,Collector,Scarborough,43.82297,-79.272441,638917.8476,4853660.2448,At Intersection,Pedestrian Crossover,Rain,"Dark, artificial",Wet,130,Milliken,130,Milliken (130),Non-Fatal Injury,1,0,0,0,0,0,0,0,0,1,0,0,0,Pedestrian Collisions,"['Driver', 'Pedestrian']",North,[],['Going Ahead'],['Failed to Yield Right of Way'],['Unknown'],['Pedestrian hit a PXO/ped. Mid-block signal'],"['Crossing, Pedestrian Crossover']",['Normal'],[],[],[],D42,False,"['unknown', '65 to 69']",3.0
4003549384.0,2014-12-25 10:00:00,2150,2014,MCCOWAN RD,STEELES AVE E,Major Arterial,Scarborough,43.830973,-79.275157,638680.9087,4854544.5527,Intersection Related,Traffic Signal,Clear,"Dark, artificial",Dry,130,Milliken,130,Milliken (130),Non-Fatal Injury,0,0,1,0,0,0,0,1,0,0,0,0,0,Turning Movement,"['Driver', 'Passenger']",East,"['Automobile, Station Wagon']","['Turning Left', 'Stopped']","['Lost control', 'Driving Properly']",['Normal'],[],[],[],[],[],[],D42,False,"['25 to 29', '40 to 44', '50 to 54', '30 to 34', '5 to 9']",3.0
4003563376.0,2014-12-28 10:00:00,1809,2014,SHEPPARD AVE E,BRIDLEWOOD BLVD,Major Arterial,Scarborough,43.777014,-79.315486,635560.3388,4848484.7096,Non Intersection,No Control,Clear,"Dark, artificial",Dry,118,Tam O'Shanter-Sullivan,118,Tam O'Shanter-Sullivan (118),Fatal,1,0,0,0,1,0,0,1,0,0,0,0,0,Pedestrian Collisions,"['Truck Driver', 'Passenger', 'Pedestrian']",East,['Truck (other)'],['Going Ahead'],['Driving Properly'],['Normal'],['Pedestrian hit at mid-block'],"['Crossing, no Traffic Control']",['Inattentive'],[],[],[],D42,True,"['20 to 24', '25 to 29', '80 to 84']",4.0
4003564717.0,2014-12-29 10:00:00,22,2014,KINGSTON RD,LAWSON RD,Minor Arterial,Scarborough,43.784529,-79.168742,647351.1618,4849570.1216,At Intersection,Traffic Signal,Clear,"Dark, artificial",Dry,133,Centennial Scarborough,133,Centennial Scarborough (133),Non-Fatal Injury,1,0,1,0,0,0,0,0,0,1,0,0,0,Pedestrian Collisions,"['Driver', 'Pedestrian']",North,"['Automobile, Station Wagon']",['Turning Left'],['Failed to Yield Right of Way'],['Normal'],['Vehicle turns left while ped crosses with ROW at inter.'],['Crossing with right of way'],['Had Been Drinking'],[],[],[],D43,False,"['40 to 44', '65 to 69']",3.0
4008007694.0,2014-02-15 10:00:00,1245,2014,HUNTINGWOOD DR,KENNEDY RD,Minor Arterial,Scarborough,43.795111,-79.292514,637367.5571,4850532.5378,At/Near Private Drive,No Control,Clear,Daylight,Dry,118,Tam O'Shanter-Sullivan,118,Tam O'Shanter-Sullivan (118),Non-Fatal Injury,0,0,1,0,0,0,0,0,0,1,0,0,0,Turning Movement,['Driver'],East,"['Automobile, Station Wagon']","['Overtaking', 'Turning Left']","['Improper Passing', 'Driving Properly']",['Normal'],[],[],[],[],[],[],D42,False,"['40 to 44', '20 to 24']",3.0
4008009492.0,2014-03-02 10:00:00,1320,2014,BIRCHMOUNT RD,BONIS AVE,Major Arterial,Scarborough,43.783583,-79.299335,636845.1075,4849240.8723,At Intersection,Traffic Signal,Clear,Daylight,Wet,118,Tam O'Shanter-Sullivan,118,Tam O'Shanter-Sullivan (118),Non-Fatal Injury,0,0,1,0,0,0,0,0,0,0,0,0,0,Rear End,['Driver'],South,"['Automobile, Station Wagon']","['Turning Left', 'Going Ahead']","['Driving Properly', 'Lost control']","['Normal', 'Inattentive']",[],[],[],[],[],[],D42,False,"['60 to 64', '70 to 74']",3.0
4008010046.0,2014-03-05 10:00:00,1800,2014,FINCH AVE E,BRIDLETOWNE CRCL,Major Arterial,Scarborough,43.79584,-79.319301,635210.8715,4850569.3931,Intersection Related,Traffic Signal,Clear,"Dusk, artificial",Dry,147,L'Amoreaux West,117,L'Amoreaux (117),Non-Fatal Injury,0,0,1,0,0,0,0,0,0,0,0,0,0,Rear End,['Driver'],East,"['Automobile, Station Wagon']","['Stopped', 'Slowing or Stopping', 'Going Ahead']","['Driving Properly', 'Lost control']","['Normal', 'Inattentive']",[],[],[],[],[],[],D42,False,"['30 to 34', '50 to 54', '35 to 39']",3.0
4008010238.0,2014-03-07 10:00:00,650,2014,DON VALLEY PARKWAY  S,LAWRENCE AVE E,Expressway,North York,43.740267,-79.33224,634294.2427,4844376.1009,Non Intersection,No Control,Clear,Daylight,Dry,42,Banbury-Don Mills,42,Banbury-Don Mills (42),Non-Fatal Injury,0,0,1,0,0,0,0,0,0,1,0,0,0,Rear End,['Driver'],South,"['Automobile, Station Wagon']","['Stopped', 'Slowing or Stopping']","['Driving Properly', 'Following too Close']","['Normal', 'Inattentive']",[],[],[],[],[],[],D33,False,"['60 to 64', '25 to 29']",3.0
4008024139.0,2014-06-19 08:00:00,1600,2014,STEELES AVE W,SHALE GT,Major Arterial,North York,43.783209,-79.487293,621721.5737,4848905.7962,At Intersection,Traffic Signal,Clear,Daylight,Dry,27,York University Heights,27,York University Heights (27),Non-Fatal Injury,0,1,1,0,0,0,0,0,0,1,0,0,0,Cyclist Collisions,"['Driver', 'Cyclist']",East,"['Automobile, Station Wagon', 'Bicycle']","['Turning Right', 'Going Ahead']",['Failed to Yield Right of Way'],['Inattentive'],[],[],[],['Motorist turning right on red at signalized intersection strikes cyclist.'],['Driving Properly'],['Normal'],D31,False,"['40 to 44', '55 to 59']",3.0
401654.0,2020-02-25 10:00:00,2105,2020,ST CLAIR AVE W,OLD WESTON RD,Major Arterial,Etobicoke York,43.673464,-79.463008,623901.7768,4836753.0363,At Intersection,Traffic Signal,Clear,"Dark, artificial",Dry,91,Weston-Pelham Park,91,Weston-Pellam Park (91),Non-Fatal Injury,1,0,1,0,0,0,0,0,0,0,0,0,0,Pedestrian Collisions,"['Driver', 'Pedestrian']",North,"['Automobile, Station Wagon']",['Going Ahead'],['Driving Properly'],['Normal'],['Vehicle is going straight thru inter.while ped cross without ROW'],['Crossing without right of way'],['Inattentive'],[],[],[],D11,False,"['55 to 59', '65 to 69']",3.0
418177.0,2020-02-28 10:00:00,650,2020,KING ST E,SHERBOURNE ST,Major Arterial,Toronto and East York,43.651206,-79.368221,631591.5539,4834426.9371,At Intersection,Traffic Signal,Clear,Dawn,Dry,73,Moss Park,73,Moss Park (73),Non-Fatal Injury,1,0,1,0,0,0,0,0,0,1,0,0,0,Pedestrian Collisions,"['Driver', 'Pedestrian']",North,"['Automobile, Station Wagon']",['Going Ahead'],['Driving Properly'],['Normal'],['Vehicle is going straight thru inter.while ped cross without ROW'],['Crossing without right of way'],['Inattentive'],[],[],[],D51,False,['45 to 49'],3.0
418513.0,2020-02-28 10:00:00,810,2020,YONGE ST,EMPRESS AVE,Major Arterial,North York,43.769202,-79.41286,627740.777,4847462.2389,At Intersection,Traffic Signal,Clear,Daylight,Wet,151,Yonge-Doris,51,Willowdale East (51),Non-Fatal Injury,1,0,1,0,0,0,0,0,0,1,0,0,0,Pedestrian Collisions,"['Driver', 'Pedestrian']",Unknown,"['Automobile, Station Wagon']","['Turning Left', 'Going Ahead']","['Failed to Yield Right of Way', 'Driving Properly']","['Inattentive', 'Normal']",['Pedestrian hit on sidewalk or shoulder'],['On Sidewalk or Shoulder'],['Normal'],[],[],[],D32,False,"['55 to 59', '35 to 39', '30 to 34', '25 to 29']",3.0
429600.0,2020-02-29 10:00:00,1716,2020,FINCH AVE W,SILVERSTONE DR,Major Arterial,Etobicoke York,43.735945,-79.594913,613150.8116,4843503.8349,At Intersection,Traffic Signal,Clear,Daylight,Dry,1,West Humber-Clairville,1,West Humber-Clairville (1),Non-Fatal Injury,1,0,1,0,0,0,0,1,0,1,1,0,0,Pedestrian Collisions,"['Driver', 'Passenger', 'Pedestrian']",South,"['Automobile, Station Wagon']",['Going Ahead'],['Disobeyed Traffic Control'],['Inattentive'],['Vehicle is going straight thru inter.while ped cross with ROW'],['Crossing with right of way'],['Normal'],[],[],[],D23,False,"['55 to 59', '30 to 34', '50 to 54']",3.0
437574.0,2020-03-01 10:00:00,2100,2020,WILSON AVE,PETHERHILL  AVE,Major Arterial,North York,43.724547,-79.491039,621538.8371,4842385.0169,Intersection Related,No Control,Clear,"Dark, artificial",Dry,154,Oakdale-Beverley Heights,26,Downsview-Roding-CFB (26),Non-Fatal Injury,0,0,0,0,0,1,0,1,0,0,0,0,0,Other,"['Driver', 'Passenger']",East,['Municipal Transit Bus (TTC)'],['Pulling Away from Shoulder or Curb'],['Driving Properly'],['Normal'],[],[],[],[],[],[],D31,False,"['35 to 39', '50 to 54']",3.0
442335.0,2020-03-02 10:00:00,1410,2020,GERRARD ST E,BLANTYRE AVE,Minor Arterial,Scarborough,43.68738,-79.283931,638305.9197,4838581.6764,At Intersection,Pedestrian Crossover,Rain,Daylight,Wet,122,Birchcliffe-Cliffside,122,Birchcliffe-Cliffside (122),Non-Fatal Injury,1,0,1,0,0,0,0,0,0,1,0,0,0,Pedestrian Collisions,"['Driver', 'Pedestrian']",North,['Pick Up Truck'],['Turning Left'],['Failed to Yield Right of Way'],['Inattentive'],['Pedestrian hit a PXO/ped. Mid-block signal'],"['Crossing, Pedestrian Crossover']",['Normal'],[],[],[],D41,False,"['50 to 54', '60 to 64']",3.0
444225.0,2020-03-02 10:00:00,1815,2020,KEELE ST,ST REGIS CRES,Major Arterial,North York,43.754439,-79.488719,621665.1445,4845708.3607,At Intersection,Traffic Signal,Clear,Dark,Wet,27,York University Heights,27,York University Heights (27),Non-Fatal Injury,1,0,1,0,0,0,0,0,0,1,0,0,0,Pedestrian Collisions,"['Driver', 'Pedestrian']",West,['Passenger Van'],['Turning Left'],['Failed to Yield Right of Way'],['Inattentive'],['Vehicle turns left while ped crosses with ROW at inter.'],['Crossing with right of way'],['Normal'],[],[],[],D31,False,['55 to 59'],3.0
450742.0,2020-03-03 10:00:00,1520,2020,GERRARD ST E,NORWOOD RD,Minor Arterial,Toronto and East York,43.683299,-79.302806,636793.9546,4838097.1169,At Intersection,Pedestrian Crossover,Rain,Daylight,Wet,62,East End-Danforth,62,East End-Danforth (62),Non-Fatal Injury,1,0,1,0,0,0,0,0,0,1,0,0,0,Pedestrian Collisions,"['Driver', 'Pedestrian']",North,"['Automobile, Station Wagon']",['Going Ahead'],['Failed to Yield Right of Way'],['Inattentive'],['Pedestrian hit a PXO/ped. Mid-block signal'],"['Crossing, Pedestrian Crossover']",['Normal'],[],[],[],D55,False,"['55 to 59', '10 to 14']",3.0
450834.0,2020-03-03 10:00:00,1532,2020,BLOOR ST W,BRENTWOOD RD S,Major Arterial,Etobicoke York,43.646804,-79.513545,619880.8399,4833717.8536,At Intersection,Stop Sign,Rain,Daylight,Wet,16,Stonegate-Queensway,16,Stonegate-Queensway (16),Non-Fatal Injury,1,0,1,0,0,0,0,1,0,0,0,0,0,Pedestrian Collisions,"['Driver', 'Passenger', 'Pedestrian']",North,"['Automobile, Station Wagon']",['Turning Left'],['Driving Properly'],['Normal'],['Vehicle turns left while ped crosses without ROW at inter.'],"['Crossing, no Traffic Control']",['Inattentive'],[],[],[],D22,False,"['35 to 39', '5 to 9', '25 to 29']",3.0
451712.0,2020-03-03 10:00:00,1726,2020,SCARLETT RD,EDENBRIDGE DR,Minor Arterial,Etobicoke York,43.680697,-79.508807,620195.3015,4837488.9678,At Intersection,Traffic Signal,Clear,Dark,Wet,9,Edenbridge-Humber Valley,9,Edenbridge-Humber Valley (9),Non-Fatal Injury,0,0,1,0,0,0,0,0,0,1,0,0,0,Turning Movement,['Driver'],East,"['Automobile, Station Wagon']","['Turning Left', 'Going Ahead', 'Stopped']","['Improper Turn', 'Driving Properly']",['Normal'],[],[],[],[],[],[],D22,False,"['65 to 69', '35 to 39', '50 to 54']",3.0
45664.0,2020-01-07 10:00:00,1850,2020,EGLINTON AVE E,PHARMACY AVE,Major Arterial,Scarborough,43.725577,-79.297481,637126.722,4842801.491,At Intersection,Traffic Signal,Clear,Dark,Dry,120,Clairlea-Birchmount,120,Clairlea-Birchmount (120),Non-Fatal Injury,0,0,1,0,0,0,0,1,0,1,0,0,0,Turning Movement,"['Driver', 'Passenger']",East,"['Automobile, Station Wagon']","['Turning Left', 'Going Ahead']","['Failed to Yield Right of Way', 'Driving Properly']","['Inattentive', 'Normal']",[],[],[],[],[],[],D41,False,"['35 to 39', '50 to 54', '20 to 24']",3.0
474338.0,2020-03-06 10:00:00,1352,2020,GERRARD ST E,MAIN ST,Minor Arterial,Toronto and East York,43.683879,-79.300121,637009.0479,4838165.9664,At Intersection,Traffic Signal,Clear,Daylight,Dry,62,East End-Danforth,62,East End-Danforth (62),Non-Fatal Injury,1,0,0,0,0,1,0,0,0,1,0,0,0,Pedestrian Collisions,"['Driver', 'Pedestrian']",West,"['Bus (Other) (Go Bus, Gray Coa']",['Turning Right'],['Failed to Yield Right of Way'],['Inattentive'],['Vehicle turns right while ped crosses with ROW at inter.'],['Crossing with right of way'],['Normal'],[],[],[],D55,False,"['60 to 64', '35 to 39']",3.0
484297.0,2020-03-07 10:00:00,1940,2020,HUMBER BLVD,LOUVAIN ST,Collector,Etobicoke York,43.68056,-79.482097,622348.5165,4837512.8061,At Intersection,No Control,Clear,"Dark, artificial",Dry,111,Rockcliffe-Smythe,111,Rockcliffe-Smythe (111),Non-Fatal Injury,0,0,0,0,0,1,0,1,0,0,0,0,0,Other,"['Driver', 'Passenger']",West,['Municipal Transit Bus (TTC)'],['Going Ahead'],['Driving Properly'],['Normal'],[],[],[],[],[],[],D12,False,"['40 to 44', '60 to 64']",3.0
488737.0,2020-03-08 09:00:00,1400,2020,NORTH BONNINGTON AVE,ZENITH DR,Local,Scarborough,43.712298,-79.264369,639824.5935,4841381.9896,Non Intersection,No Control,Clear,Daylight,Wet,120,Clairlea-Birchmount,120,Clairlea-Birchmount (120),Fatal,0,0,0,1,0,0,0,0,0,0,0,0,0,Other,['Motorcycle Driver'],South,['Motorcycle'],['Going Ahead'],['Lost control'],['Unknown'],[],[],[],[],[],[],D41,True,['20 to 24'],4.0
500879.0,2020-03-10 08:00:00,632,2020,ST CLAIR AVE W,CHRISTIE ST,Major Arterial,Toronto and East York,43.681639,-79.425678,626893.8612,4837717.4168,At Intersection,Traffic Signal,Rain,"Dark, artificial",Wet,94,Wychwood,94,Wychwood (94),Non-Fatal Injury,1,0,1,0,0,0,0,0,0,0,0,0,0,Pedestrian Collisions,"['Driver', 'Pedestrian']",North,"['Automobile, Station Wagon']",['Going Ahead'],['Driving Properly'],['Normal'],['Vehicle is going straight thru inter.while ped cross without ROW'],['Crossing without right of way'],['Inattentive'],[],[],[],D13,False,"['40 to 44', '20 to 24']",3.0
500922.0,2020-03-10 08:00:00,644,2020,FRONT ST E,PARLIAMENT ST,Minor Arterial,Toronto and East York,43.651496,-79.362697,632036.3952,4834467.9202,At Intersection,Traffic Signal,Rain,Dark,Wet,166,St Lawrence-East Bayfront-The Islands,77,Waterfront Communities-The Island (77),Non-Fatal Injury,1,0,1,0,0,0,0,0,0,1,0,0,0,Pedestrian Collisions,"['Driver', 'Pedestrian']",East,"['Automobile, Station Wagon']",['Turning Left'],['Failed to Yield Right of Way'],['Normal'],['Vehicle turns left while ped crosses with ROW at inter.'],['Crossing with right of way'],['Normal'],[],[],[],D51,False,"['35 to 39', '25 to 29']",3.0
522896.0,2020-03-13 08:00:00,27,2020,QUEEN ST E,BROADVIEW AVE,Major Arterial,Toronto and East York,43.658805,-79.349811,633059.4236,4835300.2661,At Intersection,Traffic Signal,Clear,"Dark, artificial",Dry,70,South Riverdale,70,South Riverdale (70),Non-Fatal Injury,1,0,1,0,0,0,0,0,0,1,0,1,0,Pedestrian Collisions,"['Driver', 'Pedestrian']",North,"['Automobile, Station Wagon']",['Turning Left'],['Failed to Yield Right of Way'],"['Ability Impaired, Alcohol Over .08']",['Vehicle turns left while ped crosses without ROW at inter.'],['Crossing without right of way'],['Normal'],[],[],[],D55,False,"['55 to 59', '20 to 24', '25 to 29']",3.0
540779.0,2020-03-15 08:00:00,1523,2020,BRIMLEY RD,KINGSTON RD,Major Arterial,Scarborough,43.718154,-79.240329,641747.5013,4842073.2194,At Intersection,Traffic Signal,Clear,Daylight,Dry,123,Cliffcrest,123,Cliffcrest (123),Non-Fatal Injury,0,1,1,0,0,0,0,1,0,0,0,0,0,Turning Movement,"['Cyclist', 'Driver', 'Passenger']",North,"['Bicycle', 'Automobile, Station Wagon']","['Turning Left', 'Going Ahead']",['Driving Properly'],['Normal'],[],[],[],['Cyclist turned left across motorists path.'],['Failed to Yield Right of Way'],['Unknown'],D43,False,"['50 to 54', '20 to 24']",3.0
562879.0,2020-03-18 08:00:00,2105,2020,KINGSTON RD,BEECHGROVE DR,Major Arterial,Scarborough,43.776423,-79.173526,646986.079,4848661.3156,Intersection Related,Traffic Signal,Rain,Dark,Wet,136,West Hill,136,West Hill (136),Non-Fatal Injury,1,0,1,0,0,0,0,1,0,0,0,0,0,Pedestrian Collisions,"['Driver', 'Pedestrian', 'Passenger']",North,"['Automobile, Station Wagon']",['Going Ahead'],['Other'],['Unknown'],['Vehicle is going straight thru inter.while ped cross without ROW'],['Crossing without right of way'],['Inattentive'],[],[],[],D43,False,"['unknown', '55 to 59', '20 to 24']",3.0