accident_number,date,time,year,street1,street2,road_class,district,latitude,longitude,x,y,accident_location,traffctl,visibility,light,road_surface_condition,hood_158,neighbourhood_new,hood_140,neighbourhood_old,accident_class,pedestrian,cyclist,automobile,motorcycle,truck,trsn_city_veh,emerg_veh,passenger,speeding,aggressive_driving,redlight,alcohol,disability,impact_type,involvement_type,initial_direction,vehicle_type,manoeuver,driver_action,driver_condition,pedestrian_type,pedestrian_action,pedestrian_condition,cyclist_type,cyclist_action,cyclist_condition,division,injury,involvement_age,injury_severity_score
886039.0,2006-01-09 10:00:00,1820,2006,FINCH AVE E,MIDDLEFIELD RD,Major Arterial,Scarborough,43.809817,-79.257663,640136.9673,4852224.3125,At Intersection,Traffic Signal,Clear,"Dark, artificial",Dry,129,Agincourt North,129,Agincourt North (129),Non-Fatal Injury,1,0,0,0,0,1,0,0,0,0,0,0,0,Pedestrian Collisions,"['Vehicle Owner', 'Driver', 'Pedestrian']",East,['Municipal Transit Bus (TTC)'],['Turning Right'],['Driving Properly'],['Normal'],['Pedestrian involved in a collision with transit vehicle anywhere along roadway'],['Crossing without right of way'],['Inattentive'],[],[],[],D42,False,"['unknown', '55 to 59', '50 to 54']",3.0
886175.0,2020-05-12 08:00:00,2109,2020,TAPSCOTT RD,MELFORD DR,Minor Arterial,Scarborough,43.807952,-79.234142,642033.2145,4852057.281,At Intersection,No Control,Clear,"Dark, artificial",Dry,145,Malvern West,132,Malvern (132),Fatal,0,0,0,1,0,0,0,0,0,0,0,0,0,SMV Other,['Motorcycle Driver'],North,['Motorcycle'],['Going Ahead'],['Lost control'],['Unknown'],[],[],[],[],[],[],D42,True,['30 to 34'],4.0
886230.0,2006-01-21 10:00:00,1829,2006,MIDLAND AVE,GOODLAND GT,Major Arterial,Scarborough,43.779345,-79.27559,638765.5901,4848809.7034,At Intersection,No Control,Clear,Dusk,Dry,128,Agincourt South-Malvern West,128,Agincourt South-Malvern West (128),Fatal,1,0,1,0,0,0,0,0,1,1,0,0,0,Pedestrian Collisions,"['Driver', 'Pedestrian']",West,"['Automobile, Station Wagon', 'Other']",['Going Ahead'],['Exceeding Speed Limit'],['Unknown'],['Pedestrian hit at mid-block'],"['Crossing, no Traffic Control']",['Normal'],[],[],[],D42,True,"['25 to 29', '40 to 44', '50 to 54']",4.0
886552.0,2006-01-15 10:00:00,1812,2006,3367 DUNDAS ST W,Not Applicable,Major Arterial,Toronto and East York,43.665545,-79.48289,622315.096,4835844.0217,Unknown,No Control,Clear,Dark,Dry,89,Runnymede-Bloor West Village,89,Runnymede-Bloor West Village (89),Non-Fatal Injury,1,0,1,0,0,0,0,0,0,0,0,0,0,Pedestrian Collisions,"['Driver', 'Pedestrian']",East,"['Automobile, Station Wagon', 'Other']",['Going Ahead'],['Driving Properly'],['Normal'],['Pedestrian hit at mid-block'],['Crossing without right of way'],['Medical or Physical Disability'],[],[],[],D11,False,"['25 to 29', '50 to 54']",3.0
886573.0,2006-01-14 10:00:00,2058,2006,EGLINTON AVE W,BRAEMAR AVE,Major Arterial,North York,43.704345,-79.40959,628142.2344,4840263.972,Unknown,No Control,Clear,Dark,Dry,100,Yonge-Eglinton,100,Yonge-Eglinton (100),Non-Fatal Injury,1,0,1,0,0,0,0,0,0,0,0,0,0,Pedestrian Collisions,"['Driver', 'Pedestrian']",East,"['Automobile, Station Wagon', 'Other']",['Going Ahead'],['Driving Properly'],['Normal'],['Vehicle is going straight thru inter.while ped cross without ROW'],"['Crossing, no Traffic Control']",['Normal'],[],[],[],D53,False,"['20 to 24', '25 to 29']",3.0
886747.0,2006-01-17 10:00:00,2200,2006,LAWRENCE AVE E,COLLINSGROVE RD,Minor Arterial,Scarborough,43.769145,-79.18279,646258.288,4847836.5722,At Intersection,Traffic Signal,Rain,Dark,Wet,136,West Hill,136,West Hill (136),Non-Fatal Injury,1,0,1,0,0,0,0,0,0,1,0,0,0,Pedestrian Collisions,"['Driver', 'Pedestrian']",South,"['Automobile, Station Wagon', 'Other']",['Turning Left'],['Failed to Yield Right of Way'],['Normal'],['Vehicle turns left while ped crosses with ROW at inter.'],['Crossing with right of way'],['Medical or Physical Disability'],[],[],[],D43,False,"['55 to 59', '60 to 64']",3.0
887039.0,2006-01-17 10:00:00,1940,2006,SHEPPARD AVE W,SENLAC RD,Major Arterial,North York,43.758945,-79.42259,626979.3512,4846308.0804,At Intersection,Traffic Signal,Rain,Dark,Wet,38,Lansing-Westgate,38,Lansing-Westgate (38),Non-Fatal Injury,1,0,1,0,0,0,0,0,0,0,0,0,0,Pedestrian Collisions,"['Driver', 'Pedestrian']",East,"['Automobile, Station Wagon', 'Other']",['Going Ahead'],['Driving Properly'],['Normal'],['Vehicle is going straight thru inter.while ped cross without ROW'],['Crossing without right of way'],['Normal'],[],[],[],D32,False,"['40 to 44', '55 to 59']",3.0
887237.0,2006-01-27 10:00:00,2046,2006,BLOOR ST W,CHRISTIE ST,Major Arterial,Toronto and East York,43.663545,-79.41839,627519.6119,4835719.0117,At Intersection,No Control,Clear,Dark,Dry,80,Palmerston-Little Italy,80,Palmerston-Little Italy (80),Non-Fatal Injury,1,0,1,0,0,0,0,0,1,1,0,0,0,Pedestrian Collisions,"['Vehicle Owner', 'Driver', 'Pedestrian']",East,"['Other', 'Automobile, Station Wagon', 'Taxi']","['Changing Lanes', 'Going Ahead']","['Driving Properly', 'Exceeding Speed Limit']","['Normal', 'Unknown']",['Vehicle is going straight thru inter.while ped cross without ROW'],"['Crossing, no Traffic Control']",['Normal'],[],[],[],D14,False,"['unknown', '20 to 24']",3.0
887427.0,2006-02-07 10:00:00,1330,2006,JANE ST,BRADLEY AVE,Major Arterial,Toronto and East York,43.663745,-79.49039,621714.0501,4835633.0781,Unknown,Pedestrian Crossover,Clear,Daylight,Dry,89,Runnymede-Bloor West Village,89,Runnymede-Bloor West Village (89),Non-Fatal Injury,1,0,1,0,0,0,0,0,0,0,0,0,0,Pedestrian Collisions,"['Driver', 'Pedestrian']",East,"['Automobile, Station Wagon', 'Other']",['Going Ahead'],['Other'],['Inattentive'],['Pedestrian hit a PXO/ped. Mid-block signal'],"['Crossing, Pedestrian Crossover']",['Normal'],[],[],[],D11,False,"['50 to 54', '80 to 84']",3.0
887568.0,2006-01-08 10:00:00,1507,2006,PARLIAMENT ST,FRONT ST E,Minor Arterial,Toronto and East York,43.651496,-79.362697,632036.3952,4834467.9202,At Intersection,Traffic Signal,Clear,Daylight,Dry,166,St Lawrence-East Bayfront-The Islands,77,Waterfront Communities-The Island (77),Non-Fatal Injury,0,0,1,0,0,0,0,0,0,1,1,0,0,Angle,"['Driver', 'Other Property Owner']",East,"['Automobile, Station Wagon', 'Passenger Van']",['Going Ahead'],"['Disobeyed Traffic Control', 'Driving Properly']",['Normal'],[],[],[],[],[],[],D51,False,"['40 to 44', '45 to 49', 'unknown']",3.0
887637.0,2006-02-08 10:00:00,1500,2006,CARLINGVIEW DR,DIXON RD,Major Arterial,Etobicoke York,43.686745,-79.59559,613188.8669,4838038.5765,Unknown,Traffic Signal,Clear,Daylight,Dry,1,West Humber-Clairville,1,West Humber-Clairville (1),Non-Fatal Injury,1,0,1,0,0,0,0,0,0,0,0,0,0,Pedestrian Collisions,"['Driver', 'Pedestrian']",North,"['Automobile, Station Wagon', 'Other']",['Turning Left'],['Driving Properly'],['Normal'],['Vehicle turns left while ped crosses without ROW at inter.'],['Crossing without right of way'],['Normal'],[],[],[],D23,False,"['50 to 54', '80 to 84']",3.0
888108.0,2006-02-12 10:00:00,845,2006,840 KENNEDY RD,Not Applicable,Major Arterial,Scarborough,43.735945,-79.26949,639357.1902,4843999.7112,Unknown,No Control,Clear,Daylight,Dry,125,Ionview,125,Ionview (125),Non-Fatal Injury,0,0,1,0,0,0,0,1,0,0,0,0,0,Approaching,"['Driver', 'Passenger']",South,"['Automobile, Station Wagon']",['Going Ahead'],"['Driving Properly', 'Lost control']",['Normal'],[],[],[],[],[],[],D41,False,"['40 to 44', '5 to 9', '25 to 29', '0 to 4', '30 to 34']",3.0
888231.0,2006-02-13 10:00:00,925,2006,GLENBURN AVE,TIAGO AVE,Local,Toronto and East York,43.712545,-79.30039,636922.1007,4841349.288,At Intersection,Stop Sign,Clear,Daylight,Dry,54,O'Connor-Parkview,54,O'Connor-Parkview (54),Non-Fatal Injury,1,0,1,0,0,0,0,0,0,1,0,0,0,Pedestrian Collisions,"['Pedestrian', 'Vehicle Owner', 'Driver']",North,"['Other', 'Automobile, Station Wagon']",['Turning Left'],['Failed to Yield Right of Way'],['Inattentive'],['Vehicle turns left while ped crosses with ROW at inter.'],['Crossing with right of way'],['Normal'],[],[],[],D55,False,"['55 to 59', 'unknown', '70 to 74']",3.0
888497.0,2006-02-15 10:00:00,935,2006,WESTWOOD AVE,WOODYCREST AVE,Local,Toronto and East York,43.687345,-79.34469,633409.0941,4838478.2472,At Intersection,Stop Sign,Clear,Daylight,Dry,59,Danforth East York,59,Danforth East York (59),Fatal,1,0,1,0,0,0,0,0,0,1,0,0,0,Pedestrian Collisions,"['Pedestrian', 'Vehicle Owner', 'Driver']",East,"['Other', 'Delivery Van']",['Turning Left'],['Failed to Yield Right of Way'],['Inattentive'],['Vehicle turns left while ped crosses with ROW at inter.'],['Crossing with right of way'],['Normal'],[],[],[],D55,True,"['70 to 74', 'unknown', '50 to 54']",4.0
888584.0,2020-05-13 08:00:00,945,2020,LAWRENCE AVE E,FERN MEADOW RD,Minor Arterial,Scarborough,43.771643,-79.171214,647183.8673,4848134.5282,Non Intersection,No Control,Clear,Daylight,Dry,136,West Hill,136,West Hill (136),Fatal,1,0,1,0,0,0,0,0,0,0,0,0,0,Pedestrian Collisions,"['Driver', 'Pedestrian', 'Other']",South,"['Pick Up Truck', 'Automobile, Station Wagon']","['Going Ahead', 'Parked']",['Lost control'],['Unknown'],['Pedestrian hit on sidewalk or shoulder'],['On Sidewalk or Shoulder'],['Normal'],[],[],[],D43,True,"['35 to 39', '75 to 79', 'unknown']",4.0
888639.0,2006-02-16 10:00:00,620,2006,2443 ISLINGTON AVE,Not Applicable,Major Arterial,Etobicoke York,43.725545,-79.56009,615975.1765,4842396.9106,Unknown,No Control,Snow,Daylight,Slush,4,Rexdale-Kipling,4,Rexdale-Kipling (4),Non-Fatal Injury,0,0,1,0,0,0,0,0,1,1,0,0,0,SMV Other,"['Driver', 'Other Property Owner']",North,"['Automobile, Station Wagon', 'Other']",['Going Ahead'],['Speed too Fast For Condition'],['Unknown'],[],[],[],[],[],[],D23,False,"['40 to 44', 'unknown']",3.0
889218.0,2006-02-20 10:00:00,1840,2006,NEILSON RD,MCLEVIN AVE,Minor Arterial,Scarborough,43.808145,-79.21999,643171.0541,4852103.1075,Unknown,No Control,Clear,Dusk,Dry,145,Malvern West,132,Malvern (132),Fatal,1,0,1,0,0,0,0,0,0,0,0,0,0,Pedestrian Collisions,"['Vehicle Owner', 'Driver', 'Pedestrian']",North,"['Other', 'Automobile, Station Wagon']",['Going Ahead'],['Driving Properly'],['Inattentive'],['Pedestrian hit at mid-block'],"['Crossing, no Traffic Control']",['Normal'],[],[],[],D42,True,"['unknown', '40 to 44', '80 to 84']",4.0
889323.0,2006-01-29 10:00:00,2130,2006,ST CLAIR AVE W,SPADINA RD,Major Arterial,Toronto and East York,43.684645,-79.41119,628055.242,4838073.5427,At Intersection,Traffic Signal,Rain,Dark,Wet,96,Casa Loma,96,Casa Loma (96),Non-Fatal Injury,1,0,1,0,0,0,0,0,0,1,0,0,0,Pedestrian Collisions,"['Driver', 'Pedestrian']",North,"['Automobile, Station Wagon', 'Other']",['Turning Left'],['Failed to Yield Right of Way'],['Normal'],['Vehicle turns left while ped crosses with ROW at inter.'],['Crossing with right of way'],['Normal'],[],[],[],D13,False,"['40 to 44', '65 to 69']",3.0
889773.0,2006-02-02 10:00:00,1421,2006,SPADINA AVE,NASSAU ST,Major Arterial,Toronto and East York,43.655845,-79.39919,629084.1552,4834893.5151,At Intersection,Traffic Signal,Clear,Daylight,Dry,78,Kensington-Chinatown,78,Kensington-Chinatown (78),Non-Fatal Injury,0,0,1,0,0,1,0,1,0,0,0,0,0,Turning Movement,"['Passenger', 'Driver', 'Vehicle Owner']",South,"['Other', 'Automobile, Station Wagon', 'Municipal Transit Bus (TTC)']","['Turning Left', 'Going Ahead']","['Improper Turn', 'Driving Properly']",['Normal'],[],[],[],[],[],[],D52,False,"['50 to 54', 'unknown', '40 to 44']",3.0
889954.0,2006-02-03 10:00:00,758,2006,BIRCHMOUNT RD,L AMOREAUX DR,Major Arterial,Scarborough,43.800645,-79.30709,636182.33,4851123.087,At Intersection,Traffic Signal,Rain,Daylight,Wet,148,East L'Amoreaux,117,L'Amoreaux (117),Non-Fatal Injury,1,0,1,0,0,0,0,0,0,1,0,0,0,Pedestrian Collisions,"['Driver', 'Pedestrian']",East,"['Automobile, Station Wagon', 'Other']",['Turning Left'],['Failed to Yield Right of Way'],['Normal'],['Vehicle turns left while ped crosses with ROW at inter.'],['Crossing with right of way'],['Normal'],[],[],[],D42,False,"['70 to 74', '15 to 19']",3.0
890013.0,2006-02-03 10:00:00,957,2006,ELLESMERE RD,BIRCHMOUNT RD,Major Arterial,Scarborough,43.763445,-79.29139,637530.5704,4847017.399,At Intersection,Traffic Signal,Rain,Daylight,Wet,119,Wexford/Maryvale,119,Wexford/Maryvale (119),Non-Fatal Injury,1,0,1,0,0,0,0,0,0,1,0,0,0,Pedestrian Collisions,"['Driver', 'Pedestrian']",North,"['Automobile, Station Wagon', 'Other']",['Turning Left'],['Failed to Yield Right of Way'],['Normal'],['Vehicle turns left while ped crosses without ROW at inter.'],['Running onto Roadway'],['Normal'],[],[],[],D41,False,"['50 to 54', '65 to 69']",3.0
890040.0,2006-02-24 10:00:00,837,2006,EGLINTON AVE W,RENFORTH DR,Major Arterial,Etobicoke York,43.666045,-79.58769,613864.7171,4835750.383,At Intersection,Traffic Signal,Clear,Daylight,Dry,11,Eringate-Centennial-West Deane,11,Eringate-Centennial-West Deane (11),Non-Fatal Injury,1,0,1,0,0,0,0,0,0,0,0,0,0,Pedestrian Collisions,"['Vehicle Owner', 'Driver', 'Pedestrian']",South,"['Other', 'Automobile, Station Wagon']",['Going Ahead'],['Driving Properly'],['Normal'],['Vehicle is going straight thru inter.while ped cross without ROW'],['Crossing without right of way'],['Normal'],[],[],[],D22,False,"['unknown', '35 to 39', '40 to 44']",3.0
890213.0,2006-02-25 10:00:00,1529,2006,AVENUE RD,ELGIN AVE,Major Arterial,Toronto and East York,43.671845,-79.39539,629356.209,4836676.4468,At Intersection,Traffic Signal,Clear,Daylight,Dry,95,Annex,95,Annex (95),Non-Fatal Injury,1,0,1,0,0,0,0,0,0,1,0,0,0,Pedestrian Collisions,"['Vehicle Owner', 'Driver', 'Pedestrian']",East,"['Other', 'Automobile, Station Wagon']",['Turning Left'],['Failed to Yield Right of Way'],['Normal'],['Vehicle turns left while ped crosses with ROW at inter.'],['Crossing with right of way'],['Unknown'],[],[],[],D53,False,"['unknown', '50 to 54', '55 to 59']",3.0
890220.0,2006-02-26 10:00:00,430,2006,ADELAIDE ST E,EASTERN DIVERSION AVE,Major Arterial,Toronto and East York,43.655345,-79.35519,632633.3124,4834907.3748,Unknown,No Control,Clear,Dark,Loose Snow,73,Moss Park,73,Moss Park (73),Non-Fatal Injury,0,0,1,0,0,0,0,1,1,1,0,0,0,SMV Other,"['Passenger', 'Vehicle Owner', 'Driver']",East,"['Other', 'Automobile, Station Wagon']","['Other', 'Going Ahead']",['Speed too Fast For Condition'],['Normal'],[],[],[],[],[],[],D51,False,"['15 to 19', 'unknown']",3.0
890325.0,2006-01-27 10:00:00,2301,2006,NORTH YORK BLVD,BEECROFT RD,Collector,North York,43.766545,-79.41429,627631.3335,4847164.9338,At Intersection,Pedestrian Crossover,Clear,Dark,Dry,38,Lansing-Westgate,38,Lansing-Westgate (38),Non-Fatal Injury,0,0,1,0,0,0,0,1,1,1,0,0,0,SMV Other,"['Passenger', 'Driver', 'Other Property Owner']",West,"['Other', 'Automobile, Station Wagon']",['Going Ahead'],['Lost control'],['Unknown'],[],[],[],[],[],[],D32,False,"['20 to 24', 'unknown']",3.0
890506.0,2006-02-27 10:00:00,501,2006,MARTIN GROVE RD,RACINE RD,Major Arterial,Etobicoke York,43.717145,-79.58259,614178.8933,4841432.7332,Unknown,No Control,Clear,Dark,Dry,1,West Humber-Clairville,1,West Humber-Clairville (1),Fatal,1,0,1,0,0,0,0,0,1,1,0,0,0,Pedestrian Collisions,"['Vehicle Owner', 'Driver', 'Pedestrian']",North,"['Other', 'Automobile, Station Wagon']",['Going Ahead'],['Improper Passing'],['Inattentive'],['Pedestrian hit at mid-block'],['Pushing/Working on Vehicle'],['Unknown'],[],[],[],D23,True,"['unknown', '25 to 29', '30 to 34']",4.0
890516.0,2006-02-21 10:00:00,1846,2006,BATHURST ST,ALLINGHAM GDNS,Major Arterial,North York,43.740545,-79.43479,626035.8737,4844245.8561,At Intersection,Stop Sign,Clear,Dark,Dry,38,Lansing-Westgate,38,Lansing-Westgate (38),Non-Fatal Injury,1,0,1,0,0,0,0,0,0,1,0,0,0,Pedestrian Collisions,"['Driver', 'Pedestrian']",West,"['Automobile, Station Wagon', 'Other']",['Turning Left'],['Failed to Yield Right of Way'],['Normal'],['Vehicle turns left while ped crosses with ROW at inter.'],['Crossing with right of way'],['Normal'],[],[],[],D32,False,"['55 to 59', '75 to 79']",3.0
890583.0,2006-02-08 10:00:00,745,2006,WOODSIDE AVE,RUNNYMEDE RD,Minor Arterial,Toronto and East York,43.657845,-79.47909,622637.1452,4834994.4455,At Intersection,Stop Sign,Clear,Daylight,Dry,88,High Park North,88,High Park North (88),Non-Fatal Injury,1,0,1,0,0,0,0,0,0,1,0,0,0,Pedestrian Collisions,"['Driver', 'Pedestrian']",South,"['Automobile, Station Wagon', 'Other']",['Turning Right'],['Failed to Yield Right of Way'],['Normal'],['Vehicle turns right while ped crosses with ROW at inter.'],['Crossing with right of way'],['Normal'],[],[],[],D11,False,"['30 to 34', '50 to 54']",3.0
890767.0,2006-02-28 10:00:00,1754,2006,RENFORTH DR,EGLINTON AVE W,Major Arterial,Etobicoke York,43.666645,-79.58739,613887.7696,4835817.4325,Unknown,No Control,Clear,Dark,Dry,11,Eringate-Centennial-West Deane,11,Eringate-Centennial-West Deane (11),Non-Fatal Injury,0,0,1,0,0,0,0,0,0,0,0,0,0,SMV Other,['Driver'],North,"['Automobile, Station Wagon']",['Going Ahead'],['Other'],['Unknown'],[],[],[],[],[],[],D22,False,['55 to 59'],3.0
891027.0,2006-02-11 10:00:00,1804,2006,UNDERHILL DR,CASSANDRA BLVD,Collector,North York,43.752745,-79.32639,634737.3121,4845771.4693,At Intersection,No Control,Clear,Dark,Dry,149,Parkwoods-O'Connor Hills,45,Parkwoods-Donalda (45),Non-Fatal Injury,0,1,1,0,0,0,0,0,0,0,0,0,0,Cyclist Collisions,"['Driver', 'Cyclist']",North,"['Automobile, Station Wagon', 'Bicycle']","['Turning Left', 'Going Ahead']",['Improper Turn'],['Inattentive'],[],[],[],['Motorist turned left across cyclists path.'],[],[],D33,False,"['65 to 69', '20 to 24']",3.0
891178.0,2006-02-14 10:00:00,520,2006,EGLINTON AVE W,BLACK CREEK DR,Major Arterial,Etobicoke York,43.688345,-79.48289,622268.7809,4838376.2658,At Intersection,Traffic Signal,Clear,Dark,Dry,110,Keelesdale-Eglinton West,110,Keelesdale-Eglinton West (110),Non-Fatal Injury,0,0,1,0,0,0,0,0,1,1,1,0,0,Angle,"['Vehicle Owner', 'Driver']",East,"['Other', 'Automobile, Station Wagon']","['Stopped', 'Going Ahead']","['Driving Properly', 'Disobeyed Traffic Control']","['Normal', 'Unknown']",[],[],[],[],[],[],D12,False,"['unknown', '40 to 44', '55 to 59', '35 to 39', '25 to 29']",3.0
891189.0,2006-02-12 10:00:00,856,2006,PAPE AVE,CANNING AVE,Major Arterial,Toronto and East York,43.682345,-79.34609,633307.3352,4837920.6767,Unknown,No Control,Clear,Daylight,Dry,66,Danforth,66,Danforth (66),Non-Fatal Injury,0,0,1,0,0,0,0,0,1,1,0,0,0,Rear End,"['Vehicle Owner', 'Driver', 'Other Property Owner']",South,"['Other', 'Automobile, Station Wagon']",['Going Ahead'],"['Following too Close', 'Speed too Fast For Condition']","['Fatigue', 'Normal']",[],[],[],[],[],[],D55,False,"['unknown', '50 to 54', '45 to 49']",3.0
891641.0,2006-02-16 10:00:00,2159,2006,DOVERCOURT RD,NORTHUMBERLAND ST,Minor Arterial,Toronto and East York,43.662545,-79.42979,626602.5633,4835590.4895,Unknown,No Control,Rain,Dark,Wet,172,Dovercourt Village,93,Dovercourt-Wallace Emerson-Junction (93),Non-Fatal Injury,1,0,1,0,0,0,0,0,0,1,0,0,0,Pedestrian Collisions,"['Vehicle Owner', 'Driver', 'Pedestrian']",South,"['Other', 'Automobile, Station Wagon']",['Other'],['Failed to Yield Right of Way'],['Had Been Drinking'],['Vehicle hits the pedestrian walking or running out from between parked vehicles at mid-block'],['Coming From Behind Parked Vehicle'],"['Ability Impaired, Alcohol']",[],[],[],D14,False,"['unknown', '50 to 54', '40 to 44']",3.0
891993.0,2006-03-06 10:00:00,2222,2006,F G GARDINER XY  W,PARK LAWN RD,Expressway,Etobicoke York,43.627745,-79.48149,622504.7837,4831647.9133,Unknown,No Control,Clear,Dark,Dry,161,Humber Bay Shores,17,Mimico (includes Humber Bay Shores) (17),Fatal,0,0,1,0,0,0,0,1,0,0,0,1,0,Sideswipe,"['Passenger', 'Driver', 'Vehicle Owner', 'Other Property Owner']",West,"['Other', 'Automobile, Station Wagon']","['Overtaking', 'Going Ahead']","['Lost control', 'Driving Properly']","['Ability Impaired, Alcohol Over .08', 'Normal']",[],[],[],[],[],[],D22,True,"['15 to 19', '20 to 24', '35 to 39', 'unknown', '25 to 29', '40 to 44']",4.0
892432.0,2006-02-28 10:00:00,2334,2006,DANFORTH RD,EGLINTON AVE E,Major Arterial,Scarborough,43.737045,-79.24619,641230.965,4844161.3379,Unknown,Traffic Signal,Clear,Dark,Dry,138,Eglinton East,138,Eglinton East (138),Non-Fatal Injury,1,0,1,0,0,0,0,0,0,0,0,0,0,Pedestrian Collisions,"['Vehicle Owner', 'Driver', 'Pedestrian']",West,"['Other', 'Automobile, Station Wagon']","['Unknown', 'Going Ahead', 'Other']",[],[],['Unknown'],[],[],[],[],[],D43,False,['unknown'],3.0
892453.0,2006-03-08 10:00:00,2018,2006,F G GARDINER XY E  E,KIPLING AVE,Major Arterial,Etobicoke York,43.618845,-79.52039,619384.1395,4830602.7941,Unknown,No Control,Clear,Dark,Dry,160,Mimico-Queensway,17,Mimico (includes Humber Bay Shores) (17),Fatal,0,0,1,0,0,0,0,1,0,0,0,0,0,Rear End,"['Passenger', 'Other', 'Driver']",East,"['Other', 'Automobile, Station Wagon']","['Parked', 'Going Ahead']",['Lost control'],['Inattentive'],[],[],[],[],[],[],D22,True,"['5 to 9', '40 to 44', 'unknown', '30 to 34']",4.0
892658.0,2006-03-11 10:00:00,852,2006,BLOOR ST W,DUNDAS ST W,Major Arterial,Toronto and East York,43.656345,-79.45249,624785.138,4834867.5098,At Intersection,Traffic Signal,Clear,Daylight,Dry,88,High Park North,88,High Park North (88),Fatal,1,0,1,0,0,0,0,0,0,1,0,0,0,Pedestrian Collisions,"['Driver', 'Pedestrian']",North,"['Automobile, Station Wagon', 'Other']",['Turning Left'],['Failed to Yield Right of Way'],['Unknown'],['Vehicle turns left while ped crosses with ROW at inter.'],['Crossing with right of way'],['Unknown'],[],[],[],D11,True,"['unknown', '65 to 69']",4.0
892682.0,2006-03-12 10:00:00,240,2006,EGLINTON AVE E,COMMONWEALTH AVE,Major Arterial,Scarborough,43.734945,-79.25619,640430.5835,4843911.1032,Unknown,No Control,Clear,Dark,Dry,124,Kennedy Park,138,Eglinton East (138),Fatal,1,0,1,0,0,0,0,0,0,0,0,1,0,Pedestrian Collisions,"['Driver', 'Pedestrian']",South,"['Automobile, Station Wagon', 'Other']",['Going Ahead'],['Other'],"['Ability Impaired, Alcohol']",['Pedestrian hit at mid-block'],"['Crossing, no Traffic Control']",['Normal'],[],[],[],D41,True,"['25 to 29', '30 to 34', '40 to 44']",4.0
892810.0,2006-03-11 10:00:00,915,2006,MORNINGSIDE AVE,SHEPPARD AVE E,Major Arterial,Scarborough,43.801943,-79.199786,644811.1227,4851449.4329,At Intersection,Traffic Signal,Clear,Daylight,Dry,146,Malvern East,132,Malvern (132),Fatal,0,0,1,1,0,0,0,0,0,1,1,0,0,Turning Movement,"['Motorcycle Driver', 'Driver']",East,"['Motorcycle', 'Automobile, Station Wagon']","['Turning Right', 'Going Ahead']","['Disobeyed Traffic Control', 'Driving Properly']",['Unknown'],[],[],[],[],[],[],D42,True,"['45 to 49', 'unknown']",4.0
892913.0,2006-03-12 10:00:00,1903,2006,OSSINGTON AVE,DUNDAS ST W,Major Arterial,Toronto and East York,43.649345,-79.42079,627356.1219,4834138.2293,At Intersection,Traffic Signal,Clear,Dark,Dry,81,Trinity-Bellwoods,81,Trinity-Bellwoods (81),Non-Fatal Injury,1,0,1,0,0,0,0,0,0,1,0,1,0,Pedestrian Collisions,"['Driver', 'Pedestrian']",East,"['Automobile, Station Wagon', 'Other']",['Turning Left'],['Failed to Yield Right of Way'],"['Ability Impaired, Alcohol Over .08']",['Vehicle turns left while ped crosses with ROW at inter.'],['Crossing with right of way'],['Normal'],[],[],[],D14,False,"['30 to 34', '25 to 29']",3.0
892999.0,2006-01-17 10:00:00,2350,2006,KING EDWARD AVE,BURRELL AVE,Local,Toronto and East York,43.690445,-79.31139,636085.9145,4838876.6566,Unknown,No Control,Rain,Dark,Wet,60,Woodbine-Lumsden,60,Woodbine-Lumsden (60),Non-Fatal Injury,1,0,1,0,0,0,0,0,0,0,0,0,0,Pedestrian Collisions,"['Vehicle Owner', 'Driver', 'Pedestrian']",North,"['Other', 'Automobile, Station Wagon']",['Other'],['Other'],['Unknown'],['Other / Undefined'],['Other'],['Unknown'],[],[],[],D55,False,"['unknown', '35 to 39', '40 to 44']",3.0
893071.0,2006-02-19 10:00:00,1508,2006,EGLINTON AVE E,SUTHERLAND DR,Major Arterial,North York,43.713045,-79.36719,631539.4818,4841296.6422,At Intersection,Traffic Signal,Clear,Daylight,Dry,56,Leaside-Bennington,56,Leaside-Bennington (56),Non-Fatal Injury,1,0,1,0,0,0,0,0,0,0,0,0,0,Pedestrian Collisions,"['Driver', 'Pedestrian']",South,"['Automobile, Station Wagon', 'Other']",['Going Ahead'],['Driving Properly'],['Normal'],['Vehicle is going straight thru inter.while ped cross without ROW'],['Crossing without right of way'],['Inattentive'],[],[],[],D53,False,"['45 to 49', '20 to 24']",3.0
893184.0,2006-01-01 10:00:00,236,2006,WOODBINE AVE,O CONNOR DR,Major Arterial,Toronto and East York,43.699595,-79.318797,635468.3685,4839880.7636,Intersection Related,No Control,Clear,Dark,Wet,60,Woodbine-Lumsden,60,Woodbine-Lumsden (60),Non-Fatal Injury,0,0,1,0,0,0,0,1,1,1,0,1,0,Approaching,"['Passenger', 'Driver', 'Vehicle Owner']",North,"['Automobile, Station Wagon']",['Going Ahead'],"['Driving Properly', 'Lost control']","['Normal', 'Ability Impaired, Alcohol Over .08']",[],[],[],[],[],[],D55,False,"['50 to 54', '15 to 19', '55 to 59', '20 to 24', 'unknown', '25 to 29']",3.0