accident_number,date,time,year,street1,street2,road_class,district,latitude,longitude,x,y,accident_location,traffctl,visibility,light,road_surface_condition,hood_158,neighbourhood_new,hood_140,neighbourhood_old,accident_class,pedestrian,cyclist,automobile,motorcycle,truck,trsn_city_veh,emerg_veh,passenger,speeding,aggressive_driving,redlight,alcohol,disability,impact_type,involvement_type,initial_direction,vehicle_type,manoeuver,driver_action,driver_condition,pedestrian_type,pedestrian_action,pedestrian_condition,cyclist_type,cyclist_action,cyclist_condition,division,injury,involvement_age,injury_severity_score
907409.0,2006-06-08 08:00:00,1543,2006,LAKE SHORE BLVD W,PARK LAWN RD,Major Arterial,Etobicoke York,43.622945,-79.48119,622538.7384,4831115.2564,At Intersection,Traffic Signal,Clear,Daylight,Dry,161,Humber Bay Shores,17,Mimico (includes Humber Bay Shores) (17),Non-Fatal Injury,0,0,1,0,0,0,0,1,0,0,0,0,0,Turning Movement,"['Passenger', 'Driver']",East,"['Other', 'Automobile, Station Wagon']","['Going Ahead', 'Turning Left']","['Driving Properly', 'Improper Turn']",['Normal'],[],[],[],[],[],[],D22,False,"['0 to 4', '60 to 64', '40 to 44']",3.0
907646.0,2006-06-10 08:00:00,934,2006,MIDLAND AVE,ROMULUS DR,Major Arterial,Scarborough,43.747045,-79.26339,639822.583,4845242.8118,Unknown,No Control,Clear,Daylight,Dry,157,Bendale South,127,Bendale (127),Fatal,0,0,1,0,0,0,0,1,0,1,0,0,0,SMV Other,"['Passenger', 'Driver']",South,"['Other', 'Automobile, Station Wagon']",['Going Ahead'],['Lost control'],['Normal'],[],[],[],[],[],[],D41,True,"['85 to 89', '75 to 79']",4.0
907762.0,2006-05-21 08:00:00,1024,2006,REXDALE BLVD,BERGAMOT AVE,Major Arterial,Etobicoke York,43.713345,-79.55969,616030.94,4841042.4905,At Intersection,Traffic Signal,Rain,Daylight,Wet,4,Rexdale-Kipling,4,Rexdale-Kipling (4),Non-Fatal Injury,0,0,1,0,0,0,0,0,0,0,0,0,0,Turning Movement,"['Driver', 'Vehicle Owner']",East,"['Automobile, Station Wagon', 'Other']","['Going Ahead', 'Turning Left', 'Stopped']","['Driving Properly', 'Improper Turn']",['Normal'],[],[],[],[],[],[],D23,False,"['50 to 54', 'unknown', '15 to 19', '45 to 49']",3.0
907900.0,2006-05-24 08:00:00,622,2006,RENFORTH DR,CONVAIR DR,Major Arterial,Etobicoke York,43.672145,-79.59329,613401.7374,4836420.1965,At Intersection,Traffic Signal,Clear,Daylight,Dry,NSA,NSA,NSA,NSA,Non-Fatal Injury,0,0,1,0,0,0,0,0,0,1,1,0,0,Turning Movement,['Driver'],North,"['Automobile, Station Wagon']","['Turning Left', 'Going Ahead']","['Driving Properly', 'Disobeyed Traffic Control']","['Normal', 'Inattentive']",[],[],[],[],[],[],NSA,False,"['45 to 49', '20 to 24']",3.0
908179.0,2006-03-18 10:00:00,2120,2006,STEELES AVE W,SHALE GT,Major Arterial,North York,43.783345,-79.48669,621769.819,4848921.7879,Unknown,No Control,Clear,Dark,Dry,27,York University Heights,27,York University Heights (27),Non-Fatal Injury,0,0,1,0,0,0,0,0,1,1,0,1,0,Approaching,['Driver'],East,"['Automobile, Station Wagon']","['Going Ahead', 'Making U Turn']","['Driving Properly', 'Failed to Yield Right of Way']","['Normal', 'Ability Impaired, Alcohol']",[],[],[],[],[],[],D31,False,"['25 to 29', '20 to 24']",3.0
908396.0,2006-06-14 08:00:00,556,2006,LAKE SHORE BLVD W,YONGE ST,Major Arterial,Toronto and East York,43.644045,-79.37579,630996.7261,4833619.6395,At Intersection,Traffic Signal,Clear,Daylight,Dry,166,St Lawrence-East Bayfront-The Islands,77,Waterfront Communities-The Island (77),Non-Fatal Injury,0,0,1,0,0,0,0,0,0,1,1,0,0,Angle,"['Driver', 'Vehicle Owner']",North,"['Automobile, Station Wagon']",['Going Ahead'],"['Disobeyed Traffic Control', 'Driving Properly']","['Unknown', 'Normal']",[],[],[],[],[],[],D52,False,"['55 to 59', 'unknown', '35 to 39']",3.0
908674.0,2006-06-15 08:00:00,941,2006,EGLINTON AVE E,REDPATH AVE,Major Arterial,Toronto and East York,43.707845,-79.39279,629488.3181,4840678.8013,At Intersection,Traffic Signal,Clear,Daylight,Dry,174,South Eglinton-Davisville,104,Mount Pleasant West (104),Non-Fatal Injury,1,0,1,0,0,0,0,0,0,1,0,0,0,Pedestrian Collisions,"['Driver', 'Pedestrian']",North,"['Automobile, Station Wagon', 'Other']",['Turning Left'],['Failed to Yield Right of Way'],['Normal'],['Vehicle turns left while ped crosses with ROW at inter.'],['Crossing with right of way'],['Normal'],[],[],[],D53,False,"['65 to 69', '80 to 84']",3.0
908702.0,2006-05-27 08:00:00,2358,2006,GOSFORD BLVD,ARTECH CRT,Collector,Etobicoke York,43.763345,-79.52119,619033.3971,4846650.3202,Unknown,No Control,Clear,Dark,Dry,24,Black Creek,24,Black Creek (24),Non-Fatal Injury,0,0,1,0,0,0,0,1,1,1,0,1,0,SMV Other,"['Passenger', 'Other Property Owner', 'Driver']",South,"['Other', 'Automobile, Station Wagon']",['Going Ahead'],['Exceeding Speed Limit'],"['Ability Impaired, Alcohol Over .08']",[],[],[],[],[],[],D31,False,"['10 to 14', '20 to 24', 'unknown', '25 to 29']",3.0
908832.0,2006-05-29 08:00:00,2149,2006,YONGE ST,LORD SEATON RD,Major Arterial,North York,43.752445,-79.40809,628160.4674,4845608.4918,Unknown,Traffic Signal,Clear,Dark,Dry,40,St.Andrew-Windfields,40,St.Andrew-Windfields (40),Non-Fatal Injury,0,0,1,0,0,0,0,1,0,0,0,0,0,Turning Movement,"['Passenger', 'Vehicle Owner', 'Driver']",North,"['Other', 'Automobile, Station Wagon']","['Turning Left', 'Going Ahead']","['Improper Turn', 'Driving Properly']","['Unknown', 'Normal']",[],[],[],[],[],[],D32,False,"['unknown', '30 to 34', '20 to 24']",3.0
909071.0,2006-06-18 08:00:00,2308,2006,REXDALE BLVD,QUEENS PLATE DR,Major Arterial,Etobicoke York,43.718845,-79.60229,612588.7734,4841594.5934,Unknown,No Control,Clear,Dark,Dry,1,West Humber-Clairville,1,West Humber-Clairville (1),Non-Fatal Injury,0,0,1,0,0,0,0,0,0,0,0,0,0,SMV Other,"['Vehicle Owner', 'Driver']",West,"['Other', 'Automobile, Station Wagon']",['Changing Lanes'],"['Lost control', 'Improper Lane Change']","['Normal', 'Unknown']",[],[],[],[],[],[],D23,False,"['unknown', '30 to 34']",3.0
909261.0,2006-06-19 08:00:00,1208,2006,LAKE SHORE BLVD W,FIFTH ST,Major Arterial,Etobicoke York,43.601245,-79.50299,620823.3265,4828673.2657,At Intersection,Traffic Signal,Clear,Daylight,Dry,18,New Toronto,18,New Toronto (18),Fatal,1,0,0,0,0,1,0,0,0,0,0,0,0,Pedestrian Collisions,"['Pedestrian', 'Vehicle Owner', 'Driver']",Unknown,"['Other', 'Municipal Transit Bus (TTC)']",['Going Ahead'],['Driving Properly'],['Normal'],['Pedestrian involved in a collision with transit vehicle anywhere along roadway'],['Crossing without right of way'],['Normal'],[],[],[],D22,True,"['85 to 89', 'unknown', '40 to 44']",4.0
909285.0,2020-05-16 08:00:00,1752,2020,RATHBURN RD,CENTENNIAL PARK RD,Minor Arterial,Etobicoke York,43.650893,-79.58118,614418.3512,4834076.5151,At Intersection,No Control,Clear,Daylight,Dry,11,Eringate-Centennial-West Deane,11,Eringate-Centennial-West Deane (11),Non-Fatal Injury,0,0,0,1,0,0,0,0,1,1,0,0,0,SMV Other,['Motorcycle Driver'],West,['Motorcycle'],['Going Ahead'],['Lost control'],['Normal'],[],[],[],[],[],[],D22,False,['20 to 24'],3.0
909380.0,2006-06-07 08:00:00,831,2006,2275 MARKHAM RD,FINCH Aven E,Major Arterial,Scarborough,43.811245,-79.24289,641321.8116,4852408.0428,Unknown,No Control,Clear,Daylight,Dry,129,Agincourt North,129,Agincourt North (129),Non-Fatal Injury,0,0,1,0,1,0,0,1,0,0,0,0,1,Approaching,"['Passenger', 'Vehicle Owner', 'Driver', 'Truck Driver']",North,"['Other', 'Automobile, Station Wagon', 'Truck - Open']",['Going Ahead'],"['Driving Properly', 'Lost control']","['Normal', 'Medical or Physical Disability']",[],[],[],[],[],[],D42,False,"['40 to 44', 'unknown', '55 to 59']",3.0
909409.0,2006-06-20 08:00:00,2055,2006,BARTLEY DR,TISDALE AVE,Collector,North York,43.722245,-79.30709,636360.3313,4842415.5678,At Intersection,Stop Sign,Clear,Dark,Dry,43,Victoria Village,43,Victoria Village (43),Fatal,0,0,1,1,0,0,0,1,1,1,0,0,0,SMV Unattended Vehicle,"['Vehicle Owner', 'Motorcycle Driver', 'Other', 'Passenger', 'Driver - Not Hit']",East,"['Other', 'Motorcycle', 'Automobile, Station Wagon']","['Going Ahead', 'Parked']",['Exceeding Speed Limit'],['Normal'],[],[],[],[],[],[],D55,True,"['unknown', '30 to 34', '20 to 24']",4.0
909606.0,2006-06-01 08:00:00,1203,2006,MCCOWAN RD,EGLINTON AVE E,Major Arterial,Scarborough,43.738845,-79.23839,641854.8409,4844374.5812,At Intersection,Traffic Signal,Clear,Daylight,Dry,138,Eglinton East,138,Eglinton East (138),Non-Fatal Injury,0,0,1,0,0,0,0,1,0,1,0,1,0,Turning Movement,"['Passenger', 'Driver']",North,"['Other', 'Automobile, Station Wagon']","['Going Ahead', 'Turning Left']","['Driving Properly', 'Failed to Yield Right of Way']","['Normal', 'Ability Impaired, Alcohol']",[],[],[],[],[],[],D43,False,"['15 to 19', '20 to 24', '25 to 29']",3.0
909646.0,2006-01-01 10:00:00,315,2006,DANFORTH AVE,WEST LYNN AVE,Major Arterial,Toronto and East York,43.684874,-79.316188,635711.8004,4838250.0562,Intersection Related,No Control,Snow,"Dark, artificial",Slush,64,Woodbine Corridor,64,Woodbine Corridor (64),Non-Fatal Injury,0,0,1,0,0,0,0,1,0,0,0,0,0,SMV Other,"['Passenger', 'Driver', 'Other Property Owner']",East,"['Automobile, Station Wagon']",['Changing Lanes'],['Lost control'],['Inattentive'],[],[],[],[],[],[],D55,False,"['10 to 14', '15 to 19', '20 to 24', 'unknown']",3.0
909657.0,2006-05-14 08:00:00,510,2006,FINCH AVE W,SENTINEL RD,Major Arterial,Etobicoke York,43.761045,-79.49999,620744.4819,4846425.5607,Unknown,Traffic Signal,Clear,"Dawn, artificial",Dry,27,York University Heights,27,York University Heights (27),Non-Fatal Injury,1,0,1,0,0,0,0,0,1,1,0,0,0,Pedestrian Collisions,"['Vehicle Owner', 'Driver', 'Pedestrian', 'Other Property Owner']",North,"['Other', 'Automobile, Station Wagon']","['Changing Lanes', 'Turning Left']","['Exceeding Speed Limit', 'Failed to Yield Right of Way']",['Normal'],['Pedestrian hit on sidewalk or shoulder'],['On Sidewalk or Shoulder'],['Normal'],[],[],[],D31,False,"['unknown', '20 to 24', '30 to 34', '25 to 29']",3.0
909745.0,2006-06-22 08:00:00,2210,2006,UNIVERSITY AVE,DUNDAS ST W,Major Arterial,Toronto and East York,43.655145,-79.38849,629948.4876,4834832.4723,At Intersection,No Control,Clear,Dark,Dry,78,Kensington-Chinatown,78,Kensington-Chinatown (78),Non-Fatal Injury,1,0,1,0,0,0,0,0,0,0,0,0,0,Pedestrian Collisions,"['Driver', 'Pedestrian']",North,"['Automobile, Station Wagon', 'Other']",['Going Ahead'],['Driving Properly'],['Normal'],['Pedestrian hit at mid-block'],['Running onto Roadway'],['Had Been Drinking'],[],[],[],D52,False,"['25 to 29', '30 to 34']",3.0
910258.0,2006-06-08 08:00:00,2340,2006,KING ST E,ST LAWRENCE ST,Major Arterial,Toronto and East York,43.656145,-79.35749,632446.0854,4834992.5515,Unknown,No Control,Rain,Dark,Wet,73,Moss Park,73,Moss Park (73),Non-Fatal Injury,0,0,0,1,0,0,0,0,0,0,0,0,0,SMV Other,['Motorcycle Driver'],East,['Motorcycle'],['Changing Lanes'],['Driving Properly'],['Normal'],[],[],[],[],[],[],D51,False,['50 to 54'],3.0
910277.0,2006-06-09 08:00:00,1704,2006,CREEKWOOD DR,SILVERSAND PL,Local,Scarborough,43.786545,-79.21999,643222.6542,4849704.0785,Unknown,No Control,Clear,Dark,Dry,135,Morningside,135,Morningside (135),Non-Fatal Injury,1,0,1,0,0,0,0,0,0,1,0,0,0,Pedestrian Collisions,"['Vehicle Owner', 'Driver', 'Pedestrian']",Unknown,"['Other', 'Automobile, Station Wagon']",['Reversing'],['Failed to Yield Right of Way'],['Normal'],['Vehicle is reversing and hits pedestrian'],"['Crossing, no Traffic Control']",['Normal'],[],[],[],D43,False,"['unknown', '25 to 29', '70 to 74']",3.0
910569.0,2006-06-11 08:00:00,1916,2006,THURODALE AVE,RENFIELD ST,Local,Etobicoke York,43.702245,-79.49909,620935.2159,4839896.2929,Unknown,No Control,Clear,Daylight,Dry,30,Brookhaven-Amesbury,30,Brookhaven-Amesbury (30),Non-Fatal Injury,0,0,0,1,0,0,0,0,0,0,0,0,0,SMV Other,"['Vehicle Owner', 'Motorcycle Driver']",East,"['Other', 'Motorcycle']",['Going Ahead'],['Lost control'],['Unknown'],[],[],[],[],[],[],D12,False,"['unknown', '25 to 29']",3.0
910787.0,2006-02-26 10:00:00,117,2006,LANSDOWNE AVE,DUNDAS ST W,Minor Arterial,Toronto and East York,43.650445,-79.43979,625821.5463,4834231.4154,Unknown,No Control,Snow,Dark,Wet,83,Dufferin Grove,83,Dufferin Grove (83),Non-Fatal Injury,0,0,1,0,0,0,0,1,1,1,0,0,0,SMV Other,"['Passenger', 'Vehicle Owner', 'Driver', 'Other Property Owner']",North,"['Other', 'Automobile, Station Wagon']",['Going Ahead'],['Lost control'],['Unknown'],[],[],[],[],[],[],D11,False,"['15 to 19', 'unknown', '20 to 24']",3.0
910951.0,2006-06-13 08:00:00,2124,2006,SILVERSTONE DR,ALBION RD,Major Arterial,Etobicoke York,43.742945,-79.60009,612720.7725,4844274.2278,At Intersection,Traffic Signal,Clear,Dark,Dry,1,West Humber-Clairville,1,West Humber-Clairville (1),Non-Fatal Injury,1,0,1,0,0,0,0,0,1,1,0,0,0,Pedestrian Collisions,"['Driver', 'Pedestrian']",East,"['Automobile, Station Wagon', 'Other']",['Turning Left'],['Failed to Yield Right of Way'],['Normal'],['Vehicle turns left while ped crosses with ROW at inter.'],['Crossing with right of way'],['Normal'],[],[],[],D23,False,"['30 to 34', '55 to 59']",3.0
911012.0,2006-06-14 08:00:00,1440,2006,KIPLING AVE,BETHRIDGE RD,Major Arterial,Etobicoke York,43.709145,-79.56549,615571.7626,4840567.9204,At Intersection,Traffic Signal,Clear,Daylight,Dry,1,West Humber-Clairville,1,West Humber-Clairville (1),Non-Fatal Injury,1,0,1,0,0,0,0,0,0,0,0,0,0,Pedestrian Collisions,"['Driver', 'Pedestrian']",South,"['Automobile, Station Wagon', 'Other']",['Going Ahead'],['Driving Properly'],['Unknown'],['Vehicle is going straight thru inter.while ped cross without ROW'],['Crossing without right of way'],['Inattentive'],[],[],[],D23,False,"['25 to 29', '40 to 44']",3.0
911228.0,2006-06-25 08:00:00,1729,2006,LAKE SHORE BLVD E,CHERRY ST,Major Arterial,Toronto and East York,43.648146,-79.354793,632681.1777,4834108.4654,At Intersection,Traffic Signal,Clear,Daylight,Dry,166,St Lawrence-East Bayfront-The Islands,77,Waterfront Communities-The Island (77),Non-Fatal Injury,0,0,0,1,0,0,0,1,1,1,0,0,0,SMV Other,"['Motorcycle Passenger', 'Motorcycle Driver']",East,"['Other', 'Motorcycle']",['Going Ahead'],['Speed too Fast For Condition'],['Unknown'],[],[],[],[],[],[],D51,False,['40 to 44'],3.0
911336.0,2006-06-28 08:00:00,1000,2006,BIRCHMOUNT RD,MODERN RD,Major Arterial,Scarborough,43.744045,-79.28349,638211.1238,4844875.8844,Unknown,Stop Sign,Clear,Daylight,Dry,119,Wexford/Maryvale,119,Wexford/Maryvale (119),Non-Fatal Injury,0,1,1,0,0,0,0,0,0,0,0,0,0,Cyclist Collisions,"['Vehicle Owner', 'Driver', 'Cyclist']",East,"['Other', 'Automobile, Station Wagon', 'Bicycle']","['Going Ahead', 'Turning Right']",['Driving Properly'],['Normal'],[],[],[],['Cyclist turns right across motorists path'],['Failed to Yield Right of Way'],['Inattentive'],D41,False,"['unknown', '45 to 49', '30 to 34']",3.0
911355.0,2006-06-17 08:00:00,1325,2006,SHUTER ST,BERKELEY ST,Minor Arterial,Toronto and East York,43.656645,-79.36629,631735.384,4835034.074,At Intersection,No Control,Clear,Daylight,Dry,73,Moss Park,73,Moss Park (73),Non-Fatal Injury,0,1,1,0,0,0,0,0,0,0,0,0,0,Cyclist Collisions,"['Driver', 'Cyclist']",East,"['Automobile, Station Wagon', 'Bicycle']","['Going Ahead', 'Turning Right']",['Driving Properly'],['Normal'],[],[],[],['Cyclist turns right across motorists path'],['Failed to Yield Right of Way'],['Normal'],D51,False,"['50 to 54', '25 to 29']",3.0
911449.0,2006-06-20 08:00:00,2048,2006,EGLINTON Aven W,OLD FOREST HILL Road,Major Arterial,North York,43.701345,-79.42379,627004.4382,4839908.9293,Unknown,Traffic Signal,Clear,Dark,Dry,101,Forest Hill South,101,Forest Hill South (101),Non-Fatal Injury,0,0,1,0,0,0,0,0,1,1,0,1,0,Approaching,"['Driver', 'Vehicle Owner']",East,"['Automobile, Station Wagon', 'Other']","['Overtaking', 'Going Ahead', 'Unknown']","['Improper Passing', 'Driving Properly']","['Ability Impaired, Alcohol', 'Normal']",[],[],[],[],[],[],D13,False,"['30 to 34', '35 to 39', 'unknown', '65 to 69']",3.0
911521.0,2006-06-29 08:00:00,954,2006,WESTON RD,JASPER AVE,Minor Arterial,Etobicoke York,43.683745,-79.48249,622310.3668,4837865.9635,Unknown,No Control,Clear,Daylight,Dry,111,Rockcliffe-Smythe,111,Rockcliffe-Smythe (111),Non-Fatal Injury,0,1,1,0,0,0,0,0,0,0,0,0,0,Cyclist Collisions,"['Vehicle Owner', 'Driver', 'Cyclist']",East,"['Other', 'Automobile, Station Wagon', 'Bicycle']","['Turning Left', 'Going Ahead']",['Improper Turn'],['Inattentive'],[],[],[],['Motorist turned left across cyclists path.'],['Driving Properly'],['Normal'],D12,False,"['unknown', '70 to 74', '60 to 64']",3.0
911524.0,2006-06-18 08:00:00,2210,2006,ST CLAIR AVE E,WESTBOURNE AVE,Major Arterial,Scarborough,43.709345,-79.29289,637533.6339,4841006.2985,At Intersection,Traffic Signal,Clear,Dark,Dry,120,Clairlea-Birchmount,120,Clairlea-Birchmount (120),Non-Fatal Injury,0,1,1,0,0,0,0,0,0,1,1,0,0,Cyclist Collisions,"['Vehicle Owner', 'Driver', 'Cyclist']",North,"['Other', 'Automobile, Station Wagon', 'Bicycle']","['Turning Right', 'Going Ahead']",['Disobeyed Traffic Control'],['Normal'],[],[],[],['Motorist turning right on red at signalized intersection strikes cyclist.'],['Driving Properly'],['Normal'],D41,False,"['unknown', '35 to 39', '15 to 19']",3.0
911540.0,2006-06-30 08:00:00,50,2006,LAWRENCE AVE E,TOWER DR,Major Arterial,Scarborough,43.744545,-79.29829,637018.2932,4844906.8306,Unknown,Stop Sign,Clear,Dark,Dry,119,Wexford/Maryvale,119,Wexford/Maryvale (119),Non-Fatal Injury,0,0,1,0,0,0,0,1,1,1,0,0,0,SMV Other,"['Other Property Owner', 'Passenger', 'Vehicle Owner', 'Driver']",West,"['Other', 'Automobile, Station Wagon']",['Turning Right'],['Exceeding Speed Limit'],['Unknown'],[],[],[],[],[],[],D41,False,"['unknown', '20 to 24', '15 to 19']",3.0
911757.0,2006-05-11 08:00:00,700,2006,YONGE ST,DELISLE AVE,Major Arterial,Toronto and East York,43.689145,-79.39459,629383.5104,4838599.0954,At Intersection,Stop Sign,Rain,Daylight,Wet,97,Yonge-St.Clair,97,Yonge-St.Clair (97),Non-Fatal Injury,0,0,1,1,0,0,0,0,0,1,0,0,0,Turning Movement,"['Motorcycle Driver', 'Driver']",East,"['Motorcycle', 'Automobile, Station Wagon']","['Going Ahead', 'Turning Left']","['Driving Properly', 'Failed to Yield Right of Way']",['Normal'],[],[],[],[],[],[],D53,False,['25 to 29'],3.0
911791.0,2006-06-06 08:00:00,1530,2006,YONGE ST,DAVENPORT RD,Major Arterial,Toronto and East York,43.673345,-79.38809,629941.4699,4836854.4518,At Intersection,No Control,Clear,Daylight,Dry,95,Annex,95,Annex (95),Non-Fatal Injury,0,1,1,0,0,0,0,0,0,0,0,0,0,Cyclist Collisions,"['Driver', 'Cyclist']",North,"['Automobile, Station Wagon', 'Bicycle']","['Turning Right', 'Going Ahead']",['Driving Properly'],['Unknown'],[],[],[],"['Motorist turns right at non-signal Inter.(stop, yield, no cont.,and dwy) and strikes cyclist.']",['Driving Properly'],['Unknown'],D53,False,"['unknown', '40 to 44']",3.0
911839.0,2006-06-18 08:00:00,215,2006,WOODBINE AVE,DANFORTH AVE,Major Arterial,Toronto and East York,43.685645,-79.31279,635983.9332,4838341.2529,At Intersection,Traffic Signal,Clear,Dark,Dry,64,Woodbine Corridor,64,Woodbine Corridor (64),Non-Fatal Injury,0,1,1,0,0,0,0,0,0,1,0,1,0,Cyclist Collisions,"['Driver', 'Cyclist']",North,"['Automobile, Station Wagon', 'Bicycle']","['Turning Left', 'Going Ahead']",['Failed to Yield Right of Way'],"['Ability Impaired, Alcohol']",[],[],[],['Motorist turned left across cyclists path.'],[],[],D55,False,"['20 to 24', '15 to 19']",3.0
911913.0,2006-07-04 08:00:00,1624,2006,DON MILLS RD,VAN HORNE AVE,Major Arterial,North York,43.787345,-79.35299,632519.3664,4849571.4029,At Intersection,Traffic Signal,Clear,Daylight,Dry,47,Don Valley Village,47,Don Valley Village (47),Non-Fatal Injury,0,0,1,0,1,0,0,0,0,1,1,0,0,Angle,"['Vehicle Owner', 'Truck Driver', 'Driver']",East,"['Other', 'Truck - Open', 'Automobile, Station Wagon']",['Going Ahead'],"['Disobeyed Traffic Control', 'Driving Properly']",['Normal'],[],[],[],[],[],[],D33,False,"['unknown', '30 to 34', '60 to 64']",3.0
911915.0,2006-07-04 08:00:00,1827,2006,LAKE SHORE BLVD W,SECOND ST,Major Arterial,Etobicoke York,43.602045,-79.49909,621136.492,4828767.7956,Unknown,No Control,Clear,Daylight,Dry,18,New Toronto,18,New Toronto (18),Non-Fatal Injury,1,0,1,0,0,0,0,0,0,0,0,0,0,Pedestrian Collisions,"['Driver', 'Pedestrian']",Unknown,"['Automobile, Station Wagon', 'Other']","['Reversing', 'Other']",[],[],['Unknown'],[],[],[],[],[],D22,False,['unknown'],3.0
911964.0,2006-06-17 08:00:00,1755,2006,FINCH AVE E,YONGE ST,Major Arterial,North York,43.780045,-79.41399,627626.7599,4848664.777,Unknown,No Control,Clear,Daylight,Dry,151,Yonge-Doris,51,Willowdale East (51),Non-Fatal Injury,1,0,1,0,0,0,0,0,0,0,0,0,0,Pedestrian Collisions,"['Vehicle Owner', 'Driver', 'Pedestrian']",East,"['Other', 'Automobile, Station Wagon']",['Going Ahead'],['Driving Properly'],['Normal'],['Pedestrian hit at mid-block'],"['Crossing, no Traffic Control']",['Normal'],[],[],[],D32,False,"['unknown', '35 to 39', '45 to 49']",3.0
911972.0,2006-06-18 08:00:00,2105,2006,BLOOR ST W,AVENUE RD,Major Arterial,Toronto and East York,43.668845,-79.39369,629499.7083,4836345.9089,Unknown,No Control,Clear,"Dusk, artificial",Dry,95,Annex,95,Annex (95),Non-Fatal Injury,0,1,1,0,0,0,0,0,0,1,0,0,0,Cyclist Collisions,"['Vehicle Owner', 'Driver', 'Cyclist']",East,"['Other', 'Automobile, Station Wagon', 'Bicycle']","['Overtaking', 'Going Ahead']",['Improper Passing'],['Inattentive'],[],[],[],['Cyclist and Driver travelling in same direction. One vehicle sideswipes the other.'],['Driving Properly'],['Normal'],D53,False,"['unknown', '45 to 49', '65 to 69']",3.0
911973.0,2006-06-19 08:00:00,1700,2006,SHEPPARD AVE W,FAYWOOD BLVD,Major Arterial,North York,43.752645,-79.45189,624633.799,4845563.867,Unknown,Traffic Signal,Clear,Daylight,Dry,33,Clanton Park,33,Clanton Park (33),Non-Fatal Injury,1,0,1,0,0,0,0,0,0,0,0,0,0,Pedestrian Collisions,"['Driver', 'Pedestrian']",North,"['Automobile, Station Wagon', 'Other']",['Turning Right'],['Driving Properly'],['Normal'],['Vehicle turns right while ped crosses without ROW at inter.'],['Crossing without right of way'],['Normal'],[],[],[],D32,False,['50 to 54'],3.0
912231.0,2006-05-24 08:00:00,1915,2006,30 CARLTON ST,Not Applicable,Major Arterial,Toronto and East York,43.661345,-79.38179,630475.3364,4835531.5791,Unknown,No Control,Clear,Daylight,Dry,168,Downtown Yonge East,75,Church-Yonge Corridor (75),Non-Fatal Injury,0,1,1,0,0,0,0,0,0,0,0,0,0,Cyclist Collisions,"['Vehicle Owner', 'Driver', 'Cyclist']",West,"['Other', 'Automobile, Station Wagon', 'Bicycle']","['Parked', 'Going Ahead']",['Other'],['Normal'],[],[],[],['Cyclist struck opened vehicle door'],['Driving Properly'],['Normal'],D51,False,"['unknown', '50 to 54', '25 to 29']",3.0
912714.0,2006-07-07 08:00:00,127,2006,HARBOUR ST,YORK ST,Major Arterial,Toronto and East York,43.640945,-79.38069,630608.2416,4833267.6217,At Intersection,Traffic Signal,Clear,Dark,Dry,165,Harbourfront-CityPlace,77,Waterfront Communities-The Island (77),Non-Fatal Injury,0,0,1,0,0,0,0,1,0,1,1,0,0,Angle,"['Passenger', 'Driver']",East,"['Other', 'Automobile, Station Wagon']",['Going Ahead'],"['Driving Properly', 'Disobeyed Traffic Control']","['Normal', 'Had Been Drinking']",[],[],[],[],[],[],D52,False,"['20 to 24', '25 to 29']",3.0
912782.0,2006-07-08 08:00:00,1650,2006,REES ST,LAKE SHORE BLVD W,Major Arterial,Toronto and East York,43.639445,-79.38679,630119.4683,4833091.4463,At Intersection,Traffic Signal,Clear,Daylight,Dry,165,Harbourfront-CityPlace,77,Waterfront Communities-The Island (77),Non-Fatal Injury,0,0,1,0,0,0,0,1,0,1,0,0,0,Angle,"['Driver', 'Passenger']",East,"['Automobile, Station Wagon', 'Other']",['Going Ahead'],"['Driving Properly', 'Failed to Yield Right of Way']",['Normal'],[],[],[],[],[],[],D52,False,"['25 to 29', '5 to 9', '30 to 34']",3.0
912859.0,2006-07-09 08:00:00,1823,2006,LAKE SHORE BLVD W,BATHURST ST,Major Arterial,Toronto and East York,43.636445,-79.39959,629093.45,4832738.2708,At Intersection,Traffic Signal,Clear,Daylight,Dry,165,Harbourfront-CityPlace,77,Waterfront Communities-The Island (77),Non-Fatal Injury,0,0,1,0,0,0,0,1,0,1,1,0,0,Turning Movement,"['Driver', 'Passenger', 'Vehicle Owner']",East,"['Automobile, Station Wagon', 'Other']","['Going Ahead', 'Turning Left']","['Driving Properly', 'Disobeyed Traffic Control']",['Normal'],[],[],[],[],[],[],D14,False,"['35 to 39', '20 to 24', 'unknown']",3.0
912860.0,2006-04-25 08:00:00,119,2006,MILNER AVE,AUTO MALL DR,Minor Arterial,Scarborough,43.800045,-79.19079,645539.3882,4851254.4115,Unknown,No Control,Clear,Dark,Dry,144,Morningside Heights,131,Rouge (131),Non-Fatal Injury,0,0,1,0,0,0,0,1,1,1,0,1,0,SMV Other,"['Passenger', 'Vehicle Owner', 'Driver']",East,"['Other', 'Automobile, Station Wagon']",['Going Ahead'],['Lost control'],"['Ability Impaired, Alcohol']",[],[],[],[],[],[],D42,False,"['25 to 29', '20 to 24', 'unknown']",3.0
913040.0,2006-07-10 08:00:00,1758,2006,QUEEN ST E,NEVILLE BLVD,Minor Arterial,Toronto and East York,43.673845,-79.28189,638501.5569,4837081.8322,Unknown,Stop Sign,Clear,Daylight,Dry,63,The Beaches,63,The Beaches (63),Non-Fatal Injury,1,0,1,0,0,0,0,0,0,0,0,0,0,Pedestrian Collisions,"['Driver', 'Pedestrian']",East,"['Automobile, Station Wagon', 'Other']",['Going Ahead'],['Driving Properly'],['Normal'],['Vehicle is going straight thru inter.while ped cross without ROW'],['Crossing without right of way'],['Inattentive'],[],[],[],D55,False,['85 to 89'],3.0