accident_number,date,time,year,street1,street2,road_class,district,latitude,longitude,x,y,accident_location,traffctl,visibility,light,road_surface_condition,hood_158,neighbourhood_new,hood_140,neighbourhood_old,accident_class,pedestrian,cyclist,automobile,motorcycle,truck,trsn_city_veh,emerg_veh,passenger,speeding,aggressive_driving,redlight,alcohol,disability,impact_type,involvement_type,initial_direction,vehicle_type,manoeuver,driver_action,driver_condition,pedestrian_type,pedestrian_action,pedestrian_condition,cyclist_type,cyclist_action,cyclist_condition,division,injury,involvement_age,injury_severity_score
918102.0,2006-07-14 08:00:00,920,2006,DUFFERIN ST,DUNDAS ST W,Minor Arterial,Toronto and East York,43.649645,-79.43139,626500.6418,4834155.3354,At Intersection,Traffic Signal,Clear,Daylight,Dry,84,Little Portugal,84,Little Portugal (84),Non-Fatal Injury,0,1,1,0,0,0,0,0,1,1,1,0,0,Cyclist Collisions,"['Vehicle Owner', 'Driver', 'Cyclist']",East,"['Other', 'Automobile, Station Wagon', 'Bicycle']",['Going Ahead'],['Disobeyed Traffic Control'],['Inattentive'],[],[],[],"['Motorist without ROW drives into path of cyclist at inter, lnwy, dwy-Driver not turn.']",['Driving Properly'],['Normal'],D14,False,"['unknown', '20 to 24', '25 to 29']",3.0
918124.0,2006-07-14 08:00:00,1310,2006,BURNHAMTHORPE RD,OLD BURNHAMTHORPE RD,Major Arterial,Etobicoke York,43.642845,-79.57469,614957.0804,4833191.652,At Intersection,No Control,Clear,Daylight,Dry,11,Eringate-Centennial-West Deane,11,Eringate-Centennial-West Deane (11),Non-Fatal Injury,1,0,0,0,0,1,0,0,0,0,0,0,0,Pedestrian Collisions,"['Vehicle Owner', 'Driver', 'Pedestrian']",East,"['Other', 'Municipal Transit Bus (TTC)']",['Going Ahead'],['Driving Properly'],['Normal'],['Pedestrian involved in a collision with transit vehicle anywhere along roadway'],['Other'],['Had Been Drinking'],[],[],[],D22,False,"['unknown', '35 to 39', '60 to 64']",3.0
918129.0,2006-07-17 08:00:00,1958,2006,BATHURST ST,RICHMOND ST W,Major Arterial,Toronto and East York,43.646445,-79.40379,628733.3036,4833842.3764,At Intersection,Traffic Signal,Clear,Daylight,Dry,162,West Queen West,82,Niagara (82),Non-Fatal Injury,0,0,1,1,0,0,0,0,1,1,0,0,0,Angle,"['Motorcycle Driver', 'Driver']",North,"['Motorcycle', 'Automobile, Station Wagon']",['Going Ahead'],"['Other', 'Driving Properly']","['Unknown', 'Normal']",[],[],[],[],[],[],D14,False,"['25 to 29', '55 to 59']",3.0
918360.0,2006-07-18 08:00:00,1020,2006,YONGE ST,LORD SEATON RD,Major Arterial,North York,43.752445,-79.40809,628160.4674,4845608.4918,At Intersection,Traffic Signal,Clear,Daylight,Dry,40,St.Andrew-Windfields,40,St.Andrew-Windfields (40),Non-Fatal Injury,0,0,1,0,0,0,0,1,0,1,0,0,0,Rear End,"['Passenger', 'Driver']",South,"['Other', 'Automobile, Station Wagon']","['Stopped', 'Going Ahead']","['Failed to Yield Right of Way', 'Driving Properly']","['Normal', 'Inattentive']",[],[],[],[],[],[],D32,False,"['35 to 39', '40 to 44', '50 to 54', '30 to 34', '45 to 49']",3.0
918378.0,2006-07-20 08:00:00,1623,2006,EGLINTON AVE W,LLOYD MANOR RD,Major Arterial,Etobicoke York,43.675745,-79.55709,616313.0623,4836870.1463,Unknown,No Control,Rain,Daylight,Wet,10,Princess-Rosethorn,10,Princess-Rosethorn (10),Non-Fatal Injury,0,0,1,1,0,0,0,0,0,0,0,0,0,Sideswipe,"['Motorcycle Driver', 'Driver']",East,"['Motorcycle', 'Automobile, Station Wagon']","['Going Ahead', 'Changing Lanes']","['Driving Properly', 'Improper Lane Change']","['Normal', 'Unknown']",[],[],[],[],[],[],D22,False,"['40 to 44', 'unknown']",3.0
918595.0,2006-08-15 08:00:00,829,2006,1233 THE QUEENSWAY,Not Applicable,Major Arterial,Etobicoke York,43.615445,-79.55059,616953.9866,4830182.2063,Unknown,No Control,Clear,Daylight,Dry,159,Etobicoke City Centre,14,Islington-City Centre West (14),Non-Fatal Injury,0,0,1,0,1,0,0,0,0,1,0,0,0,Approaching,"['Vehicle Owner', 'Driver', 'Truck Driver']",East,"['Other', 'Automobile, Station Wagon', 'Truck - Open']","['Going Ahead', 'Stopped']","['Improper Passing', 'Driving Properly']",['Normal'],[],[],[],[],[],[],D22,False,"['unknown', '40 to 44', '20 to 24', '35 to 39', '60 to 64']",3.0
918634.0,2006-08-15 08:00:00,1519,2006,MCCOWAN RD,SANDHURST CRCL,Major Arterial,Scarborough,43.811645,-79.26919,639205.588,4852407.8828,At Intersection,Traffic Signal,Clear,Daylight,Dry,129,Agincourt North,129,Agincourt North (129),Non-Fatal Injury,0,0,1,0,0,0,0,0,0,0,0,0,0,Turning Movement,['Driver'],East,"['Automobile, Station Wagon']","['Going Ahead', 'Stopped', 'Turning Left']","['Driving Properly', 'Improper Turn']",['Normal'],[],[],[],[],[],[],D42,False,"['25 to 29', '40 to 44', '65 to 69']",3.0
918693.0,2006-07-22 08:00:00,640,2006,RICHMOND ST E,PARLIAMENT ST,Major Arterial,Toronto and East York,43.654545,-79.36399,631925.4468,4834804.4954,At Intersection,Traffic Signal,Clear,Daylight,Dry,73,Moss Park,73,Moss Park (73),Non-Fatal Injury,0,0,1,0,0,1,0,0,0,1,1,0,0,Angle,"['Driver', 'Vehicle Owner']",North,"['Automobile, Station Wagon', 'Other', 'Municipal Transit Bus (TTC)']",['Going Ahead'],"['Disobeyed Traffic Control', 'Driving Properly']","['Inattentive', 'Normal']",[],[],[],[],[],[],D51,False,"['50 to 54', 'unknown', '40 to 44']",3.0
918775.0,2006-07-24 08:00:00,1428,2006,STEELES AVE W,ALNESS ST,Major Arterial,North York,43.784645,-79.48109,622217.7824,4849074.4251,At Intersection,Traffic Signal,Clear,Daylight,Dry,27,York University Heights,27,York University Heights (27),Non-Fatal Injury,0,0,1,0,0,0,0,1,0,0,0,0,0,Sideswipe,"['Vehicle Owner', 'Driver', 'Passenger']",North,"['Other', 'Automobile, Station Wagon']","['Stopped', 'Turning Right', 'Going Ahead']","['Driving Properly', 'Improper Lane Change']","['Unknown', 'Inattentive', 'Normal']",[],[],[],[],[],[],D32,False,"['unknown', '35 to 39', '15 to 19', '20 to 24', '60 to 64']",3.0
919141.0,2006-08-17 08:00:00,1828,2006,RICHMOND ST E,PARLIAMENT ST,Major Arterial,Toronto and East York,43.655045,-79.36209,632077.5655,4834863.0496,Unknown,No Control,Clear,Dark,Dry,73,Moss Park,73,Moss Park (73),Non-Fatal Injury,1,0,1,0,0,0,0,0,0,0,0,0,0,Pedestrian Collisions,"['Vehicle Owner', 'Driver', 'Pedestrian']",North,"['Other', 'Automobile, Station Wagon']",['Turning Right'],['Driving Properly'],['Normal'],['Pedestrian hit on sidewalk or shoulder'],['On Sidewalk or Shoulder'],['Had Been Drinking'],[],[],[],D51,False,"['unknown', '40 to 44', '60 to 64']",3.0
919231.0,2006-07-24 08:00:00,2348,2006,DON MILLS RD,DON VALLEY PARKWAY S  S,Major Arterial,Toronto and East York,43.700245,-79.33769,633944.5397,4839922.2581,Unknown,No Control,Clear,Dark,Dry,58,Old East York,58,Old East York (58),Non-Fatal Injury,0,0,1,0,0,0,0,1,0,0,0,1,0,Approaching,"['Driver', 'Passenger', 'Vehicle Owner']",North,"['Automobile, Station Wagon', 'Other']","['Other', 'Going Ahead']","['Other', 'Driving Properly']","['Ability Impaired, Alcohol Over .08', 'Normal']",[],[],[],[],[],[],D55,False,"['30 to 34', '25 to 29', 'unknown']",3.0
919330.0,2006-08-18 08:00:00,2100,2006,BELLAMY RD N,PROGRESS AVE,Minor Arterial,Scarborough,43.780145,-79.24379,641322.7234,4848952.3512,At Intersection,Traffic Signal,Clear,Dark,Dry,142,Woburn North,137,Woburn (137),Fatal,0,0,1,0,0,0,0,1,0,0,0,0,0,Turning Movement,"['Passenger', 'Driver', 'Vehicle Owner']",North,"['Other', 'Automobile, Station Wagon']","['Going Ahead', 'Turning Left']","['Driving Properly', 'Improper Turn']",['Normal'],[],[],[],[],[],[],D43,True,"['70 to 74', '15 to 19', 'unknown', '20 to 24']",4.0
919331.0,2006-06-30 08:00:00,1208,2006,SENLAC RD,BURNETT AVE,Minor Arterial,North York,43.765245,-79.42519,626756.7474,4847003.807,Unknown,No Control,Clear,Daylight,Dry,38,Lansing-Westgate,38,Lansing-Westgate (38),Non-Fatal Injury,1,0,1,0,0,0,0,0,0,1,0,0,0,Pedestrian Collisions,"['Vehicle Owner', 'Driver', 'Pedestrian']",South,"['Other', 'Automobile, Station Wagon']",['Overtaking'],['Improper Passing'],['Normal'],['Pedestrian hit at mid-block'],['Running onto Roadway'],['Normal'],[],[],[],D32,False,"['unknown', '50 to 54', '10 to 14']",3.0
919332.0,2006-08-18 08:00:00,1639,2006,SCARBOROUGH GOLF CLUB RD,BRIMORTON DR,Minor Arterial,Scarborough,43.769845,-79.21869,643367.1653,4847851.5295,Unknown,Traffic Signal,Clear,Daylight,Dry,135,Morningside,135,Morningside (135),Fatal,0,0,1,0,0,0,0,1,0,0,0,0,0,Approaching,"['Vehicle Owner', 'Driver', 'Passenger']",South,"['Other', 'Automobile, Station Wagon']",['Going Ahead'],"['Driving Properly', 'Other']","['Normal', 'Inattentive']",[],[],[],[],[],[],D43,True,"['unknown', '25 to 29', '35 to 39', '0 to 4', '5 to 9', '65 to 69']",4.0
919514.0,2006-07-26 08:00:00,2135,2006,ALBION RD,ARMEL CRT,Major Arterial,Etobicoke York,43.721345,-79.54559,617151.2496,4841950.8353,At Intersection,Traffic Signal,Rain,Dark,Wet,5,Elms-Old Rexdale,5,Elms-Old Rexdale (5),Non-Fatal Injury,0,0,1,0,0,0,0,1,0,0,0,0,0,Angle,"['Vehicle Owner', 'Driver', 'Passenger']",North,"['Other', 'Automobile, Station Wagon']",['Going Ahead'],['Other'],['Normal'],[],[],[],[],[],[],D23,False,"['unknown', '20 to 24', '60 to 64', '65 to 69']",3.0
919516.0,2006-08-19 08:00:00,2345,2006,QUEEN ST E,LESLIE ST,Minor Arterial,Toronto and East York,43.663245,-79.33019,634631.6138,4835825.0414,At Intersection,Traffic Signal,Clear,Dark,Dry,65,Greenwood-Coxwell,70,South Riverdale (70),Fatal,1,0,1,0,0,0,0,0,0,1,0,0,0,Pedestrian Collisions,"['Driver', 'Pedestrian']",North,"['Automobile, Station Wagon', 'Other']",['Turning Right'],['Failed to Yield Right of Way'],['Normal'],['Vehicle turns right while ped crosses with ROW at inter.'],['Crossing with right of way'],['Had Been Drinking'],[],[],[],D55,True,"['75 to 79', '60 to 64']",4.0
919517.0,2006-08-21 08:00:00,1040,2006,DVP S EGLINTON RAMP E,EGLINTON AVE E,Major Arterial,North York,43.722145,-79.33279,634290.4513,4842362.4951,Unknown,No Control,Clear,Daylight,Other,44,Flemingdon Park,44,Flemingdon Park (44),Non-Fatal Injury,1,0,1,0,0,0,0,0,0,0,0,0,0,Pedestrian Collisions,"['Driver', 'Pedestrian']",East,"['Automobile, Station Wagon', 'Other']",['Going Ahead'],['Driving Properly'],['Normal'],['Pedestrian hit on sidewalk or shoulder'],['On Sidewalk or Shoulder'],['Inattentive'],[],[],[],D55,False,"['55 to 59', '25 to 29']",3.0
919520.0,2006-08-21 08:00:00,1142,2006,MCCOWAN RD,SHEPPARD AVE E,Major Arterial,Scarborough,43.789645,-79.25879,640093.4608,4849981.979,At Intersection,Traffic Signal,Clear,Daylight,Dry,128,Agincourt South-Malvern West,128,Agincourt South-Malvern West (128),Non-Fatal Injury,1,0,1,0,0,0,0,1,0,1,0,0,0,Pedestrian Collisions,"['Passenger', 'Driver', 'Pedestrian']",West,"['Other', 'Automobile, Station Wagon']",['Turning Right'],['Failed to Yield Right of Way'],['Normal'],['Vehicle turns right while ped crosses with ROW at inter.'],['Crossing with right of way'],['Normal'],[],[],[],D42,False,"['40 to 44', '75 to 79', '65 to 69']",3.0
919534.0,2006-05-17 08:00:00,1215,2006,6 HAVENBROOK BLVD,Not Applicable,Local,North York,43.768745,-79.35689,632246.5665,4847499.3489,Unknown,No Control,Clear,Daylight,Dry,53,Henry Farm,53,Henry Farm (53),Non-Fatal Injury,0,1,1,0,0,0,0,0,0,1,0,0,0,Cyclist Collisions,"['Driver', 'Cyclist']",West,"['Automobile, Station Wagon', 'Bicycle']",['Overtaking'],['Improper Passing'],['Normal'],[],[],[],['Cyclist and Driver travelling in same direction. One vehicle sideswipes the other.'],['Improper Passing'],['Normal'],D33,False,"['75 to 79', '70 to 74']",3.0
919596.0,2006-07-14 08:00:00,1600,2006,CHAPLIN CRES,EGLINTON AVE W,Major Arterial,North York,43.702745,-79.41739,627517.1604,4840074.2428,At Intersection,Traffic Signal,Clear,Daylight,Dry,102,Forest Hill North,102,Forest Hill North (102),Non-Fatal Injury,0,0,1,0,0,0,0,1,0,0,0,0,0,Turning Movement,"['Passenger', 'Driver']",North,"['Other', 'Automobile, Station Wagon']","['Going Ahead', 'Turning Left']","['Driving Properly', 'Improper Turn']",['Normal'],[],[],[],[],[],[],D53,False,"['40 to 44', '35 to 39', '55 to 59']",3.0
919641.0,2006-08-19 08:00:00,1335,2006,ELLESMERE RD,POLLARD DR,Major Arterial,Scarborough,43.758345,-79.31299,635803.4487,4846415.3198,Unknown,No Control,Clear,Daylight,Dry,119,Wexford/Maryvale,119,Wexford/Maryvale (119),Fatal,1,0,1,0,0,0,0,0,0,0,0,0,0,Pedestrian Collisions,"['Driver', 'Pedestrian']",South,"['Automobile, Station Wagon', 'Other']",['Going Ahead'],['Driving Properly'],['Normal'],['Pedestrian hit at mid-block'],['Running onto Roadway'],['Medical or Physical Disability'],[],[],[],D41,True,"['55 to 59', '5 to 9']",4.0
919681.0,2006-08-22 08:00:00,2004,2006,DUFFERIN ST,LIVINGSTONE AVE,Major Arterial,North York,43.696445,-79.45079,624839.0393,4839323.7103,At Intersection,Stop Sign,Clear,Daylight,Dry,108,Briar Hill-Belgravia,108,Briar Hill-Belgravia (108),Non-Fatal Injury,0,0,1,1,0,0,0,0,0,0,0,0,0,Turning Movement,"['Motorcycle Driver', 'Driver']",North,"['Motorcycle', 'Automobile, Station Wagon']","['Going Ahead', 'Turning Left']","['Driving Properly', 'Improper Turn']",['Normal'],[],[],[],[],[],[],D13,False,"['25 to 29', '50 to 54']",3.0
919684.0,2006-08-22 08:00:00,2046,2006,EGLINTON AVE E,BELLAMY RD N,Major Arterial,Scarborough,43.740245,-79.23209,642358.8407,4844540.8791,At Intersection,Traffic Signal,Clear,Dark,Dry,138,Eglinton East,138,Eglinton East (138),Non-Fatal Injury,1,0,1,0,0,0,0,1,0,1,0,0,0,Pedestrian Collisions,"['Vehicle Owner', 'Driver', 'Passenger', 'Pedestrian']",East,"['Other', 'Automobile, Station Wagon']","['Turning Left', 'Stopped', 'Going Ahead']","['Improper Turn', 'Driving Properly']",['Normal'],['Pedestrian hit on sidewalk or shoulder'],['On Sidewalk or Shoulder'],['Normal'],[],[],[],D43,False,"['unknown', '45 to 49', '40 to 44', '20 to 24', '35 to 39', '70 to 74']",3.0
919835.0,2006-07-28 08:00:00,1610,2006,225 BIRMINGHAM ST,Not Applicable,Collector,Etobicoke York,43.602045,-79.51169,620119.5533,4828749.4968,Unknown,No Control,Clear,Daylight,Dry,18,New Toronto,18,New Toronto (18),Non-Fatal Injury,0,1,1,0,0,0,0,0,0,1,0,0,0,Cyclist Collisions,"['Vehicle Owner', 'Driver', 'Cyclist']",East,"['Other', 'Automobile, Station Wagon', 'Bicycle']","['Turning Left', 'Going Ahead']",['Failed to Yield Right of Way'],['Inattentive'],[],[],[],['Motorist turned left across cyclists path.'],['Driving Properly'],['Normal'],D22,False,"['unknown', '55 to 59', '45 to 49']",3.0
920182.0,2006-07-31 08:00:00,1440,2006,BLOOR ST W,KENNEDY AVE,Major Arterial,Toronto and East York,43.651245,-79.47549,622940.8973,4834266.7572,Unknown,No Control,Clear,Daylight,Dry,87,High Park-Swansea,87,High Park-Swansea (87),Non-Fatal Injury,1,0,1,0,0,0,0,0,0,1,0,0,0,Pedestrian Collisions,"['Vehicle Owner', 'Driver', 'Pedestrian']",South,"['Other', 'Automobile, Station Wagon']",['Going Ahead'],['Improper Passing'],['Normal'],['Vehicle is going straight thru inter.while ped cross without ROW'],['Running onto Roadway'],['Normal'],[],[],[],D11,False,"['unknown', '40 to 44', '10 to 14']",3.0
920271.0,2006-08-23 08:00:00,954,2006,F G GARDINER XY W  W,GARDINER LAKESHORE W RAMP,Unknown,Toronto and East York,43.633245,-79.42779,626825.4692,4832339.3989,Unknown,No Control,Clear,Daylight,Dry,163,Fort York-Liberty Village,82,Niagara (82),Non-Fatal Injury,0,0,1,0,0,0,0,1,0,1,0,0,0,SMV Other,"['Driver', 'Passenger', 'Vehicle Owner']",West,"['Automobile, Station Wagon', 'Other']","['Changing Lanes', 'Going Ahead']","['Failed to Yield Right of Way', 'Driving Properly']","['Unknown', 'Normal']",[],[],[],[],[],[],D14,False,"['unknown', '40 to 44', '50 to 54']",3.0
920315.0,2006-07-31 08:00:00,1659,2006,BAY ST,KING ST W,Major Arterial,Toronto and East York,43.648645,-79.38029,630623.8146,4834123.4365,Unknown,Traffic Signal,Clear,Daylight,Dry,170,Yonge-Bay Corridor,76,Bay Street Corridor (76),Non-Fatal Injury,0,1,0,0,0,0,0,0,0,0,0,0,0,Cyclist Collisions,['Cyclist'],South,['Bicycle'],['Pulling Onto Shoulder or towardCurb'],[],[],[],[],[],"['Cyclist loses control and strikes object (pole, ttc track)']",['Lost control'],['Normal'],D52,False,['30 to 34'],3.0
920395.0,2006-08-24 08:00:00,2130,2006,MCCOWAN RD,STEELES AVE E,Major Arterial,Scarborough,43.831045,-79.27519,638678.0886,4854552.4941,At Intersection,Traffic Signal,Clear,Dark,Dry,130,Milliken,NSA,NSA,Non-Fatal Injury,1,0,1,0,0,0,0,0,0,0,0,0,0,Pedestrian Collisions,"['Driver', 'Pedestrian']",South,"['Automobile, Station Wagon', 'Other']","['Going Ahead', 'Other']",[],[],['Unknown'],[],[],[],[],[],D42,False,['unknown'],3.0
920424.0,2006-08-03 08:00:00,1831,2006,SHEPPARD AVE E,DORIS AVE,Major Arterial,North York,43.762045,-79.40829,628123.8749,4846674.406,Unknown,Traffic Signal,Clear,Daylight,Dry,153,Avondale,51,Willowdale East (51),Non-Fatal Injury,1,0,1,0,0,0,0,0,0,1,0,0,0,Pedestrian Collisions,"['Driver', 'Pedestrian']",West,"['Automobile, Station Wagon', 'Other']","['Going Ahead', 'Turning Left', 'Stopped']","['Driving Properly', 'Failed to Yield Right of Way']",['Normal'],['Vehicle turns left while ped crosses with ROW at inter.'],['Crossing with right of way'],['Normal'],[],[],[],D32,False,"['55 to 59', '60 to 64', '40 to 44', '45 to 49']",3.0
920502.0,2006-08-25 08:00:00,2330,2006,LESLIE ST,COLDWATER RD,Major Arterial,North York,43.755245,-79.36049,631986.4994,4845994.2258,Unknown,No Control,Rain,Dark,Wet,40,St.Andrew-Windfields,40,St.Andrew-Windfields (40),Fatal,0,0,1,0,0,0,0,0,0,1,0,0,0,Turning Movement,"['Vehicle Owner', 'Driver']",North,"['Other', 'Automobile, Station Wagon']","['Turning Left', 'Going Ahead']","['Failed to Yield Right of Way', 'Driving Properly']","['Unknown', 'Normal']",[],[],[],[],[],[],D33,True,"['unknown', '60 to 64', '20 to 24']",4.0
920690.0,2006-08-27 08:00:00,1928,2006,F G GARDINER XY  W,BATHURST ST,Expressway,Toronto and East York,43.637945,-79.40389,628743.3932,4832898.1865,Unknown,No Control,Clear,Daylight,Dry,163,Fort York-Liberty Village,82,Niagara (82),Fatal,0,0,0,1,0,0,0,0,0,0,0,0,0,SMV Other,"['Vehicle Owner', 'Motorcycle Driver']",West,"['Other', 'Motorcycle']","['Other', 'Going Ahead']",['Lost control'],['Unknown'],[],[],[],[],[],[],D14,True,"['unknown', '30 to 34']",4.0
920756.0,2006-08-01 08:00:00,1838,2006,HENLEY CRES,KIPLING AVE,Local,Etobicoke York,43.730645,-79.57539,614733.1175,4842942.0402,At Intersection,No Control,Clear,Daylight,Dry,4,Rexdale-Kipling,4,Rexdale-Kipling (4),Non-Fatal Injury,0,1,1,0,0,0,0,0,0,1,0,0,0,Cyclist Collisions,"['Driver', 'Cyclist']",South,"['Automobile, Station Wagon', 'Bicycle']",['Going Ahead'],['Disobeyed Traffic Control'],['Unknown'],[],[],[],['Cyclist rode off sidewalk into road at midblock.'],['Driving Properly'],['Normal'],D23,False,"['70 to 74', '60 to 64']",3.0
920927.0,2006-08-07 08:00:00,2330,2006,KING ST W,BLUE JAYS WAY,Major Arterial,Toronto and East York,43.646145,-79.39179,629701.7516,4833827.7417,Unknown,No Control,Clear,Dark,Dry,164,Wellington Place,77,Waterfront Communities-The Island (77),Non-Fatal Injury,1,0,1,0,0,0,0,0,0,1,0,0,0,Pedestrian Collisions,"['Driver', 'Pedestrian']",West,"['Automobile, Station Wagon', 'Other']",['Going Ahead'],['Failed to Yield Right of Way'],['Unknown'],['Pedestrian hit at mid-block'],['Running onto Roadway'],['Had Been Drinking'],[],[],[],D52,False,"['unknown', '25 to 29']",3.0
920995.0,2006-08-05 08:00:00,330,2006,333 KING ST W,Not Applicable,Major Arterial,Toronto and East York,43.646245,-79.39149,629725.7315,4833839.3169,Unknown,No Control,Clear,Dark,Dry,164,Wellington Place,77,Waterfront Communities-The Island (77),Non-Fatal Injury,0,0,1,0,0,0,0,1,0,1,0,0,0,SMV Unattended Vehicle,"['Other', 'Vehicle Owner', 'Passenger', 'Driver']",East,"['Other', 'Automobile, Station Wagon']","['Parked', 'Changing Lanes']",['Other'],['Inattentive'],[],[],[],[],[],[],D52,False,"['Over 95', 'unknown', '0 to 4', '35 to 39']",3.0
920998.0,2006-08-08 08:00:00,916,2006,2159 KIPLING AVE,Not Applicable,Major Arterial,Etobicoke York,43.721145,-79.57119,615089.5638,4841892.7556,Unknown,No Control,Clear,Daylight,Dry,4,Rexdale-Kipling,4,Rexdale-Kipling (4),Non-Fatal Injury,1,0,1,0,0,0,0,0,0,0,0,0,0,Pedestrian Collisions,"['Driver', 'Pedestrian']",North,"['Automobile, Station Wagon', 'Other']",['Going Ahead'],['Driving Properly'],['Normal'],['Pedestrian hit at mid-block'],['Other'],['Normal'],[],[],[],D23,False,"['65 to 69', '55 to 59']",3.0
921084.0,2006-08-29 08:00:00,921,2006,3680 KEELE ST,Not Applicable,Major Arterial,Etobicoke York,43.753345,-79.48849,621685.7975,4845587.1923,Unknown,No Control,Clear,Daylight,Dry,27,York University Heights,27,York University Heights (27),Non-Fatal Injury,1,0,1,0,0,0,0,0,0,0,0,0,0,Pedestrian Collisions,"['Pedestrian', 'Driver']",East,"['Other', 'Automobile, Station Wagon']",['Going Ahead'],['Other'],['Unknown'],['Pedestrian hit at mid-block'],"['Crossing, no Traffic Control']",['Inattentive'],[],[],[],D31,False,"['75 to 79', '45 to 49']",3.0
921174.0,2006-08-10 08:00:00,1826,2006,DON MILLS RD,FRESHMEADOW DR,Major Arterial,North York,43.808945,-79.35899,631989.0294,4851960.8365,At Intersection,Stop Sign,Clear,Daylight,Dry,48,Hillcrest Village,48,Hillcrest Village (48),Non-Fatal Injury,0,1,1,0,0,0,0,0,0,1,0,0,0,Cyclist Collisions,"['Driver', 'Cyclist']",North,"['Automobile, Station Wagon', 'Bicycle']",['Going Ahead'],['Improper Passing'],['Normal'],[],[],[],"['Motorist without ROW drives into path of cyclist at inter, lnwy, dwy-Driver not turn.']",['Driving Properly'],['Normal'],D33,False,"['45 to 49', '40 to 44']",3.0
921181.0,2006-08-10 08:00:00,1836,2006,3279 KINGSTON RD,Not Applicable,Major Arterial,Scarborough,43.731545,-79.22519,642935.1611,4843586.4933,Unknown,No Control,Clear,Daylight,Dry,123,Cliffcrest,123,Cliffcrest (123),Non-Fatal Injury,0,1,1,0,0,0,0,0,0,0,0,0,0,Cyclist Collisions,"['Driver', 'Cyclist']",East,"['Automobile, Station Wagon', 'Bicycle']","['Turning Right', 'Going Ahead']",['Improper Turn'],['Normal'],[],[],[],"['Motorist turns right at non-signal Inter.(stop, yield, no cont.,and dwy) and strikes cyclist.']",['Driving Properly'],['Normal'],D43,False,"['35 to 39', '65 to 69']",3.0
921192.0,2006-08-09 08:00:00,1825,2006,ORIOLE PKWY,TRANMER AVE,Minor Arterial,Toronto and East York,43.699945,-79.40409,628594.7906,4839783.8065,At Intersection,Stop Sign,Clear,Daylight,Dry,100,Yonge-Eglinton,100,Yonge-Eglinton (100),Non-Fatal Injury,0,0,1,0,0,0,0,0,0,1,0,0,0,Angle,"['Vehicle Owner', 'Driver']",South,"['Other', 'Automobile, Station Wagon']",['Going Ahead'],"['Failed to Yield Right of Way', 'Driving Properly']",['Normal'],[],[],[],[],[],[],D53,False,"['unknown', '35 to 39', '40 to 44']",3.0
921246.0,2006-08-12 08:00:00,236,2006,WELLESLEY ST E,CHURCH ST,Minor Arterial,Toronto and East York,43.665745,-79.38099,630530.3043,4836021.5163,At Intersection,Traffic Signal,Clear,Dark,Dry,167,Church-Wellesley,75,Church-Yonge Corridor (75),Non-Fatal Injury,1,0,1,0,0,0,0,0,0,0,0,0,0,Pedestrian Collisions,"['Driver', 'Pedestrian']",East,"['Automobile, Station Wagon', 'Other']",['Going Ahead'],['Driving Properly'],['Normal'],['Vehicle is going straight thru inter.while ped cross without ROW'],['Crossing without right of way'],['Had Been Drinking'],[],[],[],D51,False,"['20 to 24', '25 to 29']",3.0
921668.0,2006-08-15 08:00:00,1550,2006,QUEEN E ST E,SHERBOURNE ST,Major Arterial,Toronto and East York,43.654545,-79.36949,631481.93,4834795.7656,At Intersection,Traffic Signal,Clear,Daylight,Dry,73,Moss Park,73,Moss Park (73),Non-Fatal Injury,0,1,0,0,1,0,0,0,0,0,0,0,0,Cyclist Collisions,"['Vehicle Owner', 'Truck Driver', 'Cyclist']",South,"['Other', 'Truck - Open', 'Bicycle']","['Going Ahead', 'Turning Left']",['Driving Properly'],['Normal'],[],[],[],['Cyclist turned left across motorists path.'],['Disobeyed Traffic Control'],['Unknown'],D51,False,"['unknown', '40 to 44']",3.0
921907.0,2006-09-02 08:00:00,315,2006,CHURCH ST,COLBORNE ST,Minor Arterial,Toronto and East York,43.649245,-79.37409,631122.5222,4834199.8521,At Intersection,Stop Sign,Clear,Dark,Dry,168,Downtown Yonge East,75,Church-Yonge Corridor (75),Non-Fatal Injury,0,0,1,0,0,0,0,1,1,1,0,0,0,SMV Other,"['Passenger', 'Vehicle Owner', 'Driver']",East,"['Other', 'Automobile, Station Wagon']",['Going Ahead'],['Exceeding Speed Limit'],['Had Been Drinking'],[],[],[],[],[],[],D51,False,"['unknown', '30 to 34']",3.0
921910.0,2006-09-02 08:00:00,1255,2006,RENFORTH DR,ERINGATE DR,Minor Arterial,Etobicoke York,43.659945,-79.58329,614231.0289,4835078.9478,At Intersection,Traffic Signal,Rain,Daylight,Wet,11,Eringate-Centennial-West Deane,11,Eringate-Centennial-West Deane (11),Non-Fatal Injury,0,0,1,0,0,0,0,0,0,0,0,0,1,Rear End,"['Driver', 'Vehicle Owner']",North,"['Automobile, Station Wagon', 'Other']","['Going Ahead', 'Stopped']","['Other', 'Driving Properly']","['Medical or Physical Disability', 'Normal']",[],[],[],[],[],[],D22,False,"['80 to 84', 'unknown', '40 to 44']",3.0
922297.0,2006-08-17 08:00:00,2144,2006,QUEEN ST W,SPADINA AVE,Major Arterial,Toronto and East York,43.649145,-79.39449,629477.5491,4834156.7146,Unknown,No Control,Clear,Dark,Dry,164,Wellington Place,77,Waterfront Communities-The Island (77),Non-Fatal Injury,1,0,0,0,0,0,0,0,0,0,0,0,0,Pedestrian Collisions,"['Vehicle Owner', 'Driver', 'Pedestrian']",East,['Other'],['Going Ahead'],['Wrong Way on One Way Road'],['Normal'],['Pedestrian hit at mid-block'],"['Crossing, no Traffic Control']",['Inattentive'],[],[],[],D52,False,"['unknown', '40 to 44', '35 to 39']",3.0