accident_number,date,time,year,street1,street2,road_class,district,latitude,longitude,x,y,accident_location,traffctl,visibility,light,road_surface_condition,hood_158,neighbourhood_new,hood_140,neighbourhood_old,accident_class,pedestrian,cyclist,automobile,motorcycle,truck,trsn_city_veh,emerg_veh,passenger,speeding,aggressive_driving,redlight,alcohol,disability,impact_type,involvement_type,initial_direction,vehicle_type,manoeuver,driver_action,driver_condition,pedestrian_type,pedestrian_action,pedestrian_condition,cyclist_type,cyclist_action,cyclist_condition,division,injury,involvement_age,injury_severity_score
927027.0,2006-09-30 08:00:00,2042,2006,BLOOR ST W,THE WEST MALL,Major Arterial,Etobicoke York,43.635645,-79.56229,615971.0491,4832409.2513,Unknown,Traffic Signal,Rain,Dark,Wet,13,Etobicoke West Mall,13,Etobicoke West Mall (13),Non-Fatal Injury,0,0,1,0,0,0,0,0,0,0,0,0,0,Turning Movement,"['Driver', 'Vehicle Owner', 'Other Property Owner']",North,"['Automobile, Station Wagon', 'Other']","['Turning Left', 'Stopped', 'Going Ahead']","['Improper Turn', 'Driving Properly']",['Normal'],[],[],[],[],[],[],D22,False,"['80 to 84', '40 to 44', 'unknown', '20 to 24']",3.0
927087.0,2020-05-19 08:00:00,1952,2020,BURNHAMTHORPE RD,MILL RD,Major Arterial,Etobicoke York,43.639434,-79.583965,614215.4711,4832800.0138,Non Intersection,No Control,Clear,Daylight,Dry,12,Markland Wood,12,Markland Wood (12),Fatal,0,0,0,1,0,0,0,0,0,0,0,0,0,SMV Other,['Motorcycle Driver'],West,['Motorcycle'],['Going Ahead'],['Lost control'],['Unknown'],[],[],[],[],[],[],D22,True,['60 to 64'],4.0
927137.0,2006-10-01 08:00:00,413,2006,KENNEDY RD,SHEPPARD AVE E,Major Arterial,Scarborough,43.783245,-79.28829,637734.6365,4849221.6502,At Intersection,Traffic Signal,Clear,"Dark, artificial",Wet,118,Tam O'Shanter-Sullivan,118,Tam O'Shanter-Sullivan (118),Non-Fatal Injury,0,0,1,0,0,0,0,0,1,1,0,0,0,SMV Other,"['Driver', 'Other Property Owner']",North,"['Automobile, Station Wagon', 'Other']",['Going Ahead'],['Speed too Fast For Condition'],['Had Been Drinking'],[],[],[],[],[],[],D42,False,"['15 to 19', 'unknown']",3.0
927151.0,2006-10-01 08:00:00,1827,2006,1143 BRIMLEY RD,Not Applicable,Major Arterial,Scarborough,43.763445,-79.25889,640146.6118,4847071.8887,Unknown,No Control,Clear,Daylight,Dry,156,Bendale-Glen Andrew,127,Bendale (127),Non-Fatal Injury,0,0,1,0,0,0,0,1,1,1,0,0,0,Approaching,"['Passenger', 'Driver', 'Vehicle Owner']",North,"['Other', 'Automobile, Station Wagon']",['Going Ahead'],"['Driving Properly', 'Other']","['Normal', 'Inattentive']",[],[],[],[],[],[],D41,False,"['15 to 19', '45 to 49', '20 to 24', 'unknown']",3.0
927513.0,2006-09-04 08:00:00,1210,2006,70 HUMBERLINE DR,Not Applicable,Collector,Etobicoke York,43.731845,-79.61649,611420.8206,4843019.2336,Unknown,No Control,Clear,Daylight,Dry,1,West Humber-Clairville,1,West Humber-Clairville (1),Non-Fatal Injury,1,0,1,0,0,0,0,1,0,0,0,0,0,Pedestrian Collisions,"['Passenger', 'Driver', 'Pedestrian']",North,"['Other', 'Automobile, Station Wagon']",['Going Ahead'],['Driving Properly'],['Normal'],['Pedestrian hit at mid-block'],['Running onto Roadway'],['Inattentive'],[],[],[],D23,False,"['10 to 14', '15 to 19']",3.0
927542.0,2006-10-02 08:00:00,1340,2006,3295 BIRCHMOUNT RD,Not Applicable,Major Arterial,Scarborough,43.813045,-79.31319,635663.549,4852490.2863,Unknown,No Control,Clear,Daylight,Dry,116,Steeles,116,Steeles (116),Non-Fatal Injury,1,0,1,0,0,0,0,0,0,0,0,0,0,Pedestrian Collisions,"['Vehicle Owner', 'Driver', 'Other Property Owner', 'Pedestrian']",North,"['Other', 'Automobile, Station Wagon']",['Going Ahead'],['Other'],['Unknown'],['Pedestrian hit on sidewalk or shoulder'],['On Sidewalk or Shoulder'],['Normal'],[],[],[],D42,False,"['unknown', '20 to 24', '25 to 29']",3.0
927585.0,2006-09-05 08:00:00,930,2006,400 S JANE ST RAMP  S,JANE ST Stre,Major Arterial,Etobicoke York,43.711045,-79.50599,620361.6334,4840863.6129,Unknown,Traffic Signal,Clear,Daylight,Dry,23,Pelmo Park-Humberlea,23,Pelmo Park-Humberlea (23),Non-Fatal Injury,0,0,1,0,0,0,0,0,0,1,0,0,0,Rear End,"['Driver', 'Vehicle Owner']",East,"['Automobile, Station Wagon', 'Other']","['Stopped', 'Going Ahead']","['Driving Properly', 'Following too Close']",['Normal'],[],[],[],[],[],[],D12,False,"['35 to 39', 'unknown', '30 to 34']",3.0
927677.0,2006-08-12 08:00:00,1845,2006,562 BLOOR W ST W,Not Applicable,Major Arterial,Toronto and East York,43.665045,-79.411586,628065.0102,4835896.0871,Unknown,No Control,Clear,Daylight,Dry,80,Palmerston-Little Italy,95,Annex (95),Non-Fatal Injury,0,1,1,0,0,0,0,0,0,0,0,0,0,Cyclist Collisions,"['Driver', 'Cyclist']",West,"['Automobile, Station Wagon', 'Bicycle']","['Parked', 'Going Ahead']",['Other'],['Unknown'],[],[],[],['Cyclist struck opened vehicle door'],['Driving Properly'],['Normal'],D14,False,"['45 to 49', '40 to 44']",3.0
927745.0,2006-09-05 08:00:00,2226,2006,QUEEN ST E,SPRUCE HILL RD,Minor Arterial,Toronto and East York,43.672545,-79.28809,638004.7317,4836927.1153,Unknown,No Control,Clear,Dark,Dry,63,The Beaches,63,The Beaches (63),Non-Fatal Injury,1,0,1,0,0,0,0,0,0,0,0,0,0,Pedestrian Collisions,"['Driver', 'Other', 'Pedestrian']",South,"['Automobile, Station Wagon', 'Other']",['Going Ahead'],['Driving Properly'],['Normal'],['Pedestrian hit at mid-block'],['Crossing without right of way'],['Had Been Drinking'],[],[],[],D55,False,"['25 to 29', 'unknown', '15 to 19']",3.0
927841.0,2006-10-02 08:00:00,929,2006,SKYMARK DR,DON MILLS RD,Collector,North York,43.793945,-79.35249,632545.0065,4850305.2371,Unknown,Pedestrian Crossover,Clear,Daylight,Dry,48,Hillcrest Village,48,Hillcrest Village (48),Non-Fatal Injury,1,0,1,0,0,0,0,0,0,1,0,0,0,Pedestrian Collisions,"['Driver', 'Pedestrian']",East,"['Automobile, Station Wagon', 'Other']",['Turning Left'],['Failed to Yield Right of Way'],['Inattentive'],['Pedestrian hit a PXO/ped. Mid-block signal'],"['Crossing, Pedestrian Crossover']",['Medical or Physical Disability'],[],[],[],D33,False,"['20 to 24', '85 to 89']",3.0
927891.0,2006-09-08 08:00:00,1252,2006,EGLINTON AVE W,BLACK CREEK DR,Major Arterial,Etobicoke York,43.687745,-79.48549,622060.4537,4838305.7976,Unknown,No Control,Clear,Daylight,Dry,110,Keelesdale-Eglinton West,110,Keelesdale-Eglinton West (110),Non-Fatal Injury,0,0,1,0,0,0,0,0,0,1,0,0,0,Rear End,['Driver'],West,"['Automobile, Station Wagon']","['Going Ahead', 'Stopped']","['Following too Close', 'Driving Properly']",['Normal'],[],[],[],[],[],[],D12,False,"['30 to 34', '50 to 54']",3.0
927912.0,2006-10-04 08:00:00,1403,2006,ISLINGTON AVE,REXDALE BLVD,Major Arterial,Etobicoke York,43.714445,-79.55499,616407.4437,4841171.2504,At Intersection,No Control,Clear,Daylight,Dry,1,West Humber-Clairville,1,West Humber-Clairville (1),Non-Fatal Injury,0,0,1,0,0,0,0,0,0,0,0,0,1,SMV Other,"['Driver', 'Other Property Owner']",North,"['Automobile, Station Wagon', 'Other']",['Going Ahead'],['Lost control'],['Medical or Physical Disability'],[],[],[],[],[],[],D23,False,"['70 to 74', 'unknown']",3.0
928049.0,2006-09-09 08:00:00,2017,2006,1132 LESLIE ST,Not Applicable,Major Arterial,North York,43.718645,-79.35039,632880.5286,4841945.4007,Unknown,Stop Sign,Clear,Dark,Dry,42,Banbury-Don Mills,42,Banbury-Don Mills (42),Non-Fatal Injury,0,0,1,0,0,0,0,1,0,1,0,0,0,Turning Movement,"['Vehicle Owner', 'Driver', 'Passenger', 'Other Property Owner']",South,"['Other', 'Automobile, Station Wagon']","['Going Ahead', 'Turning Left', 'Stopped']","['Driving Properly', 'Improper Turn']","['Normal', 'Had Been Drinking']",[],[],[],[],[],[],D33,False,"['unknown', '50 to 54', '0 to 4', '55 to 59', '40 to 44']",3.0
928305.0,2006-10-05 08:00:00,2034,2006,ELLESMERE RD,ORTON PARK RD,Major Arterial,Scarborough,43.779745,-79.21709,643472.2627,4848953.8523,At Intersection,Traffic Signal,Clear,Dark,Dry,135,Morningside,135,Morningside (135),Non-Fatal Injury,0,0,1,0,0,0,0,1,0,1,0,0,0,Turning Movement,"['Driver', 'Passenger', 'Vehicle Owner']",East,"['Automobile, Station Wagon', 'Other']","['Going Ahead', 'Turning Right']","['Driving Properly', 'Failed to Yield Right of Way', 'Other']","['Normal', 'Unknown']",[],[],[],[],[],[],D43,False,"['40 to 44', '0 to 4', 'unknown', '30 to 34']",3.0
928690.0,2006-09-15 08:00:00,2159,2006,DUFFERIN ST,GIBSON ST,Major Arterial,Toronto and East York,43.690345,-79.44809,625069.2932,4838650.2903,Unknown,No Control,Clear,Dark,Dry,109,Caledonia-Fairbank,109,Caledonia-Fairbank (109),Non-Fatal Injury,1,0,1,0,0,0,0,0,0,0,0,0,0,Pedestrian Collisions,"['Driver', 'Pedestrian']",East,"['Automobile, Station Wagon', 'Other']",['Going Ahead'],['Driving Properly'],['Normal'],['Vehicle is going straight thru inter.while ped cross without ROW'],"['Crossing, no Traffic Control']",['Normal'],[],[],[],D13,False,"['45 to 49', '55 to 59']",3.0
928810.0,2006-10-09 08:00:00,315,2006,ALBION RD,CLAIREPORT CRES,Major Arterial,Etobicoke York,43.747445,-79.63419,609966.7839,4844728.1874,Unknown,No Control,Clear,Dark,Dry,1,West Humber-Clairville,1,West Humber-Clairville (1),Non-Fatal Injury,0,0,1,0,0,0,0,0,0,0,0,0,0,SMV Other,['Driver'],West,"['Automobile, Station Wagon']",['Going Ahead'],['Lost control'],['Unknown'],[],[],[],[],[],[],D23,False,['45 to 49'],3.0
929097.0,2006-09-30 08:00:00,1904,2006,GATEWAY BLVD,SUNNY GLENWAY,Minor Arterial,North York,43.710745,-79.33119,634444.8226,4841098.9546,Unknown,Pedestrian Crossover,Rain,Dark,Wet,44,Flemingdon Park,44,Flemingdon Park (44),Non-Fatal Injury,1,0,1,0,0,0,0,0,0,1,0,0,0,Pedestrian Collisions,"['Vehicle Owner', 'Driver', 'Pedestrian']",North,"['Other', 'Automobile, Station Wagon']",['Going Ahead'],['Failed to Yield Right of Way'],['Inattentive'],['Pedestrian hit a PXO/ped. Mid-block signal'],"['Crossing, Pedestrian Crossover']",['Normal'],[],[],[],D55,False,"['unknown', '40 to 44', '25 to 29']",3.0
929165.0,2006-09-17 08:00:00,1,2006,LAWRENCE AVE W,HICKORY TREE RD,Major Arterial,Etobicoke York,43.699945,-79.51709,619489.4304,4839614.748,Unknown,No Control,Clear,Dark,Dry,113,Weston,113,Weston (113),Non-Fatal Injury,1,0,1,0,0,0,0,0,0,0,0,0,0,Pedestrian Collisions,"['Pedestrian', 'Driver']",North,"['Other', 'Automobile, Station Wagon']",['Going Ahead'],['Driving Properly'],['Normal'],['Pedestrian hit at mid-block'],['Running onto Roadway'],['Had Been Drinking'],[],[],[],D12,False,"['55 to 59', '50 to 54']",3.0
929168.0,2006-09-17 08:00:00,2019,2006,QUEEN ST E,KENILWORTH AVE,Minor Arterial,Toronto and East York,43.669645,-79.30149,636931.0799,4836582.8234,Unknown,No Control,Clear,Daylight,Dry,63,The Beaches,63,The Beaches (63),Non-Fatal Injury,0,1,1,0,0,0,0,0,0,0,0,0,0,Cyclist Collisions,"['Vehicle Owner', 'Driver', 'Cyclist']",East,"['Other', 'Automobile, Station Wagon', 'Bicycle']","['Merging', 'Going Ahead']",['Lost control'],['Inattentive'],[],[],[],['Motorist turned left across cyclists path.'],['Driving Properly'],['Normal'],D55,False,"['unknown', '35 to 39', '20 to 24']",3.0
929172.0,2006-09-17 08:00:00,310,2006,STEELES AVE E,ASPENWOOD DR,Major Arterial,North York,43.809745,-79.36699,631343.8171,4852036.9591,Unknown,No Control,"Fog, Mist, Smoke, Dust",Dark,Dry,48,Hillcrest Village,48,Hillcrest Village (48),Non-Fatal Injury,0,0,1,0,0,0,0,1,0,0,0,0,0,Approaching,"['Passenger', 'Driver']",East,"['Other', 'Automobile, Station Wagon']",['Going Ahead'],"['Driving Properly', 'Other']","['Normal', 'Fatigue']",[],[],[],[],[],[],D33,False,"['0 to 4', '50 to 54', '20 to 24']",3.0
929484.0,2006-09-19 08:00:00,950,2006,WALMER RD,DAVENPORT RD,Minor Arterial,Toronto and East York,43.676845,-79.41039,628136.3246,4837208.4823,At Intersection,Traffic Signal,Clear,Daylight,Dry,96,Casa Loma,96,Casa Loma (96),Non-Fatal Injury,0,1,1,0,0,0,0,0,0,1,0,0,0,Cyclist Collisions,"['Driver', 'Cyclist']",South,"['Automobile, Station Wagon', 'Bicycle']","['Going Ahead', 'Turning Left']",['Failed to Yield Right of Way'],['Inattentive'],[],[],[],['Cyclist turned left across motorists path.'],['Driving Properly'],['Normal'],D13,False,"['25 to 29', '45 to 49']",3.0
929542.0,2006-10-12 08:00:00,1210,2006,LAKE SHORE BLVD W,LEGION RD,Major Arterial,Etobicoke York,43.620245,-79.48379,622334.4424,4830811.5542,Unknown,No Control,Clear,Daylight,Dry,161,Humber Bay Shores,17,Mimico (includes Humber Bay Shores) (17),Non-Fatal Injury,1,0,0,0,1,0,0,0,0,0,0,0,0,Pedestrian Collisions,"['Truck Driver', 'Pedestrian']",East,"['Truck - Open', 'Other']",['Going Ahead'],['Driving Properly'],['Normal'],['Pedestrian hit at mid-block'],"['Crossing, no Traffic Control']",['Unknown'],[],[],[],D22,False,"['35 to 39', '60 to 64']",3.0
929545.0,2006-09-20 08:00:00,830,2006,ISLINGTON AVE,ELMHURST DR,Major Arterial,Etobicoke York,43.723145,-79.55889,616076.4642,4842132.037,Unknown,Traffic Signal,Clear,Daylight,Dry,5,Elms-Old Rexdale,5,Elms-Old Rexdale (5),Non-Fatal Injury,0,0,1,0,0,0,0,1,0,1,1,0,0,Angle,"['Passenger', 'Driver', 'Other Property Owner']",East,"['Other', 'Automobile, Station Wagon']",['Going Ahead'],"['Driving Properly', 'Disobeyed Traffic Control']",['Normal'],[],[],[],[],[],[],D23,False,"['45 to 49', '65 to 69', '70 to 74', '15 to 19', 'unknown']",3.0
929596.0,2006-09-20 08:00:00,1315,2006,2440 DUNDAS ST W,Not Applicable,Minor Arterial,Toronto and East York,43.658545,-79.45309,624732.2007,4835110.9464,Unknown,No Control,Clear,Daylight,Dry,88,High Park North,88,High Park North (88),Non-Fatal Injury,1,0,1,0,1,0,0,0,0,0,0,0,0,Pedestrian Collisions,"['Truck Driver', 'Other Property Owner', 'Pedestrian', 'Driver']",North,"['Truck - Open', 'Other', 'Automobile, Station Wagon']","['Going Ahead', 'Reversing']","['Driving Properly', 'Lost control']",['Normal'],['Vehicle is reversing and hits pedestrian'],['On Sidewalk or Shoulder'],['Normal'],[],[],[],D11,False,"['35 to 39', 'unknown', '60 to 64', '80 to 84']",3.0
929816.0,2006-09-22 08:00:00,127,2006,DANFORTH AVE,BROADVIEW AVE,Major Arterial,Toronto and East York,43.676145,-79.35889,632289.2521,4837211.5869,Unknown,Traffic Signal,Clear,Dark,Wet,68,North Riverdale,68,North Riverdale (68),Non-Fatal Injury,0,1,0,0,1,0,0,0,0,0,0,0,0,Cyclist Collisions,"['Vehicle Owner', 'Truck Driver', 'Cyclist']",East,"['Other', 'Truck - Open', 'Bicycle']","['Turning Right', 'Going Ahead']",['Improper Turn'],['Normal'],[],[],[],['Motorist turning right on green or amber at signalized intersection strikes cyclist.'],['Driving Properly'],['Normal'],D55,False,"['unknown', '30 to 34', '25 to 29']",3.0
930115.0,2006-09-21 08:00:00,1817,2006,LAWRENCE AVE W,BLOSSOMFIELD DR,Major Arterial,North York,43.715245,-79.44839,624993.3594,4841415.3288,At Intersection,Traffic Signal,Clear,Daylight,Dry,31,Yorkdale-Glen Park,31,Yorkdale-Glen Park (31),Non-Fatal Injury,0,0,1,1,0,0,0,0,0,0,0,0,0,Turning Movement,"['Motorcycle Driver', 'Driver']",East,"['Motorcycle', 'Automobile, Station Wagon']","['Going Ahead', 'Turning Left']","['Driving Properly', 'Improper Turn']","['Normal', 'Inattentive']",[],[],[],[],[],[],D32,False,"['30 to 34', '50 to 54']",3.0
930125.0,2006-09-21 08:00:00,1500,2006,27 SELLMAR RD,Not Applicable,Local,Etobicoke York,43.687145,-79.53389,618160.8496,4838169.0607,Unknown,No Control,Clear,Daylight,Dry,7,Willowridge-Martingrove-Richview,7,Willowridge-Martingrove-Richview (7),Non-Fatal Injury,1,0,1,0,0,0,0,0,0,0,0,0,0,Pedestrian Collisions,"['Vehicle Owner', 'Driver', 'Pedestrian']",East,"['Other', 'Automobile, Station Wagon']",['Reversing'],['Driving Properly'],['Normal'],['Vehicle is reversing and hits pedestrian'],['Playing or Working on Highway'],['Normal'],[],[],[],D23,False,"['unknown', '35 to 39', '85 to 89']",3.0
930421.0,2006-10-11 08:00:00,2255,2006,STEELES AVE W,KEELE ST,Major Arterial,Etobicoke York,43.781545,-79.49449,621145.8159,4848710.4269,At Intersection,Traffic Signal,Rain,Dark,Wet,27,York University Heights,27,York University Heights (27),Non-Fatal Injury,1,0,1,0,0,0,0,0,0,0,0,0,0,Pedestrian Collisions,"['Driver', 'Pedestrian']",Unknown,"['Automobile, Station Wagon', 'Other']","['Unknown', 'Other']",[],[],['Unknown'],[],[],[],[],[],D31,False,['unknown'],3.0
930469.0,2006-09-26 08:00:00,1443,2006,EGLINTON AVE W,FAIRBANK AVE,Major Arterial,North York,43.695145,-79.45279,624680.5672,4839176.3182,Unknown,No Control,Clear,Daylight,Dry,109,Caledonia-Fairbank,108,Briar Hill-Belgravia (108),Non-Fatal Injury,1,0,1,0,0,0,0,0,0,1,0,0,0,Pedestrian Collisions,"['Driver', 'Pedestrian']",East,"['Automobile, Station Wagon', 'Other']",['Turning Left'],['Failed to Yield Right of Way'],['Inattentive'],['Vehicle turns left while ped crosses with ROW at inter.'],['Crossing with right of way'],['Normal'],[],[],[],D13,False,"['50 to 54', '75 to 79']",3.0
930555.0,2006-09-28 08:00:00,1453,2006,BATHURST ST,FAIRHOLME AVE,Major Arterial,North York,43.718945,-79.42969,626492.0073,4841854.6358,Unknown,No Control,Clear,Daylight,Dry,39,Bedford Park-Nortown,39,Bedford Park-Nortown (39),Non-Fatal Injury,1,0,1,0,0,0,0,0,0,0,0,0,0,Pedestrian Collisions,"['Driver', 'Other Property Owner', 'Pedestrian']",South,"['Automobile, Station Wagon', 'Other']",['Going Ahead'],['Lost control'],['Unknown'],['Pedestrian hit on sidewalk or shoulder'],['On Sidewalk or Shoulder'],['Unknown'],[],[],[],D53,False,"['55 to 59', 'unknown', '35 to 39']",3.0
930606.0,2006-10-17 08:00:00,2028,2006,WILSON AVE,GARRATT BLVD,Major Arterial,North York,43.730345,-79.46809,623375.3695,4843062.8795,At Intersection,Traffic Signal,Rain,Dark,Wet,155,Downsview,26,Downsview-Roding-CFB (26),Non-Fatal Injury,1,0,1,0,0,0,0,0,0,0,0,0,0,Pedestrian Collisions,"['Vehicle Owner', 'Driver', 'Pedestrian']",South,"['Other', 'Automobile, Station Wagon']",['Slowing or Stopping'],['Driving Properly'],['Normal'],['Vehicle is going straight thru inter.while ped cross without ROW'],['Crossing without right of way'],['Normal'],[],[],[],D32,False,"['unknown', '30 to 34', '75 to 79']",3.0
930634.0,2006-09-29 08:00:00,320,2006,TRETHEWEY DR,YORKTOWN DR,Minor Arterial,Etobicoke York,43.692745,-79.47779,622670.8396,4838872.4776,Unknown,No Control,Clear,Dark,Dry,112,Beechborough-Greenbrook,112,Beechborough-Greenbrook (112),Non-Fatal Injury,0,0,1,0,0,0,0,1,0,1,0,1,0,Approaching,"['Passenger', 'Driver']",North,"['Other', 'Automobile, Station Wagon']",['Going Ahead'],"['Driving Properly', 'Lost control']","['Normal', 'Ability Impaired, Alcohol Over .08']",[],[],[],[],[],[],D12,False,"['15 to 19', '45 to 49', '30 to 34']",3.0
930768.0,2006-09-30 08:00:00,1910,2006,MARTIN GROVE RD,ALBION RD,Major Arterial,Etobicoke York,43.741945,-79.59419,613197.7282,4844171.2077,At Intersection,Traffic Signal,Rain,Daylight,Wet,2,Mount Olive-Silverstone-Jamestown,2,Mount Olive-Silverstone-Jamestown (2),Non-Fatal Injury,1,0,1,0,0,0,0,0,0,0,0,0,0,Pedestrian Collisions,"['Driver', 'Pedestrian']",South,"['Automobile, Station Wagon', 'Other']",['Turning Left'],['Improper Turn'],['Normal'],['Vehicle turns left while ped crosses with ROW at inter.'],['Crossing with right of way'],['Normal'],[],[],[],D23,False,"['65 to 69', '75 to 79']",3.0
930852.0,2006-10-01 08:00:00,1540,2006,BIRCHMOUNT RD,EGLINTON AVE E,Major Arterial,Scarborough,43.732145,-79.27859,638633.1313,4843562.3984,Unknown,No Control,Clear,Daylight,Dry,125,Ionview,125,Ionview (125),Non-Fatal Injury,0,0,1,0,0,0,0,1,0,0,0,0,0,Rear End,"['Passenger', 'Driver']",North,"['Other', 'Automobile, Station Wagon']",['Slowing or Stopping'],"['Driving Properly', 'Lost control']",['Normal'],[],[],[],[],[],[],D41,False,"['55 to 59', '85 to 89', '65 to 69']",3.0
930890.0,2006-10-18 08:00:00,2136,2006,OLD FINCH AVE,REESOR RD,Collector,Scarborough,43.824745,-79.19059,645495.4797,4853998.1058,Unknown,No Control,Clear,Dark,Dry,144,Morningside Heights,131,Rouge (131),Fatal,0,0,0,1,0,0,0,0,0,0,0,0,0,SMV Other,['Motorcycle Driver'],West,['Motorcycle'],['Going Ahead'],['Lost control'],['Inattentive'],[],[],[],[],[],[],D42,True,['20 to 24'],4.0
931108.0,2006-10-03 08:00:00,1728,2006,STEELES AVE W,KEELE ST,Major Arterial,North York,43.781645,-79.49399,621185.8483,4848722.2652,Unknown,No Control,Clear,Daylight,Dry,27,York University Heights,27,York University Heights (27),Non-Fatal Injury,1,0,1,0,0,0,0,0,0,0,0,0,0,Pedestrian Collisions,"['Driver', 'Pedestrian']",South,"['Automobile, Station Wagon', 'Other']",['Going Ahead'],['Driving Properly'],['Normal'],['Pedestrian hit at mid-block'],['Crossing without right of way'],['Inattentive'],[],[],[],D31,False,"['60 to 64', '30 to 34']",3.0
931113.0,2006-10-03 08:00:00,1055,2006,KIPLING AVE,PENLEA AVE,Major Arterial,Etobicoke York,43.741245,-79.58109,614253.8963,4844111.4445,Unknown,Pedestrian Crossover,Clear,Daylight,Wet,3,Thistletown-Beaumond Heights,3,Thistletown-Beaumond Heights (3),Non-Fatal Injury,1,0,1,0,0,0,0,0,0,1,0,0,0,Pedestrian Collisions,"['Driver', 'Pedestrian']",South,"['Automobile, Station Wagon', 'Other']",['Going Ahead'],['Disobeyed Traffic Control'],['Inattentive'],['Pedestrian hit a PXO/ped. Mid-block signal'],"['Crossing, Pedestrian Crossover']",['Normal'],[],[],[],D23,False,"['55 to 59', '75 to 79']",3.0
931507.0,2006-10-21 08:00:00,1916,2006,DANFORTH AVE,SIBLEY AVE,Major Arterial,Toronto and East York,43.690245,-79.29269,637593.4318,4838885.3034,At Intersection,Stop Sign,Clear,Dark,Dry,61,Taylor-Massey,61,Taylor-Massey (61),Non-Fatal Injury,1,0,1,0,0,0,0,1,0,0,0,0,0,Pedestrian Collisions,"['Passenger', 'Driver', 'Pedestrian']",North,"['Other', 'Automobile, Station Wagon']",['Turning Right'],['Lost control'],['Other'],['Pedestrian hit on sidewalk or shoulder'],['On Sidewalk or Shoulder'],['Normal'],[],[],[],D55,False,"['15 to 19', '20 to 24', '55 to 59']",3.0
931671.0,2006-10-06 08:00:00,638,2006,LAWRENCE AVE W,KEELE ST,Major Arterial,Etobicoke York,43.708645,-79.47809,622614.248,4840637.9479,At Intersection,Traffic Signal,Clear,Dawn,Dry,30,Brookhaven-Amesbury,29,Maple Leaf (29),Non-Fatal Injury,0,0,1,0,0,0,0,0,0,1,1,0,0,Turning Movement,['Driver'],East,"['Automobile, Station Wagon']","['Turning Left', 'Going Ahead']","['Driving Properly', 'Disobeyed Traffic Control']",['Normal'],[],[],[],[],[],[],D12,False,"['55 to 59', '20 to 24']",3.0
931768.0,2006-10-05 08:00:00,1500,2006,ADELAIDE ST W,UNIVERSITY AVE,Major Arterial,Toronto and East York,43.648845,-79.38559,630195.952,4834137.3203,At Intersection,Traffic Signal,Clear,Daylight,Dry,170,Yonge-Bay Corridor,76,Bay Street Corridor (76),Non-Fatal Injury,1,0,1,0,0,0,0,0,0,0,0,0,0,Pedestrian Collisions,"['Driver', 'Pedestrian']",East,"['Automobile, Station Wagon', 'Other']",['Turning Left'],['Driving Properly'],['Normal'],['Vehicle turns left while ped crosses without ROW at inter.'],['Crossing without right of way'],['Inattentive'],[],[],[],D52,False,"['55 to 59', '45 to 49']",3.0
931773.0,2006-10-05 08:00:00,1940,2006,QUEEN ST E,LOGAN AVE,Minor Arterial,Toronto and East York,43.660545,-79.34249,633645.8826,4835505.2832,At Intersection,Traffic Signal,Clear,Dark,Dry,70,South Riverdale,70,South Riverdale (70),Non-Fatal Injury,0,1,1,0,0,0,0,1,0,1,1,0,0,Cyclist Collisions,"['Driver', 'Passenger', 'Vehicle Owner', 'Cyclist']",East,"['Automobile, Station Wagon', 'Other', 'Taxi', 'Bicycle']",['Going Ahead'],"['Driving Properly', 'Disobeyed Traffic Control']","['Normal', 'Inattentive']",[],[],[],"['Motorist without ROW drives into path of cyclist at inter, lnwy, dwy-Driver not turn.']",['Driving Properly'],['Normal'],D55,False,"['35 to 39', 'unknown', '25 to 29', '30 to 34']",3.0
932028.0,2006-10-09 08:00:00,1002,2006,PARLIAMENT ST,GERRARD ST E,Minor Arterial,Toronto and East York,43.661945,-79.36699,631667.353,4835621.5984,At Intersection,Traffic Signal,Clear,Daylight,Dry,72,Regent Park,72,Regent Park (72),Non-Fatal Injury,0,1,1,0,0,0,0,0,0,0,0,0,0,Cyclist Collisions,"['Driver', 'Cyclist']",East,"['Automobile, Station Wagon', 'Bicycle']","['Going Ahead', 'Turning Left']",['Driving Properly'],['Normal'],[],[],[],['Cyclist turned left across motorists path.'],['Improper Turn'],['Normal'],D51,False,"['25 to 29', '35 to 39']",3.0
932038.0,2006-10-09 08:00:00,1912,2006,YONGE ST,CHURCH AVE,Major Arterial,North York,43.773745,-79.41399,627640.1636,4847965.0656,At Intersection,Traffic Signal,Clear,Dark,Dry,151,Yonge-Doris,51,Willowdale East (51),Non-Fatal Injury,1,0,1,0,0,0,0,0,0,1,1,0,0,Pedestrian Collisions,"['Driver', 'Pedestrian']",North,"['Automobile, Station Wagon', 'Other']",['Going Ahead'],['Disobeyed Traffic Control'],['Had Been Drinking'],['Pedestrian hit on sidewalk or shoulder'],['On Sidewalk or Shoulder'],['Normal'],[],[],[],D32,False,"['60 to 64', '25 to 29']",3.0
932044.0,2006-10-10 08:00:00,743,2006,CARSLAKE CRES,DANFORTH RD,Major Arterial,Scarborough,43.747145,-79.24459,641336.0415,4845285.8244,At Intersection,Stop Sign,Clear,Daylight,Dry,157,Bendale South,127,Bendale (127),Non-Fatal Injury,0,1,1,0,0,0,0,0,0,1,0,0,0,Cyclist Collisions,"['Driver', 'Cyclist']",South,"['Automobile, Station Wagon', 'Bicycle']","['Turning Right', 'Going Ahead']",['Failed to Yield Right of Way'],['Normal'],[],[],[],"['Motorist turns right at non-signal Inter.(stop, yield, no cont.,and dwy) and strikes cyclist.']",['Driving Properly'],['Normal'],D43,False,"['50 to 54', '10 to 14']",3.0