accident_number,date,time,year,street1,street2,road_class,district,latitude,longitude,x,y,accident_location,traffctl,visibility,light,road_surface_condition,hood_158,neighbourhood_new,hood_140,neighbourhood_old,accident_class,pedestrian,cyclist,automobile,motorcycle,truck,trsn_city_veh,emerg_veh,passenger,speeding,aggressive_driving,redlight,alcohol,disability,impact_type,involvement_type,initial_direction,vehicle_type,manoeuver,driver_action,driver_condition,pedestrian_type,pedestrian_action,pedestrian_condition,cyclist_type,cyclist_action,cyclist_condition,division,injury,involvement_age,injury_severity_score
939458.0,2006-11-30 10:00:00,720,2006,WILSON AVE,BATHURST ST,Major Arterial,North York,43.737345,-79.43409,626098.9577,4843891.5146,Unknown,No Control,Rain,Dark,Wet,33,Clanton Park,33,Clanton Park (33),Fatal,1,0,1,0,0,0,0,0,0,0,0,0,0,Pedestrian Collisions,"['Driver', 'Vehicle Owner', 'Pedestrian']",West,"['Automobile, Station Wagon', 'Other']",['Going Ahead'],['Driving Properly'],['Normal'],['Pedestrian hit at mid-block'],"['Crossing, no Traffic Control']",['Medical or Physical Disability'],[],[],[],D32,True,"['55 to 59', 'unknown', '45 to 49', '65 to 69']",4.0
939675.0,2006-12-02 10:00:00,2116,2006,ST CLAIR AVE W,ALBERTA AVE,Major Arterial,Toronto and East York,43.680045,-79.43359,626259.4738,4837528.3066,At Intersection,No Control,Clear,Dark,Dry,94,Wychwood,94,Wychwood (94),Non-Fatal Injury,1,0,1,0,0,0,0,0,0,0,0,0,0,Pedestrian Collisions,"['Driver', 'Pedestrian']",South,"['Automobile, Station Wagon', 'Other']",['Going Ahead'],['Driving Properly'],['Normal'],['Vehicle is going straight thru inter.while ped cross without ROW'],"['Crossing, no Traffic Control']",['Had Been Drinking'],[],[],[],D13,False,"['65 to 69', '25 to 29']",3.0
939781.0,2006-04-28 08:00:00,2349,2006,BLOOR ST W,DUFFERIN ST,Major Arterial,Toronto and East York,43.659945,-79.43499,626188.7415,4835293.8034,Unknown,No Control,Clear,Dark,Dry,83,Dufferin Grove,83,Dufferin Grove (83),Non-Fatal Injury,0,1,1,0,0,0,0,1,1,1,0,0,0,Cyclist Collisions,"['Driver', 'Passenger', 'Vehicle Owner', 'Cyclist', 'Other Property Owner']",East,"['Automobile, Station Wagon', 'Other', 'Bicycle']",['Going Ahead'],"['Driving Properly', 'Speed too Fast For Condition']",['Normal'],[],[],[],['Cyclist and Driver travelling in same direction. One vehicle rear-ended the other.'],['Driving Properly'],['Normal'],D14,False,"['25 to 29', '50 to 54', 'unknown', '35 to 39', '40 to 44']",3.0
939968.0,2006-10-04 08:00:00,1230,2006,BLOOR ST W,OSSINGTON AVE,Major Arterial,Toronto and East York,43.661945,-79.42569,626934.4049,4835530.1161,Unknown,No Control,Rain,Daylight,Wet,80,Palmerston-Little Italy,80,Palmerston-Little Italy (80),Non-Fatal Injury,1,0,0,0,1,0,0,0,0,0,0,0,0,Pedestrian Collisions,"['Pedestrian', 'Vehicle Owner', 'Truck Driver']",East,"['Other', 'Truck - Open']",['Going Ahead'],['Driving Properly'],['Normal'],['Vehicle is going straight thru inter.while ped cross without ROW'],"['Crossing, no Traffic Control']",['Had Been Drinking'],[],[],[],D14,False,"['35 to 39', 'unknown', '45 to 49']",3.0
939969.0,2006-10-04 08:00:00,851,2006,TECUMSETH ST,MITCHELL AVE,Local,Toronto and East York,43.645345,-79.40609,628550.1546,4833716.6419,Unknown,No Control,Rain,Daylight,Wet,162,West Queen West,82,Niagara (82),Non-Fatal Injury,0,0,0,1,0,0,0,0,0,0,0,0,0,Turning Movement,"['Motorcycle Driver', 'Vehicle Owner', 'Driver']",North,"['Motorcycle', 'Other']","['Going Ahead', 'Turning Left']","['Driving Properly', 'Improper Turn']",['Normal'],[],[],[],[],[],[],D14,False,"['30 to 34', 'unknown', '50 to 54']",3.0
939973.0,2006-10-14 08:00:00,1348,2006,OSSINGTON AVE,DEWSON ST,Minor Arterial,Toronto and East York,43.657045,-79.42379,627097.939,4834988.8152,Unknown,Pedestrian Crossover,Clear,Daylight,Dry,80,Palmerston-Little Italy,80,Palmerston-Little Italy (80),Non-Fatal Injury,0,1,1,0,0,0,0,0,0,0,0,0,0,Rear End,"['Moped Driver', 'Driver']",North,"['Moped', 'Automobile, Station Wagon']",['Going Ahead'],"['Other', 'Driving Properly']",['Normal'],[],[],[],[],[],[],D14,False,"['70 to 74', '35 to 39']",3.0
940098.0,2006-12-05 10:00:00,628,2006,DUFFERIN ST,GLEN BELLE CRES,Major Arterial,North York,43.722245,-79.45649,624326.362,4842180.595,Unknown,No Control,Clear,Dark,Wet,31,Yorkdale-Glen Park,31,Yorkdale-Glen Park (31),Non-Fatal Injury,1,0,1,0,0,0,0,0,0,0,0,0,0,Pedestrian Collisions,"['Driver', 'Pedestrian']",Unknown,"['Automobile, Station Wagon', 'Other']","['Unknown', 'Other']",[],[],['Unknown'],[],[],[],[],[],D32,False,['unknown'],3.0
940240.0,2006-12-05 10:00:00,1821,2006,VICTORIA PARK Ave,MCNICOLL Ave,Major Arterial,North York,43.804745,-79.33659,633800.0917,4851530.3348,Unknown,No Control,Clear,Dark,Dry,116,Steeles,116,Steeles (116),Non-Fatal Injury,1,0,1,0,0,0,0,0,0,0,0,0,0,Pedestrian Collisions,"['Vehicle Owner', 'Driver', 'Pedestrian']",North,"['Other', 'Automobile, Station Wagon']",['Going Ahead'],"['Driving Properly', 'Other']","['Normal', 'Unknown']",['Pedestrian hit at mid-block'],['Crossing without right of way'],['Normal'],[],[],[],D42,False,"['unknown', '35 to 39', '40 to 44', '45 to 49']",3.0
940479.0,2006-12-05 10:00:00,1250,2006,VICTORIA PARK Aven,AMSTERDAM Aven,Major Arterial,Toronto and East York,43.715144,-79.298686,637053.4531,4841640.7608,At Intersection,No Control,Clear,Daylight,Other,54,O'Connor-Parkview,54,O'Connor-Parkview (54),Non-Fatal Injury,0,0,1,0,0,0,0,0,0,0,0,0,0,Turning Movement,"['Driver', 'Other']",Unknown,"['Other', 'Automobile, Station Wagon']","['Other', 'Going Ahead']",[],[],[],[],[],[],[],[],D55,False,"['unknown', '15 to 19']",3.0
940482.0,2006-12-06 10:00:00,1700,2006,1568 MIDLAND Ave,Not Applicable,Major Arterial,Scarborough,43.755445,-79.26649,639553.459,4846170.5315,Unknown,Pedestrian Crossover,Clear,Dark,Wet,126,Dorset Park,126,Dorset Park (126),Non-Fatal Injury,1,0,1,0,0,0,0,0,0,1,0,0,0,Pedestrian Collisions,"['Driver', 'Pedestrian']",East,"['Automobile, Station Wagon', 'Other']",['Going Ahead'],['Following too Close'],['Unknown'],['Pedestrian hit a PXO/ped. Mid-block signal'],"['Crossing, Pedestrian Crossover']",['Unknown'],[],[],[],D41,False,"['20 to 24', '55 to 59']",3.0
940622.0,2006-12-07 10:00:00,700,2006,FENSIDE Dr,YORK MILLS Rd,Major Arterial,North York,43.760645,-79.32769,634614.9354,4846646.7701,Unknown,Traffic Signal,Clear,Dawn,Other,150,Fenside-Parkwoods,45,Parkwoods-Donalda (45),Non-Fatal Injury,1,0,1,0,0,0,0,0,0,0,0,0,0,Pedestrian Collisions,"['Driver', 'Pedestrian']",East,"['Automobile, Station Wagon', 'Other']",['Going Ahead'],['Lost control'],['Normal'],['Vehicle is going straight thru inter.while ped cross without ROW'],['Other'],['Normal'],[],[],[],D33,False,"['25 to 29', '45 to 49']",3.0
940627.0,2006-12-07 10:00:00,1517,2006,WHITEWOOD RD,DAVISVILLE AVE,Collector,North York,43.702745,-79.37529,630909.3583,4840139.8589,Unknown,No Control,Clear,Daylight,Dry,99,Mount Pleasant East,99,Mount Pleasant East (99),Non-Fatal Injury,1,0,1,0,0,0,0,0,0,1,0,0,0,Pedestrian Collisions,"['Driver', 'Pedestrian']",East,"['Automobile, Station Wagon', 'Other']",['Turning Right'],['Failed to Yield Right of Way'],['Normal'],['Vehicle turns right while ped crosses with ROW at inter.'],['Crossing with right of way'],['Normal'],[],[],[],D53,False,"['90 to 94', '85 to 89']",3.0
940637.0,2006-12-07 10:00:00,1545,2006,BRIMLEY RD,HUNTINGWOOD DR,Major Arterial,Scarborough,43.795845,-79.27219,639000.9426,4850647.9946,Unknown,No Control,Clear,Daylight,Dry,129,Agincourt North,129,Agincourt North (129),Fatal,1,0,1,0,0,0,0,0,0,0,0,0,0,Pedestrian Collisions,"['Driver', 'Pedestrian']",East,"['Automobile, Station Wagon', 'Other']",['Going Ahead'],['Driving Properly'],['Normal'],['Pedestrian hit at mid-block'],"['Crossing, no Traffic Control']",['Unknown'],[],[],[],D42,True,"['20 to 24', '80 to 84']",4.0
940647.0,2006-12-07 10:00:00,1630,2006,PARK RD,ROSEDALE VALLEY RD,Minor Arterial,Toronto and East York,43.673445,-79.38409,630263.7103,4836871.832,At Intersection,Stop Sign,Clear,Daylight,Dry,98,Rosedale-Moore Park,98,Rosedale-Moore Park (98),Non-Fatal Injury,0,0,1,0,0,0,0,1,0,1,0,0,0,Rear End,"['Passenger', 'Driver']",North,"['Other', 'Automobile, Station Wagon']","['Stopped', 'Unknown']","['Driving Properly', 'Following too Close']","['Normal', 'Unknown']",[],[],[],[],[],[],D53,False,"['50 to 54', '0 to 4', '30 to 34', '40 to 44']",3.0
940775.0,2006-12-08 10:00:00,1719,2006,JANE ST,BEXLEY CRES,Major Arterial,Etobicoke York,43.680545,-79.49759,621099.7437,4837488.4026,Unknown,No Control,Clear,Dark,Dry,111,Rockcliffe-Smythe,111,Rockcliffe-Smythe (111),Fatal,1,0,1,0,0,0,0,1,0,0,0,0,0,Pedestrian Collisions,"['Pedestrian', 'Passenger', 'Driver']",East,"['Other', 'Automobile, Station Wagon']",['Going Ahead'],['Driving Properly'],['Normal'],['Vehicle is going straight thru inter.while ped cross without ROW'],"['Crossing, no Traffic Control']",['Unknown'],[],[],[],D12,True,"['55 to 59', '75 to 79', '70 to 74']",4.0
940858.0,2006-12-08 10:00:00,2250,2006,BAY ST,YORKVILLE AVE,Major Arterial,Toronto and East York,43.671945,-79.39039,629759.0744,4836695.3625,Unknown,No Control,Clear,Dark,Dry,95,Annex,95,Annex (95),Non-Fatal Injury,0,0,1,0,0,0,0,1,0,0,0,1,0,Approaching,"['Driver', 'Passenger']",North,"['Automobile, Station Wagon', 'Other']",['Going Ahead'],"['Lost control', 'Driving Properly']","['Ability Impaired, Alcohol Over .08', 'Normal']",[],[],[],[],[],[],D53,False,"['40 to 44', '5 to 9', '0 to 4', '35 to 39']",3.0
940984.0,2006-12-10 10:00:00,831,2006,KING ST W,JOHN ST,Major Arterial,Toronto and East York,43.646545,-79.38979,629862.1909,4833875.2946,At Intersection,Traffic Signal,Clear,Daylight,Dry,164,Wellington Place,77,Waterfront Communities-The Island (77),Non-Fatal Injury,0,0,1,0,0,0,0,0,0,0,0,0,0,Angle,"['Driver', 'Other']",North,"['Automobile, Station Wagon', 'Other']",['Going Ahead'],['Other'],['Normal'],[],[],[],[],[],[],D52,False,"['60 to 64', 'Over 95', '25 to 29']",3.0
941100.0,2006-09-12 08:00:00,2240,2006,CHURCH ST,BLOOR ST E,Major Arterial,Toronto and East York,43.671045,-79.38319,630341.4583,4836606.6934,Unknown,Traffic Signal,Rain,Dusk,Wet,98,Rosedale-Moore Park,98,Rosedale-Moore Park (98),Non-Fatal Injury,1,0,1,0,0,0,0,0,0,1,0,0,0,Pedestrian Collisions,"['Pedestrian', 'Driver']",West,"['Other', 'Automobile, Station Wagon']",['Turning Right'],['Failed to Yield Right of Way'],['Unknown'],['Vehicle turns right while ped crosses with ROW at inter.'],['Crossing with right of way'],['Unknown'],[],[],[],D53,False,"['30 to 34', '25 to 29']",3.0
941113.0,2006-10-14 08:00:00,2204,2006,DUFFERIN St,CASTLEFIELD Ave,Major Arterial,North York,43.700745,-79.45179,624749.5386,4839799.7796,Unknown,Traffic Signal,Clear,Daylight,Dry,108,Briar Hill-Belgravia,108,Briar Hill-Belgravia (108),Non-Fatal Injury,1,0,1,0,0,0,0,0,0,1,0,0,0,Pedestrian Collisions,"['Driver', 'Pedestrian']",East,"['Automobile, Station Wagon', 'Other']",['Turning Left'],['Failed to Yield Right of Way'],['Normal'],['Vehicle turns left while ped crosses with ROW at inter.'],['Crossing with right of way'],['Normal'],[],[],[],D13,False,"['25 to 29', '20 to 24']",3.0
941162.0,2006-11-12 10:00:00,2330,2006,HARBORD ST,MONTROSE AVE,Minor Arterial,Toronto and East York,43.659545,-79.41959,627431.3214,4835272.9151,Unknown,Traffic Signal,Other,Dark,Dry,80,Palmerston-Little Italy,80,Palmerston-Little Italy (80),Non-Fatal Injury,0,0,1,0,0,0,0,0,0,1,1,0,0,Angle,['Driver'],East,"['Automobile, Station Wagon']",['Going Ahead'],"['Driving Properly', 'Disobeyed Traffic Control']","['Normal', 'Unknown']",[],[],[],[],[],[],D14,False,"['30 to 34', '25 to 29']",3.0
941251.0,2006-12-11 10:00:00,1813,2006,ASHTONBEE RD,WARDEN AVE,Collector,Scarborough,43.731145,-79.28679,637975.0361,4843437.6463,Unknown,No Control,Clear,Dark,Dry,119,Wexford/Maryvale,119,Wexford/Maryvale (119),Non-Fatal Injury,0,0,1,0,0,0,0,1,1,1,0,1,0,SMV Other,"['Passenger', 'Driver', 'Vehicle Owner']",West,"['Other', 'Automobile, Station Wagon']","['Going Ahead', 'Parked']",['Lost control'],"['Ability Impaired, Alcohol']",[],[],[],[],[],[],D41,False,"['15 to 19', '20 to 24', 'unknown']",3.0
941510.0,2006-11-19 10:00:00,1740,2006,155 UNDERHILL Driv,Not Applicable,Collector,North York,43.751745,-79.32599,634771.7599,4845661.0549,Unknown,No Control,Clear,Dark,Dry,149,Parkwoods-O'Connor Hills,45,Parkwoods-Donalda (45),Non-Fatal Injury,1,0,1,0,0,0,0,0,0,0,0,0,0,Pedestrian Collisions,"['Vehicle Owner', 'Driver', 'Pedestrian']",North,"['Other', 'Automobile, Station Wagon']",['Going Ahead'],['Driving Properly'],['Normal'],['Pedestrian hit at mid-block'],['Crossing without right of way'],['Inattentive'],[],[],[],D33,False,"['unknown', '20 to 24', '25 to 29']",3.0
941522.0,2006-11-19 10:00:00,3,2006,BLOOR ST W,DEVONSHIRE PL,Major Arterial,Toronto and East York,43.667845,-79.39839,629122.9376,4836227.5193,Unknown,Yield Sign,Clear,Dark,Dry,95,Annex,95,Annex (95),Non-Fatal Injury,1,0,1,0,0,0,0,0,0,0,0,0,0,Pedestrian Collisions,"['Driver', 'Pedestrian']",North,"['Automobile, Station Wagon', 'Other']",['Going Ahead'],['Driving Properly'],['Normal'],['Vehicle is going straight thru inter.while ped cross without ROW'],['Crossing without right of way'],['Inattentive'],[],[],[],D53,False,"['30 to 34', '15 to 19']",3.0
941532.0,2006-11-19 10:00:00,2046,2006,ST CLAIR AVE W,JANE ST,Major Arterial,Etobicoke York,43.667145,-79.49179,621594.3079,4836008.6397,Unknown,Traffic Signal,Clear,Dark,Dry,111,Rockcliffe-Smythe,111,Rockcliffe-Smythe (111),Non-Fatal Injury,0,0,1,0,0,0,0,0,0,0,0,0,0,SMV Other,"['Vehicle Owner', 'Driver']",South,"['Other', 'Automobile, Station Wagon']",['Turning Right'],['Lost control'],['Other'],[],[],[],[],[],[],D11,False,"['unknown', '30 to 34']",3.0
941748.0,2006-11-23 10:00:00,1352,2006,FINCH AVE W,ISLINGTON AVE,Major Arterial,Etobicoke York,43.746245,-79.56859,615250.8373,4844684.08,At Intersection,Traffic Signal,Clear,Daylight,Dry,22,Humbermede,22,Humbermede (22),Non-Fatal Injury,0,0,1,0,0,0,0,1,0,0,0,0,0,Turning Movement,"['Driver', 'Vehicle Owner', 'Passenger']",East,"['Automobile, Station Wagon', 'Other']","['Turning Left', 'Going Ahead', 'Stopped']","['Improper Turn', 'Driving Properly']",['Normal'],[],[],[],[],[],[],D31,False,"['60 to 64', 'unknown', '30 to 34', '35 to 39', '25 to 29', '15 to 19']",3.0
941871.0,2006-11-22 10:00:00,1615,2006,DUFFERIN ST,MELBOURNE AVE,Minor Arterial,Toronto and East York,43.640545,-79.42799,626793.9811,4833149.8514,Unknown,Pedestrian Crossover,Clear,Daylight,Dry,85,South Parkdale,85,South Parkdale (85),Non-Fatal Injury,1,0,0,0,0,0,0,0,0,1,0,0,0,Pedestrian Collisions,"['Vehicle Owner', 'Driver', 'Pedestrian']",East,['Other'],['Going Ahead'],['Failed to Yield Right of Way'],['Normal'],['Pedestrian hit a PXO/ped. Mid-block signal'],"['Crossing, Pedestrian Crossover']",['Medical or Physical Disability'],[],[],[],D14,False,"['unknown', '30 to 34', '40 to 44']",3.0
942131.0,2006-11-26 10:00:00,2115,2006,ST CLAIR AVE W,JANE ST,Major Arterial,Etobicoke York,43.667145,-79.49179,621594.3079,4836008.6397,Unknown,Traffic Signal,Clear,Dark,Dry,111,Rockcliffe-Smythe,111,Rockcliffe-Smythe (111),Non-Fatal Injury,0,0,1,0,0,0,0,1,1,1,1,0,0,Angle,"['Passenger', 'Driver']",North,"['Other', 'Automobile, Station Wagon']",['Going Ahead'],"['Driving Properly', 'Disobeyed Traffic Control']",['Normal'],[],[],[],[],[],[],D11,False,"['60 to 64', '75 to 79', '50 to 54', '25 to 29']",3.0
942286.0,2006-11-28 10:00:00,1510,2006,CARLAW AVE,EASTERN AVE,Major Arterial,Toronto and East York,43.658345,-79.33899,633932.9841,4835266.5876,Unknown,Traffic Signal,Clear,Daylight,Dry,70,South Riverdale,70,South Riverdale (70),Non-Fatal Injury,1,0,1,0,0,0,0,0,0,0,0,0,0,Pedestrian Collisions,"['Driver', 'Pedestrian']",South,"['Automobile, Station Wagon', 'Other']",['Turning Left'],['Improper Turn'],['Normal'],['Vehicle turns left while ped crosses with ROW at inter.'],['Crossing with right of way'],['Normal'],[],[],[],D55,False,['65 to 69'],3.0
942296.0,2006-11-28 10:00:00,2300,2006,QUEEN ST E,DALHOUSIE ST,Major Arterial,Toronto and East York,43.653345,-79.37519,631024.8951,4834653.4735,Unknown,No Control,Clear,Daylight,Dry,168,Downtown Yonge East,75,Church-Yonge Corridor (75),Non-Fatal Injury,0,1,1,0,0,0,0,0,0,0,0,0,0,Cyclist Collisions,"['Vehicle Owner', 'Driver', 'Cyclist']",East,"['Other', 'Automobile, Station Wagon', 'Bicycle']","['Going Ahead', 'Changing Lanes']",['Driving Properly'],['Normal'],[],[],[],['Cyclist and Driver travelling in same direction. One vehicle rear-ended the other.'],['Improper Lane Change'],['Inattentive'],D51,False,"['unknown', '55 to 59']",3.0
942334.0,2006-12-16 10:00:00,1902,2006,F G GARDINER XY  W,GARDINER X W 427 X N RAMP,Expressway,Etobicoke York,43.616445,-79.53369,618315.7105,4830317.2089,Unknown,No Control,Clear,Dark,Dry,20,Alderwood,20,Alderwood (20),Non-Fatal Injury,0,0,1,0,0,0,0,0,1,1,0,0,0,Sideswipe,['Driver'],West,"['Automobile, Station Wagon']","['Changing Lanes', 'Going Ahead']","['Improper Lane Change', 'Driving Properly']",['Normal'],[],[],[],[],[],[],D22,False,"['20 to 24', '40 to 44']",3.0
942452.0,2006-12-17 10:00:00,1922,2006,LAKE SHORE BLVD E,LOWER JARVIS ST,Major Arterial,Toronto and East York,43.645645,-79.36989,631469.0911,4833806.6699,At Intersection,Traffic Signal,Clear,Dark,Dry,166,St Lawrence-East Bayfront-The Islands,77,Waterfront Communities-The Island (77),Non-Fatal Injury,1,0,1,0,0,0,0,1,0,0,0,0,0,Pedestrian Collisions,"['Passenger', 'Driver', 'Pedestrian']",East,"['Other', 'Automobile, Station Wagon']",['Going Ahead'],['Driving Properly'],['Normal'],['Vehicle is going straight thru inter.while ped cross without ROW'],['Crossing without right of way'],['Normal'],[],[],[],D51,False,"['25 to 29', '45 to 49', '15 to 19']",3.0
942557.0,2006-11-30 10:00:00,1805,2006,DIXON Rd,CELESTINE Dr,Major Arterial,Etobicoke York,43.693345,-79.56249,615843.8847,4838817.3024,At Intersection,Traffic Signal,Rain,Dark,Wet,7,Willowridge-Martingrove-Richview,7,Willowridge-Martingrove-Richview (7),Non-Fatal Injury,1,0,1,0,0,0,0,0,0,1,0,0,0,Pedestrian Collisions,"['Driver', 'Pedestrian']",East,"['Automobile, Station Wagon', 'Other']",['Turning Right'],['Failed to Yield Right of Way'],['Normal'],['Vehicle turns right while ped crosses with ROW at inter.'],['Crossing with right of way'],['Normal'],[],[],[],D23,False,"['45 to 49', '25 to 29']",3.0
942571.0,2006-11-03 10:00:00,1154,2006,4575 KENNEDY Rd,Not Applicable,Major Arterial,Scarborough,43.822245,-79.30649,636181.4925,4853523.1042,Unknown,No Control,Clear,Daylight,Dry,116,Steeles,116,Steeles (116),Non-Fatal Injury,0,0,1,0,0,0,0,0,0,1,0,0,0,Turning Movement,"['Driver', 'Vehicle Owner']",North,"['Automobile, Station Wagon', 'Other']","['Going Ahead', 'Turning Left']","['Driving Properly', 'Failed to Yield Right of Way']","['Normal', 'Inattentive']",[],[],[],[],[],[],D42,False,"['45 to 49', 'unknown', '35 to 39']",3.0
942640.0,2006-11-30 10:00:00,1851,2006,SHEPPARD AVE E,BARBERRY PL,Major Arterial,North York,43.767445,-79.38499,629987.7176,4847310.4694,At Intersection,Traffic Signal,Rain,Dark,Wet,52,Bayview Village,52,Bayview Village (52),Non-Fatal Injury,0,0,1,0,0,0,0,1,0,0,0,0,0,Turning Movement,"['Vehicle Owner', 'Driver', 'Passenger']",East,"['Other', 'Automobile, Station Wagon']","['Going Ahead', 'Turning Left']","['Driving Properly', 'Improper Turn']","['Normal', 'Inattentive']",[],[],[],[],[],[],D33,False,"['unknown', '40 to 44', '80 to 84', '85 to 89']",3.0
942726.0,2006-11-22 10:00:00,2102,2006,DUFFERIN St,LINDSEY Ave,Major Arterial,Toronto and East York,43.653545,-79.43299,626363.4292,4834586.0433,Unknown,No Control,Clear,Dark,Dry,83,Dufferin Grove,83,Dufferin Grove (83),Non-Fatal Injury,0,0,1,0,0,0,0,0,0,1,0,0,0,Rear End,['Driver'],South,"['Automobile, Station Wagon']","['Stopped', 'Going Ahead']","['Driving Properly', 'Following too Close']",['Normal'],[],[],[],[],[],[],D11,False,"['50 to 54', '40 to 44', '35 to 39']",3.0
942734.0,2006-12-01 10:00:00,2120,2006,HARBORD ST,MARKHAM ST,Minor Arterial,Toronto and East York,43.661245,-79.41099,628121.146,4835474.9669,Unknown,No Control,Clear,Dark,Wet,80,Palmerston-Little Italy,80,Palmerston-Little Italy (80),Non-Fatal Injury,1,0,1,0,0,0,0,0,0,1,0,0,0,Pedestrian Collisions,"['Vehicle Owner', 'Driver', 'Pedestrian']",West,"['Other', 'Automobile, Station Wagon']",['Turning Left'],['Failed to Yield Right of Way'],['Normal'],['Vehicle turns left while ped crosses with ROW at inter.'],['Crossing with right of way'],['Normal'],[],[],[],D14,False,"['unknown', '40 to 44', '35 to 39']",3.0
943180.0,2006-12-06 10:00:00,1300,2006,MORTIMER Aven,BINSWOOD Aven,Minor Arterial,Toronto and East York,43.691145,-79.32279,635165.6,4838935.7554,At Intersection,Stop Sign,Rain,Daylight,Wet,59,Danforth East York,59,Danforth East York (59),Non-Fatal Injury,1,0,1,0,0,0,0,0,0,1,0,0,0,Pedestrian Collisions,"['Driver', 'Pedestrian']",South,"['Automobile, Station Wagon', 'Other']",['Going Ahead'],"['Driving Properly', 'Wrong Way on One Way Road']","['Normal', 'Inattentive']",['Pedestrian hit on sidewalk or shoulder'],['On Sidewalk or Shoulder'],['Unknown'],[],[],[],D55,False,"['50 to 54', '65 to 69', '55 to 59']",3.0
943330.0,2006-12-07 10:00:00,1800,2006,40 KING St W,Not Applicable,Major Arterial,Toronto and East York,43.648845,-79.37939,630695.9634,4834147.0661,Unknown,No Control,Clear,Dark,Dry,170,Yonge-Bay Corridor,76,Bay Street Corridor (76),Non-Fatal Injury,0,1,1,0,0,0,0,0,1,1,0,0,0,Cyclist Collisions,"['Driver', 'Cyclist']",West,"['Automobile, Station Wagon', 'Bicycle']","['Stopped', 'Overtaking']",['Other'],['Inattentive'],[],[],[],['Cyclist struck opened vehicle door'],['Driving Properly'],['Normal'],D52,False,"['40 to 44', '25 to 29']",3.0
943367.0,2006-12-08 10:00:00,1024,2006,ST CLAIR Ave W,WINONA Dr,Major Arterial,Toronto and East York,43.680245,-79.43249,626347.7197,4837552.1945,Unknown,Traffic Signal,Clear,Daylight,Dry,94,Wychwood,94,Wychwood (94),Non-Fatal Injury,0,0,1,0,1,0,0,1,0,0,0,0,0,Sideswipe,"['Vehicle Owner', 'Truck Driver', 'Passenger', 'Driver']",East,"['Other', 'Truck - Open', 'Automobile, Station Wagon']","['Going Ahead', 'Turning Left']","['Driving Properly', 'Improper Turn']",['Normal'],[],[],[],[],[],[],D13,False,"['unknown', '30 to 34', '20 to 24']",3.0
943986.0,2006-12-23 10:00:00,1809,2006,O CONNOR DR,LEAFY WOODWAY,Major Arterial,North York,43.722245,-79.30359,636642.2521,4842421.3327,Unknown,No Control,Rain,Dark,Wet,43,Victoria Village,43,Victoria Village (43),Fatal,1,0,1,0,0,0,0,0,0,0,0,0,0,Pedestrian Collisions,"['Vehicle Owner', 'Driver', 'Pedestrian']",East,"['Other', 'Taxi']",['Going Ahead'],['Driving Properly'],['Normal'],['Pedestrian hit at mid-block'],"['Crossing, no Traffic Control']",['Inattentive'],[],[],[],D55,True,"['unknown', '30 to 34', '65 to 69']",4.0
944001.0,2006-12-24 10:00:00,2259,2006,ROSEDALE VALLEY RD,BAYVIEW AVE,Minor Arterial,Toronto and East York,43.671545,-79.36549,631767.2902,4836690.1891,Unknown,No Control,Rain,Dark,Wet,71,Cabbagetown-South St.James Town,71,Cabbagetown-South St.James Town (71),Non-Fatal Injury,0,0,1,0,0,0,0,1,1,1,0,0,0,SMV Other,"['Passenger', 'Vehicle Owner', 'Driver']",West,"['Other', 'Automobile, Station Wagon']",['Going Ahead'],['Speed too Fast For Condition'],['Normal'],[],[],[],[],[],[],D51,False,"['20 to 24', 'unknown', '25 to 29']",3.0
944033.0,2006-12-24 10:00:00,820,2006,35 BRAYWIN DR,Not Applicable,Local,Etobicoke York,43.700245,-79.53629,617941.7389,4839620.5761,Unknown,No Control,Clear,Daylight,Dry,6,Kingsview Village-The Westway,6,Kingsview Village-The Westway (6),Non-Fatal Injury,0,0,1,0,0,0,0,0,0,0,0,0,1,SMV Other,['Driver'],West,"['Automobile, Station Wagon']",['Unknown'],['Driving Properly'],['Medical or Physical Disability'],[],[],[],[],[],[],D23,False,['90 to 94'],3.0
944038.0,2006-12-24 10:00:00,850,2006,MARKHAM RD,PAINTED POST DR,Major Arterial,Scarborough,43.767545,-79.22839,642591.9255,4847579.3285,At Intersection,Traffic Signal,Clear,Daylight,Dry,142,Woburn North,137,Woburn (137),Fatal,0,0,1,0,0,0,0,0,0,1,1,0,0,Angle,"['Vehicle Owner', 'Driver']",North,"['Other', 'Automobile, Station Wagon']",['Going Ahead'],"['Disobeyed Traffic Control', 'Driving Properly']","['Normal', 'Unknown']",[],[],[],[],[],[],D43,True,"['unknown', '25 to 29', '40 to 44']",4.0
944085.0,2006-12-25 10:00:00,2205,2006,EGLINTON AVE E,KENNEDY RD,Major Arterial,Scarborough,43.732145,-79.26789,639494.862,4843580.357,At Intersection,Traffic Signal,Rain,Dark,Wet,124,Kennedy Park,124,Kennedy Park (124),Non-Fatal Injury,1,0,1,0,0,0,0,0,0,0,0,0,0,Pedestrian Collisions,"['Driver', 'Pedestrian']",East,"['Automobile, Station Wagon', 'Other']",['Going Ahead'],['Driving Properly'],['Normal'],['Vehicle is going straight thru inter.while ped cross without ROW'],['Crossing without right of way'],['Unknown'],[],[],[],D41,False,['45 to 49'],3.0