accident_number,date,time,year,street1,street2,road_class,district,latitude,longitude,x,y,accident_location,traffctl,visibility,light,road_surface_condition,hood_158,neighbourhood_new,hood_140,neighbourhood_old,accident_class,pedestrian,cyclist,automobile,motorcycle,truck,trsn_city_veh,emerg_veh,passenger,speeding,aggressive_driving,redlight,alcohol,disability,impact_type,involvement_type,initial_direction,vehicle_type,manoeuver,driver_action,driver_condition,pedestrian_type,pedestrian_action,pedestrian_condition,cyclist_type,cyclist_action,cyclist_condition,division,injury,involvement_age,injury_severity_score
950128.0,2006-12-24 10:00:00,1933,2006,STEELES AVE E,REDLEA AVE,Major Arterial,Scarborough,43.824145,-79.30509,636289.7491,4853736.4361,Unknown,No Control,Clear,Dark,Dry,130,Milliken,130,Milliken (130),Non-Fatal Injury,1,0,1,0,0,0,0,0,0,0,0,0,0,Pedestrian Collisions,"['Driver', 'Pedestrian']",South,"['Automobile, Station Wagon', 'Other']",['Going Ahead'],['Driving Properly'],['Normal'],['Pedestrian hit at mid-block'],"['Crossing, no Traffic Control']",['Inattentive'],[],[],[],D42,False,['30 to 34'],3.0
950150.0,2007-01-16 10:00:00,1751,2007,648 OLD WESTON RD,Not Applicable,Minor Arterial,Toronto and East York,43.679545,-79.46539,623697.2593,4837424.8575,Unknown,No Control,Clear,Dark,Wet,91,Weston-Pelham Park,91,Weston-Pellam Park (91),Non-Fatal Injury,1,0,1,0,0,0,0,0,0,0,0,0,0,Pedestrian Collisions,"['Driver', 'Pedestrian']",East,"['Automobile, Station Wagon', 'Other']",['Going Ahead'],['Driving Properly'],['Normal'],['Pedestrian hit at mid-block'],"['Crossing, no Traffic Control']",['Had Been Drinking'],[],[],[],D12,False,"['60 to 64', '35 to 39']",3.0
950302.0,2007-01-16 10:00:00,1735,2007,DIXON RD,ISLINGTON AVE,Major Arterial,Etobicoke York,43.697045,-79.54669,617109.9585,4839250.4313,At Intersection,Traffic Signal,Clear,Dark,Dry,6,Kingsview Village-The Westway,6,Kingsview Village-The Westway (6),Non-Fatal Injury,0,0,1,0,1,0,0,0,0,0,0,0,0,Turning Movement,"['Vehicle Owner', 'Truck Driver', 'Driver']",East,"['Other', 'Truck - Open', 'Automobile, Station Wagon']","['Turning Left', 'Going Ahead']","['Improper Turn', 'Driving Properly']",['Normal'],[],[],[],[],[],[],D23,False,"['unknown', '40 to 44', '25 to 29']",3.0
950308.0,2007-01-16 10:00:00,1513,2007,HUMBERWOOD BLVD,HULLRICK DR,Collector,Etobicoke York,43.723945,-79.61529,611532.1235,4842143.4425,Unknown,No Control,Clear,Daylight,Slush,1,West Humber-Clairville,1,West Humber-Clairville (1),Non-Fatal Injury,0,0,1,0,0,0,0,1,0,0,0,0,0,Approaching,"['Vehicle Owner', 'Passenger', 'Driver']",North,"['Other', 'Automobile, Station Wagon']","['Slowing or Stopping', 'Going Ahead']","['Driving Properly', 'Lost control']",['Normal'],[],[],[],[],[],[],D23,False,"['unknown', '40 to 44', '45 to 49']",3.0
950372.0,2007-01-17 10:00:00,1559,2007,EGLINTON AVE E,HOLLY ST,Major Arterial,Toronto and East York,43.707145,-79.39619,629215.8912,4840595.7511,Unknown,No Control,Snow,Daylight,Packed Snow,174,South Eglinton-Davisville,104,Mount Pleasant West (104),Non-Fatal Injury,1,0,0,0,0,1,0,0,0,0,0,0,0,Pedestrian Collisions,"['Vehicle Owner', 'Driver', 'Pedestrian']",South,"['Other', 'Municipal Transit Bus (TTC)']",['Going Ahead'],['Driving Properly'],['Normal'],['Pedestrian involved in a collision with transit vehicle anywhere along roadway'],['Running onto Roadway'],['Normal'],[],[],[],D53,False,"['unknown', '40 to 44', '55 to 59']",3.0
950601.0,2007-01-12 10:00:00,1910,2007,GERRARD ST E,ENDERBY RD,Minor Arterial,Toronto and East York,43.683745,-79.30109,636931.2512,4838149.4834,Unknown,No Control,Rain,Dark,Wet,62,East End-Danforth,62,East End-Danforth (62),Non-Fatal Injury,1,0,1,0,0,0,0,0,0,0,0,0,0,Pedestrian Collisions,"['Driver', 'Pedestrian']",North,"['Automobile, Station Wagon', 'Other']",['Going Ahead'],['Driving Properly'],['Normal'],['Pedestrian hit at mid-block'],"['Crossing, no Traffic Control']",['Had Been Drinking'],[],[],[],D55,False,"['55 to 59', '45 to 49']",3.0
950835.0,2007-01-18 10:00:00,852,2007,BLYTHWOOD RD,MOUNT PLEASANT RD,Collector,North York,43.717945,-79.39369,629394.0688,4841799.1443,Unknown,No Control,Clear,Daylight,Dry,99,Mount Pleasant East,99,Mount Pleasant East (99),Non-Fatal Injury,0,0,1,0,0,0,0,1,1,1,0,0,0,SMV Other,"['Passenger', 'Vehicle Owner', 'Driver']",West,"['Other', 'Automobile, Station Wagon']",['Going Ahead'],['Speed too Fast For Condition'],['Normal'],[],[],[],[],[],[],D53,False,"['30 to 34', 'unknown', '25 to 29']",3.0
950837.0,2007-01-18 10:00:00,705,2007,YORK MILLS RD,FENN AVE,Major Arterial,North York,43.747045,-79.38899,629709.8368,4845038.4717,Unknown,Traffic Signal,Clear,Daylight,Dry,40,St.Andrew-Windfields,40,St.Andrew-Windfields (40),Non-Fatal Injury,0,0,1,0,1,0,0,0,0,1,1,0,0,Angle,"['Vehicle Owner', 'Truck Driver', 'Driver']",South,"['Other', 'Truck - Open', 'Automobile, Station Wagon']",['Going Ahead'],"['Disobeyed Traffic Control', 'Driving Properly']",['Normal'],[],[],[],[],[],[],D32,False,"['unknown', '25 to 29', '50 to 54']",3.0
950847.0,2007-01-19 10:00:00,710,2007,WALSH AVE,KELVIN AVE,Major Arterial,Etobicoke York,43.715745,-79.53159,618289.9626,4841348.7612,Unknown,Stop Sign,Clear,Dark,Dry,23,Pelmo Park-Humberlea,23,Pelmo Park-Humberlea (23),Non-Fatal Injury,1,0,1,0,0,0,0,0,0,1,0,0,0,Pedestrian Collisions,"['Driver', 'Pedestrian']",North,"['Automobile, Station Wagon', 'Other']",['Turning Left'],['Failed to Yield Right of Way'],['Normal'],['Vehicle turns left while ped crosses with ROW at inter.'],['Crossing with right of way'],['Normal'],[],[],[],D31,False,"['35 to 39', '55 to 59']",3.0
951120.0,2007-02-02 10:00:00,1355,2007,4544 DUFFERIN ST,Not Applicable,Major Arterial,North York,43.766845,-79.46649,623429.1841,4847119.1235,Unknown,No Control,Clear,Daylight,Dry,27,York University Heights,27,York University Heights (27),Non-Fatal Injury,0,0,1,0,0,0,0,0,0,1,0,0,0,Turning Movement,"['Vehicle Owner', 'Driver']",East,"['Other', 'Automobile, Station Wagon']","['Going Ahead', 'Turning Left']","['Driving Properly', 'Failed to Yield Right of Way']",['Normal'],[],[],[],[],[],[],D32,False,"['unknown', '35 to 39', '55 to 59']",3.0
951370.0,2007-02-05 10:00:00,523,2007,CALEDONIA RD,CASTLEFIELD AVE,Minor Arterial,North York,43.698445,-79.46349,623811.5176,4839526.795,At Intersection,Traffic Signal,Clear,Dark,Dry,108,Briar Hill-Belgravia,108,Briar Hill-Belgravia (108),Fatal,0,0,1,0,0,0,0,1,0,1,1,0,0,Angle,"['Passenger', 'Driver', 'Vehicle Owner', 'Other Property Owner']",North,"['Other', 'Automobile, Station Wagon']",['Going Ahead'],"['Driving Properly', 'Disobeyed Traffic Control']","['Normal', 'Unknown']",[],[],[],[],[],[],D13,True,"['45 to 49', 'unknown', '20 to 24']",4.0
951700.0,2007-02-06 10:00:00,800,2007,LAKE SHORE BLVD W,BRITISH COLUMBIA RD,Major Arterial,Toronto and East York,43.630645,-79.42739,626863.2066,4832051.2472,Unknown,No Control,Clear,Daylight,Loose Snow,163,Fort York-Liberty Village,82,Niagara (82),Non-Fatal Injury,0,0,1,0,0,0,0,0,0,0,0,0,0,SMV Other,"['Driver', 'Other Property Owner']",East,"['Automobile, Station Wagon', 'Other']",['Going Ahead'],['Lost control'],['Normal'],[],[],[],[],[],[],D14,False,"['50 to 54', 'unknown']",3.0
951783.0,2007-02-02 10:00:00,1012,2007,DUNDAS ST W,427 C N DUNDAS RAMP S,Major Arterial,Etobicoke York,43.628945,-79.55489,616580.9186,4831675.4984,At Intersection,Traffic Signal,Clear,Daylight,Dry,159,Etobicoke City Centre,14,Islington-City Centre West (14),Non-Fatal Injury,0,0,1,0,0,0,0,0,0,1,1,0,0,Turning Movement,"['Vehicle Owner', 'Driver']",East,"['Other', 'Automobile, Station Wagon']","['Going Ahead', 'Turning Left']","['Disobeyed Traffic Control', 'Driving Properly']",['Normal'],[],[],[],[],[],[],D22,False,"['unknown', '60 to 64', '75 to 79']",3.0
951904.0,2007-01-12 10:00:00,142,2007,F G GARDINER XY Expr E,KIPLING AVE,Major Arterial,Etobicoke York,43.617945,-79.52489,619022.824,4830496.3781,Unknown,No Control,Rain,Dark,Wet,160,Mimico-Queensway,17,Mimico (includes Humber Bay Shores) (17),Non-Fatal Injury,0,0,1,0,0,0,0,0,0,0,0,0,0,SMV Other,['Driver'],East,"['Automobile, Station Wagon']",['Going Ahead'],['Lost control'],['Had Been Drinking'],[],[],[],[],[],[],D22,False,['20 to 24'],3.0
951917.0,2007-02-07 10:00:00,1521,2007,114 LA ROSE AVE,Not Applicable,Collector,Etobicoke York,43.685645,-79.52069,619227.6811,4838021.3576,Unknown,No Control,Clear,Daylight,Dry,8,Humber Heights-Westmount,8,Humber Heights-Westmount (8),Non-Fatal Injury,1,0,1,0,0,0,0,0,0,0,0,0,0,Pedestrian Collisions,"['Pedestrian', 'Driver']",East,"['Other', 'Automobile, Station Wagon']",['Reversing'],['Other'],['Normal'],['Vehicle is reversing and hits pedestrian'],"['Crossing, no Traffic Control']",['Normal'],[],[],[],D23,False,"['85 to 89', '75 to 79']",3.0
952125.0,2007-02-08 10:00:00,2000,2007,621 ROYAL YORK Road,Not Applicable,Minor Arterial,Etobicoke York,43.628345,-79.50329,620744.8663,4831682.6138,Unknown,No Control,Clear,Dark,Dry,16,Stonegate-Queensway,16,Stonegate-Queensway (16),Non-Fatal Injury,0,0,1,0,0,0,0,0,0,0,0,0,0,SMV Unattended Vehicle,"['Vehicle Owner', 'Driver']",North,"['Other', 'Automobile, Station Wagon']","['Parked', 'Going Ahead']",[],[],[],[],[],[],[],[],D22,False,"['unknown', '60 to 64']",3.0
952260.0,2007-02-09 10:00:00,900,2007,ST CLAIR AVE E,BIRCHMOUNT RD,Major Arterial,Scarborough,43.715145,-79.26729,639582.6612,4841693.2669,Unknown,No Control,Clear,Daylight,Dry,124,Kennedy Park,124,Kennedy Park (124),Non-Fatal Injury,0,0,1,0,0,0,0,0,0,1,0,0,0,Rear End,"['Vehicle Owner', 'Driver']",West,"['Other', 'Automobile, Station Wagon']","['Going Ahead', 'Stopped']","['Following too Close', 'Driving Properly']","['Inattentive', 'Normal']",[],[],[],[],[],[],D41,False,"['unknown', '55 to 59', '70 to 74', '30 to 34']",3.0
952335.0,2007-01-23 10:00:00,1402,2007,201 WESTON Rd,Not Applicable,Major Arterial,Etobicoke York,43.676845,-79.47129,623227.2123,4837116.2042,Unknown,No Control,Clear,Daylight,Wet,90,Junction Area,90,Junction Area (90),Non-Fatal Injury,0,0,1,0,0,0,0,0,1,1,0,0,0,SMV Other,"['Vehicle Owner', 'Driver', 'Other Property Owner']",South,"['Other', 'Automobile, Station Wagon']",['Going Ahead'],['Speed too Fast For Condition'],['Unknown'],[],[],[],[],[],[],D12,False,"['unknown', '30 to 34']",3.0
952422.0,2007-01-23 10:00:00,832,2007,QUEEN ST E,MC GEE ST,Minor Arterial,Toronto and East York,43.660045,-79.34449,633485.7278,4835446.5318,Unknown,No Control,Clear,Daylight,Wet,70,South Riverdale,70,South Riverdale (70),Non-Fatal Injury,1,0,1,0,0,1,0,0,0,1,0,0,0,Pedestrian Collisions,"['Vehicle Owner', 'Driver', 'Pedestrian']",East,"['Other', 'Municipal Transit Bus (TTC)', 'Automobile, Station Wagon']","['Stopped', 'Going Ahead']","['Driving Properly', 'Failed to Yield Right of Way']",['Normal'],['Pedestrian involved in a collision with transit vehicle anywhere along roadway'],['Person Getting on/off Vehicle'],['Normal'],[],[],[],D55,False,"['unknown', '40 to 44', '35 to 39']",3.0
952478.0,2007-01-24 10:00:00,2245,2007,ISLINGTON Aven,REXDALE Boul,Major Arterial,Etobicoke York,43.713645,-79.55499,616408.9926,4841082.3993,At Intersection,Traffic Signal,Clear,Daylight,Dry,1,West Humber-Clairville,1,West Humber-Clairville (1),Non-Fatal Injury,0,0,1,0,0,0,0,1,0,1,1,0,0,Turning Movement,"['Driver', 'Passenger']",South,"['Automobile, Station Wagon', 'Other']","['Turning Left', 'Going Ahead']","['Disobeyed Traffic Control', 'Driving Properly']","['Inattentive', 'Normal']",[],[],[],[],[],[],D23,False,"['40 to 44', '15 to 19', '45 to 49']",3.0
952529.0,2007-02-11 10:00:00,202,2007,KIPLING AVE,ADVANCE RD,Major Arterial,Etobicoke York,43.632645,-79.53159,618453.3393,4832119.4118,At Intersection,No Control,Clear,Dark,Dry,159,Etobicoke City Centre,14,Islington-City Centre West (14),Fatal,1,0,1,0,0,0,0,0,1,1,0,1,0,Pedestrian Collisions,"['Vehicle Owner', 'Driver', 'Pedestrian']",North,"['Other', 'Automobile, Station Wagon']",['Going Ahead'],['Exceeding Speed Limit'],"['Ability Impaired, Alcohol Over .08']",['Pedestrian hit at mid-block'],['Walking on Roadway with Traffic'],['Unknown'],[],[],[],D22,True,"['unknown', '20 to 24', '15 to 19']",4.0
953178.0,2007-02-14 10:00:00,700,2007,MCNICOLL AVE,WARDEN AVE,Minor Arterial,Scarborough,43.806045,-79.32219,634955.4719,4851698.1054,Unknown,No Control,Snow,Dark,Packed Snow,116,Steeles,116,Steeles (116),Fatal,1,0,1,0,0,0,0,0,1,1,0,0,0,Pedestrian Collisions,"['Driver', 'Pedestrian']",East,"['Automobile, Station Wagon', 'Other']",['Going Ahead'],['Speed too Fast For Condition'],['Normal'],['Pedestrian hit at mid-block'],['Walking on Roadway with Traffic'],['Inattentive'],[],[],[],D42,True,"['25 to 29', '30 to 34']",4.0
953726.0,2007-02-15 10:00:00,1445,2007,EGLINTON AVE W,KIPLING AVE,Major Arterial,Etobicoke York,43.677345,-79.54989,616890.3526,4837057.9685,Unknown,No Control,Clear,Daylight,Other,10,Princess-Rosethorn,10,Princess-Rosethorn (10),Non-Fatal Injury,0,0,1,0,0,0,0,1,0,1,0,0,0,Rear End,"['Passenger', 'Driver']",West,"['Other', 'Automobile, Station Wagon']","['Other', 'Slowing or Stopping', 'Going Ahead']","['Driving Properly', 'Following too Close']","['Normal', 'Unknown']",[],[],[],[],[],[],D22,False,"['40 to 44', '20 to 24']",3.0
953931.0,2007-02-16 10:00:00,2008,2007,LAKE SHORE BLVD W,NEWFOUNDLAND RD,Major Arterial,Toronto and East York,43.632445,-79.41079,628198.5232,4832276.6621,At Intersection,Traffic Signal,Clear,Dark,Dry,163,Fort York-Liberty Village,82,Niagara (82),Non-Fatal Injury,0,0,1,0,0,0,0,1,0,1,1,0,0,Turning Movement,"['Passenger', 'Vehicle Owner', 'Driver']",East,"['Automobile, Station Wagon', 'Other']","['Other', 'Turning Left']","['Driving Properly', 'Disobeyed Traffic Control']","['Normal', 'Unknown']",[],[],[],[],[],[],D14,False,"['35 to 39', 'unknown', '60 to 64']",3.0
954013.0,2007-01-29 10:00:00,1435,2007,496 BIRCHMOUNT RD,Not Applicable,Minor Arterial,Scarborough,43.708145,-79.26859,639494.175,4840913.6268,Unknown,No Control,Clear,Daylight,Dry,120,Clairlea-Birchmount,120,Clairlea-Birchmount (120),Non-Fatal Injury,1,0,0,0,1,0,0,0,0,0,0,0,0,Pedestrian Collisions,"['Vehicle Owner', 'Truck Driver', 'Pedestrian']",North,"['Other', 'Truck - Open']",['Stopped'],['Lost control'],['Normal'],['Pedestrian hit at mid-block'],['Pushing/Working on Vehicle'],['Normal'],[],[],[],D41,False,"['unknown', '70 to 74', '45 to 49']",3.0
954398.0,2007-01-30 10:00:00,1802,2007,MCLEVIN AVE,NEILSON RD,Minor Arterial,Scarborough,43.809145,-79.22169,643031.9298,4852211.2337,At Intersection,Traffic Signal,Snow,Dark,Wet,145,Malvern West,132,Malvern (132),Non-Fatal Injury,1,0,1,0,0,0,0,0,0,1,0,0,0,Pedestrian Collisions,"['Driver', 'Pedestrian']",East,"['Automobile, Station Wagon', 'Other']",['Turning Left'],['Failed to Yield Right of Way'],['Inattentive'],['Vehicle turns left while ped crosses with ROW at inter.'],['Crossing with right of way'],['Normal'],[],[],[],D42,False,"['30 to 34', '70 to 74']",3.0
954405.0,2007-02-19 10:00:00,1358,2007,SPADINA AVE,WILLISON SQ,Major Arterial,Toronto and East York,43.652345,-79.39779,629204.5535,4834506.973,Unknown,No Control,Clear,Daylight,Wet,78,Kensington-Chinatown,78,Kensington-Chinatown (78),Fatal,1,0,1,0,0,0,0,0,0,0,0,0,0,Pedestrian Collisions,"['Pedestrian', 'Vehicle Owner', 'Driver']",East,"['Other', 'Automobile, Station Wagon']",['Going Ahead'],['Driving Properly'],['Normal'],['Pedestrian hit at mid-block'],"['Crossing, no Traffic Control']",['Normal'],[],[],[],D52,True,"['55 to 59', 'unknown', '35 to 39']",4.0
954598.0,2007-01-12 10:00:00,640,2007,MCNICOLL AVE,PHARMACY AVE,Minor Arterial,Scarborough,43.804145,-79.33069,634276.0204,4851473.2521,At Intersection,Traffic Signal,Clear,Dark,Wet,116,Steeles,116,Steeles (116),Non-Fatal Injury,1,0,1,0,0,0,0,0,0,0,0,0,0,Pedestrian Collisions,"['Driver', 'Pedestrian']",North,"['Automobile, Station Wagon', 'Other']",['Going Ahead'],['Driving Properly'],['Normal'],['Vehicle is going straight thru inter.while ped cross without ROW'],['Crossing without right of way'],['Inattentive'],[],[],[],D42,False,"['40 to 44', '55 to 59']",3.0
954826.0,2007-02-01 10:00:00,1915,2007,POTTERY RD,TODMORDEN MILLS RD,Minor Arterial,Toronto and East York,43.686845,-79.36029,632152.9024,4838397.7369,Unknown,No Control,Snow,Dark,Ice,57,Broadview North,57,Broadview North (57),Non-Fatal Injury,0,0,1,0,0,0,0,0,0,0,0,0,0,SMV Other,['Driver'],West,"['Automobile, Station Wagon']",['Going Ahead'],['Lost control'],['Normal'],[],[],[],[],[],[],D55,False,['20 to 24'],3.0
954852.0,2007-02-21 10:00:00,1405,2007,16 HISCOCK BLVD,Not Applicable,Collector,Scarborough,43.762345,-79.22209,643111.4012,4847012.6559,Unknown,No Control,Clear,Daylight,Dry,141,Golfdale-Cedarbrae-Woburn,137,Woburn (137),Non-Fatal Injury,0,0,1,0,0,0,0,0,1,1,0,1,0,Approaching,"['Vehicle Owner', 'Driver']",West,"['Other', 'Automobile, Station Wagon']",['Going Ahead'],['Speed too Fast For Condition'],"['Ability Impaired, Alcohol']",[],[],[],[],[],[],D43,False,"['unknown', '65 to 69']",3.0
955425.0,2007-02-25 10:00:00,334,2007,GARDINER X W 427 X N RAMP E,HIGHWAY 427 X Ramp N,Unknown,Etobicoke York,43.614545,-79.54639,617294.6402,4830088.1742,Unknown,No Control,Clear,Dark,Dry,159,Etobicoke City Centre,14,Islington-City Centre West (14),Non-Fatal Injury,0,0,1,0,0,0,0,1,1,1,0,0,0,SMV Other,"['Vehicle Owner', 'Passenger', 'Driver']",West,"['Other', 'Automobile, Station Wagon']","['Other', 'Going Ahead']",['Lost control'],['Had Been Drinking'],[],[],[],[],[],[],D22,False,"['unknown', '30 to 34', '20 to 24']",3.0
955463.0,2007-02-25 10:00:00,1255,2007,DUFFERIN ST,CHANDOS AVE,Major Arterial,Toronto and East York,43.671245,-79.44029,625737.7973,4836540.771,At Intersection,No Control,Clear,Daylight,Dry,171,Junction-Wallace Emerson,93,Dovercourt-Wallace Emerson-Junction (93),Non-Fatal Injury,1,0,1,0,0,0,0,0,0,1,0,0,0,Pedestrian Collisions,"['Vehicle Owner', 'Driver', 'Pedestrian']",North,"['Other', 'Automobile, Station Wagon']",['Turning Left'],['Failed to Yield Right of Way'],['Inattentive'],['Vehicle turns left while ped crosses with ROW at inter.'],['Crossing with right of way'],['Normal'],[],[],[],D13,False,"['unknown', '35 to 39', '60 to 64']",3.0
956145.0,2007-02-28 10:00:00,1855,2007,RENFORTH Driv,HIGHWAY 401 X  E,Major Arterial,Etobicoke York,43.668345,-79.59099,613594.3209,4836001.3039,Unknown,No Control,Clear,Dark,Dry,NSA,NSA,NSA,NSA,Non-Fatal Injury,0,1,1,0,0,0,0,0,0,0,0,0,0,Cyclist Collisions,"['Driver', 'Cyclist']",South,"['Automobile, Station Wagon', 'Bicycle']","['Unknown', 'Going Ahead']",[],[],[],[],[],[],[],[],NSA,False,"['unknown', '30 to 34']",3.0
956470.0,2007-02-16 10:00:00,2305,2007,4400 DUFFERIN Stre,Not Applicable,Major Arterial,North York,43.765445,-79.46619,623456.2106,4846964.0798,At Intersection,Traffic Signal,Clear,Dark,Wet,27,York University Heights,27,York University Heights (27),Non-Fatal Injury,0,0,1,0,0,0,0,1,0,1,1,0,0,Turning Movement,"['Vehicle Owner', 'Driver', 'Passenger']",East,"['Other', 'Automobile, Station Wagon']","['Unknown', 'Going Ahead', 'Other', 'Turning Left']","['Disobeyed Traffic Control', 'Driving Properly']","['Unknown', 'Normal']",[],[],[],[],[],[],D32,False,"['unknown', '40 to 44', '10 to 14', '5 to 9', '15 to 19', '25 to 29']",3.0
956782.0,2007-03-04 10:00:00,300,2007,DON VALLEY PARKWAY  N,SPANBRIDGE RD,Expressway,North York,43.715345,-79.32519,634917.8846,4841619.6,Unknown,No Control,Clear,Dark,Dry,44,Flemingdon Park,44,Flemingdon Park (44),Non-Fatal Injury,0,0,1,0,0,0,0,1,1,1,0,0,0,SMV Other,"['Passenger', 'Driver', 'Other Property Owner']",North,"['Other', 'Automobile, Station Wagon']",['Overtaking'],['Exceeding Speed Limit'],['Had Been Drinking'],[],[],[],[],[],[],D55,False,"['25 to 29', '30 to 34', 'unknown']",3.0
956968.0,2007-03-05 10:00:00,819,2007,DON MILLS RD,SENECA HILL DR,Major Arterial,North York,43.790245,-79.35419,632416.4086,4849891.5729,At Intersection,Traffic Signal,Clear,Daylight,Dry,47,Don Valley Village,47,Don Valley Village (47),Non-Fatal Injury,1,0,1,0,0,0,0,0,0,1,1,0,0,Pedestrian Collisions,"['Driver', 'Pedestrian']",West,"['Automobile, Station Wagon', 'Other']",['Going Ahead'],"['Driving Properly', 'Disobeyed Traffic Control']",['Normal'],['Vehicle is going straight thru inter.while ped cross with ROW'],['Crossing with right of way'],['Normal'],[],[],[],D33,False,"['35 to 39', '10 to 14']",3.0
957028.0,2007-02-03 10:00:00,1120,2007,DANFORTH AVE,WOODBINE AVE,Major Arterial,Toronto and East York,43.685645,-79.31279,635983.9332,4838341.2529,At Intersection,Traffic Signal,Clear,Daylight,Dry,64,Woodbine Corridor,64,Woodbine Corridor (64),Non-Fatal Injury,1,0,1,0,0,0,0,0,0,0,0,0,0,Pedestrian Collisions,"['Pedestrian', 'Driver']",North,"['Other', 'Automobile, Station Wagon']",['Turning Left'],['Improper Turn'],['Inattentive'],['Vehicle turns left while ped crosses with ROW at inter.'],['Crossing with right of way'],['Normal'],[],[],[],D55,False,"['50 to 54', '60 to 64']",3.0
957092.0,2007-03-06 10:00:00,145,2007,F G GARDINER XY  W,PARKSIDE DR,Expressway,Toronto and East York,43.638945,-79.45759,624409.8062,4832927.3588,Unknown,No Control,Clear,Dark,Dry,85,South Parkdale,85,South Parkdale (85),Fatal,0,0,1,0,1,0,0,0,0,0,0,0,0,Rear End,"['Vehicle Owner', 'Truck Driver', 'Driver']",West,"['Other', 'Truck - Open', 'Automobile, Station Wagon']","['Going Ahead', 'Changing Lanes']","['Driving Properly', 'Improper Lane Change']","['Normal', 'Unknown']",[],[],[],[],[],[],D11,True,"['unknown', '25 to 29', '50 to 54', '30 to 34']",4.0
957566.0,2007-03-07 10:00:00,1027,2007,STEELES AVE W,GIHON SPRING DR,Major Arterial,Etobicoke York,43.759345,-79.59689,612947.5861,4846100.0432,Unknown,No Control,Clear,Daylight,Other,NSA,NSA,NSA,NSA,Fatal,0,0,1,0,0,0,0,0,0,1,0,0,0,Approaching,"['Vehicle Owner', 'Driver']",East,"['Other', 'Pick Up Truck', 'Automobile, Station Wagon']",['Going Ahead'],"['Lost control', 'Driving Properly']","['Other', 'Normal']",[],[],[],[],[],[],NSA,True,"['unknown', '35 to 39', '60 to 64']",4.0
957570.0,2007-03-07 10:00:00,1352,2007,DON MILLS RD E,GODSTONE RD,Major Arterial,North York,43.782745,-79.34909,632843.3548,4849066.7521,At Intersection,Traffic Signal,Clear,Daylight,Dry,47,Don Valley Village,47,Don Valley Village (47),Non-Fatal Injury,1,0,1,0,0,0,0,0,0,1,0,0,0,Pedestrian Collisions,"['Driver', 'Pedestrian']",East,"['Automobile, Station Wagon', 'Other']",['Going Ahead'],['Failed to Yield Right of Way'],['Normal'],['Vehicle is going straight thru inter.while ped cross with ROW'],['Crossing with right of way'],['Normal'],[],[],[],D33,False,"['25 to 29', '60 to 64', '5 to 9']",3.0
957573.0,2007-03-07 10:00:00,1957,2007,EGLINTON AVE W,OAKWOOD AVE,Major Arterial,North York,43.697245,-79.44279,625482.0356,4839424.6374,At Intersection,Traffic Signal,Clear,Dark,Dry,107,Oakwood Village,107,Oakwood Village (107),Non-Fatal Injury,1,0,1,0,0,0,0,0,0,0,0,0,0,Pedestrian Collisions,"['Driver', 'Pedestrian']",North,"['Automobile, Station Wagon', 'Other']",['Going Ahead'],['Driving Properly'],['Normal'],['Vehicle is going straight thru inter.while ped cross without ROW'],['Crossing without right of way'],['Normal'],[],[],[],D13,False,['35 to 39'],3.0
957584.0,2006-12-07 10:00:00,2008,2006,SENLAC RD,FINCH AVE W,Major Arterial,North York,43.776445,-79.43029,626322.6626,4848239.9431,Unknown,Traffic Signal,Snow,Dark,Wet,37,Willowdale West,37,Willowdale West (37),Non-Fatal Injury,1,0,1,0,0,0,0,0,0,1,0,0,0,Pedestrian Collisions,"['Driver', 'Pedestrian']",South,"['Automobile, Station Wagon', 'Other']",['Turning Left'],['Failed to Yield Right of Way'],['Inattentive'],['Vehicle turns left while ped crosses with ROW at inter.'],['Crossing with right of way'],['Normal'],[],[],[],D32,False,"['20 to 24', '40 to 44', '10 to 14']",3.0
957650.0,2007-01-22 10:00:00,1805,2007,EGLINTON Aven E,MIDLAND Aven,Major Arterial,Scarborough,43.734545,-79.25809,640278.507,4843863.4585,At Intersection,Traffic Signal,Clear,Dark,Wet,138,Eglinton East,138,Eglinton East (138),Non-Fatal Injury,0,0,1,0,1,0,0,1,0,1,1,0,0,Turning Movement,"['Passenger', 'Truck Driver', 'Driver']",East,"['Other', 'Truck - Open', 'Automobile, Station Wagon']","['Going Ahead', 'Stopped', 'Turning Left']","['Disobeyed Traffic Control', 'Driving Properly', 'Improper Turn']",['Normal'],[],[],[],[],[],[],D41,False,"['25 to 29', '20 to 24', '15 to 19']",3.0
957730.0,2007-02-06 10:00:00,655,2007,SOUTH KINGSWAY,QUEENSWAY S KINGSWAY RAMP,Minor Arterial,Toronto and East York,43.636145,-79.47449,623052.3655,4832591.1916,At Intersection,Stop Sign,Clear,Dark,Slush,87,High Park-Swansea,87,High Park-Swansea (87),Non-Fatal Injury,0,0,1,0,0,0,0,0,0,1,0,0,0,Turning Movement,['Driver'],North,"['Automobile, Station Wagon']","['Going Ahead', 'Turning Left']","['Driving Properly', 'Failed to Yield Right of Way']","['Normal', 'Unknown']",[],[],[],[],[],[],D11,False,"['55 to 59', '60 to 64', '35 to 39']",3.0