accident_number,date,time,year,street1,street2,road_class,district,latitude,longitude,x,y,accident_location,traffctl,visibility,light,road_surface_condition,hood_158,neighbourhood_new,hood_140,neighbourhood_old,accident_class,pedestrian,cyclist,automobile,motorcycle,truck,trsn_city_veh,emerg_veh,passenger,speeding,aggressive_driving,redlight,alcohol,disability,impact_type,involvement_type,initial_direction,vehicle_type,manoeuver,driver_action,driver_condition,pedestrian_type,pedestrian_action,pedestrian_condition,cyclist_type,cyclist_action,cyclist_condition,division,injury,involvement_age,injury_severity_score
957751.0,2007-02-06 10:00:00,1939,2007,EGLINTON AVE W,BLACK CREEK DR,Major Arterial,Etobicoke York,43.688345,-79.48289,622268.7809,4838376.2658,At Intersection,Traffic Signal,Clear,Dark,Dry,110,Keelesdale-Eglinton West,110,Keelesdale-Eglinton West (110),Non-Fatal Injury,0,0,1,0,0,0,0,0,0,1,0,0,0,Turning Movement,['Driver'],East,"['Automobile, Station Wagon']","['Going Ahead', 'Turning Left']","['Driving Properly', 'Failed to Yield Right of Way']",['Normal'],[],[],[],[],[],[],D12,False,"['70 to 74', '40 to 44']",3.0
957966.0,2007-03-09 10:00:00,1724,2007,O CONNOR DR,PAPE AVE,Major Arterial,Toronto and East York,43.693245,-79.35029,632944.7229,4839124.5305,At Intersection,Traffic Signal,Clear,Dusk,Dry,58,Old East York,58,Old East York (58),Fatal,1,0,1,0,0,0,0,0,0,1,0,0,0,Pedestrian Collisions,"['Vehicle Owner', 'Driver', 'Pedestrian']",East,"['Automobile, Station Wagon', 'Other']",['Turning Left'],['Failed to Yield Right of Way'],['Normal'],['Pedestrian involved in a collision with transit vehicle anywhere along roadway'],['Crossing with right of way'],['Normal'],[],[],[],D55,True,"['unknown', '50 to 54', '70 to 74']",4.0
957981.0,2007-01-26 10:00:00,1102,2007,DUFFERIN ST,DUPONT ST,Major Arterial,Toronto and East York,43.668445,-79.43899,625848.451,4836231.765,At Intersection,Traffic Signal,Clear,Daylight,Dry,172,Dovercourt Village,93,Dovercourt-Wallace Emerson-Junction (93),Non-Fatal Injury,1,0,1,0,0,0,0,0,0,1,0,0,0,Pedestrian Collisions,"['Pedestrian', 'Driver']",South,"['Other', 'Automobile, Station Wagon']",['Turning Right'],['Failed to Yield Right of Way'],['Inattentive'],['Vehicle turns right while ped crosses with ROW at inter.'],['Crossing with right of way'],['Normal'],[],[],[],D14,False,"['55 to 59', '80 to 84', '70 to 74']",3.0
958067.0,2007-02-07 10:00:00,750,2007,5714 YONGE ST,Not Applicable,Major Arterial,North York,43.782069,-79.416087,627453.7112,4848886.3428,Non Intersection,No Control,Clear,Daylight,Dry,50,Newtonbrook East,50,Newtonbrook East (50),Non-Fatal Injury,1,0,0,0,0,1,0,0,0,1,0,0,0,Pedestrian Collisions,"['Vehicle Owner', 'Driver', 'Pedestrian']",South,['Municipal Transit Bus (TTC)'],['Pulling Away from Shoulder or Curb'],['Failed to Yield Right of Way'],['Normal'],['Pedestrian involved in a collision with transit vehicle anywhere along roadway'],['Walking on Roadway with Traffic'],['Normal'],[],[],[],D32,False,"['unknown', '55 to 59', '45 to 49']",3.0
958123.0,2007-02-08 10:00:00,1038,2007,DUFFERIN ST,SYLVAN AVE,Major Arterial,Toronto and East York,43.654645,-79.43339,626328.8665,4834707.6036,Unknown,No Control,Clear,Daylight,Dry,83,Dufferin Grove,83,Dufferin Grove (83),Non-Fatal Injury,1,0,1,0,0,0,0,0,0,0,0,0,0,Pedestrian Collisions,"['Driver', 'Pedestrian']",South,"['Automobile, Station Wagon', 'Other']",['Going Ahead'],['Driving Properly'],['Normal'],['Vehicle is going straight thru inter.while ped cross without ROW'],"['Crossing, no Traffic Control']",['Normal'],[],[],[],D11,False,"['35 to 39', '20 to 24']",3.0
958325.0,2007-02-06 10:00:00,1520,2007,VICTORIA PARK AVE,MORECAMBE GT,Major Arterial,North York,43.798045,-79.33359,634056.3903,4850791.0482,Unknown,Traffic Signal,Clear,Daylight,Dry,147,L'Amoreaux West,117,L'Amoreaux (117),Non-Fatal Injury,1,0,1,0,0,0,0,0,0,1,0,0,0,Pedestrian Collisions,"['Vehicle Owner', 'Driver', 'Pedestrian']",West,"['Other', 'Automobile, Station Wagon']",['Turning Left'],['Failed to Yield Right of Way'],['Normal'],['Vehicle turns left while ped crosses with ROW at inter.'],['Crossing with right of way'],['Normal'],[],[],[],D42,False,"['unknown', '35 to 39', '65 to 69']",3.0
958350.0,2007-02-08 10:00:00,920,2007,CROCKFORD BLVD,BERTRAND AVE,Collector,Scarborough,43.733845,-79.28599,638033.2623,4843738.8539,Unknown,No Control,Clear,Daylight,Dry,119,Wexford/Maryvale,119,Wexford/Maryvale (119),Non-Fatal Injury,0,0,1,0,0,0,0,0,0,1,0,0,0,Turning Movement,"['Vehicle Owner', 'Driver']",South,"['Other', 'Automobile, Station Wagon']","['Turning Right', 'Going Ahead']","['Lost control', 'Driving Properly']",['Normal'],[],[],[],[],[],[],D41,False,"['unknown', '25 to 29', '45 to 49']",3.0
958417.0,2007-03-03 10:00:00,326,2007,DANFORTH Aven,CEDARVALE Aven,Major Arterial,Toronto and East York,43.686145,-79.31069,636152.0575,4838400.2305,Unknown,No Control,Clear,Dark,Ice,62,East End-Danforth,62,East End-Danforth (62),Non-Fatal Injury,0,0,1,0,0,0,0,1,0,0,0,0,0,Approaching,"['Driver', 'Passenger', 'Vehicle Owner']",East,"['Automobile, Station Wagon', 'Other']",['Going Ahead'],['Other'],"['Had Been Drinking', 'Normal']",[],[],[],[],[],[],D55,False,"['40 to 44', '30 to 34', 'unknown', '45 to 49']",3.0
958563.0,2007-03-13 08:00:00,1235,2007,22 MAYALL Aven,Not Applicable,Local,Etobicoke York,43.724745,-79.51969,619230.7394,4842365.3888,Unknown,No Control,Clear,Daylight,Dry,154,Oakdale-Beverley Heights,26,Downsview-Roding-CFB (26),Non-Fatal Injury,0,0,1,0,0,0,0,0,0,0,0,0,0,Other,['Driver'],East,"['Automobile, Station Wagon']",['Unknown'],[],[],[],[],[],[],[],[],D31,False,['40 to 44'],3.0
958634.0,2007-03-14 08:00:00,305,2007,BATHURST ST,COLLEGE ST,Major Arterial,Toronto and East York,43.657645,-79.40819,628354.5817,4835079.467,Unknown,Pedestrian Crossover,Clear,Dark,Wet,79,University,79,University (79),Non-Fatal Injury,0,0,1,0,0,0,0,1,0,0,0,1,0,Sideswipe,"['Passenger', 'Vehicle Owner', 'Driver']",North,"['Other', 'Automobile, Station Wagon']","['Going Ahead', 'Overtaking']","['Driving Properly', 'Lost control']","['Normal', 'Ability Impaired, Alcohol']",[],[],[],[],[],[],D14,False,"['35 to 39', 'unknown', '45 to 49', '20 to 24', '25 to 29']",3.0
958821.0,2007-03-14 08:00:00,1550,2007,HIGHWAY 27  N,ROYALCREST RD,Major Arterial,Etobicoke York,43.749745,-79.61049,611870.6919,4845015.368,At Intersection,Traffic Signal,Clear,Daylight,Dry,1,West Humber-Clairville,1,West Humber-Clairville (1),Non-Fatal Injury,0,0,1,0,0,1,0,1,0,0,0,0,0,Turning Movement,"['Vehicle Owner', 'Driver', 'Passenger']",West,"['Other', 'Automobile, Station Wagon', 'Municipal Transit Bus (TTC)']","['Going Ahead', 'Turning Right', 'Turning Left']","['Lost control', 'Driving Properly']",['Normal'],[],[],[],[],[],[],D23,False,"['unknown', '35 to 39', '50 to 54', '70 to 74', '55 to 59']",3.0
958900.0,2007-02-13 10:00:00,915,2007,ST CLAIR Aven W,KEELE Stre,Major Arterial,Etobicoke York,43.672845,-79.46599,623662.6575,4836679.8383,Unknown,No Control,Clear,Daylight,Dry,90,Junction Area,90,Junction Area (90),Non-Fatal Injury,0,0,0,0,1,0,0,0,0,0,0,0,0,SMV Other,"['Vehicle Owner', 'Truck Driver', 'Other Property Owner']",East,"['Other', 'Truck - Open']",['Going Ahead'],['Driving Properly'],['Normal'],[],[],[],[],[],[],D11,False,"['unknown', '30 to 34']",3.0
958999.0,2007-02-14 10:00:00,1305,2007,THE QUEENSWAY,THE EAST MALL,Major Arterial,Etobicoke York,43.616445,-79.54629,617299.0154,4830299.3334,At Intersection,Traffic Signal,Snow,Daylight,Loose Snow,159,Etobicoke City Centre,14,Islington-City Centre West (14),Non-Fatal Injury,0,0,1,0,1,0,0,0,1,1,0,0,0,Angle,"['Driver', 'Vehicle Owner', 'Truck Driver', 'Other']",East,"['Automobile, Station Wagon', 'Other', 'Truck - Open']",['Going Ahead'],"['Speed too Fast For Condition', 'Driving Properly']",['Normal'],[],[],[],[],[],[],D22,False,"['25 to 29', 'unknown', '35 to 39']",3.0
959236.0,2007-02-15 10:00:00,1531,2007,JANE ST,WOOLNER AVE,Major Arterial,Etobicoke York,43.671645,-79.49369,621432.0508,4836505.641,At Intersection,Traffic Signal,Clear,Daylight,Dry,111,Rockcliffe-Smythe,111,Rockcliffe-Smythe (111),Non-Fatal Injury,1,0,1,0,0,0,0,0,0,0,0,0,0,Pedestrian Collisions,"['Driver', 'Vehicle Owner', 'Pedestrian']",West,"['Automobile, Station Wagon', 'Other']",['Turning Right'],['Improper Turn'],['Normal'],['Vehicle turns right while ped crosses with ROW at inter.'],['Crossing with right of way'],['Normal'],[],[],[],D12,False,"['20 to 24', 'unknown', '45 to 49']",3.0
959250.0,2007-03-16 08:00:00,617,2007,72 HINTON RD,Not Applicable,Local,Etobicoke York,43.726345,-79.57119,615079.6073,4842470.2883,Unknown,No Control,Clear,Dark,Dry,4,Rexdale-Kipling,4,Rexdale-Kipling (4),Non-Fatal Injury,1,0,1,0,0,0,0,0,0,0,0,0,0,Pedestrian Collisions,"['Driver', 'Pedestrian']",North,"['Automobile, Station Wagon', 'Other']",['Going Ahead'],['Driving Properly'],['Normal'],['Pedestrian hit at mid-block'],"['Crossing, no Traffic Control']",['Normal'],[],[],[],D23,False,"['65 to 69', '80 to 84']",3.0
959650.0,2007-02-12 10:00:00,112,2007,NEILSON RD,FINCH AVE E,Collector,Scarborough,43.817045,-79.22799,642506.4134,4853077.7867,Unknown,No Control,Clear,Dark,Dry,144,Morningside Heights,131,Rouge (131),Non-Fatal Injury,0,0,1,0,0,0,0,0,0,0,0,0,0,SMV Other,"['Driver', 'Other Property Owner']",South,"['Automobile, Station Wagon', 'Other']",['Overtaking'],['Lost control'],['Unknown'],[],[],[],[],[],[],D42,False,"['50 to 54', 'unknown']",3.0
959779.0,2007-02-19 10:00:00,1941,2007,ISLINGTON AVE,LEMSFORD RD,Major Arterial,Etobicoke York,43.704445,-79.55009,616821.6069,4840067.5056,At Intersection,Stop Sign,Clear,Dark,Dry,6,Kingsview Village-The Westway,6,Kingsview Village-The Westway (6),Non-Fatal Injury,0,0,1,0,0,0,0,0,0,0,0,0,0,Turning Movement,['Driver'],North,"['Automobile, Station Wagon']","['Turning Left', 'Going Ahead']","['Improper Turn', 'Driving Properly']","['Inattentive', 'Normal']",[],[],[],[],[],[],D23,False,"['60 to 64', '25 to 29']",3.0
959865.0,2007-02-18 10:00:00,1912,2007,DIXON RD,427 N DIXON RAMP N,Major Arterial,Etobicoke York,43.686545,-79.59939,612882.9777,4838011.1846,At Intersection,Traffic Signal,Clear,Dark,Dry,1,West Humber-Clairville,1,West Humber-Clairville (1),Non-Fatal Injury,0,0,1,0,0,0,0,0,0,0,0,0,0,Turning Movement,['Driver'],West,"['Automobile, Station Wagon']","['Turning Left', 'Going Ahead']","['Lost control', 'Driving Properly']",['Normal'],[],[],[],[],[],[],D23,False,"['55 to 59', '45 to 49']",3.0
959973.0,2007-02-23 10:00:00,830,2007,ST CLAIR AVE E,WARDEN AVE,Major Arterial,Scarborough,43.712045,-79.28099,638486.152,4841325.9859,At Intersection,Traffic Signal,Clear,Daylight,Dry,120,Clairlea-Birchmount,120,Clairlea-Birchmount (120),Non-Fatal Injury,1,0,1,0,0,0,0,0,0,1,0,0,0,Pedestrian Collisions,"['Driver', 'Pedestrian']",East,"['Automobile, Station Wagon', 'Other']",['Turning Right'],['Failed to Yield Right of Way'],['Normal'],['Vehicle turns right while ped crosses with ROW at inter.'],['Crossing with right of way'],['Normal'],[],[],[],D41,False,['55 to 59'],3.0
960364.0,2006-12-16 10:00:00,100,2006,ADELAIDE St E,PARLIAMENT St,Major Arterial,Toronto and East York,43.653545,-79.36359,631959.8928,4834694.0682,At Intersection,Traffic Controller,Clear,Dark,Dry,73,Moss Park,73,Moss Park (73),Non-Fatal Injury,0,0,1,0,0,0,0,0,1,1,0,0,0,Angle,"['Driver', 'Vehicle Owner']",North,"['Automobile, Station Wagon', 'Other']",['Going Ahead'],"['Disobeyed Traffic Control', 'Driving Properly']","['Had Been Drinking', 'Normal']",[],[],[],[],[],[],D51,False,"['15 to 19', '35 to 39', 'unknown']",3.0
960441.0,2007-02-24 10:00:00,1610,2007,YORK MILLS RD,BIRCHWOOD AVE,Major Arterial,North York,43.746445,-79.39159,629501.7906,4844967.7649,At Intersection,Pedestrian Crossover,Clear,Daylight,Dry,41,Bridle Path-Sunnybrook-York Mills,41,Bridle Path-Sunnybrook-York Mills (41),Non-Fatal Injury,1,0,1,0,0,0,0,1,0,1,0,0,0,Pedestrian Collisions,"['Passenger', 'Driver', 'Pedestrian']",West,"['Other', 'Automobile, Station Wagon']",['Going Ahead'],['Disobeyed Traffic Control'],['Normal'],['Pedestrian hit a PXO/ped. Mid-block signal'],"['Crossing, Pedestrian Crossover']",['Normal'],[],[],[],D32,False,"['10 to 14', '30 to 34', '15 to 19']",3.0
960612.0,2007-02-25 10:00:00,1801,2007,STRACHAN AVE,FLEET ST,Minor Arterial,Toronto and East York,43.636245,-79.40959,628287.2399,4832700.5545,Unknown,Traffic Signal,Snow,Dark,Loose Snow,163,Fort York-Liberty Village,82,Niagara (82),Non-Fatal Injury,0,0,1,0,0,0,0,0,0,1,1,0,0,Angle,"['Vehicle Owner', 'Driver']",East,"['Other', 'Automobile, Station Wagon']","['Unknown', 'Going Ahead']","['Driving Properly', 'Disobeyed Traffic Control']",['Normal'],[],[],[],[],[],[],D14,False,"['unknown', '30 to 34', '25 to 29']",3.0
961100.0,2007-02-28 10:00:00,2225,2007,ALBION RD,ARCOT BLVD,Major Arterial,Etobicoke York,43.726745,-79.55209,616617.1995,4842541.4139,At Intersection,Traffic Controller,Clear,Dark,Dry,5,Elms-Old Rexdale,5,Elms-Old Rexdale (5),Non-Fatal Injury,0,0,1,0,0,0,0,1,0,1,0,0,0,Rear End,"['Vehicle Owner', 'Passenger', 'Driver']",North,"['Other', 'Automobile, Station Wagon']","['Slowing or Stopping', 'Going Ahead']","['Driving Properly', 'Following too Close']","['Normal', 'Inattentive']",[],[],[],[],[],[],D23,False,"['unknown', '30 to 34', '25 to 29', '20 to 24']",3.0
961264.0,2007-03-01 10:00:00,1426,2007,DON MILLS RD,DON MILLS N DVP S RAMP RD S,Major Arterial,Toronto and East York,43.699645,-79.33769,633945.8758,4839855.6196,Unknown,No Control,Snow,Daylight,Loose Snow,58,Old East York,58,Old East York (58),Non-Fatal Injury,0,0,1,0,1,0,0,0,1,1,0,0,0,Approaching,"['Driver', 'Vehicle Owner', 'Truck Driver']",South,"['Automobile, Station Wagon', 'Other', 'Truck - Open']",['Going Ahead'],"['Driving Properly', 'Speed too Fast For Condition']",['Normal'],[],[],[],[],[],[],D55,False,"['60 to 64', '35 to 39', 'unknown']",3.0
961325.0,2006-12-27 10:00:00,2022,2006,25 THE WEST MALL,Not Applicable,Minor Arterial,Etobicoke York,43.610745,-79.56149,616083.4922,4829644.9213,Unknown,Traffic Signal,Rain,Dark,Wet,159,Etobicoke City Centre,14,Islington-City Centre West (14),Non-Fatal Injury,1,0,1,0,0,0,0,0,0,0,0,0,0,Pedestrian Collisions,"['Driver', 'Pedestrian']",North,"['Automobile, Station Wagon', 'Other']","['Going Ahead', 'Other']",[],[],['Unknown'],[],[],[],[],[],D22,False,['unknown'],3.0
961366.0,2007-03-28 08:00:00,815,2007,BURBANK DR,WHITTAKER CRES,Local,North York,43.772445,-79.37729,630596.5925,4847877.9118,Unknown,Stop Sign,Clear,Daylight,Dry,52,Bayview Village,52,Bayview Village (52),Non-Fatal Injury,1,0,1,0,0,0,0,1,0,1,0,0,0,Pedestrian Collisions,"['Pedestrian', 'Passenger', 'Driver']",East,"['Other', 'Automobile, Station Wagon']",['Turning Left'],['Failed to Yield Right of Way'],['Inattentive'],['Vehicle turns left while ped crosses with ROW at inter.'],['Crossing with right of way'],['Normal'],[],[],[],D33,False,"['75 to 79', '0 to 4', '5 to 9', '25 to 29', '35 to 39']",3.0
961403.0,2007-03-03 10:00:00,110,2007,HORTICULTURAL AVE,GERRARD ST E,Minor Arterial,Toronto and East York,43.660945,-79.37479,631040.6185,4835498.186,Unknown,No Control,Clear,Dark,Ice,73,Moss Park,73,Moss Park (73),Non-Fatal Injury,1,0,1,0,0,0,0,0,1,1,0,1,0,Pedestrian Collisions,"['Vehicle Owner', 'Driver', 'Other Property Owner', 'Pedestrian']",South,"['Other', 'Automobile, Station Wagon']",['Going Ahead'],['Lost control'],"['Ability Impaired, Alcohol']",['Pedestrian hit on sidewalk or shoulder'],['On Sidewalk or Shoulder'],['Normal'],[],[],[],D51,False,"['unknown', '50 to 54']",3.0
961628.0,2007-03-05 10:00:00,853,2007,ADELAIDE ST E,BERKELEY ST,Major Arterial,Toronto and East York,43.652945,-79.36479,631864.4371,4834625.5226,At Intersection,Traffic Signal,Clear,Daylight,Wet,73,Moss Park,73,Moss Park (73),Non-Fatal Injury,0,0,1,0,0,0,0,0,0,1,0,0,0,Sideswipe,"['Vehicle Owner', 'Driver']",East,"['Other', 'Automobile, Station Wagon']","['Going Ahead', 'Changing Lanes']","['Driving Properly', 'Improper Lane Change']",['Normal'],[],[],[],[],[],[],D51,False,"['unknown', '30 to 34', '50 to 54']",3.0
961761.0,2007-03-05 10:00:00,2145,2007,STEELES AVE W,ALNESS ST,Major Arterial,North York,43.784645,-79.48109,622217.7824,4849074.4251,At Intersection,Traffic Signal,Clear,Dark,Loose Snow,27,York University Heights,27,York University Heights (27),Non-Fatal Injury,0,0,1,0,1,0,0,0,0,1,1,0,1,Turning Movement,"['Vehicle Owner', 'Truck Driver', 'Driver', 'Other']",East,"['Other', 'Truck - Open', 'Automobile, Station Wagon']",['Turning Left'],"['Following too Close', 'Disobeyed Traffic Control']","['Normal', 'Medical or Physical Disability']",[],[],[],[],[],[],D32,False,"['unknown', '30 to 34', '50 to 54']",3.0
961870.0,2007-03-30 08:00:00,2120,2007,YONGE ST,SCRIVENER SQ,Major Arterial,Toronto and East York,43.680445,-79.39099,629692.3919,4837638.4643,At Intersection,No Control,Clear,Dark,Dry,95,Annex,95,Annex (95),Fatal,1,0,1,0,0,0,0,0,0,1,0,0,0,Pedestrian Collisions,"['Vehicle Owner', 'Driver', 'Pedestrian']",East,"['Other', 'Automobile, Station Wagon']",['Going Ahead'],['Failed to Yield Right of Way'],['Normal'],['Pedestrian hit at mid-block'],"['Crossing, no Traffic Control']",['Normal'],[],[],[],D53,True,"['unknown', '35 to 39', '80 to 84']",4.0
962030.0,2020-05-25 08:00:00,915,2020,20 EDWARD  ST,Not Applicable,Collector,North York,43.656768,-79.382121,630458.56,4835022.7221,Non Intersection,No Control,Clear,Daylight,Dry,170,Yonge-Bay Corridor,76,Bay Street Corridor (76),Non-Fatal Injury,1,0,1,0,0,0,0,0,0,0,0,0,0,Pedestrian Collisions,"['Driver', 'Pedestrian']",East,['Delivery Van'],['Pulling Away from Shoulder or Curb'],['Other'],['Normal'],['Pedestrian hit on sidewalk or shoulder'],['On Sidewalk or Shoulder'],['Had Been Drinking'],[],[],[],D52,False,"['30 to 34', '45 to 49']",3.0
962132.0,2007-03-31 08:00:00,643,2007,BIRCHMOUNT RD,MERRYFIELD DR,Major Arterial,Scarborough,43.751145,-79.28629,637969.3549,4845659.7788,Unknown,No Control,Clear,Dawn,Dry,126,Dorset Park,126,Dorset Park (126),Fatal,0,0,1,0,0,0,0,0,0,1,0,0,0,Approaching,"['Vehicle Owner', 'Driver']",North,"['Other', 'Automobile, Station Wagon']",['Going Ahead'],"['Improper Passing', 'Driving Properly']","['Unknown', 'Normal']",[],[],[],[],[],[],D41,True,"['unknown', '30 to 34', '40 to 44']",4.0
962206.0,2007-03-09 10:00:00,948,2007,CHURCH ST,ADELAIDE ST E,Major Arterial,Toronto and East York,43.651145,-79.37489,631053.8726,4834409.6083,At Intersection,Traffic Signal,Clear,Daylight,Dry,168,Downtown Yonge East,75,Church-Yonge Corridor (75),Non-Fatal Injury,1,0,1,0,0,0,0,0,0,0,0,0,0,Pedestrian Collisions,"['Driver', 'Pedestrian']",North,"['Automobile, Station Wagon', 'Other']",['Turning Left'],['Driving Properly'],['Normal'],['Vehicle turns left while ped crosses without ROW at inter.'],['Crossing without right of way'],['Normal'],[],[],[],D51,False,"['45 to 49', '30 to 34']",3.0
962372.0,2007-04-02 08:00:00,2108,2007,QUEEN ST W,LANSDOWNE AVE,Major Arterial,Toronto and East York,43.640645,-79.43649,626108.1786,4833148.0079,Unknown,No Control,Clear,Dark,Dry,86,Roncesvalles,86,Roncesvalles (86),Fatal,1,0,0,0,0,0,0,1,0,0,0,0,0,Pedestrian Collisions,"['Passenger', 'Vehicle Owner', 'Driver', 'Pedestrian']",South,['Other'],['Going Ahead'],['Driving Properly'],['Normal'],['Pedestrian hit at mid-block'],"['Crossing, no Traffic Control']",['Unknown'],[],[],[],D11,True,"['40 to 44', '30 to 34', '50 to 54', 'unknown', '60 to 64']",4.0
962572.0,2007-03-13 08:00:00,1556,2007,KINGSTON RD,LOCHLEVEN DR,Major Arterial,Scarborough,43.736545,-79.21949,643382.2851,4844151.6674,Unknown,No Control,Clear,Daylight,Dry,139,Scarborough Village,139,Scarborough Village (139),Non-Fatal Injury,0,1,1,0,0,0,0,0,0,1,0,0,0,Cyclist Collisions,"['Driver', 'Cyclist']",South,"['Automobile, Station Wagon', 'Bicycle']","['Turning Right', 'Going Ahead']",['Failed to Yield Right of Way'],['Inattentive'],[],[],[],"['Motorist turns right at non-signal Inter.(stop, yield, no cont.,and dwy) and strikes cyclist.']",['Driving Properly'],['Normal'],D43,False,"['45 to 49', '40 to 44']",3.0
962645.0,2007-03-11 09:00:00,1354,2007,DAVENPORT RD,DOVERCOURT RD,Minor Arterial,Toronto and East York,43.674245,-79.43469,626182.9647,4836882.4646,At Intersection,Stop Sign,Clear,Daylight,Dry,171,Junction-Wallace Emerson,93,Dovercourt-Wallace Emerson-Junction (93),Non-Fatal Injury,1,0,1,0,0,0,0,0,0,1,0,0,0,Pedestrian Collisions,"['Driver', 'Pedestrian']",East,"['Automobile, Station Wagon', 'Other']",['Turning Left'],['Failed to Yield Right of Way'],['Normal'],['Vehicle turns left while ped crosses with ROW at inter.'],['Crossing with right of way'],['Normal'],[],[],[],D13,False,"['45 to 49', '60 to 64']",3.0
962717.0,2007-03-14 08:00:00,1457,2007,SIMCOE Stre,PEARL Stre,Collector,Toronto and East York,43.647945,-79.38639,630133.3779,4834036.1088,At Intersection,Stop Sign,Clear,Daylight,Wet,164,Wellington Place,77,Waterfront Communities-The Island (77),Non-Fatal Injury,0,1,1,0,0,0,0,0,0,0,0,0,0,Cyclist Collisions,"['Driver', 'Cyclist']",South,"['Automobile, Station Wagon', 'Bicycle']",['Going Ahead'],['Speed too Slow'],['Normal'],[],[],[],"['Cyclist without ROW rides into path of motorist at inter, lnwy, dwy-Cyclist not turn.']",['Disobeyed Traffic Control'],['Inattentive'],D52,False,['20 to 24'],3.0
962798.0,2007-03-30 08:00:00,1444,2007,WILSON AVE,FAYWOOD BLVD,Major Arterial,North York,43.734845,-79.44599,625145.8786,4843595.811,Unknown,No Control,Clear,Daylight,Dry,33,Clanton Park,33,Clanton Park (33),Non-Fatal Injury,0,0,1,0,0,0,0,1,0,0,0,0,1,Rear End,"['Vehicle Owner', 'Driver', 'Passenger']",East,"['Other', 'Automobile, Station Wagon']","['Going Ahead', 'Slowing or Stopping']","['Lost control', 'Driving Properly']","['Medical or Physical Disability', 'Normal']",[],[],[],[],[],[],D32,False,"['unknown', '15 to 19', '25 to 29', '50 to 54']",3.0
963700.0,2007-03-17 08:00:00,400,2007,EASTERN DIVERSION AVE,BROADVIEW AVE,Major Arterial,Toronto and East York,43.656645,-79.34889,633138.4611,4835061.8468,Unknown,Traffic Signal,Snow,Dark,Loose Snow,70,South Riverdale,70,South Riverdale (70),Non-Fatal Injury,0,0,1,0,0,0,0,1,0,0,0,0,0,SMV Other,"['Passenger', 'Vehicle Owner', 'Driver', 'Other Property Owner']",East,"['Other', 'Automobile, Station Wagon']",['Going Ahead'],['Lost control'],['Normal'],[],[],[],[],[],[],D55,False,"['30 to 34', 'unknown', '25 to 29']",3.0
963778.0,2007-04-11 08:00:00,2034,2007,STEELES AVE W,MARKBROOK LANE,Major Arterial,Etobicoke York,43.760345,-79.58349,614024.3671,4846229.4686,Unknown,No Control,Rain,Dark,Wet,2,Mount Olive-Silverstone-Jamestown,2,Mount Olive-Silverstone-Jamestown (2),Fatal,0,0,1,0,0,0,0,0,0,0,0,1,0,Approaching,['Driver'],East,"['Automobile, Station Wagon']",['Going Ahead'],"['Driving Properly', 'Lost control']","['Normal', 'Ability Impaired, Alcohol Over .08']",[],[],[],[],[],[],D23,True,['45 to 49'],4.0
963932.0,2007-03-19 08:00:00,1200,2007,DUNDAS ST W,GROVE AVE,Minor Arterial,Toronto and East York,43.649345,-79.42329,627154.5062,4834134.3957,Unknown,No Control,Clear,Daylight,Dry,81,Trinity-Bellwoods,81,Trinity-Bellwoods (81),Non-Fatal Injury,1,0,1,0,0,0,0,0,0,1,0,0,0,Pedestrian Collisions,"['Driver', 'Pedestrian']",North,"['Automobile, Station Wagon', 'Other']",['Turning Left'],['Failed to Yield Right of Way'],['Inattentive'],['Vehicle turns left while ped crosses with ROW at inter.'],['Crossing with right of way'],['Inattentive'],[],[],[],D14,False,"['45 to 49', '60 to 64']",3.0
963934.0,2007-03-19 08:00:00,1400,2007,JARVIS ST,DUNDAS ST E,Major Arterial,Toronto and East York,43.657045,-79.37459,631065.2301,4835065.355,At Intersection,Traffic Signal,Clear,Daylight,Wet,168,Downtown Yonge East,75,Church-Yonge Corridor (75),Non-Fatal Injury,1,0,1,0,0,0,0,0,0,1,1,0,0,Pedestrian Collisions,"['Driver', 'Pedestrian']",North,"['Automobile, Station Wagon', 'Other']",['Slowing or Stopping'],['Disobeyed Traffic Control'],['Had Been Drinking'],['Vehicle is going straight thru inter.while ped cross with ROW'],['Crossing with right of way'],['Normal'],[],[],[],D51,False,"['20 to 24', '55 to 59']",3.0
964254.0,2007-03-22 08:00:00,1907,2007,ALLEN X S LAWRENCE E RAMP W,LAWRENCE AVE W,Major Arterial,North York,43.715945,-79.44499,625265.7978,4841498.2065,At Intersection,Yield Sign,Clear,"Dusk, artificial",Dry,31,Yorkdale-Glen Park,31,Yorkdale-Glen Park (31),Non-Fatal Injury,1,0,1,0,0,0,0,0,0,1,0,0,0,Pedestrian Collisions,"['Vehicle Owner', 'Driver', 'Pedestrian']",East,"['Other', 'Automobile, Station Wagon']",['Going Ahead'],['Failed to Yield Right of Way'],['Normal'],['Vehicle is going straight thru inter.while ped cross with ROW'],['Crossing with right of way'],['Normal'],[],[],[],D32,False,"['unknown', '65 to 69', '45 to 49']",3.0
964318.0,2007-04-14 08:00:00,1305,2007,FINCH AVE E,DON MILLS RD,Major Arterial,North York,43.792745,-79.35429,632402.8421,4850169.0772,Unknown,No Control,Clear,Daylight,Dry,47,Don Valley Village,48,Hillcrest Village (48),Non-Fatal Injury,1,0,1,0,0,0,0,0,0,0,0,0,0,Pedestrian Collisions,"['Driver', 'Pedestrian']",East,"['Automobile, Station Wagon', 'Other']",['Going Ahead'],['Driving Properly'],['Normal'],['Pedestrian hit at mid-block'],"['Crossing, no Traffic Control']",['Unknown'],[],[],[],D33,False,"['45 to 49', '65 to 69']",3.0