accident_number,date,time,year,street1,street2,road_class,district,latitude,longitude,x,y,accident_location,traffctl,visibility,light,road_surface_condition,hood_158,neighbourhood_new,hood_140,neighbourhood_old,accident_class,pedestrian,cyclist,automobile,motorcycle,truck,trsn_city_veh,emerg_veh,passenger,speeding,aggressive_driving,redlight,alcohol,disability,impact_type,involvement_type,initial_direction,vehicle_type,manoeuver,driver_action,driver_condition,pedestrian_type,pedestrian_action,pedestrian_condition,cyclist_type,cyclist_action,cyclist_condition,division,injury,involvement_age,injury_severity_score
988599.0,2007-08-11 08:00:00,300,2007,LAKE SHORE BLVD W,STRACHAN AVE,Major Arterial,Toronto and East York,43.634445,-79.40869,628363.6698,4832502.0328,At Intersection,Traffic Signal,Clear,Dark,Dry,163,Fort York-Liberty Village,82,Niagara (82),Non-Fatal Injury,0,0,1,0,0,0,0,1,0,1,1,0,0,Turning Movement,"['Passenger', 'Driver', 'Vehicle Owner']",South,"['Other', 'Automobile, Station Wagon', 'Taxi']","['Going Ahead', 'Turning Left']","['Driving Properly', 'Disobeyed Traffic Control']","['Normal', 'Inattentive']",[],[],[],[],[],[],D14,False,"['20 to 24', 'unknown', '45 to 49']",3.0
988601.0,2007-08-11 08:00:00,217,2007,WARDEN AVE,WARDEN AV S 401 C E RAMP E,Major Arterial,Scarborough,43.768945,-79.30359,636536.0349,4847608.0693,At Intersection,Traffic Signal,Clear,Dark,Dry,119,Wexford/Maryvale,119,Wexford/Maryvale (119),Non-Fatal Injury,0,0,1,1,0,0,0,0,0,1,0,0,0,Turning Movement,"['Vehicle Owner', 'Motorcycle Driver', 'Driver']",North,"['Other', 'Motorcycle', 'Automobile, Station Wagon']","['Going Ahead', 'Turning Left']","['Driving Properly', 'Failed to Yield Right of Way']","['Normal', 'Inattentive']",[],[],[],[],[],[],D41,False,"['unknown', '20 to 24', '30 to 34']",3.0
988731.0,2007-09-02 08:00:00,930,2007,FINCH Aven E,BRIDLETOWNE Circ,Major Arterial,Scarborough,43.797445,-79.31229,635771.2714,4850759.1319,At Intersection,Traffic Signal,Clear,Daylight,Dry,148,East L'Amoreaux,117,L'Amoreaux (117),Non-Fatal Injury,0,0,1,0,0,0,0,0,0,0,0,0,0,Angle,"['Vehicle Owner', 'Driver']",South,"['Other', 'Automobile, Station Wagon']","['Unknown', 'Going Ahead']",[],[],[],[],[],[],[],[],D42,False,"['unknown', '70 to 74']",3.0
989043.0,2007-08-10 08:00:00,210,2007,278 GREENWOOD AVE,IVY Aven,Minor Arterial,Toronto and East York,43.673245,-79.32899,634705.9952,4836937.6252,Unknown,No Control,Clear,Dark,Dry,70,South Riverdale,70,South Riverdale (70),Non-Fatal Injury,1,0,1,0,0,0,0,0,0,1,0,0,0,Pedestrian Collisions,"['Vehicle Owner', 'Driver', 'Pedestrian']",South,"['Other', 'Automobile, Station Wagon']","['Stopped', 'Going Ahead']","['Other', 'Lost control']","['Normal', 'Fatigue']",['Pedestrian hit at mid-block'],['Person Getting on/off Vehicle'],['Normal'],[],[],[],D55,False,"['unknown', '30 to 34', '25 to 29']",3.0
989495.0,2007-09-10 08:00:00,1635,2007,EGLINTON AVE E,PHARMACY AVE,Major Arterial,Scarborough,43.726545,-79.29319,637470.1234,4842916.1112,Unknown,No Control,Clear,Daylight,Dry,120,Clairlea-Birchmount,120,Clairlea-Birchmount (120),Non-Fatal Injury,1,0,1,0,0,0,0,0,0,1,0,0,0,Pedestrian Collisions,"['Vehicle Owner', 'Driver', 'Pedestrian']",South,"['Other', 'Automobile, Station Wagon']",['Going Ahead'],['Failed to Yield Right of Way'],['Normal'],['Pedestrian hit at mid-block'],"['Crossing, no Traffic Control']",['Normal'],[],[],[],D41,False,"['unknown', '40 to 44', '55 to 59']",3.0
989800.0,2007-08-16 08:00:00,1250,2007,LIPTON AVE,PAPE AVE,Local,Toronto and East York,43.679745,-79.34469,633425.9417,4837634.1623,Unknown,No Control,Clear,Daylight,Dry,66,Danforth,66,Danforth (66),Non-Fatal Injury,0,0,1,0,0,0,0,1,0,0,0,0,0,SMV Other,"['Passenger', 'Vehicle Owner', 'Driver', 'Other Property Owner']",East,"['Other', 'Automobile, Station Wagon']","['Unknown', 'Making U Turn']",['Lost control'],['Other'],[],[],[],[],[],[],D55,False,"['25 to 29', 'unknown', '30 to 34']",3.0
990014.0,2007-09-13 08:00:00,1005,2007,OAKDALE RD,FINCH AVE W,Major Arterial,Etobicoke York,43.755945,-79.52429,618798.5119,4845823.9901,At Intersection,Traffic Signal,Clear,Daylight,Dry,24,Black Creek,24,Black Creek (24),Fatal,1,0,0,0,1,0,0,0,0,0,0,0,0,Pedestrian Collisions,"['Vehicle Owner', 'Truck Driver', 'Pedestrian']",North,"['Other', 'Truck - Open']",['Turning Left'],['Driving Properly'],['Normal'],['Vehicle turns left while ped crosses without ROW at inter.'],['Crossing without right of way'],['Unknown'],[],[],[],D31,True,"['unknown', '20 to 24', '65 to 69']",4.0
990139.0,2007-08-17 08:00:00,1425,2007,OSSINGTON Aven,LEEDS Stre,Minor Arterial,Toronto and East York,43.664045,-79.42649,626865.478,4835762.1252,Unknown,Pedestrian Crossover,Clear,Daylight,Dry,172,Dovercourt Village,93,Dovercourt-Wallace Emerson-Junction (93),Non-Fatal Injury,0,0,1,0,0,1,0,0,1,1,0,0,0,Rear End,"['Vehicle Owner', 'Driver']",North,"['Other', 'Automobile, Station Wagon', 'Municipal Transit Bus (TTC)']","['Going Ahead', 'Stopped']","['Following too Close', 'Other']","['Inattentive', 'Normal']",[],[],[],[],[],[],D14,False,"['unknown', '45 to 49', '35 to 39']",3.0
990178.0,2007-08-17 08:00:00,928,2007,LAWRENCE Aven E,CENTENNIAL Road,Minor Arterial,Scarborough,43.777345,-79.14659,649151.4983,4848811.8957,At Intersection,Traffic Signal,Clear,Daylight,Dry,133,Centennial Scarborough,133,Centennial Scarborough (133),Non-Fatal Injury,0,0,1,0,0,0,0,0,0,1,1,0,0,Angle,['Driver'],South,"['Automobile, Station Wagon']",['Going Ahead'],"['Disobeyed Traffic Control', 'Driving Properly']",['Normal'],[],[],[],[],[],[],D43,False,"['40 to 44', '55 to 59']",3.0
990256.0,2007-09-14 08:00:00,1913,2007,MANITOBA ST,WESLEY ST,Local,Etobicoke York,43.622245,-79.49749,621225.0372,4831013.5853,Unknown,Stop Sign,Rain,Dawn,Wet,160,Mimico-Queensway,17,Mimico (includes Humber Bay Shores) (17),Non-Fatal Injury,0,0,1,0,0,0,0,1,0,1,0,0,0,Angle,"['Passenger', 'Vehicle Owner', 'Driver']",East,"['Other', 'Automobile, Station Wagon']","['Slowing or Stopping', 'Going Ahead']","['Driving Properly', 'Failed to Yield Right of Way']",['Normal'],[],[],[],[],[],[],D22,False,"['10 to 14', 'unknown', '40 to 44', '0 to 4', '45 to 49', '25 to 29', '35 to 39']",3.0
990402.0,2007-08-27 08:00:00,1441,2007,FINCH Aven E,LESLIE Stre,Major Arterial,North York,43.790045,-79.36809,631298.4879,4849847.2167,At Intersection,Traffic Signal,Clear,Daylight,Dry,49,Bayview Woods-Steeles,49,Bayview Woods-Steeles (49),Non-Fatal Injury,0,1,1,0,0,0,0,1,0,0,0,0,0,Cyclist Collisions,"['Passenger', 'Driver', 'Cyclist']",East,"['Other', 'Automobile, Station Wagon', 'Bicycle']",['Going Ahead'],['Driving Properly'],['Normal'],[],[],[],"['Cyclist without ROW rides into path of motorist at inter, lnwy, dwy-Cyclist not turn.']",['Disobeyed Traffic Control'],['Unknown'],D33,False,"['20 to 24', '30 to 34', '70 to 74']",3.0
990803.0,2007-09-18 08:00:00,18,2007,VICTORIA PARK AVE,HOLLAND AVE,Major Arterial,Toronto and East York,43.715945,-79.29899,637027.1376,4841729.2208,At Intersection,No Control,Clear,Dark,Dry,54,O'Connor-Parkview,54,O'Connor-Parkview (54),Fatal,0,0,1,0,0,0,0,0,1,1,0,0,0,Approaching,['Driver'],North,"['Automobile, Station Wagon']",['Going Ahead'],"['Driving Properly', 'Lost control']","['Normal', 'Unknown']",[],[],[],[],[],[],D55,True,"['30 to 34', '15 to 19']",4.0
990835.0,2007-02-28 10:00:00,1855,2007,RENFORTH DR,HIGHWAY 401 X  W,Major Arterial,Etobicoke York,43.669045,-79.59139,613560.7527,4836078.5004,Unknown,No Control,Clear,Dark,Dry,NSA,NSA,NSA,NSA,Non-Fatal Injury,0,1,1,0,0,0,0,0,0,1,0,0,0,Cyclist Collisions,"['Driver', 'Cyclist']",South,"['Automobile, Station Wagon', 'Bicycle']",['Going Ahead'],['Improper Passing'],['Unknown'],[],[],[],['Cyclist and Driver travelling in same direction. One vehicle sideswipes the other.'],['Driving Properly'],['Normal'],NSA,False,"['unknown', '30 to 34']",3.0
990885.0,2007-09-18 08:00:00,1637,2007,FINCH AVE W,WESTON RD,Major Arterial,Etobicoke York,43.752145,-79.54149,617421.2884,4845377.4188,At Intersection,No Control,Clear,Daylight,Dry,22,Humbermede,22,Humbermede (22),Non-Fatal Injury,0,0,1,0,0,0,0,1,0,0,0,0,0,Rear End,"['Driver', 'Passenger']",East,"['Automobile, Station Wagon', 'Other']","['Stopped', 'Going Ahead']","['Driving Properly', 'Lost control']","['Normal', 'Inattentive']",[],[],[],[],[],[],D31,False,"['35 to 39', '5 to 9', '20 to 24']",3.0
990888.0,2007-09-18 08:00:00,1314,2007,1541 THE QUEENSWAY,Not Applicable,Major Arterial,Etobicoke York,43.618545,-79.53759,617996.9116,4830544.8899,Unknown,No Control,Clear,Daylight,Dry,159,Etobicoke City Centre,14,Islington-City Centre West (14),Non-Fatal Injury,1,0,1,0,0,0,0,1,0,0,0,0,0,Pedestrian Collisions,"['Passenger', 'Driver', 'Pedestrian']",South,"['Other', 'Automobile, Station Wagon']",['Going Ahead'],['Driving Properly'],['Normal'],['Pedestrian hit at mid-block'],"['Crossing, no Traffic Control']",['Normal'],[],[],[],D22,False,"['0 to 4', '30 to 34', '35 to 39']",3.0
991154.0,2007-09-19 08:00:00,1308,2007,AVOCA AVE,ST CLAIR AVE E,Major Arterial,Toronto and East York,43.688945,-79.38989,629762.7288,4838584.2265,At Intersection,School Guard,Clear,Daylight,Dry,98,Rosedale-Moore Park,98,Rosedale-Moore Park (98),Non-Fatal Injury,1,0,1,0,0,0,0,0,0,1,0,0,0,Pedestrian Collisions,"['Driver', 'Pedestrian']",East,"['Automobile, Station Wagon', 'Other']",['Turning Left'],['Failed to Yield Right of Way'],['Inattentive'],['Vehicle turns left while ped crosses with ROW at inter.'],['Crossing with right of way'],['Normal'],[],[],[],D53,False,"['70 to 74', '65 to 69']",3.0
991193.0,2007-08-23 08:00:00,1939,2007,26 GLEN EVEREST RD,Not Applicable,Local,Scarborough,43.700345,-79.25329,640745.1155,4840073.1854,Unknown,No Control,Clear,Daylight,Dry,122,Birchcliffe-Cliffside,122,Birchcliffe-Cliffside (122),Non-Fatal Injury,0,0,0,0,0,0,0,0,0,0,0,0,0,SMV Other,"['Vehicle Owner', 'Driver']",North,['Other'],['Reversing'],['Other'],['Normal'],[],[],[],[],[],[],D41,False,"['unknown', '55 to 59']",3.0
991215.0,2007-08-20 08:00:00,1655,2007,TRITON RD,BOROUGH DR,Other,Scarborough,43.775345,-79.25299,640593.6381,4848403.5712,Unknown,No Control,Clear,Daylight,Dry,156,Bendale-Glen Andrew,127,Bendale (127),Non-Fatal Injury,1,0,0,0,0,1,0,0,0,0,0,0,0,Pedestrian Collisions,"['Vehicle Owner', 'Driver', 'Pedestrian']",North,"['Other', 'Municipal Transit Bus (TTC)']",['Going Ahead'],['Driving Properly'],['Normal'],['Pedestrian involved in a collision with transit vehicle anywhere along roadway'],['Running onto Roadway'],['Normal'],[],[],[],D43,False,"['unknown', '50 to 54', '10 to 14']",3.0
991226.0,2007-08-16 08:00:00,1500,2007,DON MILLS RD,ROCHEFORT DR E,Major Arterial,North York,43.720045,-79.33879,633811.8332,4842119.5546,Unknown,No Control,Clear,Daylight,Dry,44,Flemingdon Park,44,Flemingdon Park (44),Non-Fatal Injury,1,0,1,0,0,0,0,0,0,0,0,0,0,Pedestrian Collisions,"['Driver', 'Pedestrian']",East,"['Automobile, Station Wagon', 'Other']",['Going Ahead'],['Driving Properly'],['Normal'],['Pedestrian hit at mid-block'],"['Crossing, no Traffic Control']",['Inattentive'],[],[],[],D55,False,"['60 to 64', '35 to 39']",3.0
991252.0,2007-08-22 08:00:00,1204,2007,ST CLAIR AVE W,CALEDONIA RD,Major Arterial,Toronto and East York,43.675345,-79.45479,624560.3701,4836974.2544,Unknown,Traffic Signal,Clear,Daylight,Dry,92,Corso Italia-Davenport,92,Corso Italia-Davenport (92),Non-Fatal Injury,0,0,1,0,0,0,0,0,0,1,0,0,0,Rear End,['Driver'],West,"['Automobile, Station Wagon']","['Slowing or Stopping', 'Stopped']","['Following too Close', 'Driving Properly']",['Normal'],[],[],[],[],[],[],D13,False,"['90 to 94', '40 to 44']",3.0
991336.0,2007-08-24 08:00:00,1815,2007,COMBERMERE DR,RAYOAK DR,Local,North York,43.759545,-79.31809,635390.1902,4846540.2478,Unknown,Stop Sign,Clear,Daylight,Dry,150,Fenside-Parkwoods,45,Parkwoods-Donalda (45),Non-Fatal Injury,0,1,1,0,0,0,0,0,0,0,0,0,0,Cyclist Collisions,"['Vehicle Owner', 'Driver', 'Cyclist']",North,"['Other', 'Automobile, Station Wagon', 'Bicycle']","['Slowing or Stopping', 'Other']",['Driving Properly'],['Normal'],[],[],[],"['Cyclist without ROW rides into path of motorist at inter, lnwy, dwy-Cyclist not turn.']",['Failed to Yield Right of Way'],['Inattentive'],D33,False,"['unknown', '20 to 24', '5 to 9']",3.0
991480.0,2007-09-09 08:00:00,2030,2007,DON MILLS RD,DVP S DON MILLS N RAMP RD S,Major Arterial,Toronto and East York,43.702145,-79.33599,634077.2873,4840136.0279,At Intersection,Stop Sign,Clear,Dark,Dry,58,Old East York,58,Old East York (58),Non-Fatal Injury,0,0,1,0,0,0,0,1,0,1,0,0,0,Angle,"['Passenger', 'Driver', 'Vehicle Owner']",North,"['Other', 'Automobile, Station Wagon']","['Other', 'Going Ahead']","['Failed to Yield Right of Way', 'Driving Properly']",['Normal'],[],[],[],[],[],[],D55,False,"['15 to 19', '45 to 49', 'unknown', '25 to 29']",3.0
991482.0,2007-09-20 08:00:00,2155,2007,SPADINA RD,BERNARD AVE,Minor Arterial,Toronto and East York,43.672145,-79.40599,628501.0373,4836693.2906,At Intersection,Traffic Signal,Clear,Dark,Dry,95,Annex,95,Annex (95),Fatal,0,0,1,0,0,0,0,1,1,1,0,0,0,Turning Movement,"['Passenger', 'Vehicle Owner', 'Driver']",North,"['Other', 'Automobile, Station Wagon']","['Turning Left', 'Going Ahead']","['Improper Turn', 'Driving Properly']","['Unknown', 'Normal']",[],[],[],[],[],[],D53,True,"['20 to 24', 'unknown', '40 to 44', '35 to 39']",4.0
991727.0,2007-09-20 08:00:00,2005,2007,AVENUE RD,CASTLEFIELD AVE,Major Arterial,North York,43.709445,-79.41079,628034.6887,4840828.5446,At Intersection,Stop Sign,Clear,Dark,Dry,103,Lawrence Park South,103,Lawrence Park South (103),Fatal,0,0,1,0,1,0,0,1,1,1,0,0,0,Angle,"['Vehicle Owner', 'Truck Driver', 'Passenger', 'Driver']",East,"['Other', 'Truck - Open', 'Automobile, Station Wagon']","['Going Ahead', 'Stopped']","['Failed to Yield Right of Way', 'Driving Properly', 'Exceeding Speed Limit']",['Normal'],[],[],[],[],[],[],D53,True,"['unknown', '35 to 39', '20 to 24']",4.0
992122.0,2007-07-21 08:00:00,210,2007,QUEEN ST E,KNOX AVE,Minor Arterial,Toronto and East York,43.664245,-79.32569,634992.1976,4835943.4173,Unknown,No Control,Clear,Dark,Dry,65,Greenwood-Coxwell,65,Greenwood-Coxwell (65),Non-Fatal Injury,0,1,1,0,0,0,0,0,0,0,0,0,0,Cyclist Collisions,"['Driver', 'Cyclist']",East,"['Automobile, Station Wagon', 'Bicycle']","['Stopped', 'Going Ahead']",['Driving Properly'],['Normal'],[],[],[],['Cyclist and Driver travelling in same direction. One vehicle rear-ended the other.'],['Following too Close'],['Unknown'],D55,False,"['30 to 34', '20 to 24']",3.0
992576.0,2007-09-26 08:00:00,950,2007,STEELES AVE E,VICTORIA PARK AVE,Major Arterial,Scarborough,43.816745,-79.33699,633741.1286,4852862.4813,At Intersection,No Control,Clear,Daylight,Dry,NSA,NSA,NSA,NSA,Non-Fatal Injury,1,0,0,0,1,0,0,0,0,0,0,0,0,Pedestrian Collisions,"['Pedestrian', 'Truck Driver']",North,"['Other', 'Truck - Open']",['Going Ahead'],['Driving Properly'],['Normal'],['Pedestrian hit at mid-block'],"['Crossing, no Traffic Control']",['Inattentive'],[],[],[],NSA,False,"['40 to 44', '60 to 64']",3.0
992577.0,2007-09-24 08:00:00,1711,2007,HOWLAND AVE,BRUNSWICK AVE,Major Arterial,Toronto and East York,43.673845,-79.41089,628102.4031,4836874.5195,Unknown,No Control,Clear,Daylight,Dry,95,Annex,95,Annex (95),Non-Fatal Injury,0,0,1,0,0,0,0,0,0,0,0,0,0,SMV Unattended Vehicle,"['Vehicle Owner', 'Driver']",West,"['Other', 'Automobile, Station Wagon']",['Reversing'],['Lost control'],['Normal'],[],[],[],[],[],[],D14,False,"['unknown', '75 to 79']",3.0
992609.0,2007-08-30 08:00:00,1757,2007,DUNDAS ST W,CARLYLE ST,Major Arterial,Toronto and East York,43.652145,-79.40479,628640.4845,4834473.885,Unknown,No Control,Clear,Daylight,Dry,78,Kensington-Chinatown,78,Kensington-Chinatown (78),Non-Fatal Injury,1,0,1,0,0,0,0,0,0,0,0,0,0,Pedestrian Collisions,"['Vehicle Owner', 'Driver', 'Pedestrian']",South,"['Other', 'Automobile, Station Wagon']",['Going Ahead'],['Driving Properly'],['Normal'],['Vehicle is going straight thru inter.while ped cross without ROW'],"['Crossing, no Traffic Control']",['Inattentive'],[],[],[],D14,False,"['unknown', '40 to 44', '60 to 64']",3.0
992739.0,2020-05-29 08:00:00,2007,2020,ERINGATE DR,RANGOON RD,Collector,Etobicoke York,43.662154,-79.57648,614775.9223,4835333.6834,At Intersection,No Control,Clear,Daylight,Dry,11,Eringate-Centennial-West Deane,11,Eringate-Centennial-West Deane (11),Non-Fatal Injury,0,0,1,0,0,0,0,0,1,1,0,0,0,SMV Other,['Driver'],East,"['Automobile, Station Wagon']",['Turning Left'],['Lost control'],['Normal'],[],[],[],[],[],[],D22,False,['55 to 59'],3.0
992822.0,2007-09-07 08:00:00,1330,2007,5001 FINCH AVE E,Not Applicable,Major Arterial,Scarborough,43.807745,-79.26789,639319.2134,4851976.9125,Unknown,No Control,Clear,Daylight,Dry,129,Agincourt North,129,Agincourt North (129),Non-Fatal Injury,1,0,1,0,0,0,0,0,0,0,0,0,0,Pedestrian Collisions,"['Vehicle Owner', 'Driver', 'Pedestrian']",East,"['Other', 'Automobile, Station Wagon']","['Slowing or Stopping', 'Reversing']","['Driving Properly', 'Other']",['Inattentive'],['Vehicle is reversing and hits pedestrian'],['Playing or Working on Highway'],['Inattentive'],[],[],[],D42,False,"['unknown', '60 to 64', '45 to 49']",3.0
992854.0,2007-09-27 08:00:00,1640,2007,DON MILLS RD,EGLINTON AVE E,Major Arterial,North York,43.720945,-79.33899,633793.7195,4842219.1898,Unknown,No Control,Clear,Daylight,Dry,42,Banbury-Don Mills,42,Banbury-Don Mills (42),Non-Fatal Injury,0,0,1,0,0,0,0,0,0,1,0,0,0,Rear End,"['Driver', 'Vehicle Owner']",South,"['Automobile, Station Wagon', 'Other']","['Going Ahead', 'Stopped']","['Driving Properly', 'Failed to Yield Right of Way']","['Normal', 'Inattentive']",[],[],[],[],[],[],D33,False,"['45 to 49', '60 to 64', 'unknown', '25 to 29']",3.0
992910.0,2007-09-03 08:00:00,630,2007,MCNICOLL AVE,SILVER SPRINGS BLVD,Minor Arterial,Scarborough,43.811245,-79.30419,636391.4889,4852305.164,Unknown,No Control,Clear,Daylight,Dry,116,Steeles,116,Steeles (116),Non-Fatal Injury,0,0,1,0,0,0,0,0,0,0,0,0,0,SMV Other,"['Driver', 'Other Property Owner']",West,"['Automobile, Station Wagon', 'Other']",['Going Ahead'],['Other'],['Fatigue'],[],[],[],[],[],[],D42,False,"['45 to 49', 'unknown']",3.0
992979.0,2007-09-01 08:00:00,1433,2007,UNIVERSITY AVE,GERRARD ST W,Major Arterial,Toronto and East York,43.657545,-79.38949,629862.6754,4835097.4584,At Intersection,Traffic Signal,Clear,Daylight,Dry,170,Yonge-Bay Corridor,76,Bay Street Corridor (76),Non-Fatal Injury,0,0,1,0,0,0,0,1,0,1,0,0,0,Turning Movement,"['Driver', 'Passenger', 'Vehicle Owner']",North,"['Automobile, Station Wagon', 'Other']","['Going Ahead', 'Turning Left']","['Driving Properly', 'Failed to Yield Right of Way']","['Normal', 'Inattentive']",[],[],[],[],[],[],D52,False,"['25 to 29', 'unknown', '30 to 34', '35 to 39', '50 to 54']",3.0
993029.0,2007-09-04 08:00:00,855,2007,BAYVIEW AVE,SUNNYDENE CRES,Major Arterial,North York,43.719745,-79.37869,630598.4742,4842022.5874,Unknown,No Control,Clear,Daylight,Dry,41,Bridle Path-Sunnybrook-York Mills,41,Bridle Path-Sunnybrook-York Mills (41),Non-Fatal Injury,1,0,0,0,0,0,0,0,0,0,0,0,0,Pedestrian Collisions,['Wheelchair'],North,['Other'],['Going Ahead'],[],[],['Other / Undefined'],['On Sidewalk or Shoulder'],['Medical or Physical Disability'],[],[],[],D53,False,['90 to 94'],3.0
993300.0,2007-09-30 08:00:00,310,2007,MARKHAM RD,PASSMORE AVE,Major Arterial,Scarborough,43.831545,-79.25089,640630.7029,4854649.0592,At Intersection,No Control,Clear,Dark,Dry,144,Morningside Heights,131,Rouge (131),Non-Fatal Injury,0,0,1,0,0,0,0,1,0,0,0,0,0,Rear End,"['Passenger', 'Vehicle Owner', 'Driver']",North,"['Other', 'Automobile, Station Wagon']","['Stopped', 'Going Ahead']","['Driving Properly', 'Lost control']","['Normal', 'Had Been Drinking']",[],[],[],[],[],[],D42,False,"['40 to 44', 'unknown', '35 to 39', '50 to 54']",3.0
993424.0,2007-09-05 08:00:00,830,2007,QUEEN ST W,GLADSTONE AVE,Major Arterial,Toronto and East York,43.642545,-79.42719,626854.2983,4833373.1995,Unknown,Traffic Signal,Clear,Daylight,Dry,84,Little Portugal,84,Little Portugal (84),Non-Fatal Injury,0,1,1,0,0,0,0,0,0,0,0,0,0,Cyclist Collisions,"['Driver', 'Cyclist']",East,"['Automobile, Station Wagon', 'Bicycle']","['Stopped', 'Going Ahead']",['Other'],['Unknown'],[],[],[],['Cyclist struck opened vehicle door'],[],[],D14,False,"['unknown', '30 to 34']",3.0
993425.0,2007-09-06 08:00:00,826,2007,ISLINGTON AVE,ST GEORGES BLVD,Major Arterial,Etobicoke York,43.703245,-79.54959,616864.2246,4839934.9339,At Intersection,Stop Sign,Clear,Daylight,Dry,6,Kingsview Village-The Westway,6,Kingsview Village-The Westway (6),Non-Fatal Injury,0,0,1,0,0,0,0,0,0,0,0,0,0,Turning Movement,['Driver'],East,"['Automobile, Station Wagon']","['Going Ahead', 'Turning Left']","['Driving Properly', 'Improper Turn']",['Normal'],[],[],[],[],[],[],D23,False,"['35 to 39', '40 to 44']",3.0
993458.0,2007-09-05 08:00:00,535,2007,QUEENS PARK CRES W,QUEENS PARK,Major Arterial,Toronto and East York,43.665745,-79.39339,629530.5621,4836002.0808,Unknown,Traffic Signal,Rain,Dark,Wet,169,Bay-Cloverhill,76,Bay Street Corridor (76),Non-Fatal Injury,0,0,1,0,0,0,0,0,1,1,0,0,0,SMV Other,['Driver'],South,"['Automobile, Station Wagon']",['Going Ahead'],['Speed too Fast For Condition'],['Inattentive'],[],[],[],[],[],[],D52,False,['75 to 79'],3.0
993532.0,2007-09-07 08:00:00,510,2007,FINCH AVE E,LONGMORE ST,Major Arterial,North York,43.782545,-79.40279,628522.6788,4848959.7675,Unknown,No Control,Clear,Dark,Dry,152,East Willowdale,51,Willowdale East (51),Non-Fatal Injury,0,0,1,0,0,0,0,1,0,1,0,0,0,SMV Other,"['Passenger', 'Driver']",East,"['Other', 'Automobile, Station Wagon']",['Going Ahead'],['Lost control'],['Unknown'],[],[],[],[],[],[],D32,False,"['20 to 24', '15 to 19']",3.0
993583.0,2007-09-08 08:00:00,1041,2007,10155 SHEPPARD AVE E,Not Applicable,Minor Arterial,Scarborough,43.805445,-79.15969,648027.8777,4851909.3377,Unknown,No Control,Clear,Daylight,Dry,143,West Rouge,131,Rouge (131),Non-Fatal Injury,0,1,1,0,0,0,0,0,0,1,0,0,0,Cyclist Collisions,"['Vehicle Owner', 'Driver', 'Cyclist']",East,"['Other', 'Automobile, Station Wagon', 'Bicycle']","['Reversing', 'Going Ahead']",['Failed to Yield Right of Way'],['Normal'],[],[],[],['Motorist reversing struck cyclist.'],['Driving Properly'],['Normal'],D42,False,"['unknown', '40 to 44', '60 to 64']",3.0
993646.0,2007-09-09 08:00:00,300,2007,ADELAIDE ST W,PETER ST,Major Arterial,Toronto and East York,43.647345,-79.39289,629610.4551,4833959.2988,At Intersection,Traffic Signal,Clear,Dark,Dry,164,Wellington Place,77,Waterfront Communities-The Island (77),Non-Fatal Injury,1,0,1,0,0,0,0,0,0,0,0,0,0,Pedestrian Collisions,"['Vehicle Owner', 'Driver', 'Pedestrian']",East,"['Other', 'Automobile, Station Wagon']",['Going Ahead'],['Driving Properly'],['Normal'],['Vehicle is going straight thru inter.while ped cross without ROW'],['Crossing without right of way'],['Had Been Drinking'],[],[],[],D52,False,"['unknown', '45 to 49', '15 to 19']",3.0
993657.0,2007-09-05 08:00:00,1110,2007,10 MUIRHEAD RD,Not Applicable,Local,North York,43.778545,-79.33799,633745.9096,4848618.1492,Unknown,No Control,Clear,Daylight,Dry,46,Pleasant View,46,Pleasant View (46),Non-Fatal Injury,0,0,1,0,0,0,0,0,0,0,0,0,0,Turning Movement,['Driver'],North,"['Automobile, Station Wagon']","['Going Ahead', 'Turning Left']","['Driving Properly', 'Improper Turn']",['Normal'],[],[],[],[],[],[],D33,False,"['20 to 24', '65 to 69']",3.0
993818.0,2007-09-28 08:00:00,1932,2007,HIGHWAY 27  N,HUMBER COLLEGE BLVD,Major Arterial,Etobicoke York,43.731545,-79.60189,612597.1995,4843005.6489,Unknown,No Control,Clear,Dark,Dry,1,West Humber-Clairville,1,West Humber-Clairville (1),Fatal,1,0,1,0,0,0,0,0,0,0,0,0,0,Pedestrian Collisions,"['Vehicle Owner', 'Driver', 'Pedestrian']",North,"['Other', 'Automobile, Station Wagon']",['Going Ahead'],['Driving Properly'],['Normal'],['Pedestrian hit at mid-block'],"['Crossing, no Traffic Control']",['Unknown'],[],[],[],D23,True,"['unknown', '55 to 59', '80 to 84']",4.0
993820.0,2007-10-01 08:00:00,605,2007,YONGE ST,GLENFOREST RD,Major Arterial,North York,43.730245,-79.40359,628570.2649,4843149.8281,At Intersection,No Control,Clear,Dark,Dry,105,Lawrence Park North,105,Lawrence Park North (105),Fatal,1,0,0,0,1,0,0,0,0,1,0,0,0,Pedestrian Collisions,"['Vehicle Owner', 'Truck Driver', 'Pedestrian']",North,"['Other', 'Truck - Open']",['Turning Left'],['Failed to Yield Right of Way'],['Normal'],['Vehicle turns left while ped crosses with ROW at inter.'],['Crossing with right of way'],['Unknown'],[],[],[],D32,True,"['unknown', '35 to 39', '70 to 74']",4.0
993875.0,2007-09-14 08:00:00,1814,2007,WILSON AVE,INGLESIDE DR,Major Arterial,North York,43.727945,-79.47849,622542.6723,4842780.8935,Unknown,No Control,Rain,Daylight,Wet,155,Downsview,26,Downsview-Roding-CFB (26),Non-Fatal Injury,0,1,1,0,0,0,0,0,0,1,0,0,0,Cyclist Collisions,"['Vehicle Owner', 'Driver', 'Cyclist']",South,"['Other', 'Automobile, Station Wagon', 'Bicycle']",['Going Ahead'],['Failed to Yield Right of Way'],['Normal'],[],[],[],"['Motorist without ROW drives into path of cyclist at inter, lnwy, dwy-Driver not turn.']",['Driving Properly'],['Normal'],D31,False,"['unknown', '45 to 49', '30 to 34']",3.0